customer_id,customer_name,gender,age,location_id,signup_date,customer_segment
10001,Kiran Sharma,Other,51.0,37,2022-01-25,Regular
10002,Aarav Sharma,Male,57.0,83,2024-02-01,Premium
10003,Aanya Sharma,Female,58.0,1,2025-06-09,Regular
10004,Ananya Patel,Female,28.0,90,2025-12-07,Regular
10005,Vihaan Patel,Male,38.0,55,2023-04-13,Regular
10006,Aditi Joshi,Female,43.0,15,2022-03-12,Regular
10007,Aditya Joshi,Male,64.0,31,2022-09-02,Regular
10008,Diya Iyer,Female,19.0,56,2023-06-29,Premium
10009,Arjun Iyer,Male,40.0,32,2023-12-11,VIP
10010,Kabir Deshmukh,Male,28.0,11,2023-07-17,Regular
10011,Isha Deshmukh,Female,27.0,67,2022-05-25,VIP
10012,Rohan Arora,Male,54.0,68,2023-06-29,Regular
10013,Rahul Singh,Male,27.0,12,2023-04-09,Regular
10014,Aman Malhotra,Male,56.0,29,2024-02-20,Premium
10015,Kunal Saxena,Male,65.0,25,2022-05-07,Regular
10016,Priya Arora,Female,55.0,66,2025-06-18,Regular
10017,Neha Singh,Female,26.0,74,2023-10-30,Regular
10018,Nikhil Das,Male,24.0,73,2023-05-24,Premium
10019,Riya Malhotra,Female,38.0,94,2025-12-21,Regular
10020,Vivek Rao,Male,44.0,77,2025-04-06,Premium
10021,Sneha Saxena,Female,55.0,33,2022-08-07,Regular
10022,Ritvik Tiwari,Male,38.0,11,2022-08-23,Premium
10023,Yash Kumar,Male,26.0,62,2022-01-04,Regular
10024,Sahil Bansal,Male,65.0,92,2024-06-16,Regular
10025,Kavya Das,Female,61.0,98,2023-07-22,Regular
10026,Varun Yadav,Male,49.0,24,2023-08-24,Regular
10027,Manish Chatterjee,Male,51.0,24,2024-03-26,Regular
10028,Meera Rao,Female,62.0,4,2024-05-12,Regular
10029,Nisha Tiwari,Female,40.0,15,2022-01-02,Regular
10030,Ankit Khan,Male,24.0,56,2022-06-22,Regular
10031,Pooja Kumar,Female,47.0,55,2025-06-16,VIP
10032,Simran Bansal,Female,39.0,38,2026-03-06,Regular
10033,Rajat Pandey,Male,56.0,31,2025-09-01,Regular
10034,Shreya Yadav,Female,55.0,83,2025-12-20,Regular
10035,Mohit Jain,Male,40.0,47,2024-01-12,Regular
10036,Tanya Chatterjee,Female,35.0,81,2025-08-15,Regular
10037,Akash Mishra,Male,38.0,97,2025-11-12,Premium
10038,Avni Khan,Female,48.0,32,2025-11-29,Regular
10039,Harsh Nair,Male,48.0,21,2022-08-28,Regular
10040,Dev Kulkarni,Male,42.0,96,2022-08-23,Regular
10041,Mahi Pandey,Female,43.0,64,2023-10-07,Regular
10042,Ayush Sethi,Male,65.0,30,2024-03-16,Regular
10043,Radhika Jain,Female,30.0,63,2026-03-14,VIP
10044,Aman Patel,Other,NULL,52,2023-05-24,Regular
10045,Sakshi Mishra,Female,56.0,91,2025-08-23,Regular
10046,Dhruv Verma,Male,62.0,26,2025-11-20,Premium
10047,Muskan Nair,Female,47.0,100,2026-03-25,Premium
10048,Ishaan Shah,Male,37.0,94,2022-10-31,Premium
10049,Rishi Chauhan,Male,34.0,19,2023-01-23,Premium
10050,Palak Kulkarni,Female,40.0,17,2022-12-18,Regular
10051,Ishita Sethi,Female,20.0,54,2025-03-22,Regular
10052,Nandini Verma,Female,43.0,5,2025-01-03,Premium
10053,Abhishek Menon,Male,30.0,30,2023-10-14,Premium
10054,Anushka Shah,Female,30.0,44,2022-05-23,Regular
10055,Shruti Chauhan,Female,44.0,97,2024-04-13,Regular
10056,Siddharth Pillai,Male,64.0,100,2025-03-17,Premium
10057,Payal Menon,Female,27.0,16,2024-01-29,Regular
10058,Pranav Khanna,Male,61.0,90,2023-03-06,Regular
10059,Karan Gupta,Male,42.0,10,2024-08-05,Regular
10060,Komal Pillai,Female,64.0,75,2024-11-23,Regular
10061,Tanvi Khanna,Female,36.0,85,2024-08-04,Regular
10062,Aarav Bansal,Male,65.0,90,2025-10-28,Regular
10063,Vihaan Yadav,Male,49.0,23,2023-05-18,Regular
10064,Aditya Chatterjee,Male,50.0,90,2024-09-02,Regular
10065,Pallavi Gupta,Female,45.0,12,2025-09-30,Regular
10066,Arjun Khan,Male,39.0,52,2022-12-07,Regular
10067,Kabir Pandey,Male,43.0,47,2023-03-27,Regular
10068,Dev Joshi,Other,58.0,32,2022-03-20,Premium
10069,Rohan Jain,Male,56.0,3,2023-08-23,Regular
10070,Aanya Bansal,Female,19.0,78,2022-03-13,Regular
10071,Rahul Mishra,Male,51.0,34,2025-04-09,Regular
10072,Ananya Yadav,Female,58.0,67,2022-05-23,Regular
10073,Aman Nair,Male,53.0,42,2025-01-12,Regular
10074,Kunal Kulkarni,Male,41.0,38,2024-07-16,VIP
10075,Nikhil Sethi,Male,34.0,89,2026-04-30,Regular
10076,Aditi Chatterjee,Female,50.0,10,2023-07-12,Regular
10077,Diya Khan,Female,49.0,74,2023-07-06,Premium
10078,Vivek Verma,Male,35.0,75,2023-01-24,Regular
10079,Ritvik Shah,Male,37.0,38,2024-05-09,Regular
10080,Isha Pandey,Female,35.0,27,2022-12-17,Regular
10081,Yash Chauhan,Male,20.0,1,2022-07-01,VIP
10082,Sahil Menon,Male,19.0,94,2026-02-26,Regular
10083,Priya Jain,Female,21.0,95,2024-12-22,Regular
10084,Varun Pillai,Male,38.0,25,2022-07-10,Premium
10085,Manish Khanna,Male,42.0,4,2024-09-15,Premium
10086,Ankit Gupta,Male,37.0,13,2023-05-03,VIP
10087,Rajat Agarwal,Male,63.0,7,2022-10-16,Regular
10088,Neha Mishra,Female,28.0,84,2024-01-25,VIP
10089,Riya Nair,Female,36.0,90,2025-06-14,Regular
10090,Sneha Kulkarni,Female,29.0,16,2022-01-01,Premium
10091,Mohit Sinha,Male,32.0,75,2023-07-23,Premium
10092,Kavya Sethi,Female,46.0,18,2026-01-13,Regular
10093,Akash Roy,Male,32.0,37,2023-09-23,Regular
10094,Meera Verma,Female,33.0,60,2022-06-08,Regular
10095,Harsh Naidu,Male,50.0,72,2023-11-17,Premium
10096,Nisha Shah,Female,57.0,88,2024-12-27,Regular
10097,Dev Tripathi,Male,28.0,5,2026-05-14,Premium
10098,Ayush Mehta,Male,23.0,20,2024-10-03,Regular
10099,Dhruv Kapoor,Male,29.0,29,2022-03-22,Regular
10100,Ishaan Reddy,Male,45.0,32,2025-07-18,Regular
10101,Rishi Ghosh,Male,64.0,100,2025-06-02,Premium
10102,Pooja Chauhan,Female,25.0,78,2024-11-08,Regular
10103,Simran Menon,Female,20.0,33,2025-12-05,Regular
10104,Abhishek Ansari,Male,43.0,98,2025-05-16,Regular
10105,Shreya Pillai,Female,65.0,50,2023-01-07,Premium
10106,Tanya Khanna,Female,44.0,51,2023-11-05,Premium
10107,Avni Gupta,Female,62.0,44,2024-03-22,Regular
10108,Mahi Agarwal,Female,48.0,15,2024-02-21,Regular
10109,Radhika Sinha,Female,19.0,94,2024-10-19,Regular
10110,Sakshi Roy,Female,38.0,2,2025-01-27,Regular
10111,Muskan Naidu,Female,54.0,18,2022-06-16,Premium
10112,Palak Tripathi,Female,42.0,23,2024-06-28,Regular
10113,Siddharth Sharma,Male,27.0,28,2022-03-04,Regular
10114,Pranav Patel,Male,26.0,14,2024-03-29,Premium
10115,Karan Joshi,Male,49.0,2,2023-11-07,Regular
10116,Ishita Mehta,Female,40.0,68,2022-11-25,Regular
10117,Aarav Menon,Male,45.0,97,2026-05-05,Regular
10118,Nandini Kapoor,Female,35.0,13,2023-02-17,Regular
10119,Anushka Reddy,Female,34.0,30,2022-04-01,Regular
10120,Aryan Iyer,Other,49.0,51,2023-07-28,Regular
10121,Vihaan Pillai,Male,18.0,93,2025-04-26,Regular
10122,Shruti Ghosh,Female,38.0,70,2022-01-15,Regular
10123,Payal Ansari,Female,35.0,77,2024-02-28,Premium
10124,Aditya Khanna,Male,55.0,59,2023-10-30,Regular
10125,Komal Sharma,Female,52.0,42,2025-10-17,Regular
10126,Arjun Gupta,Male,38.0,20,2022-01-05,Regular
10127,Tanvi Patel,Female,30.0,87,2022-01-28,Regular
10128,Kabir Agarwal,Male,29.0,81,2024-06-23,Regular
10129,Rohan Sinha,Male,28.0,3,2022-10-15,Regular
10130,Rahul Roy,Male,31.0,72,2025-01-31,Premium
10131,Aman Naidu,Male,54.0,9,2023-03-21,Regular
10132,Kunal Tripathi,Male,20.0,74,2024-06-18,Premium
10133,Pallavi Joshi,Female,19.0,83,2022-03-02,Regular
10134,Nikhil Mehta,Male,43.0,14,2025-01-14,Regular
10135,Vivek Kapoor,Male,28.0,44,2024-04-09,Regular
10136,Aanya Menon,Female,57.0,13,2022-01-01,Regular
10137,Ananya Pillai,Female,54.0,57,2023-03-02,Premium
10138,Aditi Khanna,Female,54.0,93,2022-04-06,Premium
10139,Diya Gupta,Female,39.0,9,2022-03-13,Premium
10140,Ritvik Reddy,Male,39.0,40,2025-01-22,Regular
10141,Isha Agarwal,Female,38.0,98,2023-11-16,Regular
10142,Yash Ghosh,Male,27.0,31,2025-07-08,Regular
10143,Priya Sinha,Female,45.0,14,2023-02-17,Regular
10144,Samar Deshmukh,Other,59.0,49,2025-02-22,Regular
10145,Neha Roy,Female,30.0,51,2024-09-11,Regular
10146,Riya Naidu,Female,20.0,67,2024-11-26,Regular
10147,Sneha Tripathi,Female,45.0,32,2025-08-17,Premium
10148,Sahil Ansari,Male,37.0,96,2025-02-05,Regular
10149,Kavya Mehta,Female,56.0,53,2025-04-07,Regular
10150,Meera Kapoor,Female,59.0,29,2025-03-29,Regular
10151,Reyansh Arora,Other,63.0,97,2023-12-17,VIP
10152,Varun Sharma,Male,36.0,93,2025-03-05,Regular
10153,Manish Patel,Male,61.0,50,2025-09-09,Regular
10154,Nisha Reddy,Female,23.0,3,2025-03-26,Regular
10155,Ankit Joshi,Male,35.0,60,2024-08-30,Regular
10156,Rajat Iyer,Male,30.0,56,2022-04-29,Regular
10157,Mohit Deshmukh,Male,62.0,15,2023-11-30,Premium
10158,Pooja Ghosh,Female,46.0,64,2022-04-12,Premium
10159,Akash Arora,Male,35.0,85,2022-06-16,VIP
10160,Harsh Singh,Male,25.0,11,2023-08-01,Regular
10161,Dev Malhotra,Male,55.0,73,2024-01-13,Premium
10162,Simran Ansari,Female,49.0,15,2024-04-24,Regular
10163,Aanya Sharma,Female,58.0,75,2025-12-11,Regular
10164,Ayush Saxena,Male,39.0,42,2025-05-05,Regular
10165,Dhruv Das,Male,25.0,1,2023-11-08,Regular
10166,Shreya Sharma,Female,34.0,97,2023-06-20,Regular
10167,Ishaan Rao,Male,47.0,17,2025-02-14,VIP
10168,Tanya Patel,Female,29.0,60,2023-03-17,Premium
10169,Rishi Tiwari,Male,21.0,19,2025-11-14,Regular
10170,Avni Joshi,Female,57.0,94,2025-06-04,Regular
10171,Abhishek Kumar,Male,43.0,74,2024-12-28,Regular
10172,Mahi Iyer,Female,37.0,81,2023-02-03,Regular
10173,Siddharth Bansal,Male,44.0,44,2024-09-21,Regular
10174,Radhika Deshmukh,Female,53.0,47,2025-08-06,Regular
10175,Navya Singh,Other,18.0,64,2022-04-26,Regular
10176,Sakshi Arora,Female,39.0,79,2022-10-11,Premium
10177,Pranav Yadav,Male,30.0,85,2024-04-04,Premium
10178,Karan Chatterjee,Male,22.0,2,2023-07-30,Regular
10179,Muskan Singh,Female,19.0,67,2025-02-09,Premium
10180,Palak Malhotra,Female,39.0,11,2023-10-04,Regular
10181,Aarav Ansari,Male,44.0,29,2026-05-14,Regular
10182,Vihaan Sharma,Male,42.0,83,2023-04-25,Regular
10183,Aditya Patel,Male,55.0,26,2023-07-31,Regular
10184,Ishita Saxena,Female,39.0,80,2022-01-06,Regular
10185,Nandini Das,Female,46.0,47,2023-01-31,Regular
10186,Anushka Rao,Female,57.0,24,2023-01-12,Regular
10187,Shruti Tiwari,Female,49.0,34,2025-05-05,VIP
10188,Arjun Joshi,Male,61.0,54,2023-06-25,Regular
10189,Kabir Iyer,Male,28.0,77,2022-11-22,Regular
10190,Rohan Deshmukh,Male,55.0,61,2023-05-17,VIP
10191,Payal Kumar,Female,51.0,94,2024-06-19,Regular
10192,Rahul Arora,Male,45.0,87,2025-06-10,Regular
10193,Aman Singh,Male,18.0,76,2026-04-16,Premium
10194,Kunal Malhotra,Male,43.0,61,2022-03-17,Regular
10195,Nikhil Saxena,Male,59.0,29,2025-09-07,Regular
10196,Komal Bansal,Female,48.0,42,2023-09-15,Regular
10197,Vivek Das,Male,18.0,12,2025-07-17,Regular
10198,Ritvik Rao,Male,31.0,38,2022-03-02,Premium
10199,Tanvi Yadav,Female,45.0,93,2024-09-28,Regular
10200,Yash Tiwari,Male,56.0,43,2026-01-29,Regular
10201,Sahil Kumar,Male,39.0,12,2022-03-04,Premium
10202,Varun Bansal,Male,59.0,66,2025-06-18,VIP
10203,Pallavi Chatterjee,Female,56.0,97,2022-07-02,Regular
10204,Manish Yadav,Male,30.0,87,2026-04-21,Regular
10205,Aanya Ansari,Female,27.0,28,2025-04-05,VIP
10206,Ananya Sharma,Female,61.0,46,2025-12-27,Regular
10207,Aditi Patel,Female,46.0,54,2025-12-07,Regular
10208,Ankit Chatterjee,Male,58.0,25,2023-05-21,Regular
10209,Diya Joshi,Female,62.0,27,2023-10-28,Premium
10210,Rajat Khan,Male,38.0,24,2025-01-11,Regular
10211,Mohit Pandey,Male,20.0,100,2022-10-07,Regular
10212,Isha Iyer,Female,61.0,75,2023-05-06,Premium
10213,Akash Jain,Male,46.0,85,2022-06-08,Regular
10214,Harsh Mishra,Male,23.0,82,2025-11-22,Regular
10215,Dev Nair,Male,43.0,96,2023-02-01,Regular
10216,Ayush Kulkarni,Male,19.0,11,2023-10-20,Premium
10217,Dhruv Sethi,Male,31.0,89,2023-12-26,Regular
10218,Priya Deshmukh,Female,34.0,7,2023-08-25,Premium
10219,Neha Arora,Female,39.0,48,2025-05-29,Regular
10220,Ishaan Verma,Male,45.0,60,2026-01-02,Regular
10221,Riya Singh,Female,58.0,36,2024-07-05,Premium
10222,Rishi Shah,Male,34.0,15,2025-08-31,Regular
10223,Abhishek Chauhan,Male,53.0,20,2022-06-27,Regular
10224,Siddharth Menon,Male,63.0,83,2026-03-27,Premium
10225,Pranav Pillai,Male,53.0,32,2022-07-05,Regular
10226,Karan Khanna,Male,30.0,32,2022-04-17,Regular
10227,Aarav Kumar,Male,50.0,93,2022-02-05,Premium
10228,Vihaan Bansal,Male,31.0,15,2023-01-25,Regular
10229,Sneha Malhotra,Female,40.0,92,2025-09-01,Regular
10230,Aditya Yadav,Male,48.0,93,2023-04-27,Regular
10231,Arjun Chatterjee,Male,32.0,60,2025-06-19,Regular
10232,Kabir Khan,Male,18.0,17,2023-11-10,Premium
10233,Kavya Saxena,Female,58.0,16,2022-06-16,Regular
10234,Rohan Pandey,Male,52.0,29,2024-01-28,Premium
10235,Meera Das,Female,23.0,58,2023-01-07,Premium
10236,Rahul Jain,Male,36.0,16,2023-04-12,Premium
10237,Aman Mishra,Male,30.0,46,2024-04-07,Regular
10238,Nisha Rao,Female,64.0,12,2025-06-18,Regular
10239,Kunal Nair,Male,63.0,55,2024-07-27,Premium
10240,Nikhil Kulkarni,Male,51.0,3,2022-12-24,Regular
10241,Vivek Sethi,Male,39.0,71,2025-02-21,Premium
10242,Sana Malhotra,Other,20.0,6,2025-01-19,Premium
10243,Pooja Tiwari,Female,29.0,20,2023-01-15,Regular
10244,Simran Kumar,Female,22.0,18,2025-09-24,Regular
10245,Riya Saxena,Other,55.0,84,2025-09-11,Regular
10246,Ritvik Verma,Male,22.0,6,2024-08-23,Regular
10247,Shreya Bansal,Female,50.0,43,2023-04-19,Regular
10248,Yash Shah,Male,63.0,60,2023-07-21,Regular
10249,Tanya Yadav,Female,32.0,52,2023-12-05,Premium
10250,Sahil Chauhan,Male,50.0,69,2022-10-28,Regular
10251,Varun Menon,Male,60.0,81,2023-05-05,Regular
10252,Avni Chatterjee,Female,38.0,40,2022-08-03,Premium
10253,Manish Pillai,Male,39.0,83,2022-09-05,Premium
10254,Kriti Das,Other,27.0,32,2025-04-05,VIP
10255,Ankit Khanna,Male,38.0,99,2022-07-25,Regular
10256,Mahi Khan,Female,59.0,51,2024-01-21,Premium
10257,Radhika Pandey,Female,49.0,74,2023-11-18,Premium
10258,Rajat Gupta,Male,27.0,88,2022-03-16,Premium
10259,Sakshi Jain,Female,43.0,80,2025-08-23,Regular
10260,Muskan Mishra,Female,51.0,86,2026-04-24,Regular
10261,Palak Nair,Female,21.0,54,2024-10-18,Regular
10262,Mohit Agarwal,Male,54.0,5,2024-12-10,Regular
10263,Ishita Kulkarni,Female,27.0,50,2023-01-08,Regular
10264,Nandini Sethi,Female,32.0,19,2025-09-12,Premium
10265,Akash Sinha,Male,37.0,89,2025-06-08,Regular
10266,Harsh Roy,Male,42.0,24,2023-12-03,VIP
10267,Dev Naidu,Male,61.0,23,2025-02-03,Regular
10268,Anushka Verma,Female,28.0,25,2026-03-09,Premium
10269,Ayush Tripathi,Male,30.0,65,2024-08-22,Regular
10270,Shruti Shah,Female,36.0,58,2022-11-16,Regular
10271,Milan Rao,Other,59.0,95,2023-06-13,Regular
10272,Dhruv Mehta,Male,64.0,42,2022-10-24,Premium
10273,Ishaan Kapoor,Male,39.0,29,2023-06-15,Regular
10274,Payal Chauhan,Female,51.0,5,2025-11-25,Regular
10275,Rishi Reddy,Male,62.0,1,2022-10-31,VIP
10276,Komal Menon,Female,58.0,38,2025-11-27,Regular
10277,Tanvi Pillai,Female,50.0,93,2023-04-02,Regular
10278,Pallavi Khanna,Female,43.0,53,2024-03-09,Regular
10279,Abhishek Ghosh,Male,65.0,90,2024-04-25,Regular
10280,Aanya Kumar,Female,29.0,11,2022-07-21,Regular
10281,Ananya Bansal,Female,35.0,10,2022-10-22,Regular
10282,Siddharth Ansari,Male,52.0,84,2023-05-04,Regular
10283,Aditi Yadav,Female,19.0,11,2022-04-06,Regular
10284,Diya Chatterjee,Female,42.0,6,2025-04-21,Premium
10285,Isha Khan,Female,59.0,41,2024-05-23,VIP
10286,Pranav Sharma,Male,26.0,93,2025-09-15,Regular
10287,Karan Patel,Male,56.0,69,2025-10-12,Regular
10288,Aarav Chauhan,Male,37.0,10,2023-07-11,Regular
10289,Vihaan Menon,Male,59.0,84,2025-07-31,Premium
10290,Aditya Pillai,Male,48.0,85,2022-04-08,Regular
10291,Aadi Tiwari,Other,25.0,81,2023-11-19,Regular
10292,Arjun Khanna,Male,53.0,91,2024-12-01,Regular
10293,Priya Pandey,Female,20.0,24,2024-01-16,Regular
10294,Kabir Gupta,Male,29.0,98,2025-03-29,Premium
10295,Rohan Agarwal,Male,60.0,33,2025-10-05,Regular
10296,Rahul Sinha,Male,60.0,81,2023-11-10,Regular
10297,Aman Roy,Male,20.0,58,2023-03-16,Regular
10298,Neha Jain,Female,36.0,78,2024-07-21,Regular
10299,Riya Mishra,Female,22.0,63,2025-10-21,Regular
10300,Sneha Nair,Female,31.0,65,2026-04-29,Premium
10301,Kunal Naidu,Male,64.0,62,2025-07-28,Regular
10302,Kavya Kulkarni,Female,27.0,78,2023-01-27,Regular
10303,Nikhil Tripathi,Male,48.0,74,2022-11-25,Regular
10304,Meera Sethi,Female,56.0,14,2024-07-05,Regular
10305,Vivek Mehta,Male,60.0,83,2023-10-06,Premium
10306,Ritvik Kapoor,Male,34.0,54,2024-09-04,Regular
10307,Yash Reddy,Male,51.0,33,2026-01-17,Regular
10308,Sahil Ghosh,Male,41.0,52,2024-05-28,Regular
10309,Varun Ansari,Male,23.0,97,2023-07-23,VIP
10310,Nisha Verma,Female,28.0,86,2025-10-22,Premium
10311,Pooja Shah,Female,53.0,84,2023-12-04,Regular
10312,Simran Chauhan,Female,50.0,47,2024-08-26,Regular
10313,Manish Sharma,Male,43.0,79,2022-08-05,Premium
10314,Shreya Menon,Female,55.0,39,2024-03-23,Premium
10315,Ankit Patel,Male,51.0,69,2023-11-14,Regular
10316,Tanya Pillai,Female,34.0,64,2022-07-16,Premium
10317,Rajat Joshi,Male,32.0,25,2022-12-05,Regular
10318,Mohit Iyer,Male,63.0,27,2025-01-30,Regular
10319,Avni Khanna,Female,64.0,7,2022-10-16,Regular
10320,Akash Deshmukh,Male,19.0,14,2022-07-31,Regular
10321,Harsh Arora,Male,55.0,44,2022-04-03,Regular
10322,Mahi Gupta,Female,24.0,48,2022-02-12,Regular
10323,Dev Singh,Male,59.0,17,2023-11-27,Premium
10324,Radhika Agarwal,Female,46.0,42,2024-02-21,Premium
10325,Ayush Malhotra,Male,51.0,61,2024-09-25,Regular
10326,Sakshi Sinha,Female,51.0,24,2024-07-04,Regular
10327,Muskan Roy,Female,47.0,34,2024-05-08,Regular
10328,Palak Naidu,Female,30.0,37,2026-05-18,Regular
10329,Ishita Tripathi,Female,56.0,51,2023-02-04,Regular
10330,Nandini Mehta,Female,44.0,37,2025-02-13,Premium
10331,Anushka Kapoor,Female,44.0,74,2022-05-08,Regular
10332,Dhruv Saxena,Male,33.0,33,2025-09-19,Regular
10333,Ishaan Das,Male,18.0,44,2023-08-04,Premium
10334,Shruti Reddy,Female,44.0,38,2023-07-09,Regular
10335,Rishi Rao,Male,34.0,19,2022-08-05,Regular
10336,Abhishek Tiwari,Male,49.0,69,2024-03-25,Premium
10337,Siddharth Kumar,Male,35.0,24,2023-10-02,Premium
10338,Payal Ghosh,Female,64.0,30,2026-04-08,Regular
10339,Pranav Bansal,Male,50.0,80,2022-10-12,Regular
10340,Komal Ansari,Female,39.0,95,2023-10-30,Regular
10341,Tanvi Sharma,Female,51.0,68,2025-12-11,Regular
10342,Pallavi Patel,Female,49.0,92,2025-07-15,Regular
10343,Karan Yadav,Male,47.0,86,2025-05-08,Regular
10344,Aanya Chauhan,Female,45.0,49,2024-04-21,Regular
10345,Ananya Menon,Female,62.0,78,2025-10-29,Premium
10346,Aarav Ghosh,Male,33.0,33,2022-12-25,Regular
10347,Aditi Pillai,Female,38.0,47,2025-07-19,Premium
10348,Vihaan Ansari,Male,30.0,54,2024-07-17,Regular
10349,Diya Khanna,Female,45.0,97,2023-07-14,Premium
10350,Aditya Sharma,Male,65.0,85,2022-12-15,Regular
10351,Isha Gupta,Female,47.0,49,2024-04-14,Regular
10352,Priya Agarwal,Female,27.0,66,2022-01-05,Premium
10353,Arjun Patel,Male,62.0,21,2025-02-17,Premium
10354,Neha Sinha,Female,55.0,81,2023-01-13,Regular
10355,Kabir Joshi,Male,39.0,56,2023-09-15,Regular
10356,Riya Roy,Female,25.0,54,2022-11-06,Regular
10357,Sneha Naidu,Female,37.0,77,2024-01-15,Regular
10358,Rohan Iyer,Male,56.0,64,2023-08-17,Regular
10359,Rahul Deshmukh,Male,45.0,8,2022-10-28,Premium
10360,Kavya Tripathi,Female,26.0,29,2025-11-22,Regular
10361,Aman Arora,Male,25.0,18,2025-04-30,Regular
10362,Meera Mehta,Female,64.0,74,2023-09-13,Regular
10363,Nisha Kapoor,Female,39.0,4,2022-04-03,VIP
10364,Pooja Reddy,Female,50.0,21,2025-09-14,Regular
10365,Kunal Singh,Male,35.0,60,2025-01-20,Regular
10366,Simran Ghosh,Female,22.0,70,2024-06-07,Regular
10367,Shreya Ansari,Female,37.0,51,2024-08-25,Premium
10368,Nikhil Malhotra,Male,51.0,87,2022-01-13,Regular
10369,Vivek Saxena,Male,34.0,92,2024-01-29,Regular
10370,Ritvik Das,Male,46.0,14,2022-10-29,Regular
10371,Yash Rao,Male,39.0,96,2024-11-08,Premium
10372,Tanya Sharma,Female,34.0,62,2026-01-30,Regular
10373,Sahil Tiwari,Male,30.0,64,2024-04-29,Regular
10374,Avni Patel,Female,30.0,10,2024-08-24,Regular
10375,Varun Kumar,Male,30.0,63,2024-12-03,Regular
10376,Manish Bansal,Male,52.0,73,2026-01-27,Regular
10377,Ankit Yadav,Male,34.0,59,2022-03-03,Regular
10378,Mahi Joshi,Female,53.0,9,2023-05-12,Regular
10379,Radhika Iyer,Female,32.0,53,2023-03-06,Regular
10380,Rajat Chatterjee,Male,33.0,94,2025-02-20,Regular
10381,Sakshi Deshmukh,Female,62.0,73,2023-12-18,Regular
10382,Mohit Khan,Male,60.0,14,2025-05-20,Regular
10383,Akash Pandey,Male,37.0,96,2024-01-26,Regular
10384,Harsh Jain,Male,30.0,96,2026-04-11,Regular
10385,Shiv Kumar,Other,52.0,17,2025-05-12,Regular
10386,Muskan Arora,Female,21.0,81,2022-01-30,Premium
10387,Palak Singh,Female,39.0,41,2026-05-01,VIP
10388,Dev Mishra,Male,46.0,60,2026-03-04,Regular
10389,Ayush Nair,Male,50.0,45,2022-03-11,Regular
10390,Ishita Malhotra,Female,23.0,79,2023-09-19,VIP
10391,Dhruv Kulkarni,Male,18.0,100,2026-04-02,VIP
10392,Nandini Saxena,Female,31.0,80,2025-09-02,Regular
10393,Anushka Das,Female,23.0,94,2024-01-20,Regular
10394,Ishaan Sethi,Male,42.0,95,2024-05-21,Premium
10395,Shruti Rao,Female,62.0,10,2022-02-17,VIP
10396,Payal Tiwari,Female,31.0,26,2024-06-22,Premium
10397,Rishi Verma,Male,39.0,73,2024-12-02,Regular
10398,Komal Kumar,Female,28.0,60,2023-07-30,Regular
10399,Tanvi Bansal,Female,20.0,6,2023-05-06,VIP
10400,Abhishek Shah,Male,51.0,10,2025-08-18,Regular
10401,Pallavi Yadav,Female,30.0,53,2023-12-19,Regular
10402,Siddharth Chauhan,Male,44.0,62,2023-02-27,Premium
10403,Aanya Ghosh,Female,50.0,17,2023-08-23,Regular
10404,Ananya Ansari,Female,58.0,18,2024-02-27,Regular
10405,Aditi Sharma,Female,26.0,13,2023-02-20,Regular
10406,Pranav Menon,Male,45.0,57,2024-06-15,Regular
10407,Diya Patel,Female,61.0,1,2025-10-09,Regular
10408,Karan Pillai,Male,41.0,58,2025-04-03,Regular
10409,Aarav Tiwari,Male,19.0,48,2023-01-06,Regular
10410,Vihaan Kumar,Male,30.0,47,2024-01-25,Regular
10411,Isha Joshi,Female,56.0,68,2024-05-19,Regular
10412,Aditya Bansal,Male,56.0,53,2024-12-24,VIP
10413,Arjun Yadav,Male,33.0,73,2025-04-25,Regular
10414,Priya Iyer,Female,27.0,77,2024-02-16,VIP
10415,Kabir Chatterjee,Male,32.0,93,2023-05-20,Regular
10416,Rohan Khan,Male,29.0,80,2024-11-20,Regular
10417,Rahul Pandey,Male,53.0,52,2022-07-21,Premium
10418,Aman Jain,Male,58.0,50,2024-12-14,Premium
10419,Neha Deshmukh,Female,20.0,24,2025-12-05,Regular
10420,Kunal Mishra,Male,53.0,60,2025-02-09,Regular
10421,Nikhil Nair,Male,54.0,14,2023-11-25,Regular
10422,Riya Arora,Female,47.0,94,2025-08-10,Regular
10423,Sneha Singh,Female,59.0,85,2024-05-01,Regular
10424,Kavya Malhotra,Female,19.0,12,2024-05-15,Regular
10425,Meera Saxena,Female,51.0,79,2025-09-25,Regular
10426,Nisha Das,Female,24.0,12,2022-11-06,Premium
10427,Vivek Kulkarni,Male,61.0,73,2025-06-01,Regular
10428,Pooja Rao,Female,41.0,9,2024-12-23,Premium
10429,Simran Tiwari,Female,22.0,49,2024-04-26,Premium
10430,Ritvik Sethi,Male,53.0,66,2022-05-04,VIP
10431,Yash Verma,Male,53.0,73,2025-05-10,Regular
10432,Sahil Shah,Male,40.0,42,2022-12-17,Regular
10433,Shreya Kumar,Female,32.0,93,2025-12-03,Regular
10434,Tanya Bansal,Female,18.0,78,2025-06-21,Regular
10435,Avni Yadav,Female,61.0,21,2023-08-05,Regular
10436,Varun Chauhan,Male,26.0,68,2023-11-28,Premium
10437,Manish Menon,Male,58.0,74,2022-02-10,Regular
10438,Ankit Pillai,Male,46.0,34,2024-03-07,Regular
10439,Mahi Chatterjee,Female,50.0,74,2022-04-03,Premium
10440,Radhika Khan,Female,51.0,90,2026-04-29,Premium
10441,Sakshi Pandey,Female,59.0,82,2024-10-21,Regular
10442,Muskan Jain,Female,19.0,77,2023-01-12,Premium
10443,Palak Mishra,Female,65.0,64,2025-07-09,Regular
10444,Ishita Nair,Female,20.0,28,2022-02-01,Premium
10445,Rajat Khanna,Male,65.0,80,2024-05-28,Regular
10446,Mohit Gupta,Male,30.0,37,2022-06-28,Regular
10447,Akash Agarwal,Male,58.0,54,2022-03-29,Regular
10448,Aarav Sharma,Male,22.0,32,2023-01-27,Regular
10449,Harsh Sinha,Male,40.0,32,2023-04-16,Premium
10450,Dev Roy,Male,44.0,16,2025-03-07,Regular
10451,Nandini Kulkarni,Female,63.0,97,2025-11-26,Regular
10452,Ayush Naidu,Male,23.0,15,2025-05-26,Regular
10453,Anushka Sethi,Female,19.0,9,2025-03-29,Regular
10454,Shruti Verma,Female,49.0,94,2024-06-23,Premium
10455,Payal Shah,Female,20.0,56,2023-08-17,Regular
10456,Komal Chauhan,Female,55.0,44,2023-02-13,Premium
10457,Dhruv Tripathi,Male,19.0,74,2026-02-22,Premium
10458,Tanvi Menon,Female,64.0,39,2024-04-14,Regular
10459,Ishaan Mehta,Male,43.0,13,2024-06-21,Premium
10460,Pallavi Pillai,Female,63.0,73,2022-01-24,Regular
10461,Rishi Kapoor,Male,24.0,18,2024-01-03,Regular
10462,Abhishek Reddy,Male,31.0,56,2024-12-26,Regular
10463,Aanya Tiwari,Female,39.0,95,2024-03-03,Regular
10464,Ananya Kumar,Female,19.0,94,2024-09-09,Regular
10465,Siddharth Ghosh,Male,22.0,37,2025-07-19,Regular
10466,Aditi Bansal,Female,33.0,79,2022-02-04,Premium
10467,Pranav Ansari,Male,53.0,62,2025-12-18,Regular
10468,Diya Yadav,Female,52.0,48,2025-07-31,VIP
10469,Karan Sharma,Male,22.0,14,2023-11-03,Regular
10470,Aarav Shah,Male,20.0,38,2025-05-06,Regular
10471,Vihaan Chauhan,Male,49.0,66,2022-04-17,Regular
10472,Aditya Menon,Male,35.0,99,2023-05-09,Regular
10473,Arjun Pillai,Male,56.0,1,2022-06-22,Regular
10474,Kabir Khanna,Male,32.0,72,2024-10-13,VIP
10475,Rohan Gupta,Male,35.0,85,2025-10-01,VIP
10476,Rahul Agarwal,Male,28.0,96,2024-08-20,Regular
10477,Isha Chatterjee,Female,30.0,43,2025-02-12,Regular
10478,Aman Sinha,Male,51.0,12,2022-08-18,Regular
10479,Priya Khan,Female,40.0,28,2026-02-03,Regular
10480,Neha Pandey,Female,49.0,86,2022-11-06,Regular
10481,Kunal Roy,Male,21.0,88,2024-04-22,Regular
10482,Riya Jain,Female,43.0,64,2024-12-29,Premium
10483,Nikhil Naidu,Male,40.0,13,2025-10-02,Regular
10484,Vivek Tripathi,Male,61.0,13,2026-02-02,Regular
10485,Sneha Mishra,Female,38.0,48,2024-08-15,Regular
10486,Kavya Nair,Female,22.0,59,2024-07-11,VIP
10487,Meera Kulkarni,Female,51.0,4,2023-10-30,Regular
10488,Ritvik Mehta,Male,25.0,69,2024-06-27,Regular
10489,Nisha Sethi,Female,61.0,55,2024-12-15,Regular
10490,Yash Kapoor,Male,36.0,2,2024-10-31,Premium
10491,Sahil Reddy,Male,55.0,10,2024-08-05,Premium
10492,Varun Ghosh,Male,49.0,46,2023-12-06,Regular
10493,Rohan Bansal,Other,40.0,73,2022-11-10,Regular
10494,Manish Ansari,Male,46.0,83,2022-03-28,Premium
10495,Pooja Verma,Female,26.0,44,2023-11-05,Regular
10496,Simran Shah,Female,21.0,30,2023-09-27,Regular
10497,Shreya Chauhan,Female,54.0,97,2024-08-30,VIP
10498,Tanya Menon,Female,64.0,46,2025-12-11,Regular
10499,Avni Pillai,Female,59.0,32,2025-01-27,Regular
10500,Ankit Sharma,Male,32.0,45,2025-11-07,Regular
10501,Rajat Patel,Male,35.0,2,2024-07-13,Premium
10502,Mahi Khanna,Female,35.0,31,2026-01-23,Premium
10503,Mohit Joshi,Male,51.0,52,2026-02-12,Regular
10504,Akash Iyer,Male,47.0,92,2022-09-02,Regular
10505,Harsh Deshmukh,Male,56.0,74,2024-10-19,Premium
10506,Dev Arora,Male,63.0,79,2024-03-20,Premium
10507,Ayush Singh,Male,36.0,55,2026-04-05,Regular
10508,Dhruv Malhotra,Male,49.0,12,2024-07-24,Regular
10509,Radhika Gupta,Female,42.0,40,2022-01-26,Premium
10510,Ishaan Saxena,Male,63.0,100,2022-12-02,Regular
10511,Mahi Yadav,Other,34.0,5,2022-07-27,Regular
10512,Sakshi Agarwal,Female,27.0,88,2022-11-18,Regular
10513,Rishi Das,Male,36.0,69,2022-06-03,Premium
10514,Muskan Sinha,Female,47.0,29,2025-06-05,Regular
10515,Palak Roy,Female,63.0,78,2024-03-01,Regular
10516,Ishita Naidu,Female,57.0,84,2024-12-10,Regular
10517,Abhishek Rao,Male,18.0,5,2026-05-19,Regular
10518,Siddharth Tiwari,Male,42.0,11,2024-11-01,Regular
10519,Pranav Kumar,Male,25.0,67,2024-02-06,Regular
10520,Nandini Tripathi,Female,35.0,100,2023-03-04,Regular
10521,Naman Chatterjee,Other,63.0,3,2025-04-22,VIP
10522,Anushka Mehta,Female,65.0,67,2024-03-21,Regular
10523,Shruti Kapoor,Female,25.0,14,2025-04-26,Premium
10524,Aarohi Khan,Other,24.0,66,2022-02-06,Regular
10525,Payal Reddy,Female,51.0,63,2022-09-19,Regular
10526,Karan Bansal,Male,37.0,10,2022-07-27,Regular
10527,Komal Ghosh,Female,38.0,69,2024-12-26,Regular
10528,Aarav Reddy,Male,59.0,90,2024-04-09,Regular
10529,Vihaan Ghosh,Male,62.0,87,2023-05-23,Regular
10530,Aditya Ansari,Male,61.0,3,2023-05-11,VIP
10531,Tanvi Ansari,Female,55.0,25,2024-08-28,Regular
10532,Arjun Sharma,Male,65.0,25,2026-03-26,Premium
10533,Kabir Patel,Male,52.0,46,2026-05-12,Regular
10534,Rohan Joshi,Male,60.0,15,2024-01-25,Regular
10535,Rahul Iyer,Male,43.0,86,2024-12-08,Regular
10536,Aman Deshmukh,Male,20.0,78,2022-05-14,Regular
10537,Pallavi Sharma,Female,57.0,81,2026-02-21,Regular
10538,Aanya Shah,Female,62.0,20,2022-01-29,Regular
10539,Kunal Arora,Male,32.0,2,2023-07-02,Regular
10540,Nikhil Singh,Male,38.0,92,2025-03-06,Premium
10541,Vivek Malhotra,Male,45.0,29,2026-04-01,Regular
10542,Ritvik Saxena,Male,49.0,66,2022-10-02,VIP
10543,Ananya Chauhan,Female,50.0,91,2024-11-23,Regular
10544,Aditi Menon,Female,36.0,4,2022-10-28,Regular
10545,Diya Pillai,Female,59.0,1,2022-03-22,Regular
10546,Yash Das,Male,57.0,1,2023-11-10,Regular
10547,Isha Khanna,Female,63.0,16,2024-07-11,Premium
10548,Sahil Rao,Male,45.0,6,2023-02-27,Premium
10549,Varun Tiwari,Male,21.0,82,2026-04-06,Regular
10550,Priya Gupta,Female,58.0,61,2024-09-13,Regular
10551,Neha Agarwal,Female,21.0,99,2023-12-03,Premium
10552,Riya Sinha,Female,27.0,81,2024-02-17,Regular
10553,Sneha Roy,Female,31.0,97,2024-01-13,Regular
10554,Kavya Naidu,Female,26.0,24,2022-06-28,Regular
10555,Meera Tripathi,Female,52.0,29,2024-08-28,Regular
10556,Manish Kumar,Male,39.0,85,2025-06-09,Regular
10557,Ankit Bansal,Male,28.0,25,2023-11-05,Regular
10558,Rajat Yadav,Male,18.0,6,2023-11-13,Premium
10559,Mohit Chatterjee,Male,28.0,67,2025-12-27,Regular
10560,Akash Khan,Male,51.0,81,2024-09-04,Premium
10561,Harsh Pandey,Male,56.0,97,2023-04-22,Premium
10562,Nisha Mehta,Female,32.0,93,2022-01-07,Regular
10563,Pooja Kapoor,Female,21.0,13,2025-08-10,Regular
10564,Simran Reddy,Female,44.0,78,2024-09-29,Regular
10565,Dev Jain,Male,55.0,85,2024-09-28,Premium
10566,Shreya Ghosh,Female,21.0,70,2023-03-29,Regular
10567,Ayush Mishra,Male,56.0,82,2022-10-25,VIP
10568,Dhruv Nair,Male,26.0,84,2024-03-01,Regular
10569,Ishaan Kulkarni,Male,30.0,45,2025-04-27,Regular
10570,Rishi Sethi,Male,47.0,5,2023-04-22,Regular
10571,Abhishek Verma,Male,20.0,46,2024-04-23,Regular
10572,Tanya Ansari,Female,32.0,21,2026-05-14,Regular
10573,Avni Sharma,Female,24.0,12,2022-12-17,Regular
10574,Mahi Patel,Female,28.0,13,2023-01-05,Regular
10575,Siddharth Shah,Male,55.0,70,2023-01-13,Regular
10576,Radhika Joshi,Female,28.0,51,2025-12-31,Regular
10577,Sakshi Iyer,Female,20.0,54,2024-04-26,Regular
10578,Pranav Chauhan,Male,28.0,75,2026-01-08,Regular
10579,Muskan Deshmukh,Female,22.0,55,2026-02-25,Regular
10580,Karan Menon,Male,47.0,64,2023-11-05,Premium
10581,Aarav Rao,Male,64.0,9,2022-03-29,Regular
10582,Vihaan Tiwari,Male,26.0,86,2023-05-02,Regular
10583,Aditya Kumar,Male,52.0,45,2024-05-20,Regular
10584,Arjun Bansal,Male,35.0,16,2023-09-02,Regular
10585,Kabir Yadav,Male,21.0,82,2022-01-04,Premium
10586,Rohan Chatterjee,Male,51.0,74,2026-05-02,Regular
10587,Palak Arora,Female,28.0,6,2023-05-01,Regular
10588,Rahul Khan,Male,42.0,20,2024-09-17,Regular
10589,Aman Pandey,Male,42.0,2,2026-02-23,Regular
10590,Kunal Jain,Male,46.0,28,2024-05-21,Regular
10591,Ishita Singh,Female,24.0,10,2025-01-16,Regular
10592,Nandini Malhotra,Female,30.0,71,2022-02-27,Regular
10593,Anushka Saxena,Female,53.0,53,2025-01-19,VIP
10594,Nikhil Mishra,Male,62.0,99,2025-09-18,Regular
10595,Vivek Nair,Male,18.0,75,2026-01-09,Regular
10596,Shruti Das,Female,37.0,62,2022-05-15,Premium
10597,Ritvik Kulkarni,Male,60.0,51,2023-01-01,VIP
10598,Payal Rao,Female,31.0,6,2022-03-17,Regular
10599,Komal Tiwari,Female,39.0,8,2026-01-08,Premium
10600,Yash Sethi,Male,61.0,62,2023-03-16,Regular
10601,Tanvi Kumar,Female,64.0,1,2024-04-30,Premium
10602,Pallavi Bansal,Female,49.0,5,2024-02-01,Regular
10603,Sahil Verma,Male,51.0,22,2025-01-07,Regular
10604,Varun Shah,Male,47.0,89,2025-12-03,Regular
10605,Manish Chauhan,Male,31.0,46,2023-06-02,Premium
10606,Aanya Reddy,Female,60.0,71,2025-06-18,Regular
10607,Ankit Menon,Male,19.0,42,2023-04-11,Regular
10608,Rajat Pillai,Male,20.0,18,2022-11-13,Premium
10609,Ananya Ghosh,Female,46.0,38,2022-06-20,Regular
10610,Mohit Khanna,Male,58.0,10,2023-08-19,Premium
10611,Akash Gupta,Male,57.0,78,2024-06-15,Regular
10612,Aditi Ansari,Female,50.0,19,2025-06-02,Regular
10613,Harsh Agarwal,Male,36.0,38,2025-09-19,Regular
10614,Dev Sinha,Male,35.0,99,2024-04-23,Regular
10615,Ayush Roy,Male,38.0,60,2023-10-17,Regular
10616,Dhruv Naidu,Male,30.0,46,2022-10-07,Regular
10617,Ishaan Tripathi,Male,38.0,55,2026-01-02,Regular
10618,Diya Sharma,Female,23.0,79,2023-09-26,Regular
10619,Isha Patel,Female,33.0,26,2025-05-08,Regular
10620,Rishi Mehta,Male,63.0,64,2024-09-28,Premium
10621,Priya Joshi,Female,51.0,88,2026-01-30,Regular
10622,Neha Iyer,Female,24.0,58,2026-04-07,Regular
10623,Riya Deshmukh,Female,31.0,45,2025-02-04,Premium
10624,Sneha Arora,Female,30.0,15,2024-11-24,Regular
10625,Kavya Singh,Female,31.0,25,2022-08-08,Regular
10626,Meera Malhotra,Female,51.0,95,2022-01-26,VIP
10627,Abhishek Kapoor,Male,60.0,55,2024-05-23,Regular
10628,Nisha Saxena,Female,52.0,31,2025-02-02,VIP
10629,Vihaan Patel,Male,41.0,42,2025-04-08,Regular
10630,Siddharth Reddy,Male,25.0,58,2023-02-06,Regular
10631,Pooja Das,Female,24.0,54,2024-03-16,Regular
10632,Pranav Ghosh,Male,57.0,70,2025-10-11,Regular
10633,Karan Ansari,Male,50.0,26,2022-06-03,VIP
10634,Aarav Verma,Male,42.0,65,2023-09-07,Regular
10635,Vihaan Shah,Male,45.0,45,2026-02-20,VIP
10636,Simran Rao,Female,58.0,95,2022-11-16,Regular
10637,Shreya Tiwari,Female,57.0,16,2023-05-22,Premium
10638,Aditya Chauhan,Male,22.0,15,2024-01-19,VIP
10639,Arjun Menon,Male,36.0,47,2025-01-06,Regular
10640,Kabir Pillai,Male,20.0,51,2023-02-13,VIP
10641,Rohan Khanna,Male,36.0,70,2025-06-21,Premium
10642,Tanya Kumar,Female,48.0,41,2023-01-13,Regular
10643,Avni Bansal,Female,28.0,92,2023-08-13,Regular
10644,Rahul Gupta,Male,25.0,48,2024-07-06,Regular
10645,Aman Agarwal,Male,41.0,13,2022-01-20,Regular
10646,Mahi Yadav,Female,43.0,12,2025-05-12,Regular
10647,Radhika Chatterjee,Female,52.0,98,2024-12-06,Regular
10648,Kunal Sinha,Male,18.0,14,2025-08-28,Regular
10649,Nikhil Roy,Male,29.0,95,2023-03-16,Regular
10650,Vivek Naidu,Male,55.0,28,2023-09-29,Regular
10651,Sakshi Khan,Female,50.0,10,2025-12-08,Regular
10652,Ritvik Tripathi,Male,61.0,31,2022-04-17,Premium
10653,Yash Mehta,Male,57.0,62,2024-02-25,VIP
10654,Vansh Pandey,Other,58.0,43,2024-02-14,Premium
10655,Muskan Pandey,Female,42.0,79,2023-12-17,Regular
10656,Sahil Kapoor,Male,64.0,62,2023-11-26,Regular
10657,Varun Reddy,Male,37.0,41,2025-04-10,VIP
10658,Manish Ghosh,Male,61.0,64,2022-11-12,Regular
10659,Palak Jain,Female,36.0,98,2025-11-26,Regular
10660,Ankit Ansari,Male,39.0,42,2025-12-04,Regular
10661,Ishita Mishra,Female,50.0,16,2022-10-15,Regular
10662,Nandini Nair,Female,37.0,41,2026-04-08,Premium
10663,Anushka Kulkarni,Female,25.0,85,2023-02-24,Regular
10664,Shruti Sethi,Female,61.0,22,2022-03-24,Premium
10665,Rajat Sharma,Male,39.0,95,2023-09-29,Regular
10666,Mohit Patel,Male,62.0,59,2025-06-27,Regular
10667,Payal Verma,Female,37.0,61,2025-09-13,Regular
10668,Akash Joshi,Male,64.0,32,2024-10-30,Regular
10669,Harsh Iyer,Male,46.0,93,2025-07-21,Premium
10670,Dev Deshmukh,Male,54.0,4,2023-02-23,Regular
10671,Ayush Arora,Male,54.0,30,2025-11-07,Regular
10672,Dhruv Singh,Male,27.0,42,2024-10-13,Regular
10673,Komal Shah,Female,57.0,48,2022-08-02,Premium
10674,Tanvi Chauhan,Female,63.0,48,2022-07-25,VIP
10675,Pallavi Menon,Female,49.0,15,2023-03-04,Regular
10676,Aanya Rao,Female,63.0,23,2022-04-22,Regular
10677,Ishaan Malhotra,Male,58.0,10,2023-03-29,Premium
10678,Ananya Tiwari,Female,49.0,58,2026-05-09,Regular
10679,Rishi Saxena,Male,40.0,36,2023-01-20,Regular
10680,Abhishek Das,Male,59.0,57,2024-10-15,Regular
10681,Aditi Kumar,Female,26.0,59,2026-04-14,Regular
10682,Siddharth Rao,Male,44.0,71,2023-02-10,Regular
10683,Pranav Tiwari,Male,57.0,55,2025-01-18,Regular
10684,Karan Kumar,Male,63.0,65,2023-12-22,Regular
10685,Aarav Kapoor,Male,30.0,59,2023-04-02,Regular
10686,Vihaan Reddy,Male,22.0,66,2026-03-01,Regular
10687,Diya Bansal,Female,34.0,62,2024-11-16,Regular
10688,Isha Yadav,Female,59.0,32,2023-12-03,Premium
10689,Aditya Ghosh,Male,43.0,25,2025-07-23,Premium
10690,Priya Chatterjee,Female,20.0,79,2025-12-11,Regular
10691,Arjun Ansari,Male,23.0,35,2025-06-04,Regular
10692,Neha Khan,Female,34.0,55,2025-10-22,Regular
10693,Kabir Sharma,Male,34.0,20,2023-05-31,Regular
10694,Rohan Patel,Male,24.0,44,2023-07-05,Regular
10695,Rahul Joshi,Male,41.0,53,2023-01-08,Regular
10696,Riya Pandey,Female,40.0,63,2025-01-18,Premium
10697,Sneha Jain,Female,27.0,53,2025-07-09,Premium
10698,Kavya Mishra,Female,29.0,37,2024-11-22,Premium
10699,Meera Nair,Female,49.0,97,2024-08-16,Regular
10700,Aman Iyer,Male,63.0,52,2025-05-18,Premium
10701,Kunal Deshmukh,Male,65.0,81,2022-10-18,Premium
10702,Nikhil Arora,Male,44.0,74,2023-08-09,Premium
10703,Vivek Singh,Male,19.0,56,2025-02-05,Premium
10704,Ritvik Malhotra,Male,61.0,89,2022-03-25,Premium
10705,Yash Saxena,Male,63.0,13,2025-12-28,Premium
10706,Sahil Das,Male,31.0,93,2022-10-01,Regular
10707,Nisha Kulkarni,Female,37.0,86,2025-06-13,Regular
10708,Varun Rao,Male,19.0,51,2024-09-13,Regular
10709,Pooja Sethi,Female,56.0,74,2025-09-18,Regular
10710,Simran Verma,Female,55.0,53,2025-05-25,Regular
10711,Manish Tiwari,Male,18.0,27,2024-04-05,Regular
10712,Ankit Kumar,Male,51.0,80,2025-04-24,Regular
10713,Shreya Shah,Female,37.0,25,2023-07-09,Regular
10714,Tanya Chauhan,Female,44.0,32,2024-07-22,VIP
10715,Rajat Bansal,Male,28.0,52,2026-01-04,Regular
10716,Mohit Yadav,Male,57.0,84,2022-05-16,Regular
10717,Avni Menon,Female,37.0,39,2023-07-24,Regular
10718,Mahi Pillai,Female,58.0,50,2022-01-28,Regular
10719,Akash Chatterjee,Male,25.0,5,2024-05-04,Regular
10720,Harsh Khan,Male,46.0,12,2025-06-05,Regular
10721,Radhika Khanna,Female,32.0,6,2022-03-03,Regular
10722,Dev Pandey,Male,64.0,8,2024-05-29,Regular
10723,Sakshi Gupta,Female,44.0,87,2023-10-27,Regular
10724,Ayush Jain,Male,52.0,85,2025-06-06,Regular
10725,Dhruv Mishra,Male,22.0,83,2022-12-19,VIP
10726,Ishaan Nair,Male,50.0,6,2022-09-18,Premium
10727,Rishi Kulkarni,Male,22.0,8,2022-06-01,Regular
10728,Muskan Agarwal,Female,35.0,29,2023-10-14,Premium
10729,Abhishek Sethi,Male,28.0,57,2024-02-20,Premium
10730,Palak Sinha,Female,18.0,34,2026-01-10,Premium
10731,Siddharth Verma,Male,46.0,49,2024-01-16,Regular
10732,Ishita Roy,Female,29.0,18,2022-10-02,Regular
10733,Nandini Naidu,Female,42.0,74,2025-01-23,Regular
10734,Anushka Tripathi,Female,54.0,32,2022-04-09,Regular
10735,Pranav Shah,Male,26.0,7,2023-07-07,Regular
10736,Shruti Mehta,Female,52.0,75,2024-11-11,Regular
10737,Payal Kapoor,Female,32.0,91,2023-02-11,Regular
10738,Komal Reddy,Female,33.0,2,2024-08-09,Premium
10739,Karan Chauhan,Male,45.0,44,2023-12-27,Regular
10740,Aarav Das,Male,48.0,83,2026-03-04,VIP
10741,Vihaan Rao,Male,49.0,71,2023-04-05,Premium
10742,Tanvi Ghosh,Female,27.0,86,2025-12-21,Premium
10743,Pallavi Ansari,Female,45.0,42,2024-09-28,Premium
10744,Aditya Tiwari,Male,30.0,38,2025-04-14,Regular
10745,Aanya Verma,Female,31.0,71,2022-09-28,Regular
10746,Ananya Shah,Female,63.0,16,2022-01-31,Premium
10747,Arjun Kumar,Male,22.0,24,2025-03-15,Regular
10748,Kabir Bansal,Male,37.0,61,2024-02-08,Regular
10749,Aditi Chauhan,Female,39.0,67,2023-05-10,Regular
10750,Diya Menon,Female,29.0,12,2025-12-04,Regular
10751,Rohan Yadav,Male,55.0,51,2023-06-07,Regular
10752,Isha Pillai,Female,41.0,37,2023-11-25,Regular
10753,Priya Khanna,Female,52.0,51,2025-03-04,Regular
10754,Neha Gupta,Female,36.0,96,2026-03-20,Regular
10755,Riya Agarwal,Female,61.0,8,2025-12-09,Regular
10756,Sneha Sinha,Female,53.0,100,2024-11-09,Regular
10757,Rahul Chatterjee,Male,33.0,45,2022-06-26,Regular
10758,Aman Khan,Male,64.0,78,2022-06-25,Regular
10759,Kunal Pandey,Male,59.0,43,2025-01-13,Regular
10760,Nikhil Jain,Male,46.0,32,2024-03-25,Regular
10761,Kavya Roy,Female,18.0,78,2022-08-01,Premium
10762,Vivek Mishra,Male,46.0,69,2025-01-17,Regular
10763,Ritvik Nair,Male,51.0,15,2026-02-16,Premium
10764,Yash Kulkarni,Male,35.0,71,2022-04-15,Regular
10765,Sahil Sethi,Male,24.0,76,2025-08-14,Regular
10766,Varun Verma,Male,45.0,39,2023-07-06,Regular
10767,Meera Naidu,Female,56.0,93,2023-09-29,Premium
10768,Nisha Tripathi,Female,33.0,65,2025-02-21,Regular
10769,Manish Shah,Male,39.0,34,2023-01-31,Regular
10770,Pooja Mehta,Female,18.0,2,2022-09-09,Regular
10771,Simran Kapoor,Female,51.0,68,2026-03-23,Regular
10772,Ankit Chauhan,Male,59.0,21,2023-07-12,Premium
10773,Shreya Reddy,Female,55.0,76,2022-09-29,VIP
10774,Rajat Menon,Male,38.0,53,2025-01-08,Regular
10775,Mohit Pillai,Male,20.0,47,2022-12-13,Regular
10776,Tanya Ghosh,Female,41.0,17,2025-05-25,Regular
10777,Akash Khanna,Male,63.0,72,2022-04-23,VIP
10778,Avni Ansari,Female,22.0,17,2024-04-09,Regular
10779,Mahi Sharma,Female,28.0,42,2023-10-07,Regular
10780,Radhika Patel,Female,58.0,84,2026-03-11,VIP
10781,Sakshi Joshi,Female,45.0,93,2024-04-14,VIP
10782,Muskan Iyer,Female,26.0,99,2026-01-20,Regular
10783,Aarav Jain,Other,19.0,96,2023-02-02,Regular
10784,Harsh Gupta,Male,37.0,56,2024-01-28,Premium
10785,Dev Agarwal,Male,46.0,21,2025-07-26,Premium
10786,Palak Deshmukh,Female,58.0,84,2022-09-14,Regular
10787,Ayush Sinha,Male,60.0,81,2026-01-24,Regular
10788,Dhruv Roy,Male,39.0,100,2025-05-21,Regular
10789,Ishaan Naidu,Male,38.0,66,2024-12-19,Regular
10790,Ishita Arora,Female,62.0,15,2023-01-25,Regular
10791,Rishi Tripathi,Male,55.0,51,2025-08-01,Premium
10792,Abhishek Mehta,Male,28.0,45,2025-09-10,Regular
10793,Siddharth Kapoor,Male,50.0,85,2023-04-14,Regular
10794,Pranav Reddy,Male,52.0,40,2024-07-28,Premium
10795,Nandini Singh,Female,29.0,33,2022-04-08,Regular
10796,Karan Ghosh,Male,64.0,9,2023-09-23,Regular
10797,Anushka Malhotra,Female,32.0,84,2022-08-30,VIP
10798,Shruti Saxena,Female,44.0,76,2024-06-09,Regular
10799,Aarav Sethi,Male,41.0,5,2024-05-28,Premium
10800,Payal Das,Female,51.0,44,2024-05-02,Regular
10801,Komal Rao,Female,61.0,48,2024-12-19,Regular
10802,Tanvi Tiwari,Female,36.0,47,2026-01-19,Regular
10803,Vihaan Verma,Male,36.0,92,2022-11-11,Regular
10804,Aditya Shah,Male,54.0,16,2022-12-09,Regular
10805,Anvi Mishra,Other,63.0,31,2022-12-11,Regular
10806,Pallavi Kumar,Female,61.0,19,2026-01-25,Regular
10807,Aanya Kapoor,Female,54.0,25,2022-05-29,Regular
10808,Ananya Reddy,Female,51.0,91,2022-02-20,Premium
10809,Arjun Chauhan,Male,54.0,95,2022-09-14,Regular
10810,Aditi Ghosh,Female,62.0,5,2025-05-15,Regular
10811,Kabir Menon,Male,18.0,64,2024-07-16,Regular
10812,Diya Ansari,Female,46.0,24,2026-01-11,Regular
10813,Rohan Pillai,Male,19.0,20,2022-11-23,Regular
10814,Rahul Khanna,Male,45.0,30,2023-09-23,Regular
10815,Isha Sharma,Female,36.0,20,2024-06-07,Regular
10816,Priya Patel,Female,32.0,50,2022-04-27,Regular
10817,Neha Joshi,Female,60.0,100,2026-01-09,Regular
10818,Aman Gupta,Male,52.0,59,2025-07-11,Premium
10819,Kunal Agarwal,Male,45.0,73,2022-08-19,Regular
10820,Riya Iyer,Female,60.0,50,2025-09-10,Regular
10821,Nikhil Sinha,Male,22.0,2,2023-12-20,Regular
10822,Vivek Roy,Male,49.0,9,2023-06-23,Premium
10823,Sneha Deshmukh,Female,25.0,27,2026-02-22,Regular
10824,Ritvik Naidu,Male,29.0,25,2024-04-09,Regular
10825,Kavya Arora,Female,26.0,85,2022-12-30,Regular
10826,Yash Tripathi,Male,44.0,85,2025-07-19,Regular
10827,Meera Singh,Female,48.0,86,2025-02-19,Regular
10828,Nisha Malhotra,Female,54.0,64,2022-11-04,Regular
10829,Pooja Saxena,Female,39.0,56,2024-12-19,Premium
10830,Simran Das,Female,63.0,65,2024-10-03,VIP
10831,Sahil Mehta,Male,35.0,41,2023-03-17,Regular
10832,Shreya Rao,Female,25.0,68,2023-11-21,Regular
10833,Tanya Tiwari,Female,19.0,80,2025-09-04,Regular
10834,Avni Kumar,Female,24.0,77,2022-10-07,Regular
10835,Mahi Bansal,Female,39.0,62,2025-03-01,Regular
10836,Radhika Yadav,Female,37.0,6,2025-08-23,Premium
10837,Sakshi Chatterjee,Female,59.0,73,2026-02-07,Regular
10838,Muskan Khan,Female,24.0,37,2023-06-04,Regular
10839,Varun Kapoor,Male,30.0,75,2023-03-03,Regular
10840,Manish Reddy,Male,65.0,54,2026-02-04,VIP
10841,Palak Pandey,Female,19.0,89,2024-01-11,Regular
10842,Ankit Ghosh,Male,38.0,34,2024-06-29,Premium
10843,Ishita Jain,Female,27.0,94,2024-03-31,Premium
10844,Nandini Mishra,Female,43.0,85,2024-04-03,Regular
10845,Rajat Ansari,Male,64.0,34,2024-09-26,Regular
10846,Anushka Nair,Female,28.0,49,2023-11-09,Regular
10847,Shruti Kulkarni,Female,35.0,54,2023-09-20,Regular
10848,Payal Sethi,Female,39.0,77,2023-10-04,Regular
10849,Mohit Sharma,Male,56.0,69,2024-11-16,Regular
10850,Komal Verma,Female,65.0,86,2025-08-01,Premium
10851,Akash Patel,Male,22.0,37,2024-06-07,Premium
10852,Tanvi Shah,Female,41.0,51,2024-12-20,Regular
10853,Harsh Joshi,Male,54.0,44,2023-10-23,Regular
10854,Pallavi Chauhan,Female,18.0,91,2025-05-22,Regular
10855,Aanya Das,Female,56.0,31,2023-09-23,Regular
10856,Ananya Rao,Female,29.0,59,2023-11-05,Regular
10857,Dev Iyer,Male,42.0,13,2022-03-30,Regular
10858,Aditi Tiwari,Female,64.0,86,2023-02-23,Premium
10859,Diya Kumar,Female,48.0,39,2025-03-27,Regular
10860,Ayush Deshmukh,Male,65.0,35,2022-05-19,Premium
10861,Isha Bansal,Female,46.0,59,2022-12-25,Regular
10862,Priya Yadav,Female,28.0,50,2025-05-27,Regular
10863,Kiran Iyer,Other,51.0,85,2025-10-29,Premium
10864,Neha Chatterjee,Female,47.0,54,2023-10-27,Regular
10865,Riya Khan,Female,32.0,52,2023-10-14,Regular
10866,Sneha Pandey,Female,21.0,11,2024-03-25,Premium
10867,Kavya Jain,Female,49.0,3,2025-05-17,Regular
10868,Dhruv Arora,Male,45.0,40,2024-01-21,Regular
10869,Meera Mishra,Female,55.0,100,2022-10-05,Regular
10870,Nisha Nair,Female,24.0,92,2023-11-21,Regular
10871,Pooja Kulkarni,Female,43.0,63,2023-02-12,Regular
10872,Simran Sethi,Female,57.0,64,2024-12-30,Premium
10873,Ishaan Singh,Male,60.0,40,2022-08-17,Regular
10874,Rishi Malhotra,Male,63.0,18,2024-08-31,Regular
10875,Abhishek Saxena,Male,28.0,1,2022-07-27,Regular
10876,Siddharth Das,Male,26.0,34,2026-04-05,Regular
10877,Pranav Rao,Male,45.0,32,2024-10-21,Premium
10878,Karan Tiwari,Male,40.0,20,2022-08-11,Regular
10879,Shreya Verma,Female,29.0,26,2026-03-15,Regular
10880,Aarav Mehta,Male,22.0,3,2024-07-06,Regular
10881,Vihaan Kapoor,Male,24.0,61,2024-08-28,Premium
10882,Aditya Reddy,Male,34.0,93,2022-04-12,Regular
10883,Arjun Ghosh,Male,53.0,70,2022-10-28,Regular
10884,Kabir Ansari,Male,21.0,45,2025-07-16,Premium
10885,Tanya Shah,Female,23.0,43,2024-01-19,Regular
10886,Avni Chauhan,Female,30.0,31,2024-09-13,Regular
10887,Rohan Sharma,Male,59.0,15,2026-04-29,Premium
10888,Mahi Menon,Female,65.0,60,2023-11-17,Premium
10889,Rahul Patel,Male,39.0,57,2023-09-02,Regular
10890,Aman Joshi,Male,20.0,1,2025-07-07,Premium
10891,Radhika Pillai,Female,18.0,42,2022-04-16,Regular
10892,Sakshi Khanna,Female,59.0,28,2023-12-30,VIP
10893,Muskan Gupta,Female,39.0,18,2025-09-29,Regular
10894,Kunal Iyer,Male,21.0,71,2022-12-31,Regular
10895,Nikhil Deshmukh,Male,58.0,53,2023-05-02,Regular
10896,Vivek Arora,Male,43.0,64,2024-01-27,Premium
10897,Ritvik Singh,Male,34.0,72,2022-04-29,VIP
10898,Aman Deshmukh,Other,39.0,99,2022-04-24,Regular
10899,Yash Malhotra,Male,28.0,81,2023-02-07,Regular
10900,Palak Agarwal,Female,62.0,63,2025-12-07,Regular
10901,Ishita Sinha,Female,55.0,88,2022-12-21,Regular
10902,Nandini Roy,Female,27.0,48,2025-03-15,Premium
10903,Sahil Saxena,Male,53.0,99,2023-11-13,Regular
10904,Varun Das,Male,26.0,77,2025-05-01,VIP
10905,Manish Rao,Male,39.0,66,2023-06-13,Premium
10906,Anushka Naidu,Female,53.0,91,2025-10-31,Regular
10907,Ankit Tiwari,Male,19.0,52,2023-08-17,Regular
10908,Shruti Tripathi,Female,52.0,73,2025-06-20,VIP
10909,Payal Mehta,Female,28.0,29,2025-08-23,Premium
10910,Rajat Kumar,Male,51.0,97,2023-11-22,Premium
10911,Komal Kapoor,Female,41.0,63,2024-12-03,Regular
10912,Mohit Bansal,Male,19.0,79,2022-07-09,Regular
10913,Tanvi Reddy,Female,54.0,47,2024-03-05,Premium
10914,Akash Yadav,Male,30.0,87,2023-08-21,Regular
10915,Pallavi Ghosh,Female,63.0,8,2026-03-08,Regular
10916,Aanya Sethi,Female,58.0,12,2026-02-03,Premium
10917,Ananya Verma,Female,27.0,51,2025-06-07,Regular
10918,Harsh Chatterjee,Male,46.0,74,2026-02-27,Regular
10919,Aditi Shah,Female,35.0,81,2026-04-11,Regular
10920,Dev Khan,Male,46.0,45,2025-05-13,Premium
10921,Diya Chauhan,Female,44.0,65,2024-08-08,Regular
10922,Ayush Pandey,Male,32.0,56,2022-11-24,Regular
10923,Dhruv Jain,Male,49.0,97,2025-07-28,VIP
10924,Ishaan Mishra,Male,30.0,66,2022-11-08,Premium
10925,Rishi Nair,Male,61.0,42,2022-10-24,Regular
10926,Abhishek Kulkarni,Male,63.0,97,2025-11-08,Premium
10927,Isha Menon,Female,25.0,11,2022-07-03,Regular
10928,Siddharth Sethi,Male,52.0,99,2022-08-16,VIP
10929,Priya Pillai,Female,62.0,16,2024-03-28,Premium
10930,Pranav Verma,Male,24.0,29,2024-07-23,Regular
10931,Neha Khanna,Female,53.0,83,2022-03-14,Regular
10932,Riya Gupta,Female,63.0,74,2023-08-29,Regular
10933,Karan Shah,Male,28.0,98,2022-12-27,Regular
10934,Sneha Agarwal,Female,45.0,75,2023-04-29,Regular
10935,Kavya Sinha,Female,56.0,64,2022-10-17,Regular
10936,Meera Roy,Female,34.0,35,2024-12-19,VIP
10937,Aarav Saxena,Male,29.0,1,2024-01-27,Regular
10938,Vihaan Das,Male,37.0,13,2026-03-16,Premium
10939,Nisha Naidu,Female,34.0,30,2022-01-14,Regular
10940,Aditya Rao,Male,52.0,5,2025-05-29,Regular
10941,Pooja Tripathi,Female,35.0,51,2025-12-26,Regular
10942,Arjun Tiwari,Male,36.0,78,2024-02-17,Regular
10943,Simran Mehta,Female,63.0,97,2025-01-23,Regular
10944,Kabir Kumar,Male,45.0,49,2023-12-07,Regular
10945,Rohan Bansal,Male,62.0,88,2024-08-10,Premium
10946,Dev Arora,Other,52.0,99,2025-12-23,Regular
10947,Shreya Kapoor,Female,60.0,86,2024-04-28,Regular
10948,Tanya Reddy,Female,27.0,47,2024-07-13,Premium
10949,Avni Ghosh,Female,63.0,33,2026-04-28,Regular
10950,Rahul Yadav,Male,63.0,98,2024-03-05,Regular
10951,Aman Chatterjee,Male,19.0,25,2022-10-05,Regular
10952,Kunal Khan,Male,35.0,42,2024-12-28,Regular
10953,Nikhil Pandey,Male,37.0,8,2025-01-13,Regular
10954,Vivek Jain,Male,38.0,80,2023-01-15,Regular
10955,Mahi Ansari,Female,55.0,65,2025-03-11,Regular
10956,Ritvik Mishra,Male,51.0,9,2022-04-12,Regular
10957,Yash Nair,Male,28.0,23,2023-05-28,Regular
10958,Sahil Kulkarni,Male,47.0,56,2025-09-30,VIP
10959,Varun Sethi,Male,64.0,55,2024-09-15,Regular
10960,Manish Verma,Male,39.0,81,2024-08-29,Regular
10961,Radhika Sharma,Female,62.0,27,2024-09-20,Premium
10962,Ankit Shah,Male,49.0,93,2022-09-21,Regular
10963,Sakshi Patel,Female,62.0,45,2026-03-19,Regular
10964,Muskan Joshi,Female,61.0,83,2023-04-22,Premium
10965,Palak Iyer,Female,18.0,24,2025-06-12,Premium
10966,Ishita Deshmukh,Female,56.0,4,2026-05-03,Regular
10967,Rajat Chauhan,Male,27.0,6,2023-01-21,Regular
10968,Mohit Menon,Male,57.0,38,2024-10-12,VIP
10969,Akash Pillai,Male,56.0,96,2022-03-09,Regular
10970,Nandini Arora,Female,30.0,5,2024-10-14,Premium
10971,Anushka Singh,Female,21.0,37,2023-12-07,Regular
10972,Harsh Khanna,Male,38.0,11,2022-04-26,Regular
10973,Dev Gupta,Male,32.0,94,2024-12-11,Premium
10974,Shruti Malhotra,Female,44.0,68,2026-03-31,VIP
10975,Payal Saxena,Female,21.0,77,2022-05-13,Regular
10976,Komal Das,Female,20.0,72,2025-11-29,Regular
10977,Tanvi Rao,Female,38.0,66,2025-09-11,Premium
10978,Pallavi Tiwari,Female,54.0,78,2024-05-26,Regular
10979,Aanya Mehta,Female,33.0,1,2025-12-13,Premium
10980,Ayush Agarwal,Male,33.0,87,2023-05-11,Regular
10981,Dhruv Sinha,Male,25.0,74,2025-02-26,Regular
10982,Ananya Kapoor,Female,31.0,74,2025-01-21,Premium
10983,Aditi Reddy,Female,32.0,40,2024-07-17,VIP
10984,Ishaan Roy,Male,30.0,81,2025-08-26,Regular
10985,Diya Ghosh,Female,34.0,39,2025-11-03,Premium
10986,Rishi Naidu,Male,31.0,5,2025-06-11,Regular
10987,Isha Ansari,Female,50.0,91,2024-07-30,Regular
10988,Abhishek Tripathi,Male,34.0,24,2026-04-13,Regular
10989,Priya Sharma,Female,54.0,11,2024-06-07,Premium
10990,Neha Patel,Female,47.0,63,2024-10-15,Regular
10991,Siddharth Mehta,Male,48.0,24,2022-10-30,Regular
10992,Pranav Kapoor,Male,46.0,86,2023-05-29,Premium
10993,Riya Joshi,Female,62.0,45,2025-12-18,Regular
10994,Karan Reddy,Male,30.0,1,2024-03-07,Regular
10995,Aarav Kulkarni,Male,65.0,96,2024-03-28,Regular
10996,Sneha Iyer,Female,27.0,52,2025-07-30,Premium
10997,Vihaan Sethi,Male,24.0,27,2023-06-06,Regular
10998,Aditya Verma,Male,57.0,68,2023-03-01,Premium
10999,Arjun Shah,Male,61.0,54,2022-01-15,Regular
11000,Kavya Deshmukh,Female,22.0,3,2023-01-06,Regular
11001,Kabir Chauhan,Male,46.0,76,2024-03-30,Premium
11002,Rohan Menon,Male,42.0,41,2025-03-05,Regular
11003,Rahul Pillai,Male,28.0,70,2023-06-11,Regular
11004,Aman Khanna,Male,42.0,90,2023-12-13,Regular
11005,Kunal Gupta,Male,50.0,62,2022-12-21,Regular
11006,Nikhil Agarwal,Male,45.0,68,2025-07-30,Regular
11007,Vivek Sinha,Male,42.0,26,2024-04-19,VIP
11008,Ritvik Roy,Male,60.0,24,2022-08-18,Regular
11009,Meera Arora,Female,28.0,42,2024-09-02,Regular
11010,Yash Naidu,Male,47.0,86,2023-06-22,Regular
11011,Sahil Tripathi,Male,33.0,53,2025-10-16,Regular
11012,Nisha Singh,Female,64.0,35,2023-03-05,Regular
11013,Pooja Malhotra,Female,30.0,78,2025-10-15,VIP
11014,Simran Saxena,Female,59.0,86,2025-01-21,Regular
11015,Varun Mehta,Male,48.0,91,2022-08-05,Premium
11016,Manish Kapoor,Male,28.0,30,2025-04-29,Regular
11017,Ankit Reddy,Male,54.0,71,2025-02-26,Regular
11018,Rajat Ghosh,Male,29.0,60,2023-12-31,Premium
11019,Mohit Ansari,Male,30.0,45,2022-09-15,Regular
11020,Shreya Das,Female,34.0,40,2024-02-04,Premium
11021,Akash Sharma,Male,50.0,12,2024-08-31,Premium
11022,Tanya Rao,Female,36.0,28,2022-07-31,Premium
11023,Harsh Patel,Male,45.0,55,2023-06-30,Regular
11024,Dev Joshi,Male,44.0,89,2025-01-27,Regular
11025,Avni Tiwari,Female,27.0,87,2024-06-03,Regular
11026,Mahi Kumar,Female,29.0,19,2026-05-07,VIP
11027,Ayush Iyer,Male,32.0,68,2022-12-13,Regular
11028,Radhika Bansal,Female,28.0,9,2025-05-29,Regular
11029,Dhruv Deshmukh,Male,62.0,68,2023-11-12,Regular
11030,Ishaan Arora,Male,36.0,35,2022-12-23,Regular
11031,Sakshi Yadav,Female,37.0,45,2026-03-02,Regular
11032,Rishi Singh,Male,50.0,72,2024-09-23,Regular
11033,Abhishek Malhotra,Male,55.0,43,2024-05-06,Regular
11034,Siddharth Saxena,Male,51.0,81,2023-04-17,Premium
11035,Pranav Das,Male,44.0,54,2025-11-11,Regular
11036,Karan Rao,Male,64.0,100,2022-02-18,Regular
11037,Aarav Tripathi,Male,61.0,64,2022-07-04,Regular
11038,Muskan Chatterjee,Female,27.0,30,2022-10-15,Regular
11039,Palak Khan,Female,25.0,78,2024-11-10,Regular
11040,Vihaan Mehta,Male,36.0,41,2022-06-14,Regular
11041,Aditya Kapoor,Male,58.0,54,2025-06-29,Regular
11042,Ishita Pandey,Female,64.0,14,2022-11-10,Premium
11043,Arjun Reddy,Male,51.0,12,2024-12-18,Regular
11044,Nandini Jain,Female,51.0,58,2025-06-26,Regular
11045,Anushka Mishra,Female,29.0,19,2025-11-06,Regular
11046,Aditya Joshi,Male,46.0,100,2023-04-14,Regular
11047,Kabir Ghosh,Male,26.0,86,2022-04-30,Regular
11048,Rohan Ansari,Male,43.0,71,2025-04-26,Regular
11049,Rahul Sharma,Male,27.0,74,2023-12-19,Regular
11050,Aman Patel,Male,21.0,60,2026-02-27,Regular
11051,Shruti Nair,Female,64.0,7,2022-10-29,Premium
11052,Kunal Joshi,Male,60.0,40,2024-07-07,Regular
11053,Payal Kulkarni,Female,50.0,50,2022-07-10,Regular
11054,Komal Sethi,Female,48.0,92,2024-02-16,Regular
11055,Nikhil Iyer,Male,29.0,22,2022-01-02,Regular
11056,Vivek Deshmukh,Male,45.0,50,2025-04-15,Premium
11057,Ritvik Arora,Male,53.0,35,2024-08-25,Regular
11058,Tanvi Verma,Female,43.0,14,2022-06-05,Regular
11059,Yash Singh,Male,31.0,11,2024-03-10,VIP
11060,Pallavi Shah,Female,36.0,37,2023-11-17,Regular
11061,Aanya Saxena,Female,58.0,9,2024-12-13,Regular
11062,Ananya Das,Female,30.0,7,2024-03-09,Regular
11063,Aryan Singh,Other,64.0,36,2024-01-05,VIP
11064,Aditi Rao,Female,54.0,21,2025-08-22,Regular
11065,Diya Tiwari,Female,60.0,56,2024-04-10,Regular
11066,Isha Kumar,Female,42.0,2,2025-07-26,Regular
11067,Priya Bansal,Female,28.0,31,2025-11-17,Regular
11068,Neha Yadav,Female,19.0,46,2025-09-19,Regular
11069,Riya Chatterjee,Female,43.0,97,2026-03-09,Regular
11070,Sahil Malhotra,Male,37.0,64,2025-01-21,Regular
11071,Sneha Khan,Female,23.0,89,2024-06-17,Regular
11072,Varun Saxena,Male,62.0,35,2024-04-28,Regular
11073,Kavya Pandey,Female,64.0,45,2022-11-24,Premium
11074,Manish Das,Male,35.0,43,2025-08-17,Premium
11075,Meera Jain,Female,50.0,89,2025-01-14,Premium
11076,Nisha Mishra,Female,37.0,96,2025-10-29,VIP
11077,Pooja Nair,Female,41.0,97,2025-01-27,Regular
11078,Ankit Rao,Male,47.0,76,2024-02-08,Regular
11079,Simran Kulkarni,Female,37.0,51,2023-04-18,Regular
11080,Shreya Sethi,Female,56.0,55,2026-04-27,Premium
11081,Tanya Verma,Female,27.0,99,2025-03-19,Regular
11082,Avni Shah,Female,50.0,29,2025-10-31,Regular
11083,Mahi Chauhan,Female,65.0,35,2024-07-25,Regular
11084,Radhika Menon,Female,58.0,90,2024-03-27,Premium
11085,Rajat Tiwari,Male,20.0,39,2022-02-24,Premium
11086,Sakshi Pillai,Female,23.0,24,2022-04-21,Premium
11087,Mohit Kumar,Male,48.0,57,2025-02-04,Regular
11088,Muskan Khanna,Female,62.0,33,2022-12-26,Regular
11089,Palak Gupta,Female,58.0,90,2022-05-12,VIP
11090,Akash Bansal,Male,61.0,91,2025-05-27,Regular
11091,Harsh Yadav,Male,25.0,31,2024-09-19,Regular
11092,Dev Chatterjee,Male,42.0,53,2022-06-27,Regular
11093,Ishita Agarwal,Female,52.0,99,2024-03-10,Regular
11094,Ayush Khan,Male,47.0,75,2024-01-22,Premium
11095,Dhruv Pandey,Male,55.0,22,2022-01-06,Regular
11096,Nandini Sinha,Female,28.0,60,2024-08-25,Premium
11097,Ishaan Jain,Male,39.0,62,2023-09-27,Premium
11098,Anushka Roy,Female,39.0,66,2025-11-06,Regular
11099,Rishi Mishra,Male,63.0,3,2022-07-05,Regular
11100,Abhishek Nair,Male,27.0,30,2025-09-17,Regular
11101,Siddharth Kulkarni,Male,33.0,86,2022-01-11,Regular
11102,Pranav Sethi,Male,19.0,25,2025-05-07,Regular
11103,Karan Verma,Male,25.0,30,2025-06-06,Premium
11104,Shruti Naidu,Female,65.0,33,2023-10-15,Regular
11105,Aarav Malhotra,Male,58.0,18,2023-03-25,Regular
11106,Vihaan Saxena,Male,30.0,16,2022-08-16,Premium
11107,Aditya Das,Male,51.0,35,2023-06-28,VIP
11108,Arjun Rao,Male,46.0,88,2024-12-07,Regular
11109,Payal Tripathi,Female,61.0,1,2025-03-05,Regular
11110,Kabir Tiwari,Male,32.0,29,2022-10-18,Regular
11111,Samar Malhotra,Other,65.0,7,2022-01-18,Regular
11112,Rohan Kumar,Male,35.0,57,2024-06-17,Regular
11113,Rahul Bansal,Male,52.0,26,2024-07-18,Regular
11114,Aman Yadav,Male,37.0,80,2026-04-19,Regular
11115,Kunal Chatterjee,Male,50.0,59,2025-05-03,Regular
11116,Komal Mehta,Female,34.0,79,2024-05-30,Regular
11117,Nikhil Khan,Male,58.0,64,2024-08-04,Regular
11118,Vivek Pandey,Male,48.0,44,2024-10-29,Regular
11119,Tanvi Kapoor,Female,31.0,87,2023-12-24,Regular
11120,Pallavi Reddy,Female,64.0,48,2024-12-20,Regular
11121,Aanya Kulkarni,Female,52.0,95,2022-11-09,VIP
11122,Ananya Sethi,Female,38.0,100,2025-08-21,Regular
11123,Aditi Verma,Female,24.0,59,2025-10-10,Regular
11124,Diya Shah,Female,64.0,68,2023-11-27,Regular
11125,Isha Chauhan,Female,54.0,26,2024-01-01,Premium
11126,Ritvik Jain,Male,50.0,82,2024-03-07,Regular
11127,Priya Menon,Female,57.0,68,2025-07-31,Regular
11128,Yash Mishra,Male,47.0,91,2022-10-09,Premium
11129,Neha Pillai,Female,29.0,27,2023-07-01,Regular
11130,Riya Khanna,Female,29.0,79,2024-09-10,Regular
11131,Sahil Nair,Male,21.0,48,2025-01-14,Regular
11132,Sneha Gupta,Female,21.0,19,2023-04-19,VIP
11133,Kavya Agarwal,Female,52.0,18,2022-07-07,Premium
11134,Varun Kulkarni,Male,58.0,57,2024-03-23,Regular
11135,Meera Sinha,Female,25.0,32,2024-10-18,Premium
11136,Nisha Roy,Female,45.0,11,2025-05-11,Premium
11137,Pooja Naidu,Female,23.0,43,2022-01-05,Regular
11138,Manish Sethi,Male,37.0,66,2022-01-29,Regular
11139,Ankit Verma,Male,55.0,32,2023-09-11,Regular
11140,Simran Tripathi,Female,56.0,96,2024-06-21,Regular
11141,Rajat Shah,Male,63.0,78,2022-01-06,Regular
11142,Mohit Chauhan,Male,32.0,52,2022-10-05,Premium
11143,Akash Menon,Male,63.0,94,2023-11-02,Regular
11144,Harsh Pillai,Male,55.0,44,2023-03-24,Regular
11145,Shreya Mehta,Female,34.0,14,2025-02-10,Regular
11146,Tanya Kapoor,Female,33.0,4,2022-02-25,Regular
11147,Avni Reddy,Female,23.0,94,2025-11-22,Regular
11148,Mahi Ghosh,Female,62.0,96,2022-09-29,Regular
11149,Dev Khanna,Male,27.0,74,2023-12-07,Regular
11150,Ayush Gupta,Male,30.0,11,2026-04-28,Regular
11151,Dhruv Agarwal,Male,37.0,30,2024-11-26,Regular
11152,Ishaan Sinha,Male,24.0,5,2026-05-17,Premium
11153,Rishi Roy,Male,56.0,6,2022-02-01,Regular
11154,Abhishek Naidu,Male,51.0,25,2025-02-25,Regular
11155,Siddharth Tripathi,Male,25.0,58,2022-05-02,Regular
11156,Pranav Mehta,Male,25.0,7,2024-09-05,Regular
11157,Radhika Ansari,Female,19.0,99,2023-06-06,Regular
11158,Sakshi Sharma,Female,63.0,46,2025-05-28,Regular
11159,Muskan Patel,Female,38.0,27,2022-07-18,Regular
11160,Palak Joshi,Female,49.0,52,2025-12-05,VIP
11161,Ishita Iyer,Female,25.0,80,2024-02-09,Regular
11162,Karan Kapoor,Male,29.0,32,2024-04-10,Premium
11163,Nandini Deshmukh,Female,43.0,5,2024-07-02,Premium
11164,Aarav Nair,Male,28.0,6,2022-02-26,Regular
11165,Vihaan Kulkarni,Male,47.0,86,2023-05-12,Regular
11166,Aditya Sethi,Male,62.0,12,2025-02-09,VIP
11167,Arjun Verma,Male,32.0,64,2026-03-18,Regular
11168,Kabir Shah,Male,47.0,39,2026-04-25,Premium
11169,Anushka Arora,Female,61.0,78,2024-05-07,Regular
11170,Shruti Singh,Female,60.0,7,2023-02-17,Premium
11171,Payal Malhotra,Female,18.0,90,2024-02-04,VIP
11172,Komal Saxena,Female,23.0,70,2024-01-12,Premium
11173,Tanvi Das,Female,65.0,45,2023-09-28,Regular
11174,Rohan Chauhan,Male,62.0,21,2023-08-02,Premium
11175,Pallavi Rao,Female,33.0,98,2025-10-21,Regular
11176,Aanya Tripathi,Female,42.0,31,2023-09-17,Regular
11177,Rahul Menon,Male,45.0,50,2022-02-16,Regular
11178,Aman Pillai,Male,50.0,40,2025-02-28,Regular
11179,Ananya Mehta,Female,54.0,24,2024-11-30,Regular
11180,Aditi Kapoor,Female,35.0,42,2023-08-29,Regular
11181,Kunal Khanna,Male,60.0,16,2024-10-04,Regular
11182,Diya Reddy,Female,20.0,1,2026-02-14,Regular
11183,Nikhil Gupta,Male,19.0,29,2026-01-19,Regular
11184,Vivek Agarwal,Male,63.0,12,2025-06-17,Premium
11185,Ritvik Sinha,Male,26.0,42,2024-07-22,Premium
11186,Yash Roy,Male,65.0,87,2022-02-14,Premium
11187,Isha Ghosh,Female,31.0,17,2024-03-30,Premium
11188,Sahil Naidu,Male,35.0,1,2025-08-02,Regular
11189,Priya Ansari,Female,19.0,12,2025-09-13,Regular
11190,Varun Tripathi,Male,63.0,51,2025-05-21,Regular
11191,Neha Sharma,Female,35.0,28,2026-04-28,Regular
11192,Riya Patel,Female,26.0,49,2024-04-06,Regular
11193,Sneha Joshi,Female,41.0,3,2022-06-25,Premium
11194,Kavya Iyer,Female,25.0,34,2024-03-05,Regular
11195,Meera Deshmukh,Female,55.0,42,2023-05-25,Premium
11196,Manish Mehta,Male,21.0,44,2025-08-29,Regular
11197,Nisha Arora,Female,41.0,56,2025-05-28,Premium
11198,Pooja Singh,Female,36.0,79,2023-11-11,Regular
11199,Ankit Kapoor,Male,19.0,47,2023-09-14,Premium
11200,Rajat Reddy,Male,20.0,85,2022-09-13,Regular
11201,Mohit Ghosh,Male,42.0,53,2022-03-11,Regular
11202,Akash Ansari,Male,36.0,27,2023-05-16,Regular
11203,Harsh Sharma,Male,24.0,23,2023-01-21,Regular
11204,Dev Patel,Male,24.0,33,2023-03-01,Regular
11205,Simran Malhotra,Female,56.0,60,2026-05-17,Regular
11206,Ayush Joshi,Male,53.0,25,2024-12-25,Regular
11207,Shreya Saxena,Female,47.0,92,2024-06-01,Premium
11208,Dhruv Iyer,Male,58.0,48,2022-10-14,Regular
11209,Tanya Das,Female,21.0,87,2025-09-07,Regular
11210,Ishaan Deshmukh,Male,51.0,69,2024-10-28,Premium
11211,Rishi Arora,Male,54.0,34,2024-04-03,Regular
11212,Abhishek Singh,Male,27.0,23,2024-01-16,Premium
11213,Avni Rao,Female,43.0,75,2024-06-03,Regular
11214,Siddharth Malhotra,Male,54.0,34,2025-09-05,Regular
11215,Mahi Tiwari,Female,46.0,25,2025-02-26,Regular
11216,Pranav Saxena,Male,29.0,94,2024-02-15,Regular
11217,Radhika Kumar,Female,49.0,49,2024-12-04,Regular
11218,Karan Das,Male,54.0,5,2026-01-27,Premium
11219,Sakshi Bansal,Female,18.0,50,2023-06-06,Regular
11220,Aarav Naidu,Male,45.0,47,2025-12-11,Premium
11221,Vihaan Tripathi,Male,42.0,87,2024-08-28,Regular
11222,Aditya Mehta,Male,35.0,72,2022-10-24,Regular
11223,Arjun Kapoor,Male,20.0,20,2026-03-28,Premium
11224,Kabir Reddy,Male,22.0,16,2025-01-02,Premium
11225,Reyansh Saxena,Other,54.0,61,2023-09-10,Regular
11226,Rohan Ghosh,Male,57.0,5,2022-12-10,Regular
11227,Rahul Ansari,Male,38.0,32,2026-01-05,Regular
11228,Muskan Yadav,Female,63.0,14,2025-08-10,Regular
11229,Aman Sharma,Male,62.0,3,2022-03-13,Premium
11230,Kunal Patel,Male,49.0,92,2024-10-14,Regular
11231,Palak Chatterjee,Female,45.0,9,2022-07-03,Premium
11232,Ishita Khan,Female,64.0,1,2023-04-16,Regular
11233,Nandini Pandey,Female,47.0,94,2024-06-27,Regular
11234,Nikhil Joshi,Male,62.0,19,2023-02-03,Regular
11235,Anushka Jain,Female,64.0,82,2024-03-30,Regular
11236,Vivek Iyer,Male,NULL,4,2023-11-19,Regular
11237,Navya Das,Other,49.0,16,2024-07-19,VIP
11238,Shruti Mishra,Female,53.0,12,2025-07-05,Premium
11239,Payal Nair,Female,57.0,71,2022-09-06,Premium
11240,Ritvik Deshmukh,Male,34.0,63,2025-06-27,Regular
11241,Yash Arora,Male,59.0,48,2022-12-22,Premium
11242,Komal Kulkarni,Female,41.0,25,2022-02-23,Premium
11243,Sahil Singh,Male,36.0,9,2023-12-16,Premium
11244,Tanvi Sethi,Female,25.0,57,2023-04-29,Regular
11245,Pallavi Verma,Female,33.0,24,2022-10-23,Regular
11246,Aanya Malhotra,Female,64.0,60,2023-11-08,Premium
11247,Varun Malhotra,Male,52.0,69,2025-10-22,Regular
11248,Manish Saxena,Male,52.0,85,2024-07-25,Regular
11249,Ankit Das,Male,60.0,50,2025-03-10,Regular
11250,Rajat Rao,Male,30.0,1,2022-08-28,Regular
11251,Mohit Tiwari,Male,NULL,29,2022-05-02,Regular
11252,Ananya Saxena,Female,35.0,86,2023-06-21,Premium
11253,Aditi Das,Female,58.0,54,2025-05-24,Regular
11254,Diya Rao,Female,38.0,62,2025-11-17,Regular
11255,Akash Kumar,Male,59.0,46,2022-06-12,Regular
11256,Isha Tiwari,Female,53.0,17,2024-02-02,VIP
11257,Priya Kumar,Female,55.0,90,2023-09-27,Regular
11258,Neha Bansal,Female,62.0,78,2025-04-05,Regular
11259,Riya Yadav,Female,55.0,100,2022-11-25,Regular
11260,Sneha Chatterjee,Female,33.0,86,2024-02-15,Regular
11261,Harsh Bansal,Male,43.0,30,2025-09-21,Regular
11262,Dev Yadav,Male,40.0,26,2024-01-14,Regular
11263,Kavya Khan,Female,21.0,25,2025-06-04,Premium
11264,Ayush Chatterjee,Male,46.0,92,2024-09-22,Regular
11265,Dhruv Khan,Male,38.0,56,2024-08-13,VIP
11266,Ishaan Pandey,Male,36.0,46,2023-02-19,Regular
11267,Rishi Jain,Male,23.0,97,2026-05-07,Regular
11268,Meera Pandey,Female,42.0,61,2023-02-04,Regular
11269,Nisha Jain,Female,45.0,91,2026-01-29,Regular
11270,Abhishek Mishra,Male,23.0,99,2026-05-02,VIP
11271,Siddharth Nair,Male,48.0,8,2024-03-29,Premium
11272,Pooja Mishra,Female,26.0,37,2025-10-22,Regular
11273,Pranav Kulkarni,Male,24.0,74,2025-02-18,Regular
11274,Simran Nair,Female,37.0,82,2025-03-26,VIP
11275,Karan Sethi,Male,36.0,15,2022-04-20,Regular
11276,Shreya Kulkarni,Female,61.0,32,2022-08-08,Regular
11277,Tanya Sethi,Female,21.0,55,2022-04-22,Regular
11278,Avni Verma,Female,34.0,80,2022-02-18,Regular
11279,Aarav Singh,Male,53.0,12,2025-08-30,Premium
11280,Mahi Shah,Female,29.0,61,2022-10-08,Regular
11281,Radhika Chauhan,Female,65.0,30,2022-01-11,Premium
11282,Sakshi Menon,Female,53.0,22,2026-02-09,Regular
11283,Vihaan Malhotra,Male,63.0,52,2023-03-23,Regular
11284,Aditya Saxena,Male,63.0,42,2025-07-30,Regular
11285,Arjun Das,Male,23.0,64,2026-03-17,Premium
11286,Kabir Rao,Male,40.0,32,2024-04-16,Regular
11287,Rohan Tiwari,Male,53.0,83,2026-01-22,Premium
11288,Muskan Pillai,Female,18.0,8,2026-03-31,Regular
11289,Rahul Kumar,Male,39.0,87,2022-08-19,Premium
11290,Aman Bansal,Male,51.0,3,2022-08-23,Premium
11291,Kunal Yadav,Male,56.0,74,2023-08-15,Premium
11292,Nikhil Chatterjee,Male,37.0,35,2024-06-13,Regular
11293,Vivek Khan,Male,59.0,39,2025-06-11,Premium
11294,Palak Khanna,Female,50.0,2,2022-10-21,Regular
11295,Ritvik Pandey,Male,20.0,71,2022-11-06,Regular
11296,Ishita Gupta,Female,31.0,17,2023-05-06,Premium
11297,Yash Jain,Male,63.0,66,2023-03-11,Premium
11298,Sahil Mishra,Male,18.0,73,2026-02-13,Regular
11299,Nandini Agarwal,Female,23.0,85,2023-09-26,VIP
11300,Varun Nair,Male,34.0,71,2025-10-21,Regular
11301,Manish Kulkarni,Male,65.0,31,2022-03-31,Premium
11302,Anushka Sinha,Female,51.0,74,2022-06-12,Premium
11303,Shruti Roy,Female,25.0,83,2025-07-09,Premium
11304,Payal Naidu,Female,36.0,32,2023-02-04,Premium
11305,Ankit Sethi,Male,63.0,13,2022-05-13,VIP
11306,Komal Tripathi,Female,28.0,90,2024-08-09,Regular
11307,Sana Rao,Other,45.0,15,2022-08-24,Regular
11308,Tanvi Mehta,Female,40.0,60,2022-04-09,Regular
11309,Rajat Verma,Male,54.0,24,2023-10-12,Premium
11310,Mohit Shah,Male,54.0,13,2024-05-30,Regular
11311,Akash Chauhan,Male,57.0,78,2024-04-23,Premium
11312,Harsh Menon,Male,23.0,15,2024-07-24,Regular
11313,Pallavi Kapoor,Female,39.0,68,2022-02-07,Premium
11314,Dev Pillai,Male,51.0,70,2023-04-11,Regular
11315,Ayush Khanna,Male,38.0,7,2023-07-04,Premium
11316,Dhruv Gupta,Male,50.0,18,2023-04-14,VIP
11317,Ishaan Agarwal,Male,48.0,80,2024-06-13,Regular
11318,Rishi Sinha,Male,35.0,51,2023-01-02,Premium
11319,Abhishek Roy,Male,22.0,13,2024-10-08,Regular
11320,Siddharth Naidu,Male,64.0,100,2026-02-06,Premium
11321,Aanya Nair,Female,57.0,27,2024-11-23,Premium
11322,Pranav Tripathi,Male,60.0,1,2023-09-15,Regular
11323,Ananya Kulkarni,Female,32.0,93,2023-11-27,Regular
11324,Karan Mehta,Male,33.0,2,2024-07-25,Regular
11325,Aarav Mishra,Male,33.0,56,2025-03-04,Regular
11326,Vihaan Nair,Male,19.0,100,2023-04-28,Premium
11327,Aditya Kulkarni,Male,26.0,58,2022-03-03,Regular
11328,Arjun Sethi,Male,32.0,59,2025-01-29,VIP
11329,Kabir Verma,Male,65.0,39,2024-11-24,VIP
11330,Aditi Sethi,Female,27.0,13,2022-06-12,Premium
11331,Rohan Shah,Male,42.0,58,2024-09-29,Regular
11332,Rahul Chauhan,Male,44.0,90,2022-04-25,Regular
11333,Diya Verma,Female,35.0,10,2024-10-25,Premium
11334,Aman Menon,Male,62.0,89,2025-04-05,Premium
11335,Kunal Pillai,Male,22.0,42,2022-01-25,VIP
11336,Nikhil Khanna,Male,59.0,54,2025-03-08,Regular
11337,Vivek Gupta,Male,53.0,17,2022-07-12,Regular
11338,Ritvik Agarwal,Male,32.0,63,2023-03-01,VIP
11339,Riya Tiwari,Other,54.0,19,2025-02-01,Premium
11340,Kriti Kumar,Other,38.0,28,2023-07-23,Regular
11341,Isha Shah,Female,64.0,73,2026-04-13,Premium
11342,Yash Sinha,Male,19.0,6,2026-03-12,Regular
11343,Sahil Roy,Male,19.0,45,2026-04-29,Regular
11344,Varun Naidu,Male,44.0,60,2022-06-16,Regular
11345,Manish Tripathi,Male,62.0,14,2022-10-10,Regular
11346,Ankit Mehta,Male,21.0,30,2022-10-21,Regular
11347,Rajat Kapoor,Male,55.0,35,2024-07-25,Regular
11348,Mohit Reddy,Male,63.0,67,2023-11-20,Regular
11349,Akash Ghosh,Male,41.0,98,2025-04-08,Regular
11350,Harsh Ansari,Male,59.0,84,2023-03-28,Regular
11351,Priya Chauhan,Female,54.0,19,2022-11-16,Regular
11352,Dev Sharma,Male,28.0,2,2024-11-04,Premium
11353,Neha Menon,Female,59.0,6,2024-09-14,Regular
11354,Ayush Patel,Male,51.0,60,2025-01-09,Regular
11355,Riya Pillai,Female,18.0,16,2023-05-15,Regular
11356,Dhruv Joshi,Male,45.0,24,2024-04-22,Premium
11357,Ishaan Iyer,Male,49.0,85,2026-01-25,Premium
11358,Rishi Deshmukh,Male,56.0,88,2024-09-04,VIP
11359,Abhishek Arora,Male,55.0,84,2026-01-31,VIP
11360,Sneha Khanna,Female,40.0,26,2023-11-25,Regular
11361,Siddharth Singh,Male,32.0,62,2022-03-13,Premium
11362,Pranav Malhotra,Male,27.0,62,2025-05-01,Regular
11363,Kavya Gupta,Female,22.0,19,2024-01-07,Premium
11364,Karan Saxena,Male,48.0,56,2022-03-09,VIP
11365,Meera Agarwal,Female,64.0,53,2022-08-10,Premium
11366,Nisha Sinha,Female,21.0,40,2023-05-16,Regular
11367,Aarav Roy,Male,51.0,76,2022-11-02,Regular
11368,Vihaan Naidu,Male,46.0,68,2024-12-31,Regular
11369,Aditya Tripathi,Male,26.0,54,2024-09-04,Regular
11370,Pooja Roy,Female,28.0,73,2023-06-12,Premium
11371,Arjun Mehta,Male,31.0,77,2022-05-16,Premium
11372,Kabir Kapoor,Male,50.0,57,2022-05-06,Regular
11373,Rohan Reddy,Male,32.0,27,2026-02-22,Premium
11374,Simran Naidu,Female,57.0,76,2023-07-07,Regular
11375,Shreya Tripathi,Female,35.0,72,2022-06-21,Regular
11376,Tanya Mehta,Female,23.0,99,2025-02-12,Regular
11377,Avni Kapoor,Female,22.0,15,2025-10-23,Regular
11378,Mahi Reddy,Female,37.0,42,2022-07-15,Premium
11379,Rahul Ghosh,Male,37.0,93,2026-02-20,Premium
11380,Radhika Ghosh,Female,53.0,52,2025-03-05,Premium
11381,Aman Ansari,Male,40.0,95,2023-02-08,Regular
11382,Kunal Sharma,Male,25.0,2,2025-05-25,Premium
11383,Sakshi Ansari,Female,28.0,4,2023-11-03,Regular
11384,Muskan Sharma,Female,45.0,80,2024-10-13,Regular
11385,Nikhil Patel,Male,34.0,36,2022-07-23,Regular
11386,Vivek Joshi,Male,50.0,53,2023-01-26,Premium
11387,Ritvik Iyer,Male,62.0,43,2025-05-22,Premium
11388,Palak Patel,Female,35.0,41,2025-07-12,Regular
11389,Yash Deshmukh,Male,44.0,94,2022-01-18,Premium
11390,Ishita Joshi,Female,57.0,10,2022-12-10,Regular
11391,Sahil Arora,Male,28.0,78,2024-08-30,Regular
11392,Nandini Iyer,Female,42.0,89,2025-12-20,Premium
11393,Varun Singh,Male,32.0,66,2024-12-14,Premium
11394,Anushka Deshmukh,Female,48.0,40,2025-02-04,Premium
11395,Manish Malhotra,Male,53.0,17,2023-09-14,Premium
11396,Ankit Saxena,Male,24.0,69,2022-03-29,Regular
11397,Rajat Das,Male,26.0,47,2025-05-10,VIP
11398,Mohit Rao,Male,19.0,15,2025-07-02,VIP
11399,Akash Tiwari,Male,18.0,36,2023-12-11,Regular
11400,Shruti Arora,Female,20.0,97,2024-03-21,Regular
11401,Payal Singh,Female,51.0,27,2023-01-12,Regular
11402,Komal Malhotra,Female,61.0,18,2023-12-26,Premium
11403,Tanvi Saxena,Female,37.0,69,2023-01-23,VIP
11404,Harsh Kumar,Male,60.0,20,2023-11-04,Premium
11405,Pallavi Das,Female,53.0,92,2022-08-03,Regular
11406,Aanya Naidu,Female,56.0,86,2024-08-28,Regular
11407,Dev Bansal,Male,53.0,99,2023-02-01,Regular
11408,Ananya Tripathi,Female,27.0,92,2025-03-05,Regular
11409,Ayush Yadav,Male,43.0,25,2024-04-08,Regular
11410,Aditi Mehta,Female,43.0,22,2025-12-04,Regular
11411,Diya Kapoor,Female,48.0,35,2022-12-20,Regular
11412,Isha Reddy,Female,56.0,47,2023-03-13,Regular
11413,Dhruv Chatterjee,Male,23.0,88,2023-01-24,Premium
11414,Priya Ghosh,Female,50.0,74,2024-10-06,Regular
11415,Ishaan Khan,Male,57.0,65,2022-06-20,Regular
11416,Neha Ansari,Female,23.0,88,2025-01-03,Regular
11417,Rishi Pandey,Male,37.0,65,2025-08-03,VIP
11418,Riya Sharma,Female,60.0,38,2024-12-15,Premium
11419,Sneha Patel,Female,19.0,42,2022-08-04,Regular
11420,Abhishek Jain,Male,25.0,52,2024-02-28,Premium
11421,Siddharth Mishra,Male,56.0,9,2024-05-03,Premium
11422,Kavya Joshi,Female,26.0,75,2023-09-18,Premium
11423,Pranav Nair,Male,51.0,66,2024-01-17,Regular
11424,Karan Kulkarni,Male,61.0,74,2025-05-04,Regular
11425,Aarav Arora,Male,41.0,54,2025-08-28,Regular
11426,Vihaan Singh,Male,41.0,79,2023-04-26,Regular
11427,Meera Iyer,Female,38.0,95,2023-06-12,Regular
11428,Nisha Deshmukh,Female,35.0,57,2022-11-29,Regular
11429,Aditya Malhotra,Male,36.0,45,2023-10-05,Regular
11430,Arjun Saxena,Male,44.0,11,2024-05-23,Regular
11431,Kabir Das,Male,60.0,78,2025-02-15,Regular
11432,Rohan Rao,Male,65.0,91,2023-03-05,Regular
11433,Pooja Arora,Female,59.0,70,2022-12-13,Regular
11434,Rahul Tiwari,Male,23.0,87,2022-02-23,Regular
11435,Simran Singh,Female,32.0,87,2022-05-31,Premium
11436,Shreya Malhotra,Female,54.0,80,2022-03-24,Regular
11437,Tanya Saxena,Female,44.0,51,2022-11-28,Regular
11438,Avni Das,Female,34.0,10,2025-01-17,Regular
11439,Aman Kumar,Male,32.0,1,2025-05-23,Regular
11440,Kunal Bansal,Male,23.0,21,2026-04-07,Regular
11441,Nikhil Yadav,Male,33.0,44,2024-05-22,Regular
11442,Mahi Rao,Female,38.0,75,2023-12-29,Regular
11443,Radhika Tiwari,Female,37.0,46,2025-12-10,VIP
11444,Vivek Chatterjee,Male,44.0,3,2022-08-24,Regular
11445,Ritvik Khan,Male,31.0,22,2024-10-05,Regular
11446,Yash Pandey,Male,27.0,98,2025-08-01,Regular
11447,Sakshi Kumar,Female,60.0,99,2024-03-15,Premium
11448,Muskan Bansal,Female,37.0,38,2023-02-23,Regular
11449,Palak Yadav,Female,30.0,81,2024-09-20,Premium
11450,Ishita Chatterjee,Female,48.0,72,2026-05-13,Regular
11451,Sahil Jain,Male,44.0,94,2023-01-13,Regular
11452,Nandini Khan,Female,45.0,89,2024-06-20,Regular
11453,Anushka Pandey,Female,28.0,63,2022-03-23,Premium
11454,Varun Mishra,Male,52.0,40,2023-01-08,VIP
11455,Shruti Jain,Female,27.0,63,2025-05-12,Premium
11456,Manish Nair,Male,58.0,32,2024-03-04,Regular
11457,Payal Mishra,Female,38.0,35,2022-11-15,Premium
11458,Komal Nair,Female,37.0,61,2023-06-21,Regular
11459,Tanvi Kulkarni,Female,36.0,58,2022-07-13,Regular
11460,Ankit Kulkarni,Male,38.0,59,2025-06-01,Premium
11461,Rajat Sethi,Male,49.0,39,2026-02-17,VIP
11462,Pallavi Sethi,Female,41.0,41,2022-06-19,Regular
11463,Aanya Singh,Female,24.0,2,2023-01-16,Regular
11464,Mohit Verma,Male,45.0,61,2025-10-03,Regular
11465,Ananya Malhotra,Female,30.0,58,2025-11-06,Regular
11466,Akash Shah,Male,23.0,94,2025-05-12,Regular
11467,Aditi Saxena,Female,58.0,51,2025-02-18,Premium
11468,Diya Das,Female,33.0,47,2025-10-10,Regular
11469,Harsh Chauhan,Male,46.0,7,2023-08-21,Premium
11470,Dev Menon,Male,26.0,20,2025-12-02,Regular
11471,Isha Rao,Female,34.0,34,2025-11-19,Regular
11472,Priya Tiwari,Female,36.0,38,2023-01-03,Regular
11473,Neha Kumar,Female,24.0,37,2022-04-27,Regular
11474,Ayush Pillai,Male,64.0,40,2024-04-13,Regular
11475,Milan Bansal,Other,32.0,77,2025-04-28,Regular
11476,Dhruv Khanna,Male,45.0,14,2025-09-21,VIP
11477,Ishaan Gupta,Male,45.0,34,2022-08-16,Regular
11478,Rishi Agarwal,Male,38.0,17,2023-08-27,Regular
11479,Riya Bansal,Female,46.0,31,2025-05-13,Premium
11480,Sneha Yadav,Female,45.0,69,2022-04-07,Regular
11481,Kavya Chatterjee,Female,21.0,5,2025-03-02,Premium
11482,Meera Khan,Female,50.0,34,2023-04-12,VIP
11483,Abhishek Sinha,Male,23.0,3,2022-02-05,Premium
11484,Siddharth Roy,Male,38.0,96,2023-01-23,Regular
11485,Pranav Naidu,Male,35.0,73,2025-04-01,Premium
11486,Karan Tripathi,Male,39.0,25,2025-10-24,Regular
11487,Aarav Jain,Male,21.0,20,2022-05-11,Regular
11488,Nisha Pandey,Female,51.0,10,2024-01-13,VIP
11489,Pooja Jain,Female,38.0,48,2022-11-18,Regular
11490,Simran Mishra,Female,20.0,76,2024-12-29,Premium
11491,Vihaan Mishra,Male,18.0,59,2025-06-03,Regular
11492,Shreya Nair,Female,43.0,89,2026-03-20,Regular
11493,Aditya Nair,Male,49.0,35,2023-07-22,Regular
11494,Arjun Kulkarni,Male,44.0,28,2023-04-24,Premium
11495,Kabir Sethi,Male,52.0,48,2023-05-11,Regular
11496,Rohan Verma,Male,54.0,21,2025-05-02,Premium
11497,Rahul Shah,Male,59.0,98,2023-12-14,Regular
11498,Tanya Kulkarni,Female,65.0,19,2022-02-06,Premium
11499,Aman Chauhan,Male,60.0,48,2026-02-25,Regular
11500,Kunal Menon,Male,56.0,53,2022-06-16,Premium
11501,Nikhil Pillai,Male,38.0,6,2026-01-25,Regular
11502,Avni Sethi,Female,42.0,47,2022-09-16,Regular
11503,Vivek Khanna,Male,47.0,46,2024-05-11,Premium
11504,Ritvik Gupta,Male,26.0,26,2023-05-15,Regular
11505,Mahi Verma,Female,50.0,13,2025-01-03,Regular
11506,Yash Agarwal,Male,46.0,5,2023-10-07,Premium
11507,Radhika Shah,Female,42.0,1,2023-08-11,Premium
11508,Sahil Sinha,Male,58.0,49,2024-02-03,Premium
11509,Varun Roy,Male,50.0,9,2026-04-03,Premium
11510,Manish Naidu,Male,62.0,96,2023-01-28,VIP
11511,Sakshi Chauhan,Female,64.0,25,2022-12-18,Regular
11512,Ankit Tripathi,Male,57.0,66,2022-04-16,Regular
11513,Muskan Menon,Female,32.0,68,2025-03-27,Premium
11514,Rajat Mehta,Male,27.0,50,2024-12-20,Premium
11515,Palak Pillai,Female,32.0,89,2024-09-01,Regular
11516,Mohit Kapoor,Male,52.0,12,2022-02-07,Regular
11517,Akash Reddy,Male,59.0,24,2025-06-18,Regular
11518,Harsh Ghosh,Male,60.0,26,2025-07-19,Premium
11519,Ishita Khanna,Female,50.0,14,2026-02-21,Regular
11520,Dev Ansari,Male,50.0,30,2026-01-26,Premium
11521,Nandini Gupta,Female,63.0,32,2023-02-26,Premium
11522,Anushka Agarwal,Female,50.0,77,2025-02-10,Regular
11523,Aadi Yadav,Other,24.0,31,2023-10-07,Regular
11524,Ayush Sharma,Male,42.0,88,2024-08-11,Regular
11525,Shruti Sinha,Female,35.0,78,2023-06-16,Regular
11526,Payal Roy,Female,48.0,91,2024-11-17,Regular
11527,Komal Naidu,Female,48.0,11,2026-03-05,Regular
11528,Kiran Sharma,Other,32.0,99,2024-11-09,Premium
11529,Tanvi Tripathi,Female,32.0,62,2026-01-13,Regular
11530,Pallavi Mehta,Female,22.0,99,2026-01-30,Regular
11531,Aanya Mishra,Female,32.0,36,2022-07-10,Regular
11532,Dhruv Patel,Male,57.0,96,2026-03-23,Premium
11533,Ananya Nair,Female,49.0,59,2025-08-02,Regular
11534,Ishaan Joshi,Male,63.0,8,2023-11-14,Regular
11535,Aditi Kulkarni,Female,62.0,42,2024-08-18,Premium
11536,Diya Sethi,Female,59.0,14,2024-09-14,Regular
11537,Rishi Iyer,Male,26.0,95,2025-06-12,Regular
11538,Abhishek Deshmukh,Male,34.0,31,2025-07-08,Regular
11539,Siddharth Arora,Male,20.0,23,2022-06-13,Premium
11540,Pranav Singh,Male,22.0,56,2022-01-02,Premium
11541,Karan Malhotra,Male,29.0,43,2023-01-30,Regular
11542,Isha Verma,Female,31.0,10,2024-04-23,Premium
11543,Priya Shah,Female,18.0,82,2025-09-20,Premium
11544,Neha Chauhan,Female,58.0,85,2024-11-10,Premium
11545,Aarav Sinha,Male,43.0,75,2022-08-06,Premium
11546,Vihaan Roy,Male,49.0,62,2025-02-21,Premium
11547,Aditya Naidu,Male,49.0,41,2024-01-20,Regular
11548,Riya Menon,Female,64.0,55,2023-08-14,Regular
11549,Arjun Tripathi,Male,25.0,53,2025-05-19,VIP
11550,Kabir Mehta,Male,34.0,17,2023-04-19,Regular
11551,Rohan Kapoor,Male,32.0,9,2024-09-16,Regular
11552,Sneha Pillai,Female,44.0,26,2022-10-19,Premium
11553,Rahul Reddy,Male,43.0,46,2023-09-03,Premium
11554,Kavya Khanna,Female,55.0,17,2024-06-11,Premium
11555,Meera Gupta,Female,44.0,11,2024-09-24,Premium
11556,Nisha Agarwal,Female,29.0,86,2026-01-10,Regular
11557,Aman Ghosh,Male,45.0,38,2023-04-10,Premium
11558,Kunal Ansari,Male,64.0,59,2025-12-04,VIP
11559,Nikhil Sharma,Male,45.0,53,2025-07-30,Regular
11560,Vivek Patel,Male,46.0,74,2023-07-30,Regular
11561,Pooja Sinha,Female,26.0,74,2022-08-13,Premium
11562,Ritvik Joshi,Male,18.0,30,2023-02-17,Regular
11563,Yash Iyer,Male,28.0,85,2024-11-18,Regular
11564,Sahil Deshmukh,Male,19.0,38,2025-06-16,Regular
11565,Simran Roy,Female,39.0,84,2024-09-06,Regular
11566,Varun Arora,Male,60.0,41,2025-03-05,Regular
11567,Shreya Naidu,Female,39.0,12,2022-06-12,Premium
11568,Manish Singh,Male,48.0,77,2024-03-19,Regular
11569,Tanya Tripathi,Female,59.0,4,2025-10-30,Premium
11570,Avni Mehta,Female,54.0,78,2023-09-15,Regular
11571,Ankit Malhotra,Male,49.0,5,2025-12-09,Regular
11572,Rajat Saxena,Male,55.0,21,2022-07-18,Regular
11573,Mohit Das,Male,31.0,61,2026-04-15,Premium
11574,Akash Rao,Male,38.0,95,2025-06-10,VIP
11575,Harsh Tiwari,Male,37.0,41,2024-09-28,Regular
11576,Mahi Kapoor,Female,56.0,13,2024-09-14,VIP
11577,Radhika Reddy,Female,37.0,24,2026-02-07,Regular
11578,Dev Kumar,Male,63.0,90,2023-08-27,Regular
11579,Sakshi Ghosh,Female,26.0,73,2022-09-21,Premium
11580,Ayush Bansal,Male,26.0,11,2026-01-10,Regular
11581,Muskan Ansari,Female,52.0,39,2022-06-14,Premium
11582,Dhruv Yadav,Male,54.0,27,2024-11-21,Regular
11583,Palak Sharma,Female,50.0,18,2023-03-02,Premium
11584,Ishita Patel,Female,32.0,85,2026-01-26,Regular
11585,Ishaan Chatterjee,Male,18.0,62,2026-04-07,Regular
11586,Rishi Khan,Male,33.0,18,2024-01-30,Regular
11587,Abhishek Pandey,Male,40.0,66,2024-05-03,VIP
11588,Nandini Joshi,Female,37.0,42,2023-12-29,Regular
11589,Anushka Iyer,Female,62.0,7,2023-11-12,Regular
11590,Shruti Deshmukh,Female,59.0,45,2026-02-08,Regular
11591,Payal Arora,Female,55.0,19,2023-04-05,Regular
11592,Komal Singh,Female,19.0,25,2026-03-16,Regular
11593,Siddharth Jain,Male,24.0,88,2024-11-06,Premium
11594,Pranav Mishra,Male,38.0,72,2026-03-18,Regular
11595,Tanvi Malhotra,Female,47.0,14,2024-09-06,Regular
11596,Karan Nair,Male,50.0,86,2025-08-03,Regular
11597,Pallavi Saxena,Female,32.0,58,2024-02-23,Regular
11598,Aarav Deshmukh,Male,23.0,88,2024-01-10,Regular
11599,Vihaan Arora,Male,33.0,75,2023-02-16,Regular
11600,Aanya Roy,Female,56.0,34,2022-12-03,Regular
11601,Aditya Singh,Male,65.0,54,2022-03-02,Premium
11602,Arjun Malhotra,Male,63.0,54,2023-09-06,Regular
11603,Kabir Saxena,Male,46.0,72,2026-04-30,Premium
11604,Ananya Naidu,Female,22.0,25,2026-02-10,Regular
11605,Aditi Tripathi,Female,64.0,34,2025-01-09,Premium
11606,Rohan Das,Male,25.0,25,2023-08-05,VIP
11607,Rahul Rao,Male,30.0,30,2024-04-12,Regular
11608,Aman Tiwari,Male,64.0,17,2025-04-25,Regular
11609,Diya Mehta,Female,42.0,4,2022-01-04,Regular
11610,Kunal Kumar,Male,27.0,95,2026-01-16,Premium
11611,Isha Kapoor,Female,42.0,8,2025-10-24,Regular
11612,Priya Reddy,Female,21.0,89,2026-04-02,Regular
11613,Nikhil Bansal,Male,33.0,1,2022-05-31,Regular
11614,Neha Ghosh,Female,63.0,78,2026-02-25,Regular
11615,Riya Ansari,Female,32.0,33,2024-09-08,Premium
11616,Vivek Yadav,Male,60.0,52,2024-06-07,Regular
11617,Ritvik Chatterjee,Male,44.0,29,2022-10-15,Premium
11618,Sneha Sharma,Female,49.0,50,2024-02-27,Premium
11619,Kavya Patel,Female,51.0,46,2023-08-05,Regular
11620,Meera Joshi,Female,44.0,53,2026-04-30,Regular
11621,Shiv Chatterjee,Other,19.0,40,2023-06-28,Premium
11622,Yash Khan,Male,62.0,54,2022-12-16,Premium
11623,Nisha Iyer,Female,40.0,83,2026-02-23,Premium
11624,Pooja Deshmukh,Female,49.0,44,2022-10-28,VIP
11625,Sahil Pandey,Male,44.0,37,2025-12-18,Regular
11626,Varun Jain,Male,49.0,14,2026-03-22,Premium
11627,Manish Mishra,Male,35.0,36,2023-05-07,Premium
11628,Simran Arora,Female,58.0,13,2025-01-07,Regular
11629,Ankit Nair,Male,28.0,19,2025-06-28,Regular
11630,Shreya Singh,Female,49.0,96,2024-05-08,Regular
11631,Rajat Kulkarni,Male,45.0,9,2025-01-20,Regular
11632,Mohit Sethi,Male,42.0,49,2022-07-31,Regular
11633,Tanya Malhotra,Female,19.0,84,2024-04-05,Premium
11634,Akash Verma,Male,36.0,96,2024-04-01,Premium
11635,Avni Saxena,Female,20.0,15,2024-06-25,Regular
11636,Harsh Shah,Male,42.0,17,2026-02-19,Regular
11637,Mahi Das,Female,51.0,38,2025-08-12,Regular
11638,Dev Chauhan,Male,43.0,56,2024-08-22,Regular
11639,Rohan Khan,Other,54.0,96,2023-10-08,Regular
11640,Radhika Rao,Female,35.0,21,2023-10-10,Regular
11641,Ayush Menon,Male,32.0,17,2022-02-02,Premium
11642,Dhruv Pillai,Male,39.0,26,2024-05-31,Regular
11643,Ishaan Khanna,Male,28.0,88,2023-02-08,Regular
11644,Sakshi Tiwari,Female,56.0,4,2025-11-18,Premium
11645,Muskan Kumar,Female,56.0,39,2025-05-22,Regular
11646,Rishi Gupta,Male,37.0,12,2025-12-31,Premium
11647,Abhishek Agarwal,Male,56.0,16,2026-05-13,Regular
11648,Palak Bansal,Female,19.0,92,2023-03-10,Regular
11649,Ishita Yadav,Female,25.0,1,2023-11-17,Regular
11650,Nandini Chatterjee,Female,31.0,33,2024-08-30,Regular
11651,Siddharth Sinha,Male,36.0,92,2023-11-20,VIP
11652,Anushka Khan,Female,29.0,61,2023-03-23,Regular
11653,Mahi Pandey,Other,42.0,8,2025-02-05,Regular
11654,Pranav Roy,Male,56.0,47,2023-12-23,Regular
11655,Karan Naidu,Male,39.0,98,2026-02-15,VIP
11656,Aarav Pandey,Male,39.0,41,2022-12-18,Regular
11657,Shruti Pandey,Female,20.0,53,2023-12-12,Regular
11658,Vihaan Jain,Male,31.0,54,2024-04-30,VIP
11659,Payal Jain,Female,56.0,67,2025-12-23,Regular
11660,Komal Mishra,Female,56.0,19,2024-07-14,Regular
11661,Tanvi Nair,Female,23.0,84,2022-04-21,Regular
11662,Pallavi Kulkarni,Female,18.0,99,2023-06-25,Regular
11663,Aditya Mishra,Male,57.0,15,2025-11-18,Premium
11664,Aanya Arora,Female,26.0,82,2023-03-12,Regular
11665,Arjun Nair,Male,45.0,82,2023-06-30,VIP
11666,Ananya Singh,Female,57.0,75,2022-08-30,Regular
11667,Aditi Malhotra,Female,55.0,38,2025-02-25,Regular
11668,Diya Saxena,Female,44.0,47,2022-08-12,Premium
11669,Isha Das,Female,36.0,84,2023-08-12,Regular
11670,Kabir Kulkarni,Male,55.0,16,2025-02-12,Regular
11671,Priya Rao,Female,51.0,83,2025-12-03,Regular
11672,Neha Tiwari,Female,58.0,93,2022-12-21,Premium
11673,Riya Kumar,Female,42.0,69,2023-06-16,Premium
11674,Rohan Sethi,Male,63.0,35,2022-07-08,Regular
11675,Rahul Verma,Male,54.0,56,2023-12-02,Regular
11676,Sneha Bansal,Female,21.0,6,2026-05-18,Regular
11677,Aman Shah,Male,32.0,94,2023-05-02,Regular
11678,Kavya Yadav,Female,56.0,35,2023-02-20,Regular
11679,Meera Chatterjee,Female,23.0,6,2023-10-02,VIP
11680,Nisha Khan,Female,52.0,80,2025-12-04,Regular
11681,Kunal Chauhan,Male,34.0,66,2024-05-25,Regular
11682,Pooja Pandey,Female,27.0,63,2024-09-01,Regular
11683,Nikhil Menon,Male,43.0,6,2025-06-02,Regular
11684,Vivek Pillai,Male,62.0,76,2025-02-18,Regular
11685,Simran Jain,Female,61.0,64,2024-08-16,Regular
11686,Ritvik Khanna,Male,37.0,80,2024-06-16,Regular
11687,Yash Gupta,Male,18.0,83,2024-05-03,Regular
11688,Sahil Agarwal,Male,60.0,22,2022-10-17,Premium
11689,Varun Sinha,Male,61.0,22,2023-10-25,Regular
11690,Shreya Mishra,Female,47.0,93,2025-09-17,Regular
11691,Manish Roy,Male,48.0,54,2022-03-05,Regular
11692,Ankit Naidu,Male,43.0,44,2025-08-17,Regular
11693,Tanya Nair,Female,18.0,29,2024-06-24,Regular
11694,Rajat Tripathi,Male,25.0,64,2023-07-14,Regular
11695,Avni Kulkarni,Female,24.0,76,2022-07-02,Regular
11696,Mahi Sethi,Female,61.0,1,2025-05-07,Regular
11697,Radhika Verma,Female,20.0,56,2022-01-02,Regular
11698,Sakshi Shah,Female,44.0,100,2024-05-18,Premium
11699,Mohit Mehta,Male,35.0,29,2022-09-17,VIP
11700,Muskan Chauhan,Female,18.0,29,2025-12-25,Premium
11701,Akash Kapoor,Male,62.0,88,2022-10-19,Regular
11702,Harsh Reddy,Male,NULL,7,2025-07-08,Premium
11703,Palak Menon,Female,59.0,40,2024-07-07,Regular
11704,Dev Ghosh,Male,55.0,46,2022-03-07,Regular
11705,Ishita Pillai,Female,56.0,80,2025-02-26,VIP
11706,Nandini Khanna,Female,25.0,13,2025-11-07,Premium
11707,Anushka Gupta,Female,60.0,44,2022-12-21,Regular
11708,Ayush Ansari,Male,46.0,16,2026-03-30,VIP
11709,Dhruv Sharma,Male,37.0,79,2025-07-01,Regular
11710,Shruti Agarwal,Female,50.0,64,2025-04-02,Regular
11711,Ishaan Patel,Male,34.0,50,2023-06-22,Regular
11712,Payal Sinha,Female,31.0,40,2022-07-11,Regular
11713,Komal Roy,Female,31.0,16,2023-11-18,VIP
11714,Tanvi Naidu,Female,45.0,93,2025-07-15,Regular
11715,Pallavi Tripathi,Female,46.0,65,2024-07-27,Regular
11716,Rishi Joshi,Male,29.0,32,2024-11-01,Premium
11717,Abhishek Iyer,Male,29.0,42,2025-06-03,Premium
11718,Aanya Jain,Female,63.0,73,2023-06-27,Premium
11719,Siddharth Deshmukh,Male,42.0,72,2022-03-01,VIP
11720,Pranav Arora,Male,59.0,47,2025-11-15,Premium
11721,Karan Singh,Male,33.0,31,2024-09-08,Regular
11722,Aarav Agarwal,Male,31.0,66,2024-06-23,Regular
11723,Vihaan Sinha,Male,31.0,66,2024-07-06,Premium
11724,Aditya Roy,Male,43.0,60,2025-09-26,Regular
11725,Ananya Mishra,Female,55.0,8,2025-05-15,Regular
11726,Arjun Naidu,Male,42.0,48,2024-12-08,Regular
11727,Aditi Nair,Female,32.0,62,2025-06-05,Regular
11728,Kabir Tripathi,Male,64.0,96,2023-04-07,Regular
11729,Diya Kulkarni,Female,45.0,53,2025-02-12,Premium
11730,Rohan Mehta,Male,36.0,35,2026-04-10,Regular
11731,Isha Sethi,Female,18.0,56,2023-01-11,Regular
11732,Rahul Kapoor,Male,44.0,18,2024-07-02,Regular
11733,Aman Reddy,Male,47.0,10,2024-12-25,Premium
11734,Kunal Ghosh,Male,62.0,68,2024-04-06,Regular
11735,Priya Verma,Female,29.0,99,2026-03-31,Regular
11736,Neha Shah,Female,25.0,85,2023-10-08,Regular
11737,Nikhil Ansari,Male,65.0,59,2022-12-15,Regular
11738,Vivek Sharma,Male,44.0,5,2022-08-07,Regular
11739,Riya Chauhan,Female,19.0,99,2025-09-20,Regular
11740,Sneha Menon,Female,23.0,45,2025-01-02,Regular
11741,Ritvik Patel,Male,40.0,29,2024-07-13,Premium
11742,Kavya Pillai,Female,47.0,90,2023-11-21,Regular
11743,Yash Joshi,Male,29.0,75,2023-10-18,Regular
11744,Meera Khanna,Female,35.0,75,2026-02-04,Premium
11745,Sahil Iyer,Male,53.0,28,2024-12-24,Premium
11746,Varun Deshmukh,Male,64.0,100,2026-03-25,Regular
11747,Manish Arora,Male,41.0,46,2025-07-06,Regular
11748,Nisha Gupta,Female,37.0,54,2025-05-13,Regular
11749,Ankit Singh,Male,35.0,76,2024-06-04,Regular
11750,Pooja Agarwal,Female,24.0,66,2023-01-23,Premium
11751,Simran Sinha,Female,20.0,18,2024-11-11,Regular
11752,Shreya Roy,Female,58.0,31,2025-02-19,Regular
11753,Rajat Malhotra,Male,19.0,37,2024-04-15,Premium
11754,Mohit Saxena,Male,57.0,95,2022-02-02,Premium
11755,Akash Das,Male,29.0,72,2026-03-17,Premium
11756,Tanya Naidu,Female,51.0,37,2025-08-15,Premium
11757,Avni Tripathi,Female,63.0,74,2023-07-18,Regular
11758,Harsh Rao,Male,53.0,74,2024-02-29,Regular
11759,Mahi Mehta,Female,53.0,40,2022-07-17,Regular
11760,Dev Tiwari,Male,30.0,41,2026-02-07,Premium
11761,Ayush Kumar,Male,46.0,90,2023-01-05,Regular
11762,Dhruv Bansal,Male,48.0,57,2023-08-28,Regular
11763,Radhika Kapoor,Female,38.0,15,2023-11-17,Regular
11764,Ishaan Yadav,Male,19.0,72,2023-02-26,Premium
11765,Rishi Chatterjee,Male,61.0,59,2024-10-12,Regular
11766,Sakshi Reddy,Female,27.0,51,2026-05-12,Regular
11767,Muskan Ghosh,Female,64.0,73,2025-09-30,Premium
11768,Abhishek Khan,Male,62.0,91,2024-04-29,Premium
11769,Siddharth Pandey,Male,18.0,34,2022-07-29,Regular
11770,Pranav Jain,Male,53.0,42,2025-10-13,Regular
11771,Karan Mishra,Male,48.0,19,2023-02-15,Premium
11772,Aarav Iyer,Male,29.0,65,2025-12-28,Regular
11773,Palak Ansari,Female,57.0,41,2023-09-25,Regular
11774,Vihaan Deshmukh,Male,23.0,35,2024-04-09,VIP
11775,Ishita Sharma,Female,29.0,70,2023-11-30,Regular
11776,Aditya Arora,Male,63.0,41,2023-12-31,Regular
11777,Arjun Singh,Male,53.0,47,2022-09-21,Regular
11778,Kabir Malhotra,Male,23.0,45,2024-06-03,Regular
11779,Rohan Saxena,Male,24.0,26,2023-10-07,Regular
11780,Rahul Das,Male,30.0,13,2025-09-18,Premium
11781,Aman Rao,Male,21.0,83,2024-02-03,Regular
11782,Nandini Patel,Female,26.0,10,2026-03-24,Premium
11783,Anushka Joshi,Female,45.0,33,2023-04-20,Premium
11784,Kunal Tiwari,Male,18.0,67,2023-06-10,Premium
11785,Shruti Iyer,Female,31.0,14,2022-02-28,Regular
11786,Ananya Patel,Female,33.0,66,2025-03-27,Premium
11787,Payal Deshmukh,Female,64.0,74,2022-04-28,Regular
11788,Nikhil Kumar,Male,64.0,67,2023-04-02,Premium
11789,Vivek Bansal,Male,58.0,31,2025-12-27,Regular
11790,Ritvik Yadav,Male,34.0,2,2024-09-04,Premium
11791,Yash Chatterjee,Male,43.0,89,2024-06-13,Regular
11792,Sahil Khan,Male,42.0,33,2025-07-11,Regular
11793,Komal Arora,Female,59.0,81,2025-05-19,Regular
11794,Tanvi Singh,Female,53.0,20,2025-11-19,Regular
11795,Varun Pandey,Male,61.0,17,2024-11-30,Regular
11796,Manish Jain,Male,44.0,78,2023-12-19,Regular
11797,Ankit Mishra,Male,62.0,94,2022-07-29,Premium
11798,Rajat Nair,Male,53.0,87,2023-08-15,Premium
11799,Pallavi Malhotra,Female,53.0,76,2025-02-02,Regular
11800,Mohit Kulkarni,Male,49.0,25,2023-02-10,Premium
11801,Aanya Sinha,Female,34.0,92,2024-12-09,Premium
11802,Ananya Roy,Female,47.0,67,2022-08-02,Premium
11803,Aditi Naidu,Female,35.0,18,2022-04-07,Regular
11804,Diya Tripathi,Female,49.0,13,2023-08-07,Regular
11805,Isha Mehta,Female,30.0,88,2023-01-03,Premium
11806,Akash Sethi,Male,56.0,28,2025-10-27,Regular
11807,Harsh Verma,Male,45.0,77,2023-08-29,Regular
11808,Priya Kapoor,Female,52.0,14,2023-11-02,Regular
11809,Dev Shah,Male,28.0,29,2023-10-08,Regular
11810,Neha Reddy,Female,56.0,29,2023-05-23,Regular
11811,Ayush Chauhan,Male,56.0,29,2026-01-08,Regular
11812,Dhruv Menon,Male,24.0,68,2025-03-28,Regular
11813,Ishaan Pillai,Male,34.0,92,2022-09-12,Regular
11814,Riya Ghosh,Female,50.0,92,2022-12-11,Regular
11815,Rishi Khanna,Male,59.0,75,2022-05-10,Premium
11816,Abhishek Gupta,Male,53.0,21,2023-02-15,Regular
11817,Siddharth Agarwal,Male,40.0,97,2024-11-16,Regular
11818,Sneha Ansari,Female,32.0,55,2026-02-06,Regular
11819,Naman Jain,Other,61.0,55,2024-02-10,Regular
11820,Pranav Sinha,Male,59.0,71,2022-05-11,VIP
11821,Kavya Sharma,Female,61.0,77,2022-03-17,Regular
11822,Karan Roy,Male,32.0,96,2023-10-26,Regular
11823,Meera Patel,Female,38.0,59,2023-02-28,Regular
11824,Aarav Khan,Male,29.0,62,2024-07-11,Regular
11825,Vihaan Pandey,Male,63.0,75,2022-07-09,Regular
11826,Nisha Joshi,Female,59.0,26,2023-01-04,Premium
11827,Pooja Iyer,Female,26.0,31,2024-06-08,Regular
11828,Aditya Jain,Male,29.0,63,2023-03-26,Premium
11829,Simran Deshmukh,Female,44.0,7,2023-08-07,Regular
11830,Shreya Arora,Female,37.0,33,2022-12-21,Regular
11831,Arjun Mishra,Male,40.0,72,2022-03-24,Premium
11832,Tanya Singh,Female,35.0,98,2023-07-07,Regular
11833,Avni Malhotra,Female,50.0,52,2023-06-12,Premium
11834,Kabir Nair,Male,61.0,40,2025-12-08,Regular
11835,Mahi Saxena,Female,62.0,45,2025-11-29,Regular
11836,Rohan Kulkarni,Male,39.0,69,2023-11-22,Regular
11837,Radhika Das,Female,57.0,55,2023-04-06,Regular
11838,Rahul Sethi,Male,51.0,3,2023-10-31,Premium
11839,Aman Verma,Male,27.0,54,2024-08-30,Regular
11840,Sakshi Rao,Female,56.0,41,2023-09-11,Regular
11841,Muskan Tiwari,Female,34.0,71,2025-04-24,Premium
11842,Palak Kumar,Female,48.0,88,2026-03-23,Premium
11843,Aarohi Mishra,Other,52.0,97,2023-10-08,Premium
11844,Kunal Shah,Male,63.0,62,2022-07-07,Premium
11845,Nikhil Chauhan,Male,63.0,37,2022-07-13,Regular
11846,Vivek Menon,Male,56.0,45,2025-10-27,Regular
11847,Ritvik Pillai,Male,42.0,18,2023-10-28,VIP
11848,Yash Khanna,Male,37.0,94,2023-06-08,Regular
11849,Ishita Bansal,Female,39.0,85,2024-09-18,Regular
11850,Nandini Yadav,Female,63.0,86,2026-03-11,Premium
11851,Sahil Gupta,Male,27.0,33,2023-11-11,Regular
11852,Varun Agarwal,Male,43.0,33,2023-05-20,Premium
11853,Anushka Chatterjee,Female,50.0,86,2025-10-12,Regular
11854,Manish Sinha,Male,19.0,55,2022-05-13,Premium
11855,Ankit Roy,Male,48.0,71,2025-09-12,Regular
11856,Rajat Naidu,Male,30.0,49,2024-04-12,Regular
11857,Mohit Tripathi,Male,31.0,45,2022-02-02,Premium
11858,Akash Mehta,Male,47.0,64,2022-12-31,Regular
11859,Shruti Khan,Female,18.0,82,2024-12-22,Regular
11860,Harsh Kapoor,Male,25.0,34,2025-04-19,Premium
11861,Payal Pandey,Female,39.0,81,2022-11-09,VIP
11862,Dev Reddy,Male,46.0,25,2024-11-17,VIP
11863,Komal Jain,Female,23.0,41,2026-05-02,Regular
11864,Ayush Ghosh,Male,35.0,92,2025-01-03,Regular
11865,Dhruv Ansari,Male,32.0,96,2025-01-28,Regular
11866,Ishaan Sharma,Male,43.0,93,2022-11-06,Regular
11867,Rishi Patel,Male,32.0,32,2024-10-16,Regular
11868,Abhishek Joshi,Male,18.0,85,2025-02-07,Regular
11869,Tanvi Mishra,Female,43.0,94,2022-06-27,Regular
11870,Siddharth Iyer,Male,58.0,98,2023-05-14,Regular
11871,Pranav Deshmukh,Male,46.0,3,2025-11-13,Regular
11872,Karan Arora,Male,35.0,75,2026-05-17,Regular
11873,Pallavi Nair,Female,41.0,100,2022-10-05,Regular
11874,Aanya Deshmukh,Female,24.0,77,2025-03-16,Premium
11875,Ananya Arora,Female,29.0,24,2024-03-13,VIP
11876,Aditi Singh,Female,39.0,77,2024-08-02,Regular
11877,Diya Malhotra,Female,46.0,11,2024-03-28,VIP
11878,Isha Saxena,Female,41.0,49,2025-10-19,Premium
11879,Aarav Gupta,Male,64.0,63,2023-12-14,Regular
11880,Priya Das,Female,48.0,46,2024-07-31,Regular
11881,Neha Rao,Female,19.0,70,2024-12-06,Regular
11882,Vihaan Agarwal,Male,43.0,25,2024-06-03,Regular
11883,Riya Tiwari,Female,45.0,61,2025-11-08,Regular
11884,Aditya Sinha,Male,20.0,65,2023-01-15,Regular
11885,Arjun Roy,Male,36.0,64,2026-02-25,Premium
11886,Kabir Naidu,Male,59.0,29,2024-12-20,Regular
11887,Sneha Kumar,Female,35.0,31,2026-03-17,Regular
11888,Kavya Bansal,Female,39.0,26,2023-08-23,VIP
11889,Rohan Tripathi,Male,28.0,47,2024-02-06,VIP
11890,Rahul Mehta,Male,21.0,59,2022-03-10,Premium
11891,Aman Kapoor,Male,33.0,37,2026-01-18,Premium
11892,Kunal Reddy,Male,55.0,41,2025-07-29,VIP
11893,Vansh Nair,Other,65.0,29,2023-04-20,Regular
11894,Nikhil Ghosh,Male,49.0,22,2022-03-24,Premium
11895,Vivek Ansari,Male,57.0,66,2025-01-19,Regular
11896,Ritvik Sharma,Male,49.0,82,2024-12-11,Regular
11897,Aarav Kulkarni,Other,49.0,30,2024-04-24,Regular
11898,Yash Patel,Male,38.0,87,2022-09-08,Regular
11899,Meera Yadav,Female,20.0,58,2026-01-09,Regular
11900,Sahil Joshi,Male,37.0,17,2023-11-24,Regular
11901,Varun Iyer,Male,59.0,37,2025-03-05,Regular
11902,Nisha Chatterjee,Female,43.0,1,2025-10-06,Regular
11903,Manish Deshmukh,Male,54.0,4,2024-05-27,Regular
11904,Pooja Khan,Female,20.0,34,2022-06-01,Premium
11905,Ankit Arora,Male,27.0,46,2025-11-21,Regular
11906,Simran Pandey,Female,32.0,80,2024-12-03,Regular
11907,Shreya Jain,Female,35.0,14,2025-12-02,Regular
11908,Tanya Mishra,Female,65.0,84,2024-09-07,Premium
11909,Rajat Singh,Male,40.0,24,2025-12-22,Regular
11910,Avni Nair,Female,49.0,14,2025-10-20,Regular
11911,Anvi Sethi,Other,48.0,70,2022-12-12,Regular
11912,Mohit Malhotra,Male,38.0,78,2022-10-04,Premium
11913,Akash Saxena,Male,64.0,61,2022-09-14,VIP
11914,Mahi Kulkarni,Female,28.0,12,2025-07-03,Premium
11915,Harsh Das,Male,19.0,12,2023-01-20,Premium
11916,Radhika Sethi,Female,53.0,40,2023-12-22,Regular
11917,Sakshi Verma,Female,49.0,46,2025-06-14,Regular
11918,Dev Rao,Male,30.0,100,2023-11-17,Regular
11919,Muskan Shah,Female,59.0,29,2022-04-09,Regular
11920,Palak Chauhan,Female,25.0,20,2023-08-02,VIP
11921,Ayush Tiwari,Male,30.0,95,2022-06-01,VIP
11922,Ishita Menon,Female,25.0,16,2023-09-09,Regular
11923,Dhruv Kumar,Male,26.0,3,2025-03-24,Regular
11924,Ishaan Bansal,Male,53.0,43,2024-04-11,Regular
11925,Nandini Pillai,Female,51.0,41,2024-12-15,Regular
11926,Rishi Yadav,Male,48.0,62,2022-06-20,Regular
11927,Anushka Khanna,Female,59.0,88,2025-04-15,Regular
11928,Abhishek Chatterjee,Male,21.0,94,2023-11-12,Regular
11929,Siddharth Khan,Male,47.0,29,2023-04-05,Regular
11930,Pranav Pandey,Male,23.0,99,2024-11-09,Regular
11931,Shruti Gupta,Female,63.0,64,2022-08-04,Premium
11932,Payal Agarwal,Female,48.0,7,2024-03-08,Regular
11933,Komal Sinha,Female,54.0,94,2023-11-07,Regular
11934,Kiran Singh,Other,45.0,14,2022-09-23,Regular
11935,Tanvi Roy,Female,36.0,59,2026-03-04,Premium
11936,Pallavi Naidu,Female,50.0,80,2023-08-04,Regular
11937,Karan Jain,Male,58.0,25,2022-03-07,Premium
11938,Aanya Pandey,Female,26.0,28,2023-12-10,Regular
11939,Ananya Jain,Female,59.0,48,2026-03-27,Regular
11940,Aditi Mishra,Female,52.0,89,2024-12-06,Regular
11941,Aarav Joshi,Male,22.0,23,2024-10-15,Premium
11942,Vihaan Iyer,Male,62.0,67,2025-12-12,VIP
11943,Diya Nair,Female,26.0,46,2022-05-15,Premium
11944,Aditya Deshmukh,Male,46.0,12,2024-05-30,Premium
11945,Arjun Arora,Male,24.0,72,2023-05-29,Regular
11946,Isha Kulkarni,Female,27.0,84,2024-12-18,Regular
11947,Kabir Singh,Male,48.0,58,2025-09-26,Regular
11948,Rohan Malhotra,Male,50.0,18,2022-05-04,Regular
11949,Rahul Saxena,Male,50.0,16,2022-09-11,Regular
11950,Aman Das,Male,34.0,43,2026-03-08,Premium
11951,Priya Sethi,Female,57.0,51,2024-02-27,Premium
11952,Neha Verma,Female,20.0,56,2023-05-20,Premium
11953,Aman Malhotra,Other,59.0,25,2022-09-01,Regular
11954,Riya Shah,Female,32.0,51,2023-07-21,Premium
11955,Sneha Chauhan,Female,47.0,30,2022-01-08,Premium
11956,Kunal Rao,Male,61.0,69,2022-12-23,Premium
11957,Kavya Menon,Female,30.0,80,2022-10-20,Regular
11958,Nikhil Tiwari,Male,37.0,66,2022-05-16,Regular
11959,Vivek Kumar,Male,57.0,1,2026-03-31,Premium
11960,Meera Pillai,Female,59.0,100,2025-06-18,VIP
11961,Nisha Khanna,Female,29.0,3,2026-02-13,Regular
11962,Ritvik Bansal,Male,42.0,100,2023-01-20,Regular
11963,Pooja Gupta,Female,33.0,4,2023-04-07,Regular
11964,Yash Yadav,Male,42.0,52,2023-03-29,Regular
11965,Sahil Chatterjee,Male,36.0,11,2024-06-12,Premium
11966,Varun Khan,Male,18.0,10,2022-10-18,Regular
11967,Manish Pandey,Male,62.0,69,2023-01-12,Regular
11968,Simran Agarwal,Female,48.0,73,2026-04-09,Premium
11969,Ankit Jain,Male,40.0,12,2023-07-18,Regular
11970,Rajat Mishra,Male,23.0,98,2025-06-03,Regular
11971,Mohit Nair,Male,21.0,33,2023-01-02,Regular
11972,Shreya Sinha,Female,40.0,32,2026-01-27,Regular
11973,Tanya Roy,Female,49.0,30,2025-01-15,VIP
11974,Avni Naidu,Female,30.0,47,2025-10-10,Premium
11975,Akash Kulkarni,Male,53.0,18,2024-04-06,VIP
11976,Mahi Tripathi,Female,36.0,43,2025-12-21,Regular
11977,Radhika Mehta,Female,18.0,21,2023-08-04,Premium
11978,Harsh Sethi,Male,43.0,6,2024-02-06,Regular
11979,Dev Verma,Male,26.0,37,2022-04-09,Premium
11980,Ayush Shah,Male,18.0,68,2022-09-30,Regular
11981,Dhruv Chauhan,Male,24.0,77,2025-05-18,Regular
11982,Ishaan Menon,Male,31.0,36,2023-06-08,Regular
11983,Rishi Pillai,Male,42.0,33,2022-06-13,Premium
11984,Abhishek Khanna,Male,65.0,79,2023-04-13,Premium
11985,Sakshi Kapoor,Female,28.0,69,2023-07-19,Regular
11986,Siddharth Gupta,Male,20.0,84,2025-02-21,Regular
11987,Pranav Agarwal,Male,27.0,91,2022-05-25,Premium
11988,Muskan Reddy,Female,33.0,83,2022-02-11,Regular
11989,Karan Sinha,Male,27.0,94,2025-03-04,Regular
11990,Aarav Chatterjee,Male,33.0,42,2022-08-16,Premium
11991,Vihaan Khan,Male,64.0,40,2023-11-03,Regular
11992,Aditya Pandey,Male,36.0,33,2024-12-28,Premium
11993,Arjun Jain,Male,48.0,24,2024-04-02,Regular
11994,Kabir Mishra,Male,50.0,75,2022-07-17,Premium
11995,Rohan Nair,Male,24.0,72,2025-03-01,Regular
11996,Dev Saxena,Other,29.0,81,2022-03-19,Premium
11997,Palak Ghosh,Female,37.0,17,2023-01-07,Regular
11998,Rahul Kulkarni,Male,40.0,50,2022-06-24,Premium
11999,Aman Sethi,Male,18.0,23,2024-03-31,Premium
12000,Kunal Verma,Male,48.0,90,2025-01-10,Regular
12001,Ishita Ansari,Female,32.0,27,2024-11-05,Regular
12002,Nandini Sharma,Female,33.0,15,2022-08-11,Regular
12003,Nikhil Shah,Male,46.0,57,2023-07-04,Regular
12004,Vivek Chauhan,Male,63.0,88,2022-08-23,Regular
12005,Ritvik Menon,Male,59.0,92,2023-07-03,Regular
12006,Anushka Patel,Female,65.0,10,2023-01-04,Regular
12007,Shruti Joshi,Female,37.0,33,2025-03-30,VIP
12008,Yash Pillai,Male,23.0,16,2025-04-16,Regular
12009,Payal Iyer,Female,28.0,31,2025-08-02,Regular
12010,Sahil Khanna,Male,34.0,54,2022-11-17,Regular
12011,Komal Deshmukh,Female,32.0,29,2022-01-22,Regular
12012,Tanvi Arora,Female,27.0,7,2022-02-26,Regular
12013,Varun Gupta,Male,25.0,52,2025-09-11,Premium
12014,Manish Agarwal,Male,26.0,6,2025-12-20,Regular
12015,Pallavi Singh,Female,49.0,23,2022-12-05,Regular
12016,Ankit Sinha,Male,41.0,1,2025-11-03,Regular
12017,Aanya Agarwal,Female,19.0,9,2024-04-27,Regular
12018,Rajat Roy,Male,45.0,44,2022-10-23,Premium
12019,Ananya Sinha,Female,58.0,86,2023-05-16,Regular
12020,Mohit Naidu,Male,38.0,78,2023-03-01,Regular
12021,Akash Tripathi,Male,33.0,10,2025-05-06,Regular
12022,Harsh Mehta,Male,31.0,4,2022-10-29,Regular
12023,Dev Kapoor,Male,36.0,34,2022-10-20,Regular
12024,Ayush Reddy,Male,31.0,66,2025-02-25,Regular
12025,Aditi Roy,Female,62.0,75,2023-04-29,VIP
12026,Dhruv Ghosh,Male,65.0,83,2023-02-05,Regular
12027,Ishaan Ansari,Male,34.0,35,2025-07-16,Regular
12028,Rishi Sharma,Male,62.0,17,2026-01-30,Premium
12029,Abhishek Patel,Male,58.0,3,2024-06-07,Regular
12030,Diya Naidu,Female,21.0,15,2025-08-17,Regular
12031,Isha Tripathi,Female,41.0,7,2025-09-08,Premium
12032,Siddharth Joshi,Male,49.0,87,2024-07-30,Premium
12033,Priya Mehta,Female,38.0,27,2025-08-20,VIP
12034,Neha Kapoor,Female,39.0,83,2022-01-15,Premium
12035,Aryan Das,Other,41.0,56,2022-02-26,Regular
12036,Pranav Iyer,Male,51.0,54,2025-11-14,Premium
12037,Karan Deshmukh,Male,32.0,46,2022-08-13,Regular
12038,Aarav Khanna,Male,46.0,82,2025-03-10,Regular
12039,Riya Reddy,Female,29.0,5,2023-11-04,Premium
12040,Sneha Ghosh,Female,60.0,10,2025-06-14,Premium
12041,Vihaan Gupta,Male,22.0,43,2024-11-30,Premium
12042,Aditya Agarwal,Male,21.0,40,2022-04-25,Regular
12043,Kavya Ansari,Female,19.0,55,2023-06-23,Premium
12044,Meera Sharma,Female,34.0,74,2025-02-07,Regular
12045,Arjun Sinha,Male,47.0,59,2026-01-14,Premium
12046,Nisha Patel,Female,65.0,26,2025-07-11,Premium
12047,Kabir Roy,Male,39.0,33,2025-11-27,Regular
12048,Rohan Naidu,Male,26.0,76,2026-03-11,Premium
12049,Pooja Joshi,Female,35.0,21,2025-12-01,Regular
12050,Simran Iyer,Female,24.0,51,2024-07-17,Regular
12051,Shreya Deshmukh,Female,40.0,54,2023-06-22,VIP
12052,Rahul Tripathi,Male,52.0,76,2024-03-23,Regular
12053,Aman Mehta,Male,19.0,72,2025-06-27,Regular
12054,Kunal Kapoor,Male,55.0,47,2023-11-12,Regular
12055,Nikhil Reddy,Male,28.0,31,2025-08-22,Regular
12056,Vivek Ghosh,Male,50.0,37,2025-01-27,Regular
12057,Ritvik Ansari,Male,57.0,42,2022-12-01,Regular
12058,Yash Sharma,Male,55.0,22,2026-01-13,Regular
12059,Sahil Patel,Male,50.0,63,2025-09-16,Regular
12060,Varun Joshi,Male,51.0,21,2024-08-17,Premium
12061,Tanya Arora,Female,27.0,65,2022-11-07,Regular
12062,Manish Iyer,Male,24.0,76,2022-12-30,Regular
12063,Avni Singh,Female,36.0,97,2025-09-05,Premium
12064,Mahi Malhotra,Female,47.0,12,2022-01-29,Regular
12065,Radhika Saxena,Female,47.0,76,2024-02-13,Regular
12066,Ankit Deshmukh,Male,55.0,9,2024-09-17,Regular
12067,Rajat Arora,Male,32.0,34,2023-01-08,Regular
12068,Sakshi Das,Female,59.0,18,2025-10-15,Premium
12069,Mohit Singh,Male,39.0,17,2024-04-15,Regular
12070,Akash Malhotra,Male,29.0,18,2022-04-16,Regular
12071,Harsh Saxena,Male,53.0,5,2023-05-28,Premium
12072,Muskan Rao,Female,24.0,83,2023-09-29,Regular
12073,Dev Das,Male,37.0,7,2022-12-23,Premium
12074,Palak Tiwari,Female,55.0,40,2026-02-13,Regular
12075,Ayush Rao,Male,55.0,70,2023-07-31,Regular
12076,Dhruv Tiwari,Male,30.0,100,2024-03-13,Premium
12077,Ishita Kumar,Female,25.0,86,2024-05-06,Regular
12078,Ishaan Kumar,Male,19.0,14,2022-12-20,Regular
12079,Nandini Bansal,Female,22.0,99,2024-06-27,VIP
12080,Rishi Bansal,Male,57.0,66,2023-07-20,Regular
12081,Abhishek Yadav,Male,55.0,18,2022-01-17,Premium
12082,Anushka Yadav,Female,42.0,45,2023-10-16,Regular
12083,Siddharth Chatterjee,Male,45.0,92,2024-07-23,Regular
12084,Pranav Khan,Male,33.0,40,2022-07-07,Premium
12085,Aditi Joshi,Female,27.0,19,2025-06-01,Regular
12086,Shruti Chatterjee,Female,18.0,88,2024-11-23,Regular
12087,Payal Khan,Female,50.0,96,2023-05-11,Premium
12088,Arjun Iyer,Male,19.0,98,2024-08-05,Regular
12089,Karan Pandey,Male,23.0,96,2023-05-01,Regular
12090,Komal Pandey,Female,56.0,88,2024-11-02,Premium
12091,Aarav Patel,Male,45.0,46,2022-09-04,Regular
12092,Vihaan Joshi,Male,41.0,20,2024-09-04,Regular
12093,Tanvi Jain,Female,28.0,62,2022-03-30,Premium
12094,Aditya Iyer,Male,25.0,23,2022-01-27,Regular
12095,Arjun Deshmukh,Male,40.0,48,2023-02-11,VIP
12096,Kabir Arora,Male,35.0,66,2022-10-07,Premium
12097,Rohan Singh,Male,43.0,95,2024-02-25,Regular
12098,Pallavi Mishra,Female,25.0,29,2022-09-22,Regular
12099,Aanya Iyer,Female,29.0,26,2023-01-27,VIP
12100,Rahul Malhotra,Male,23.0,74,2022-06-06,Premium
12101,Aman Saxena,Male,38.0,1,2025-11-20,Regular
12102,Ananya Deshmukh,Female,31.0,57,2025-03-22,Regular
12103,Kunal Das,Male,28.0,75,2022-12-15,Regular
12104,Nikhil Rao,Male,44.0,56,2022-07-12,Premium
12105,Aditi Arora,Female,41.0,39,2025-09-22,Premium
12106,Diya Singh,Female,28.0,83,2024-12-05,Premium
12107,Vivek Tiwari,Male,51.0,38,2025-11-18,Regular
12108,Samar Rao,Other,34.0,72,2022-10-13,Premium
12109,Ritvik Kumar,Male,34.0,47,2023-07-29,Regular
12110,Isha Malhotra,Female,40.0,3,2022-07-09,Regular
12111,Yash Bansal,Male,24.0,54,2023-11-09,Regular
12112,Sahil Yadav,Male,38.0,5,2022-09-18,Regular
12113,Priya Saxena,Female,45.0,94,2022-01-07,Regular
12114,Varun Chatterjee,Male,24.0,61,2024-03-24,Regular
12115,Manish Khan,Male,45.0,38,2026-04-16,Regular
12116,Ankit Pandey,Male,19.0,49,2024-10-29,Premium
12117,Neha Das,Female,46.0,62,2025-04-26,Regular
12118,Riya Rao,Female,19.0,27,2025-07-23,Regular
12119,Rajat Jain,Male,26.0,29,2026-04-05,Regular
12120,Sneha Tiwari,Female,34.0,42,2022-07-25,Regular
12121,Kavya Kumar,Female,47.0,26,2023-02-06,Regular
12122,Mohit Mishra,Male,52.0,76,2024-09-12,Premium
12123,Akash Nair,Male,40.0,11,2025-08-06,Regular
12124,Harsh Kulkarni,Male,24.0,83,2025-05-23,Regular
12125,Dev Sethi,Male,36.0,35,2025-03-10,Premium
12126,Ayush Verma,Male,55.0,57,2023-05-15,Regular
12127,Dhruv Shah,Male,22.0,16,2023-08-07,Premium
12128,Ishaan Chauhan,Male,52.0,39,2022-05-08,Regular
12129,Rishi Menon,Male,36.0,76,2023-05-18,Premium
12130,Diya Iyer,Female,18.0,28,2022-09-07,Regular
12131,Abhishek Pillai,Male,51.0,14,2026-02-10,Regular
12132,Reyansh Tiwari,Other,19.0,53,2022-05-27,Regular
12133,Meera Bansal,Female,35.0,17,2023-08-05,Regular
12134,Nisha Yadav,Female,27.0,32,2025-11-20,Premium
12135,Pooja Chatterjee,Female,46.0,46,2026-03-10,Regular
12136,Simran Khan,Female,20.0,57,2023-08-26,Regular
12137,Siddharth Khanna,Male,22.0,64,2024-01-15,Premium
12138,Shreya Pandey,Female,43.0,68,2024-04-17,Premium
12139,Pranav Gupta,Male,65.0,85,2025-08-08,Regular
12140,Tanya Jain,Female,19.0,7,2025-05-14,Regular
12141,Karan Agarwal,Male,40.0,37,2024-04-18,Premium
12142,Aarav Yadav,Male,56.0,1,2023-08-18,Premium
12143,Vihaan Chatterjee,Male,31.0,1,2023-08-19,Premium
12144,Avni Mishra,Female,41.0,22,2024-11-04,Premium
12145,Aditya Khan,Male,58.0,60,2025-08-29,Regular
12146,Arjun Pandey,Male,52.0,90,2022-05-03,Regular
12147,Kabir Jain,Male,32.0,78,2025-05-15,Regular
12148,Rohan Mishra,Male,54.0,65,2024-02-09,Regular
12149,Mahi Nair,Female,50.0,78,2022-08-21,Premium
12150,Radhika Kulkarni,Female,42.0,18,2022-06-04,Regular
12151,Rahul Nair,Male,39.0,84,2023-06-24,Regular
12152,Aman Kulkarni,Male,62.0,90,2023-02-02,Regular
12153,Kunal Sethi,Male,59.0,10,2022-06-16,Regular
12154,Nikhil Verma,Male,65.0,47,2023-04-15,Regular
12155,Sakshi Sethi,Female,50.0,84,2025-08-26,Regular
12156,Muskan Verma,Female,35.0,48,2025-02-22,Premium
12157,Vivek Shah,Male,23.0,85,2022-12-01,Regular
12158,Palak Shah,Female,24.0,94,2024-12-14,Regular
12159,Ritvik Chauhan,Male,63.0,48,2023-12-24,Regular
12160,Ishita Chauhan,Female,35.0,6,2025-04-10,Regular
12161,Yash Menon,Male,23.0,35,2023-01-31,Premium
12162,Nandini Menon,Female,28.0,22,2022-04-09,Regular
12163,Sahil Pillai,Male,19.0,48,2023-05-16,Premium
12164,Anushka Pillai,Female,43.0,59,2026-05-10,Regular
12165,Varun Khanna,Male,46.0,47,2024-06-08,Regular
12166,Manish Gupta,Male,36.0,20,2022-03-29,Regular
12167,Ankit Agarwal,Male,53.0,31,2026-04-10,Premium
12168,Rajat Sinha,Male,41.0,68,2025-08-14,VIP
12169,Shruti Khanna,Female,64.0,3,2024-05-19,Regular
12170,Payal Gupta,Female,54.0,22,2025-03-30,Regular
12171,Komal Agarwal,Female,21.0,90,2022-10-23,Regular
12172,Mohit Roy,Male,31.0,10,2024-08-04,Regular
12173,Tanvi Sinha,Female,54.0,42,2025-12-31,Regular
12174,Pallavi Roy,Female,43.0,21,2023-12-04,Premium
12175,Akash Naidu,Male,54.0,11,2022-03-04,Regular
12176,Harsh Tripathi,Male,34.0,43,2025-04-26,Premium
12177,Dev Mehta,Male,19.0,53,2025-03-14,Premium
12178,Ayush Kapoor,Male,55.0,18,2025-03-29,Regular
12179,Aanya Khan,Female,55.0,8,2024-11-03,Regular
12180,Ananya Pandey,Female,48.0,14,2022-08-08,Premium
12181,Aditi Jain,Female,37.0,66,2022-07-03,Regular
12182,Dhruv Reddy,Male,18.0,87,2025-06-22,Regular
12183,Diya Mishra,Female,52.0,19,2025-09-30,Premium
12184,Isha Nair,Female,49.0,33,2022-05-06,Regular
12185,Ishaan Ghosh,Male,50.0,35,2024-07-18,Premium
12186,Priya Kulkarni,Female,26.0,37,2024-03-11,Regular
12187,Rishi Ansari,Male,53.0,25,2023-07-15,Regular
12188,Abhishek Sharma,Male,52.0,6,2024-10-29,Regular
12189,Siddharth Patel,Male,59.0,53,2026-01-02,Regular
12190,Pranav Joshi,Male,45.0,36,2025-08-07,Regular
12191,Neha Sethi,Female,53.0,35,2022-09-02,Regular
12192,Karan Iyer,Male,37.0,27,2024-01-11,Regular
12193,Aarav Pillai,Male,51.0,93,2026-02-06,Regular
12194,Vihaan Khanna,Male,51.0,62,2023-01-14,Regular
12195,Aditya Gupta,Male,55.0,42,2025-09-28,Regular
12196,Arjun Agarwal,Male,59.0,21,2024-02-25,Regular
12197,Kabir Sinha,Male,18.0,81,2024-04-14,Regular
12198,Riya Verma,Female,55.0,89,2023-02-05,Regular
12199,Rohan Roy,Male,56.0,4,2026-01-10,Regular
12200,Sneha Shah,Female,44.0,93,2024-04-25,Regular
12201,Rahul Naidu,Male,42.0,70,2024-07-08,Regular
12202,Kavya Chauhan,Female,52.0,10,2024-01-11,Premium
12203,Meera Menon,Female,39.0,76,2022-05-23,Premium
12204,Aman Tripathi,Male,37.0,11,2025-06-02,Regular
12205,Kunal Mehta,Male,56.0,6,2023-06-10,Premium
12206,Nisha Pillai,Female,55.0,12,2023-01-20,Regular
12207,Nikhil Kapoor,Male,27.0,46,2025-06-05,Regular
12208,Pooja Khanna,Female,57.0,62,2022-11-16,Regular
12209,Vivek Reddy,Male,33.0,41,2024-12-28,Regular
12210,Ritvik Ghosh,Male,24.0,13,2024-01-29,Regular
12211,Yash Ansari,Male,60.0,20,2025-07-03,Regular
12212,Simran Gupta,Female,29.0,86,2022-03-22,Premium
12213,Sahil Sharma,Male,27.0,97,2025-05-24,Regular
12214,Shreya Agarwal,Female,30.0,76,2023-01-02,Regular
12215,Tanya Sinha,Female,41.0,11,2025-10-24,Regular
12216,Varun Patel,Male,25.0,82,2023-07-20,Regular
12217,Manish Joshi,Male,25.0,70,2022-01-12,Regular
12218,Ankit Iyer,Male,36.0,53,2024-02-20,Regular
12219,Rajat Deshmukh,Male,28.0,15,2022-03-29,Regular
12220,Avni Roy,Female,27.0,100,2023-03-08,Regular
12221,Mohit Arora,Male,61.0,45,2025-02-20,Regular
12222,Akash Singh,Male,46.0,5,2024-06-16,VIP
12223,Mahi Naidu,Female,18.0,21,2025-02-08,Premium
12224,Radhika Tripathi,Female,22.0,41,2025-11-06,Regular
12225,Harsh Malhotra,Male,57.0,7,2024-01-19,Regular
12226,Sakshi Mehta,Female,30.0,33,2024-05-19,Premium
12227,Dev Saxena,Male,25.0,47,2022-04-04,Premium
12228,Muskan Kapoor,Female,49.0,95,2023-04-04,Regular
12229,Ayush Das,Male,58.0,9,2025-03-04,Regular
12230,Dhruv Rao,Male,37.0,58,2022-04-10,Premium
12231,Ishaan Tiwari,Male,53.0,92,2023-07-29,Regular
12232,Palak Reddy,Female,38.0,81,2022-08-07,Premium
12233,Ishita Ghosh,Female,23.0,93,2025-10-03,Regular
12234,Rishi Kumar,Male,56.0,18,2024-06-16,Regular
12235,Nandini Ansari,Female,62.0,81,2024-10-28,Premium
12236,Anushka Sharma,Female,65.0,98,2024-12-29,Premium
12237,Abhishek Bansal,Male,22.0,33,2022-12-25,Regular
12238,Shruti Patel,Female,45.0,50,2022-03-21,Premium
12239,Siddharth Yadav,Male,47.0,54,2023-09-29,Premium
12240,Navya Kumar,Other,21.0,50,2022-10-24,Regular
12241,Pranav Chatterjee,Male,63.0,29,2023-05-31,VIP
12242,Karan Khan,Male,22.0,98,2023-05-26,Regular
12243,Aarav Sharma 1300,Male,30.0,96,2025-06-05,Regular
12244,Vihaan Patel 1301,Male,64.0,39,2023-05-27,Premium
12245,Payal Joshi,Female,44.0,81,2022-08-31,Regular
12246,Aditya Joshi 1302,Male,50.0,40,2026-03-14,Premium
12247,Arjun Iyer 1303,Male,41.0,80,2022-03-20,Regular
12248,Kabir Deshmukh 1304,Male,54.0,59,2022-11-23,Regular
12249,Komal Iyer,Female,21.0,48,2023-07-10,Regular
12250,Tanvi Deshmukh,Female,50.0,13,2022-04-11,Regular
12251,Rohan Arora 1305,Male,21.0,66,2025-12-10,Premium
12252,Rahul Singh 1306,Male,26.0,33,2023-07-19,Regular
12253,Aman Malhotra 1307,Male,42.0,22,2025-06-05,Regular
12254,Pallavi Arora,Female,39.0,20,2022-08-04,Regular
12255,Aanya Gupta,Female,25.0,99,2024-04-14,Regular
12256,Ananya Agarwal,Female,56.0,11,2022-07-22,Regular
12257,Aditi Sinha,Female,32.0,80,2023-01-06,Regular
12258,Kunal Saxena 1308,Male,59.0,87,2023-10-14,Regular
12259,Diya Roy,Female,18.0,4,2025-10-12,Regular
12260,Nikhil Das 1309,Male,29.0,59,2023-05-06,Regular
12261,Vivek Rao 1310,Male,32.0,58,2025-04-22,Regular
12262,Ritvik Tiwari 1311,Male,46.0,36,2022-05-27,Regular
12263,Yash Kumar 1312,Male,37.0,67,2023-02-07,Regular
12264,Isha Naidu,Female,25.0,41,2024-08-24,Regular
12265,Sahil Bansal 1313,Male,NULL,44,2024-01-20,Regular
12266,Priya Tripathi,Female,63.0,44,2024-03-13,Regular
12267,Neha Mehta,Female,24.0,81,2024-12-21,Premium
12268,Riya Kapoor,Female,30.0,64,2022-05-04,Regular
12269,Sneha Reddy,Female,40.0,38,2025-01-17,Premium
12270,Varun Yadav 1314,Male,52.0,93,2025-10-12,Regular
12271,Manish Chatterjee 1315,Male,24.0,81,2025-05-10,Regular
12272,Ankit Khan 1316,Male,29.0,94,2023-04-01,Premium
12273,Rajat Pandey 1317,Male,29.0,74,2023-07-16,Regular
12274,Kavya Ghosh,Female,47.0,40,2026-03-19,Regular
12275,Mohit Jain 1318,Male,21.0,78,2025-06-17,Regular
12276,Akash Mishra 1319,Male,49.0,33,2026-01-30,Regular
12277,Harsh Nair 1320,Male,38.0,28,2026-01-01,Regular
12278,Dev Kulkarni 1321,Male,33.0,46,2023-11-26,Premium
12279,Meera Ansari,Female,59.0,97,2022-07-27,Regular
12280,Ayush Sethi 1322,Male,57.0,57,2023-01-01,Regular
12281,Nisha Sharma,Female,56.0,39,2023-04-16,Regular
12282,Pooja Patel,Female,60.0,47,2025-08-28,Regular
12283,Simran Joshi,Female,29.0,30,2023-03-18,Premium
12284,Dhruv Verma 1323,Male,59.0,66,2023-08-02,Regular
12285,Shreya Iyer,Female,26.0,36,2025-09-24,Premium
12286,Ishaan Shah 1324,Male,33.0,56,2022-09-19,Regular
12287,Rishi Chauhan 1325,Male,44.0,37,2024-11-27,Regular
12288,Tanya Deshmukh,Female,53.0,33,2024-06-01,Regular
12289,Avni Arora,Female,45.0,98,2026-04-25,Premium
12290,Abhishek Menon 1326,Male,44.0,35,2024-02-23,Regular
12291,Mahi Singh,Female,36.0,8,2024-04-13,Regular
12292,Siddharth Pillai 1327,Male,46.0,38,2025-09-22,Premium
12293,Radhika Malhotra,Female,40.0,54,2026-05-06,Regular
12294,Sana Bansal,Other,40.0,10,2025-03-12,Regular
12295,Sakshi Saxena,Female,46.0,31,2025-01-21,Premium
12296,Muskan Das,Female,46.0,17,2025-11-02,Regular
12297,Palak Rao,Female,33.0,51,2026-04-17,Regular
12298,Ishita Tiwari,Female,24.0,73,2025-03-21,Regular
12299,Nandini Kumar,Female,32.0,97,2023-04-13,Premium
12300,Anushka Bansal,Female,37.0,39,2024-10-24,Regular
12301,Pranav Khanna 1328,Male,25.0,87,2023-01-13,Premium
12302,Shruti Yadav,Female,26.0,22,2024-03-11,Premium
12303,Karan Gupta 1329,Male,63.0,79,2023-12-13,Regular
12304,Riya Yadav,Other,31.0,57,2026-04-30,Regular
12305,Aarav Bansal 1330,Male,53.0,76,2024-06-05,Premium
12306,Vihaan Yadav 1331,Male,24.0,76,2026-03-15,Regular
12307,Payal Chatterjee,Female,64.0,54,2025-07-17,Regular
12308,Aditya Chatterjee 1332,Male,28.0,26,2025-09-20,Regular
12309,Arjun Khan 1333,Male,36.0,53,2022-09-28,Premium
12310,Komal Khan,Female,55.0,83,2025-05-25,Regular
12311,Kabir Pandey 1334,Male,27.0,98,2023-02-07,Regular
12312,Rohan Jain 1335,Male,44.0,93,2024-07-13,Regular
12313,Rahul Mishra 1336,Male,55.0,19,2024-02-17,Regular
12314,Aman Nair 1337,Male,19.0,60,2023-02-20,VIP
12315,Kunal Kulkarni 1338,Male,19.0,11,2026-04-25,Regular
12316,Nikhil Sethi 1339,Male,55.0,67,2025-11-01,Premium
12317,Vivek Verma 1340,Male,30.0,100,2024-07-07,Premium
12318,Ritvik Shah 1341,Male,61.0,6,2022-01-18,Regular
12319,Yash Chauhan 1342,Male,62.0,66,2022-10-21,Premium
12320,Tanvi Pandey,Female,60.0,95,2022-12-30,VIP
12321,Pallavi Jain,Female,65.0,85,2026-04-05,Premium
12322,Sahil Menon 1343,Male,57.0,40,2023-10-08,Premium
12323,Varun Pillai 1344,Male,36.0,11,2022-03-16,Regular
12324,Aanya Joshi,Female,65.0,93,2024-07-26,Premium
12325,Ananya Iyer,Female,34.0,93,2026-03-01,Regular
12326,Manish Khanna 1345,Male,46.0,58,2024-06-16,Premium
12327,Ankit Gupta 1346,Male,18.0,98,2023-12-12,Regular
12328,Rajat Agarwal 1347,Male,64.0,1,2022-10-09,Regular
12329,Aditi Deshmukh,Female,46.0,62,2025-11-07,Premium
12330,Diya Arora,Female,63.0,4,2022-06-17,Regular
12331,Isha Singh,Female,34.0,94,2026-02-02,Regular
12332,Mohit Sinha 1348,Male,33.0,69,2022-12-22,Premium
12333,Akash Roy 1349,Male,43.0,92,2022-08-10,Premium
12334,Harsh Naidu 1350,Male,59.0,57,2023-07-12,Regular
12335,Dev Tripathi 1351,Male,44.0,9,2022-01-08,Premium
12336,Ayush Mehta 1352,Male,56.0,3,2022-01-23,Premium
12337,Priya Malhotra,Female,28.0,34,2022-10-26,Premium
12338,Dhruv Kapoor 1353,Male,55.0,75,2025-01-12,Regular
12339,Neha Saxena,Female,53.0,16,2025-07-27,Regular
12340,Ishaan Reddy 1354,Male,61.0,86,2023-02-01,Premium
12341,Rishi Ghosh 1355,Male,20.0,24,2024-10-28,Premium
12342,Riya Das,Female,36.0,50,2023-07-17,Regular
12343,Sneha Rao,Female,22.0,21,2023-11-24,Regular
12344,Abhishek Ansari 1356,Male,37.0,47,2023-06-20,Regular
12345,Kavya Tiwari,Female,54.0,46,2025-11-27,Premium
12346,Siddharth Sharma 1357,Male,48.0,1,2024-03-29,Premium
12347,Pranav Patel 1358,Male,54.0,57,2024-03-20,Regular
12348,Karan Joshi 1359,Male,53.0,79,2025-10-07,Regular
12349,Aarav Menon 1360,Male,65.0,94,2024-11-17,Regular
12350,Meera Kumar,Female,60.0,34,2022-08-28,Premium
12351,Vihaan Pillai 1361,Male,46.0,89,2022-10-30,Regular
12352,Nisha Bansal,Female,60.0,88,2023-06-30,Regular
12353,Pooja Yadav,Female,20.0,99,2022-06-06,Regular
12354,Aditya Khanna 1362,Male,52.0,38,2025-01-12,Premium
12355,Arjun Gupta 1363,Male,43.0,86,2024-03-03,Regular
12356,Kabir Agarwal 1364,Male,63.0,57,2022-03-12,Regular
12357,Simran Chatterjee,Female,42.0,6,2023-10-03,Regular
12358,Shreya Khan,Female,26.0,28,2025-08-20,VIP
12359,Tanya Pandey,Female,52.0,68,2025-12-22,Regular
12360,Rohan Sinha 1365,Male,63.0,17,2026-03-19,Regular
12361,Rahul Roy 1366,Male,18.0,44,2026-01-16,Regular
12362,Avni Jain,Female,21.0,78,2024-08-30,Regular
12363,Aman Naidu 1367,Male,49.0,15,2026-01-23,Premium
12364,Mahi Mishra,Female,44.0,50,2026-03-11,Premium
12365,Kunal Tripathi 1368,Male,44.0,22,2024-10-13,Regular
12366,Nikhil Mehta 1369,Male,22.0,54,2023-10-23,Premium
12367,Vivek Kapoor 1370,Male,45.0,25,2026-03-26,Regular
12368,Ritvik Reddy 1371,Male,45.0,97,2023-10-27,Premium
12369,Radhika Nair,Female,58.0,8,2022-09-24,Regular
12370,Yash Ghosh 1372,Male,36.0,97,2022-06-19,Regular
12371,Sakshi Kulkarni,Female,34.0,80,2024-06-26,Premium
12372,Muskan Sethi,Female,21.0,86,2022-02-26,Premium
12373,Palak Verma,Female,45.0,86,2022-07-09,Premium
12374,Ishita Shah,Female,49.0,19,2023-01-27,Regular
12375,Nandini Chauhan,Female,31.0,94,2024-04-27,Premium
12376,Anushka Menon,Female,53.0,60,2024-02-05,Premium
12377,Sahil Ansari 1373,Male,63.0,97,2024-03-28,Regular
12378,Varun Sharma 1374,Male,26.0,88,2024-03-23,Regular
12379,Shruti Pillai,Female,45.0,58,2026-05-10,Regular
12380,Manish Patel 1375,Male,51.0,38,2022-12-15,Regular
12381,Ankit Joshi 1376,Male,18.0,12,2024-01-29,Premium
12382,Payal Khanna,Female,26.0,11,2024-09-07,Regular
12383,Rajat Iyer 1377,Male,36.0,39,2023-03-15,Regular
12384,Komal Gupta,Female,24.0,82,2022-10-17,Regular
12385,Tanvi Agarwal,Female,35.0,51,2022-03-16,Premium
12386,Mohit Deshmukh 1378,Male,25.0,49,2023-06-06,Regular
12387,Pallavi Sinha,Female,61.0,25,2023-02-11,Premium
12388,Akash Arora 1379,Male,46.0,57,2022-11-10,Regular
12389,Aanya Chatterjee,Female,33.0,64,2023-03-11,Regular
12390,Ananya Khan,Female,55.0,99,2025-01-19,Premium
12391,Harsh Singh 1380,Male,18.0,73,2025-08-17,Regular
12392,Dev Malhotra 1381,Male,46.0,61,2024-04-06,Premium
12393,Ayush Saxena 1382,Male,50.0,92,2022-04-17,Regular
12394,Dhruv Das 1383,Male,56.0,43,2025-03-23,Regular
12395,Ishaan Rao 1384,Male,28.0,94,2022-09-01,Regular
12396,Kriti Chatterjee,Other,46.0,37,2022-04-02,Premium
12397,Rishi Tiwari 1385,Male,54.0,13,2024-06-28,Regular
12398,Aditi Pandey,Female,56.0,42,2023-11-12,Regular
12399,Abhishek Kumar 1386,Male,26.0,13,2023-05-14,Regular
12400,Milan Khan,Other,64.0,12,2026-03-28,VIP
12401,Siddharth Bansal 1387,Male,31.0,89,2022-05-26,Premium
12402,Pranav Yadav 1388,Male,36.0,80,2022-03-27,Premium
12403,Diya Jain,Female,27.0,23,2024-07-28,Regular
12404,Karan Chatterjee 1389,Male,25.0,84,2023-11-01,Regular
12405,Isha Mishra,Female,30.0,7,2025-07-06,Premium
12406,Aarav Ansari 1390,Male,24.0,29,2022-03-06,Premium
12407,Priya Nair,Female,53.0,71,2023-11-03,Premium
12408,Neha Kulkarni,Female,46.0,31,2022-08-23,Premium
12409,Riya Sethi,Female,36.0,74,2022-03-07,Premium
12410,Vihaan Sharma 1391,Male,44.0,88,2024-01-11,Regular
12411,Aditya Patel 1392,Male,47.0,7,2025-03-21,Regular
12412,Arjun Joshi 1393,Male,26.0,3,2022-09-10,VIP
12413,Kabir Iyer 1394,Male,32.0,95,2025-09-09,Regular
12414,Rohan Deshmukh 1395,Male,60.0,53,2024-04-10,Regular
12415,Sneha Verma,Female,18.0,51,2024-02-08,Regular
12416,Rahul Arora 1396,Male,63.0,47,2026-01-16,Regular
12417,Kavya Shah,Female,64.0,44,2023-06-11,Premium
12418,Aman Singh 1397,Male,30.0,70,2022-11-17,Premium
12419,Kunal Malhotra 1398,Male,33.0,58,2025-06-12,Regular
12420,Nikhil Saxena 1399,Male,27.0,17,2022-06-21,Regular
12421,Vivek Das 1400,Male,44.0,63,2025-10-27,Regular
12422,Ritvik Rao 1401,Male,28.0,67,2025-08-13,Premium
12423,Yash Tiwari 1402,Male,55.0,12,2026-04-13,Regular
12424,Sahil Kumar 1403,Male,36.0,38,2024-01-07,Regular
12425,Aadi Pandey,Other,64.0,80,2024-09-22,Regular
12426,Varun Bansal 1404,Male,58.0,62,2025-11-13,Regular
12427,Manish Yadav 1405,Male,37.0,14,2022-07-30,Regular
12428,Ankit Chatterjee 1406,Male,46.0,5,2023-05-05,Premium
12429,Rajat Khan 1407,Male,19.0,59,2024-01-25,Regular
12430,Meera Chauhan,Female,21.0,47,2024-10-01,Regular
12431,Kabir Deshmukh,Male,42.0,97,2024-12-22,Regular
12432,Nisha Menon,Female,40.0,53,2026-01-17,Regular
12433,Mohit Pandey 1408,Male,37.0,94,2024-02-22,Regular
12434,Akash Jain 1409,Male,22.0,22,2022-10-02,Premium
12435,Pooja Pillai,Female,58.0,45,2022-10-31,Regular
12436,Harsh Mishra 1410,Male,37.0,14,2025-07-05,Premium
12437,Simran Khanna,Female,40.0,58,2024-01-08,Regular
12438,Dev Nair 1411,Male,37.0,19,2024-10-07,Premium
12439,Shreya Gupta,Female,41.0,50,2024-06-19,Regular
12440,Ayush Kulkarni 1412,Male,49.0,35,2025-07-24,Regular
12441,Dhruv Sethi 1413,Male,54.0,19,2022-12-16,Regular
12442,Tanya Agarwal,Female,44.0,10,2022-10-01,Regular
12443,Ishaan Verma 1414,Male,25.0,52,2025-03-19,Regular
12444,Rohan Arora,Male,59.0,95,2023-11-26,Premium
12445,Shiv Jain,Other,31.0,20,2025-07-29,Regular
12446,Avni Sinha,Female,18.0,41,2022-07-26,VIP
12447,Mahi Roy,Female,19.0,23,2023-03-12,Premium
12448,Radhika Naidu,Female,55.0,81,2026-03-17,Regular
12449,Sakshi Tripathi,Female,36.0,42,2025-09-11,Premium
12450,Muskan Mehta,Female,19.0,98,2022-04-11,Regular
12451,Palak Kapoor,Female,56.0,25,2025-07-30,Regular
12452,Rishi Shah 1415,Male,32.0,9,2022-04-15,Regular
12453,Abhishek Chauhan 1416,Male,64.0,59,2022-07-12,Premium
12454,Ishita Reddy,Female,60.0,66,2025-12-08,Regular
12455,Nandini Ghosh,Female,20.0,100,2022-07-21,Regular
12456,Siddharth Menon 1417,Male,51.0,88,2023-04-27,Regular
12457,Pranav Pillai 1418,Male,46.0,89,2022-08-05,Regular
12458,Karan Khanna 1419,Male,26.0,64,2024-08-13,Regular
12459,Aarav Kumar 1420,Male,34.0,36,2022-04-02,Regular
12460,Anushka Ansari,Female,41.0,43,2023-04-05,Premium
12461,Vihaan Bansal 1421,Male,25.0,14,2023-06-07,Regular
12462,Shruti Sharma,Female,52.0,44,2024-11-04,Regular
12463,Payal Patel,Female,31.0,37,2024-03-05,VIP
12464,Komal Joshi,Female,62.0,4,2022-11-04,Premium
12465,Aditya Yadav 1422,Male,56.0,21,2024-01-13,Regular
12466,Tanvi Iyer,Female,48.0,54,2024-01-05,Regular
12467,Pallavi Deshmukh,Female,23.0,37,2023-07-20,Regular
12468,Aanya Khanna,Female,19.0,100,2024-05-03,Premium
12469,Arjun Chatterjee 1423,Male,25.0,48,2023-06-06,Regular
12470,Kabir Khan 1424,Male,41.0,96,2023-06-18,Regular
12471,Ananya Gupta,Female,55.0,67,2025-06-07,Regular
12472,Rohan Pandey 1425,Male,25.0,5,2023-02-07,Regular
12473,Rahul Jain 1426,Male,51.0,21,2023-06-11,Regular
12474,Aditi Agarwal,Female,20.0,71,2022-08-13,Premium
12475,Diya Sinha,Female,30.0,55,2025-01-22,Regular
12476,Aman Mishra 1427,Male,46.0,31,2025-02-03,Regular
12477,Kunal Nair 1428,Male,57.0,53,2024-12-20,Premium
12478,Nikhil Kulkarni 1429,Male,55.0,91,2022-09-27,Regular
12479,Isha Roy,Female,43.0,39,2023-12-24,Regular
12480,Priya Naidu,Female,19.0,5,2023-04-13,Regular
12481,Vivek Sethi 1430,Male,32.0,32,2025-05-06,Premium
12482,Ritvik Verma 1431,Male,55.0,94,2023-06-24,Regular
12483,Yash Shah 1432,Male,21.0,77,2023-10-28,Premium
12484,Sahil Chauhan 1433,Male,51.0,84,2023-12-28,Regular
12485,Neha Tripathi,Female,51.0,92,2025-05-02,Regular
12486,Varun Menon 1434,Male,54.0,12,2025-01-29,Regular
12487,Manish Pillai 1435,Male,28.0,29,2025-08-04,Regular
12488,Ankit Khanna 1436,Male,29.0,6,2023-11-16,Regular
12489,Rajat Gupta 1437,Male,27.0,1,2025-08-04,Premium
12490,Riya Mehta,Female,36.0,84,2025-10-25,Regular
12491,Sneha Kapoor,Female,43.0,94,2024-04-18,Regular
12492,Kavya Reddy,Female,23.0,16,2024-12-23,VIP
12493,Mohit Agarwal 1438,Male,45.0,73,2025-12-26,Regular
12494,Meera Ghosh,Female,29.0,54,2025-09-03,Regular
12495,Akash Sinha 1439,Male,44.0,7,2023-03-19,Regular
12496,Nisha Ansari,Female,32.0,92,2025-02-20,Regular
12497,Pooja Sharma,Female,63.0,88,2023-12-15,VIP
12498,Harsh Roy 1440,Male,33.0,57,2022-08-26,VIP
12499,Simran Patel,Female,59.0,71,2023-08-18,Regular
12500,Dev Naidu 1441,Male,26.0,40,2026-04-14,VIP
12501,Shreya Joshi,Female,22.0,80,2026-03-13,Regular
12502,Ayush Tripathi 1442,Male,27.0,45,2025-06-12,VIP
12503,Dhruv Mehta 1443,Male,38.0,99,2026-05-04,Premium
12504,Ishaan Kapoor 1444,Male,61.0,7,2024-07-05,Regular
12505,Rishi Reddy 1445,Male,26.0,18,2025-04-27,Regular
12506,Abhishek Ghosh 1446,Male,55.0,97,2022-09-22,Premium
12507,Siddharth Ansari 1447,Male,51.0,29,2023-04-24,Regular
12508,Tanya Iyer,Female,34.0,32,2022-10-04,Regular
12509,Pranav Sharma 1448,Male,34.0,80,2026-02-09,Regular
12510,Karan Patel 1449,Male,63.0,19,2024-09-09,Regular
12511,Rohan Mishra,Other,52.0,52,2026-02-01,Regular
12512,Avni Deshmukh,Female,29.0,29,2023-10-28,Regular
12513,Aarav Chauhan 1450,Male,61.0,20,2023-10-08,Premium
12514,Vihaan Menon 1451,Male,37.0,97,2024-12-17,Regular
12515,Mahi Arora,Female,21.0,20,2024-06-27,Regular
12516,Radhika Singh,Female,57.0,10,2023-08-19,Regular
12517,Aditya Pillai 1452,Male,59.0,68,2023-05-24,Regular
12518,Sakshi Malhotra,Female,39.0,87,2024-03-31,Regular
12519,Arjun Khanna 1453,Male,51.0,13,2022-05-01,Regular
12520,Kabir Gupta 1454,Male,29.0,71,2022-10-28,Regular
12521,Muskan Saxena,Female,58.0,55,2022-03-12,Regular
12522,Palak Das,Female,35.0,84,2022-09-06,Regular
12523,Ishita Rao,Female,30.0,13,2022-11-14,Regular
12524,Rohan Agarwal 1455,Male,42.0,98,2022-05-02,Premium
12525,Rahul Sinha 1456,Male,30.0,62,2022-03-30,Regular
12526,Aman Roy 1457,Male,47.0,85,2025-08-04,Premium
12527,Kunal Naidu 1458,Male,53.0,37,2022-10-20,Regular
12528,Nikhil Tripathi 1459,Male,37.0,95,2024-06-07,Regular
12529,Vivek Mehta 1460,Male,55.0,63,2022-06-07,Regular
12530,Nandini Tiwari,Female,38.0,13,2026-02-24,Regular
12531,Anushka Kumar,Female,64.0,93,2023-01-18,Regular
12532,Ritvik Kapoor 1461,Male,30.0,80,2025-04-14,Premium
12533,Yash Reddy 1462,Male,51.0,31,2024-10-22,Premium
12534,Shruti Bansal,Female,43.0,55,2025-05-15,Regular
12535,Sahil Ghosh 1463,Male,63.0,39,2024-10-03,VIP
12536,Payal Yadav,Female,28.0,55,2024-03-25,Regular
12537,Varun Ansari 1464,Male,27.0,97,2025-05-20,Regular
12538,Komal Chatterjee,Female,59.0,90,2025-07-28,Premium
12539,Tanvi Khan,Female,61.0,22,2023-08-31,Regular
12540,Pallavi Pandey,Female,53.0,98,2026-02-16,Regular
12541,Aanya Patel,Female,40.0,44,2026-04-29,Regular
12542,Ananya Joshi,Female,37.0,71,2025-02-28,Regular
12543,Manish Sharma 1465,Male,49.0,77,2026-01-26,Regular
12544,Aditi Iyer,Female,53.0,49,2022-06-18,Regular
12545,Diya Deshmukh,Female,31.0,46,2024-05-14,Regular
12546,Isha Arora,Female,18.0,46,2024-11-07,Premium
12547,Ankit Patel 1466,Male,21.0,87,2026-01-24,VIP
12548,Rajat Joshi 1467,Male,34.0,39,2022-07-12,Regular
12549,Priya Singh,Female,50.0,28,2025-07-13,Regular
12550,Neha Malhotra,Female,39.0,37,2022-05-04,Regular
12551,Mohit Iyer 1468,Male,47.0,20,2023-07-27,Regular
12552,Akash Deshmukh 1469,Male,40.0,40,2025-01-13,Regular
12553,Harsh Arora 1470,Male,30.0,12,2023-04-11,Regular
12554,Dev Singh 1471,Male,53.0,9,2025-08-28,Premium
12555,Ayush Malhotra 1472,Male,52.0,73,2026-01-28,Regular
12556,Dhruv Saxena 1473,Male,64.0,8,2022-09-12,Regular
12557,Ishaan Das 1474,Male,57.0,57,2023-02-17,Regular
12558,Riya Saxena,Female,36.0,78,2022-04-29,Premium
12559,Rishi Rao 1475,Male,51.0,73,2025-02-10,Regular
12560,Abhishek Tiwari 1476,Male,34.0,45,2025-11-19,Premium
12561,Siddharth Kumar 1477,Male,59.0,20,2024-08-20,Premium
12562,Pranav Bansal 1478,Male,47.0,94,2022-07-31,Regular
12563,Sneha Das,Female,58.0,84,2022-10-05,Regular
12564,Kavya Rao,Female,31.0,62,2022-02-26,Regular
12565,Karan Yadav 1479,Male,18.0,9,2024-02-23,Regular
12566,Aarav Ghosh 1480,Male,24.0,4,2025-02-27,Regular
12567,Vihaan Ansari 1481,Male,43.0,32,2022-08-29,Regular
12568,Aditya Sharma 1482,Male,64.0,16,2025-09-18,Premium
12569,Arjun Patel 1483,Male,48.0,87,2023-02-09,Regular
12570,Kabir Joshi 1484,Male,56.0,21,2024-04-03,Regular
12571,Rohan Iyer 1485,Male,40.0,29,2024-12-04,Regular
12572,Meera Tiwari,Female,64.0,98,2024-05-13,Regular
12573,Rahul Deshmukh 1486,Male,63.0,82,2024-02-04,Premium
12574,Aman Arora 1487,Male,28.0,22,2023-06-23,Regular
12575,Kunal Singh 1488,Male,59.0,39,2023-11-20,Regular
12576,Nikhil Malhotra 1489,Male,18.0,52,2023-01-17,Regular
12577,Vivek Saxena 1490,Male,46.0,67,2023-04-17,Regular
12578,Ritvik Das 1491,Male,38.0,94,2025-04-23,Premium
12579,Yash Rao 1492,Male,32.0,88,2025-11-13,Regular
12580,Sahil Tiwari 1493,Male,62.0,98,2025-09-20,Premium
12581,Nisha Kumar,Female,49.0,5,2023-06-14,Regular
12582,Pooja Bansal,Female,24.0,24,2023-05-29,Premium
12583,Varun Kumar 1494,Male,24.0,57,2022-04-04,Regular
12584,Manish Bansal 1495,Male,23.0,5,2023-03-15,Regular
12585,Simran Yadav,Female,32.0,36,2024-07-25,Regular
12586,Shreya Chatterjee,Female,21.0,16,2023-03-05,Premium
12587,Ankit Yadav 1496,Male,30.0,94,2025-03-19,Regular
12588,Rajat Chatterjee 1497,Male,54.0,7,2022-03-22,Regular
12589,Mohit Khan 1498,Male,59.0,15,2023-10-21,Premium
12590,Tanya Khan,Female,55.0,20,2023-03-26,Regular
12591,Akash Pandey 1499,Male,41.0,15,2024-03-01,Regular
12592,Harsh Jain 1500,Male,51.0,57,2022-02-11,Premium
12593,Dev Mishra 1501,Male,63.0,37,2023-11-02,Regular
12594,Ayush Nair 1502,Male,20.0,92,2025-06-15,VIP
12595,Dhruv Kulkarni 1503,Male,61.0,27,2025-10-03,Premium
12596,Avni Pandey,Female,52.0,54,2023-02-14,VIP
12597,Ishaan Sethi 1504,Male,36.0,67,2023-11-18,Premium
12598,Rishi Verma 1505,Male,39.0,63,2025-01-09,Regular
12599,Abhishek Shah 1506,Male,39.0,80,2024-01-12,Regular
12600,Mahi Jain,Female,25.0,21,2024-05-19,Regular
12601,Siddharth Chauhan 1507,Male,29.0,51,2023-07-01,Premium
12602,Pranav Menon 1508,Male,32.0,81,2025-09-01,Regular
12603,Karan Pillai 1509,Male,18.0,87,2024-10-07,Premium
12604,Radhika Mishra,Female,42.0,62,2026-03-17,Regular
12605,Sakshi Nair,Female,40.0,66,2025-06-01,Regular
12606,Muskan Kulkarni,Female,33.0,87,2023-08-11,Regular
12607,Palak Sethi,Female,26.0,63,2023-06-09,Premium
12608,Aarav Tiwari 1510,Male,64.0,95,2022-05-22,Regular
12609,Vihaan Kumar 1511,Male,50.0,13,2024-09-22,Regular
12610,Aditya Bansal 1512,Male,40.0,35,2025-04-14,Regular
12611,Ishita Verma,Female,52.0,12,2023-07-21,Regular
12612,Nandini Shah,Female,35.0,10,2022-02-04,VIP
12613,Arjun Yadav 1513,Male,28.0,48,2025-08-13,Regular
12614,Anushka Chauhan,Female,50.0,23,2022-12-23,Regular
12615,Kabir Chatterjee 1514,Male,54.0,41,2024-07-20,Regular
12616,Rahul Singh,Male,49.0,44,2022-03-27,Regular
12617,Rohan Khan 1515,Male,45.0,63,2022-04-11,Regular
12618,Shruti Menon,Female,18.0,95,2025-12-08,Regular
12619,Payal Pillai,Female,48.0,85,2024-12-11,Regular
12620,Rahul Pandey 1516,Male,47.0,38,2022-01-09,Regular
12621,Komal Khanna,Female,37.0,33,2022-06-11,Regular
12622,Tanvi Gupta,Female,29.0,78,2024-02-28,Premium
12623,Pallavi Agarwal,Female,64.0,13,2024-12-24,Regular
12624,Aanya Yadav,Female,36.0,55,2023-11-10,Regular
12625,Aman Jain 1517,Male,31.0,43,2025-10-28,Regular
12626,Ananya Chatterjee,Female,51.0,19,2024-11-10,Premium
12627,Aditi Khan,Female,41.0,62,2024-09-09,Regular
12628,Diya Pandey,Female,44.0,33,2023-04-09,Premium
12629,Kunal Mishra 1518,Male,49.0,19,2024-12-27,Premium
12630,Isha Jain,Female,35.0,66,2025-10-29,VIP
12631,Priya Mishra,Female,25.0,18,2022-03-20,Premium
12632,Nikhil Nair 1519,Male,26.0,68,2025-03-20,Regular
12633,Mahi Nair,Other,63.0,17,2025-11-08,VIP
12634,Vivek Kulkarni 1520,Male,42.0,44,2023-11-23,Premium
12635,Ritvik Sethi 1521,Male,38.0,81,2025-05-10,Regular
12636,Yash Verma 1522,Male,33.0,23,2023-07-27,Regular
12637,Neha Nair,Female,52.0,77,2022-11-05,VIP
12638,Riya Kulkarni,Female,61.0,73,2025-07-29,Regular
12639,Sahil Shah 1523,Male,54.0,91,2023-05-13,Premium
12640,Sneha Sethi,Female,43.0,17,2025-04-26,Regular
12641,Varun Chauhan 1524,Male,40.0,72,2023-05-20,Premium
12642,Manish Menon 1525,Male,59.0,94,2023-10-01,Regular
12643,Kavya Verma,Female,59.0,77,2025-01-01,Premium
12644,Meera Shah,Female,36.0,19,2023-07-01,Regular
12645,Nisha Chauhan,Female,64.0,83,2025-07-16,Premium
12646,Pooja Menon,Female,57.0,11,2022-03-04,Regular
12647,Naman Kulkarni,Other,58.0,59,2022-01-19,Regular
12648,Ankit Pillai 1526,Male,20.0,50,2022-05-11,Regular
12649,Rajat Khanna 1527,Male,24.0,54,2023-02-15,Regular
12650,Mohit Gupta 1528,Male,32.0,52,2022-03-28,VIP
12651,Simran Pillai,Female,54.0,4,2023-09-02,Regular
12652,Shreya Khanna,Female,21.0,51,2022-02-09,Regular
12653,Tanya Gupta,Female,21.0,94,2025-04-25,Premium
12654,Akash Agarwal 1529,Male,19.0,44,2022-09-02,Regular
12655,Harsh Sinha 1530,Male,27.0,28,2026-04-05,Regular
12656,Avni Agarwal,Female,62.0,100,2025-10-03,Regular
12657,Aarohi Sethi,Other,52.0,10,2025-01-15,Regular
12658,Dev Roy 1531,Male,52.0,49,2025-07-01,Premium
12659,Ayush Naidu 1532,Male,32.0,52,2025-05-24,Regular
12660,Dhruv Tripathi 1533,Male,48.0,48,2025-09-14,Regular
12661,Ishaan Mehta 1534,Male,55.0,93,2024-06-07,Regular
12662,Rishi Kapoor 1535,Male,43.0,43,2024-09-25,Premium
12663,Abhishek Reddy 1536,Male,59.0,98,2024-01-21,Regular
12664,Mahi Sinha,Female,45.0,7,2024-09-25,Premium
12665,Siddharth Ghosh 1537,Male,33.0,74,2023-09-03,Regular
12666,Pranav Ansari 1538,Male,48.0,60,2022-07-18,Regular
12667,Karan Sharma 1539,Male,63.0,25,2026-01-29,Premium
12668,Radhika Roy,Female,57.0,23,2025-01-23,Regular
12669,Aarav Shah 1540,Male,41.0,72,2025-02-01,Regular
12670,Vihaan Chauhan 1541,Male,46.0,64,2023-03-25,Regular
12671,Aditya Menon 1542,Male,64.0,62,2025-05-18,Premium
12672,Sakshi Naidu,Female,53.0,6,2024-04-10,Regular
12673,Muskan Tripathi,Female,42.0,60,2022-05-03,Regular
12674,Arjun Pillai 1543,Male,31.0,99,2026-03-08,Regular
12675,Kabir Khanna 1544,Male,61.0,2,2026-05-06,Premium
12676,Rohan Gupta 1545,Male,64.0,47,2025-10-24,Regular
12677,Palak Mehta,Female,21.0,50,2024-01-30,Regular
12678,Ishita Kapoor,Female,19.0,90,2023-01-09,Regular
12679,Rahul Agarwal 1546,Male,23.0,29,2022-01-18,Regular
12680,Aman Sinha 1547,Male,36.0,48,2025-03-24,Regular
12681,Nandini Reddy,Female,25.0,72,2025-11-26,Premium
12682,Anushka Ghosh,Female,60.0,7,2022-06-16,Premium
12683,Kunal Roy 1548,Male,61.0,81,2024-12-30,Regular
12684,Nikhil Naidu 1549,Male,26.0,83,2022-02-12,Regular
12685,Vivek Tripathi 1550,Male,57.0,72,2025-05-27,Regular
12686,Shruti Ansari,Female,24.0,65,2022-02-15,Regular
12687,Payal Sharma,Female,55.0,75,2026-04-10,Regular
12688,Komal Patel,Female,35.0,79,2022-09-30,Regular
12689,Tanvi Joshi,Female,19.0,91,2023-10-03,Premium
12690,Ritvik Mehta 1551,Male,38.0,43,2025-01-16,Regular
12691,Yash Kapoor 1552,Male,57.0,46,2025-09-16,Regular
12692,Sahil Reddy 1553,Male,62.0,64,2023-08-05,VIP
12693,Pallavi Iyer,Female,23.0,20,2026-04-18,Regular
12694,Aanya Pillai,Female,58.0,86,2022-01-26,Regular
12695,Varun Ghosh 1554,Male,32.0,78,2024-01-25,Regular
12696,Manish Ansari 1555,Male,40.0,64,2026-04-30,VIP
12697,Ananya Khanna,Female,23.0,31,2023-03-15,Regular
12698,Aditi Gupta,Female,64.0,35,2024-05-03,Regular
12699,Diya Agarwal,Female,55.0,44,2023-12-13,Regular
12700,Ankit Sharma 1556,Male,48.0,67,2023-09-23,Regular
12701,Isha Sinha,Female,52.0,78,2025-05-13,Regular
12702,Priya Roy,Female,59.0,68,2024-04-10,Regular
12703,Neha Naidu,Female,24.0,93,2025-02-16,Premium
12704,Riya Tripathi,Female,29.0,97,2024-04-11,Premium
12705,Sneha Mehta,Female,19.0,71,2026-05-15,Regular
12706,Kavya Kapoor,Female,41.0,38,2024-01-23,Regular
12707,Meera Reddy,Female,41.0,60,2025-06-27,Regular
12708,Rajat Patel 1557,Male,19.0,43,2024-09-07,Regular
12709,Mohit Joshi 1558,Male,49.0,63,2025-07-06,Regular
12710,Nisha Ghosh,Female,18.0,82,2025-11-18,Regular
12711,Pooja Ansari,Female,56.0,37,2022-12-29,Premium
12712,Akash Iyer 1559,Male,51.0,51,2023-04-28,Regular
12713,Aman Malhotra,Male,57.0,5,2023-04-28,Regular
12714,Simran Sharma,Female,23.0,74,2024-02-19,Premium
12715,Shreya Patel,Female,59.0,49,2024-02-26,Premium
12716,Tanya Joshi,Female,44.0,46,2022-01-06,Premium
12717,Harsh Deshmukh 1560,Male,59.0,54,2025-12-03,Premium
12718,Avni Iyer,Female,51.0,22,2025-10-07,Regular
12719,Mahi Deshmukh,Female,49.0,60,2024-08-19,Regular
12720,Dev Arora 1561,Male,19.0,75,2023-05-05,Regular
12721,Ayush Singh 1562,Male,51.0,35,2025-08-15,Premium
12722,Vansh Verma,Other,39.0,14,2023-03-11,Regular
12723,Dhruv Malhotra 1563,Male,58.0,39,2023-05-05,VIP
12724,Radhika Arora,Female,50.0,20,2026-05-16,Regular
12725,Sakshi Singh,Female,21.0,38,2026-01-18,Premium
12726,Muskan Malhotra,Female,60.0,63,2024-07-24,Regular
12727,Ishaan Saxena 1564,Male,21.0,12,2022-09-28,VIP
12728,Palak Saxena,Female,32.0,75,2022-07-16,Regular
12729,Rishi Das 1565,Male,28.0,23,2026-03-23,Regular
12730,Ishita Das,Female,64.0,90,2023-03-01,Premium
12731,Abhishek Rao 1566,Male,25.0,74,2024-12-26,Regular
12732,Nandini Rao,Female,58.0,28,2023-07-20,Regular
12733,Anushka Tiwari,Female,28.0,57,2024-03-05,Premium
12734,Siddharth Tiwari 1567,Male,49.0,12,2026-04-27,Premium
12735,Pranav Kumar 1568,Male,22.0,10,2024-08-06,Regular
12736,Shruti Kumar,Female,36.0,96,2023-11-20,Regular
12737,Karan Bansal 1569,Male,47.0,81,2023-10-28,Regular
12738,Aarav Reddy 1570,Male,52.0,16,2023-01-04,Regular
12739,Vihaan Ghosh 1571,Male,59.0,29,2024-06-09,Regular
12740,Payal Bansal,Female,57.0,20,2024-06-30,Regular
12741,Komal Yadav,Female,42.0,40,2022-06-02,Regular
12742,Aditya Ansari 1572,Male,32.0,30,2023-10-10,Regular
12743,Tanvi Chatterjee,Female,30.0,33,2024-10-28,Premium
12744,Arjun Sharma 1573,Male,65.0,53,2022-03-29,Regular
12745,Kabir Patel 1574,Male,47.0,19,2026-04-12,Regular
12746,Rohan Joshi 1575,Male,61.0,89,2025-10-09,Premium
12747,Rahul Iyer 1576,Male,38.0,73,2024-10-16,Premium
12748,Aman Deshmukh 1577,Male,41.0,77,2022-01-26,Regular
12749,Pallavi Khan,Female,57.0,17,2024-04-08,VIP
12750,Kunal Arora 1578,Male,52.0,71,2025-12-08,Regular
12751,Aanya Sharma 1300,Female,27.0,84,2022-02-06,Regular
12752,Nikhil Singh 1579,Male,43.0,18,2025-06-20,Regular
12753,Vivek Malhotra 1580,Male,28.0,76,2025-09-05,Regular
12754,Ritvik Saxena 1581,Male,54.0,36,2022-05-02,Premium
12755,Ananya Patel 1301,Female,19.0,79,2023-01-04,Regular
12756,Aditi Joshi 1302,Female,57.0,48,2025-03-03,Premium
12757,Yash Das 1582,Male,62.0,81,2025-12-29,Regular
12758,Sahil Rao 1583,Male,19.0,15,2025-05-18,Regular
12759,Varun Tiwari 1584,Male,48.0,39,2024-04-21,Regular
12760,Diya Iyer 1303,Female,21.0,28,2024-08-21,Regular
12761,Manish Kumar 1585,Male,35.0,25,2024-04-19,VIP
12762,Isha Deshmukh 1304,Female,34.0,31,2024-07-13,Premium
12763,Ankit Bansal 1586,Male,42.0,39,2025-05-17,Premium
12764,Rajat Yadav 1587,Male,62.0,13,2022-03-21,Premium
12765,Priya Arora 1305,Female,40.0,71,2022-12-02,Regular
12766,Mohit Chatterjee 1588,Male,37.0,56,2022-04-06,Regular
12767,Akash Khan 1589,Male,22.0,83,2025-06-28,Regular
12768,Neha Singh 1306,Female,60.0,71,2025-03-09,Premium
12769,Harsh Pandey 1590,Male,33.0,15,2022-03-26,Regular
12770,Dev Jain 1591,Male,40.0,7,2022-06-18,Regular
12771,Ayush Mishra 1592,Male,22.0,43,2023-02-28,Regular
12772,Dhruv Nair 1593,Male,31.0,49,2023-01-22,Regular
12773,Riya Malhotra 1307,Female,44.0,25,2024-04-10,Regular
12774,Ishaan Kulkarni 1594,Male,61.0,79,2024-03-09,Regular
12775,Sneha Saxena 1308,Female,33.0,59,2023-07-27,Regular
12776,Kavya Das 1309,Female,44.0,75,2022-09-20,Regular
12777,Meera Rao 1310,Female,60.0,11,2024-11-04,Premium
12778,Isha Deshmukh,Female,35.0,82,2025-06-17,Premium
12779,Nisha Tiwari 1311,Female,32.0,21,2024-10-21,Regular
12780,Pooja Kumar 1312,Female,20.0,45,2025-07-15,Premium
12781,Rishi Sethi 1595,Male,61.0,44,2026-01-02,Premium
12782,Abhishek Verma 1596,Male,23.0,83,2025-09-09,Regular
12783,Simran Bansal 1313,Female,28.0,28,2024-11-08,Premium
12784,Siddharth Shah 1597,Male,24.0,25,2022-03-21,Premium
12785,Shreya Yadav 1314,Female,51.0,34,2023-06-20,Regular
12786,Pranav Chauhan 1598,Male,35.0,37,2023-11-16,Regular
12787,Tanya Chatterjee 1315,Female,51.0,19,2025-02-14,Regular
12788,Karan Menon 1599,Male,47.0,18,2025-09-17,Regular
12789,Avni Khan 1316,Female,18.0,24,2024-10-21,VIP
12790,Aarav Rao 1600,Male,32.0,47,2023-08-05,Regular
12791,Vihaan Tiwari 1601,Male,18.0,35,2025-06-14,Regular
12792,Mahi Pandey 1317,Female,21.0,40,2025-01-18,VIP
12793,Radhika Jain 1318,Female,40.0,72,2025-06-30,Premium
12794,Sakshi Mishra 1319,Female,30.0,25,2024-07-31,Regular
12795,Muskan Nair 1320,Female,22.0,91,2024-10-31,Premium
12796,Aditya Kumar 1602,Male,37.0,76,2023-07-10,Regular
12797,Palak Kulkarni 1321,Female,39.0,18,2023-10-02,Regular
12798,Arjun Bansal 1603,Male,65.0,32,2023-03-19,Regular
12799,Ishita Sethi 1322,Female,49.0,19,2023-02-15,Premium
12800,Kabir Yadav 1604,Male,36.0,28,2024-11-10,Regular
12801,Rohan Chatterjee 1605,Male,40.0,37,2023-09-06,Regular
12802,Nandini Verma 1323,Female,22.0,14,2022-08-02,Regular
12803,Anushka Shah 1324,Female,36.0,2,2022-02-26,Premium
12804,Rahul Khan 1606,Male,NULL,44,2025-10-08,Regular
12805,Shruti Chauhan 1325,Female,19.0,71,2023-11-28,Regular
12806,Payal Menon 1326,Female,62.0,31,2024-07-11,VIP
12807,Aman Pandey 1607,Male,42.0,87,2025-12-18,Premium
12808,Komal Pillai 1327,Female,55.0,37,2022-06-28,Regular
12809,Kunal Jain 1608,Male,31.0,91,2026-02-08,Regular
12810,Nikhil Mishra 1609,Male,58.0,24,2025-01-30,Regular
12811,Tanvi Khanna 1328,Female,35.0,54,2024-10-21,Regular
12812,Vivek Nair 1610,Male,62.0,77,2023-11-21,Regular
12813,Ritvik Kulkarni 1611,Male,43.0,6,2025-02-03,Premium
12814,Pallavi Gupta 1329,Female,48.0,94,2022-11-23,Regular
12815,Yash Sethi 1612,Male,27.0,37,2023-04-29,Premium
12816,Aanya Bansal 1330,Female,65.0,50,2026-03-18,Regular
12817,Ananya Yadav 1331,Female,27.0,63,2023-03-18,Premium
12818,Sahil Verma 1613,Male,19.0,65,2025-02-25,Regular
12819,Varun Shah 1614,Male,39.0,3,2026-01-28,Regular
12820,Manish Chauhan 1615,Male,58.0,87,2024-08-06,Regular
12821,Aditi Chatterjee 1332,Female,62.0,63,2023-04-22,Regular
12822,Ankit Menon 1616,Male,59.0,100,2025-09-20,Regular
12823,Diya Khan 1333,Female,44.0,48,2025-08-14,Regular
12824,Rajat Pillai 1617,Male,62.0,62,2024-05-20,Premium
12825,Isha Pandey 1334,Female,41.0,45,2022-07-03,Regular
12826,Mohit Khanna 1618,Male,40.0,89,2023-12-08,Regular
12827,Akash Gupta 1619,Male,26.0,84,2023-11-22,Regular
12828,Harsh Agarwal 1620,Male,55.0,91,2022-10-31,Premium
12829,Priya Jain 1335,Female,33.0,51,2023-10-06,Regular
12830,Aarav Shah,Other,27.0,80,2022-09-03,Regular
12831,Dev Sinha 1621,Male,35.0,36,2025-01-13,Regular
12832,Ayush Roy 1622,Male,46.0,47,2023-11-23,Regular
12833,Dhruv Naidu 1623,Male,30.0,77,2025-03-14,Regular
12834,Ishaan Tripathi 1624,Male,35.0,9,2023-12-31,Regular
12835,Neha Mishra 1336,Female,33.0,72,2025-02-16,Regular
12836,Riya Nair 1337,Female,46.0,2,2025-03-19,Premium
12837,Sneha Kulkarni 1338,Female,52.0,59,2022-09-14,Regular
12838,Rishi Mehta 1625,Male,50.0,48,2023-12-09,Regular
12839,Abhishek Kapoor 1626,Male,24.0,47,2025-04-14,Regular
12840,Kavya Sethi 1339,Female,34.0,50,2024-08-07,Premium
12841,Siddharth Reddy 1627,Male,49.0,50,2022-12-21,Premium
12842,Meera Verma 1340,Female,28.0,41,2025-08-25,Regular
12843,Pranav Ghosh 1628,Male,21.0,46,2022-11-16,Premium
12844,Karan Ansari 1629,Male,33.0,57,2026-05-09,Regular
12845,Nisha Shah 1341,Female,50.0,77,2025-02-04,Regular
12846,Aarav Verma 1630,Male,49.0,56,2023-06-01,Regular
12847,Pooja Chauhan 1342,Female,24.0,65,2022-11-08,Premium
12848,Vihaan Shah 1631,Male,50.0,84,2025-12-14,Regular
12849,Aditya Chauhan 1632,Male,27.0,99,2024-04-17,Regular
12850,Arjun Menon 1633,Male,53.0,11,2025-07-13,Regular
12851,Kabir Pillai 1634,Male,45.0,72,2025-08-23,Regular
12852,Rohan Khanna 1635,Male,24.0,23,2022-04-19,VIP
12853,Rahul Gupta 1636,Male,34.0,20,2024-12-30,Regular
12854,Simran Menon 1343,Female,57.0,80,2023-06-19,VIP
12855,Shreya Pillai 1344,Female,38.0,7,2025-12-23,Regular
12856,Aman Agarwal 1637,Male,51.0,85,2022-12-17,Premium
12857,Kunal Sinha 1638,Male,53.0,78,2022-02-23,Premium
12858,Nikhil Roy 1639,Male,19.0,100,2024-11-29,Premium
12859,Tanya Khanna 1345,Female,62.0,67,2024-06-02,Regular
12860,Avni Gupta 1346,Female,34.0,88,2024-06-07,Regular
12861,Vivek Naidu 1640,Male,56.0,12,2023-02-26,Regular
12862,Mahi Agarwal 1347,Female,40.0,89,2024-03-02,Regular
12863,Ritvik Tripathi 1641,Male,45.0,17,2026-03-23,VIP
12864,Yash Mehta 1642,Male,35.0,32,2025-05-06,Regular
12865,Sahil Kapoor 1643,Male,58.0,13,2026-04-25,Regular
12866,Anvi Chauhan,Other,23.0,41,2023-06-18,Regular
12867,Varun Reddy 1644,Male,61.0,75,2025-10-24,Regular
12868,Manish Ghosh 1645,Male,27.0,27,2023-09-05,Regular
12869,Ankit Ansari 1646,Male,60.0,83,2026-02-06,Regular
12870,Radhika Sinha 1348,Female,19.0,61,2025-10-17,Premium
12871,Rajat Sharma 1647,Male,18.0,63,2022-09-21,Regular
12872,Mohit Patel 1648,Male,22.0,94,2026-04-05,Regular
12873,Akash Joshi 1649,Male,44.0,44,2024-08-29,Regular
12874,Sakshi Roy 1349,Female,30.0,35,2025-05-27,Regular
12875,Harsh Iyer 1650,Male,46.0,100,2024-07-15,Regular
12876,Muskan Naidu 1350,Female,57.0,56,2022-12-14,Regular
12877,Dev Deshmukh 1651,Male,19.0,62,2026-04-25,Regular
12878,Ayush Arora 1652,Male,43.0,30,2022-06-30,Premium
12879,Palak Tripathi 1351,Female,53.0,22,2025-07-18,Regular
12880,Ishita Mehta 1352,Female,38.0,17,2022-12-01,Regular
12881,Dhruv Singh 1653,Male,62.0,23,2025-06-11,VIP
12882,Nandini Kapoor 1353,Female,49.0,20,2023-11-08,VIP
12883,Ishaan Malhotra 1654,Male,19.0,75,2023-01-14,Regular
12884,Rishi Saxena 1655,Male,43.0,6,2023-01-14,VIP
12885,Anushka Reddy 1354,Female,36.0,63,2023-05-27,Premium
12886,Shruti Ghosh 1355,Female,24.0,95,2025-12-12,Regular
12887,Abhishek Das 1656,Male,63.0,77,2025-05-16,Regular
12888,Payal Ansari 1356,Female,28.0,41,2024-12-09,Regular
12889,Siddharth Rao 1657,Male,22.0,6,2024-10-04,Regular
12890,Pranav Tiwari 1658,Male,28.0,84,2023-10-29,VIP
12891,Komal Sharma 1357,Female,57.0,1,2025-12-13,Regular
12892,Tanvi Patel 1358,Female,46.0,69,2023-03-15,Regular
12893,Pallavi Joshi 1359,Female,57.0,68,2026-02-17,Regular
12894,Aanya Menon 1360,Female,40.0,20,2023-09-02,Regular
12895,Ananya Pillai 1361,Female,23.0,74,2023-07-01,Premium
12896,Karan Kumar 1659,Male,36.0,18,2024-02-01,Regular
12897,Aditi Khanna 1362,Female,27.0,23,2025-04-12,Regular
12898,Diya Gupta 1363,Female,44.0,82,2025-02-16,Regular
12899,Isha Agarwal 1364,Female,30.0,98,2025-05-11,Premium
12900,Aarav Kapoor 1660,Male,64.0,27,2022-05-23,Premium
12901,Vihaan Reddy 1661,Male,36.0,93,2022-09-15,Premium
12902,Aditya Ghosh 1662,Male,33.0,92,2025-09-20,Regular
12903,Arjun Ansari 1663,Male,65.0,77,2026-04-19,Regular
12904,Kabir Sharma 1664,Male,42.0,15,2022-07-24,Regular
12905,Priya Sinha 1365,Female,26.0,30,2025-12-17,Premium
12906,Neha Roy 1366,Female,41.0,68,2023-02-24,Regular
12907,Kunal Saxena,Male,30.0,100,2026-04-16,Premium
12908,Rohan Patel 1665,Male,52.0,82,2026-05-09,Regular
12909,Riya Naidu 1367,Female,45.0,43,2024-10-16,Regular
12910,Rahul Joshi 1666,Male,53.0,24,2022-11-01,VIP
12911,Sneha Tripathi 1368,Female,63.0,97,2025-06-15,Regular
12912,Aman Iyer 1667,Male,52.0,28,2022-06-11,Premium
12913,Kunal Deshmukh 1668,Male,34.0,35,2023-06-19,Regular
12914,Nikhil Arora 1669,Male,27.0,97,2024-10-18,Premium
12915,Kavya Mehta 1369,Female,43.0,57,2022-04-19,Regular
12916,Vivek Singh 1670,Male,39.0,27,2023-09-22,Premium
12917,Meera Kapoor 1370,Female,33.0,1,2025-06-29,Premium
12918,Ritvik Malhotra 1671,Male,56.0,43,2022-05-27,Regular
12919,Yash Saxena 1672,Male,61.0,99,2023-08-10,Regular
12920,Nisha Reddy 1371,Female,36.0,44,2022-01-06,Regular
12921,Sahil Das 1673,Male,50.0,70,2024-11-19,Regular
12922,Varun Rao 1674,Male,65.0,26,2022-05-07,VIP
12923,Manish Tiwari 1675,Male,18.0,78,2023-03-26,Regular
12924,Pooja Ghosh 1372,Female,35.0,78,2024-04-16,Premium
12925,Ankit Kumar 1676,Male,53.0,61,2022-12-10,Regular
12926,Rajat Bansal 1677,Male,41.0,78,2023-01-05,Regular
12927,Kiran Das,Other,56.0,58,2025-08-28,VIP
12928,Simran Ansari 1373,Female,40.0,38,2025-05-29,Regular
12929,Shreya Sharma 1374,Female,21.0,74,2022-05-10,Regular
12930,Tanya Patel 1375,Female,38.0,84,2025-10-04,Regular
12931,Avni Joshi 1376,Female,37.0,85,2024-01-20,Regular
12932,Mohit Yadav 1678,Male,58.0,22,2022-08-20,Regular
12933,Akash Chatterjee 1679,Male,25.0,68,2025-12-21,Premium
12934,Mahi Iyer 1377,Female,25.0,1,2023-06-24,Regular
12935,Radhika Deshmukh 1378,Female,24.0,58,2023-06-06,Premium
12936,Sakshi Arora 1379,Female,45.0,58,2022-08-23,Regular
12937,Muskan Singh 1380,Female,65.0,37,2025-11-19,Regular
12938,Harsh Khan 1680,Male,47.0,100,2023-04-04,Regular
12939,Dev Pandey 1681,Male,57.0,89,2024-08-05,Regular
12940,Palak Malhotra 1381,Female,58.0,4,2023-01-18,Premium
12941,Ayush Jain 1682,Male,46.0,21,2025-12-03,Regular
12942,Ishita Saxena 1382,Female,47.0,21,2025-06-12,Regular
12943,Nandini Das 1383,Female,29.0,90,2024-03-15,Regular
12944,Dhruv Mishra 1683,Male,64.0,52,2023-07-07,Regular
12945,Anushka Rao 1384,Female,55.0,73,2024-11-14,Regular
12946,Shruti Tiwari 1385,Female,59.0,81,2024-03-03,Regular
12947,Payal Kumar 1386,Female,65.0,77,2026-02-14,Regular
12948,Ishaan Nair 1684,Male,34.0,9,2024-12-14,Regular
12949,Komal Bansal 1387,Female,24.0,15,2022-02-13,Premium
12950,Rishi Kulkarni 1685,Male,59.0,40,2025-08-08,Regular
12951,Tanvi Yadav 1388,Female,40.0,34,2022-11-05,Regular
12952,Abhishek Sethi 1686,Male,64.0,75,2023-04-27,Regular
12953,Pallavi Chatterjee 1389,Female,51.0,16,2023-11-29,Premium
12954,Aanya Ansari 1390,Female,30.0,38,2022-12-01,Regular
12955,Ananya Sharma 1391,Female,35.0,24,2026-02-16,Regular
12956,Aditi Patel 1392,Female,47.0,19,2026-04-15,Regular
12957,Siddharth Verma 1687,Male,36.0,18,2022-07-09,Regular
12958,Diya Joshi 1393,Female,31.0,20,2023-05-28,Regular
12959,Pranav Shah 1688,Male,28.0,57,2023-08-17,Regular
12960,Isha Iyer 1394,Female,49.0,42,2024-12-09,Regular
12961,Karan Chauhan 1689,Male,19.0,44,2024-08-14,Regular
12962,Priya Deshmukh 1395,Female,22.0,48,2024-12-20,Regular
12963,Aarav Das 1690,Male,20.0,75,2022-02-19,Regular
12964,Neha Arora 1396,Female,53.0,87,2024-04-02,Regular
12965,Riya Singh 1397,Female,19.0,53,2022-12-04,Regular
12966,Vihaan Rao 1691,Male,38.0,65,2023-01-01,Premium
12967,Aditya Tiwari 1692,Male,23.0,74,2025-05-24,VIP
12968,Sneha Malhotra 1398,Female,46.0,70,2022-08-15,Regular
12969,Kavya Saxena 1399,Female,19.0,14,2022-02-20,Regular
12970,Arjun Kumar 1693,Male,19.0,99,2024-02-19,Regular
12971,Kabir Bansal 1694,Male,37.0,17,2025-03-23,Premium
12972,Rohan Yadav 1695,Male,51.0,42,2024-03-28,Regular
12973,Meera Das 1400,Female,23.0,66,2022-09-16,Regular
12974,Nisha Rao 1401,Female,41.0,41,2025-05-22,Premium
12975,Rahul Chatterjee 1696,Male,56.0,25,2023-09-03,Regular
12976,Pooja Tiwari 1402,Female,48.0,93,2025-02-09,Regular
12977,Simran Kumar 1403,Female,54.0,8,2022-11-20,Regular
12978,Shreya Bansal 1404,Female,33.0,25,2025-12-30,Regular
12979,Aman Khan 1697,Male,63.0,100,2023-03-30,Premium
12980,Nikhil Das,Male,24.0,73,2026-04-03,Regular
12981,Kunal Pandey 1698,Male,47.0,9,2023-08-27,Regular
12982,Nikhil Jain 1699,Male,38.0,76,2025-03-10,Regular
12983,Vivek Mishra 1700,Male,19.0,97,2024-03-14,Regular
12984,Ritvik Nair 1701,Male,63.0,10,2022-05-03,Premium
12985,Yash Kulkarni 1702,Male,51.0,42,2022-06-07,Premium
12986,Tanya Yadav 1405,Female,28.0,47,2023-10-11,Premium
12987,Sahil Sethi 1703,Male,20.0,14,2022-11-05,Premium
12988,Avni Chatterjee 1406,Female,50.0,21,2024-09-01,Regular
12989,Varun Verma 1704,Male,44.0,18,2022-08-09,Regular
12990,Mahi Khan 1407,Female,20.0,19,2024-08-02,Regular
12991,Manish Shah 1705,Male,65.0,41,2022-11-24,Regular
12992,Radhika Pandey 1408,Female,52.0,47,2022-10-18,Regular
12993,Sakshi Jain 1409,Female,40.0,24,2023-08-11,Regular
12994,Ankit Chauhan 1706,Male,29.0,29,2024-07-21,Regular
12995,Muskan Mishra 1410,Female,31.0,20,2023-10-02,Premium
12996,Rajat Menon 1707,Male,39.0,80,2023-07-14,Regular
12997,Palak Nair 1411,Female,20.0,22,2023-06-29,Regular
12998,Mohit Pillai 1708,Male,35.0,91,2023-06-27,Premium
12999,Akash Khanna 1709,Male,28.0,54,2023-10-08,Regular
13000,Harsh Gupta 1710,Male,23.0,81,2025-08-27,Regular
13001,Ishita Kulkarni 1412,Female,24.0,64,2024-07-13,Regular
13002,Dev Agarwal 1711,Male,34.0,27,2023-11-07,Premium
13003,Nandini Sethi 1413,Female,36.0,61,2025-04-14,Premium
13004,Ayush Sinha 1712,Male,34.0,28,2024-04-23,Regular
13005,Dhruv Roy 1713,Male,51.0,12,2026-02-27,Regular
13006,Ishaan Naidu 1714,Male,43.0,26,2024-06-19,Regular
13007,Anushka Verma 1414,Female,27.0,28,2022-12-12,Regular
13008,Shruti Shah 1415,Female,64.0,14,2024-06-19,Premium
13009,Rishi Tripathi 1715,Male,53.0,3,2025-05-22,Regular
13010,Payal Chauhan 1416,Female,40.0,95,2022-12-07,Premium
13011,Abhishek Mehta 1716,Male,20.0,52,2022-11-20,VIP
13012,Siddharth Kapoor 1717,Male,61.0,41,2024-08-17,Regular
13013,Komal Menon 1417,Female,53.0,93,2025-11-16,Premium
13014,Pranav Reddy 1718,Male,40.0,23,2023-06-20,Regular
13015,Karan Ghosh 1719,Male,25.0,41,2024-03-21,Regular
13016,Tanvi Pillai 1418,Female,23.0,85,2024-11-14,Premium
13017,Aarav Sethi 1720,Male,31.0,64,2024-11-27,Premium
13018,Pallavi Khanna 1419,Female,29.0,40,2022-08-22,VIP
13019,Aanya Kumar 1420,Female,28.0,26,2023-09-25,Regular
13020,Priya Arora,Female,37.0,4,2026-05-10,Regular
13021,Ananya Bansal 1421,Female,20.0,9,2025-11-22,Premium
13022,Aditi Yadav 1422,Female,33.0,17,2025-05-20,Regular
13023,Vihaan Verma 1721,Male,59.0,79,2022-02-08,Regular
13024,Diya Chatterjee 1423,Female,59.0,64,2023-10-30,Regular
13025,Aditya Shah 1722,Male,18.0,44,2022-03-23,Regular
13026,Isha Khan 1424,Female,50.0,79,2023-04-28,Regular
13027,Arjun Chauhan 1723,Male,65.0,17,2025-10-15,Premium
13028,Priya Pandey 1425,Female,45.0,22,2023-09-13,Regular
13029,Neha Jain 1426,Female,36.0,40,2022-09-27,Premium
13030,Kabir Menon 1724,Male,41.0,92,2025-02-27,Premium
13031,Riya Mishra 1427,Female,28.0,62,2025-04-29,Regular
13032,Rohan Pillai 1725,Male,37.0,86,2024-11-14,Regular
13033,Rahul Khanna 1726,Male,62.0,25,2025-07-18,Regular
13034,Sneha Nair 1428,Female,47.0,85,2025-01-28,Premium
13035,Aman Gupta 1727,Male,38.0,8,2024-10-12,Regular
13036,Kunal Agarwal 1728,Male,23.0,23,2025-11-23,Regular
13037,Nikhil Sinha 1729,Male,61.0,53,2023-06-03,VIP
13038,Vivek Roy 1730,Male,25.0,6,2024-01-01,Regular
13039,Kavya Kulkarni 1429,Female,52.0,86,2024-06-19,Regular
13040,Meera Sethi 1430,Female,32.0,87,2024-12-07,VIP
13041,Nisha Verma 1431,Female,31.0,55,2024-02-02,Regular
13042,Ritvik Naidu 1731,Male,26.0,31,2023-12-08,Regular
13043,Pooja Shah 1432,Female,36.0,10,2022-09-22,Regular
13044,Simran Chauhan 1433,Female,50.0,62,2024-10-17,Premium
13045,Shreya Menon 1434,Female,37.0,54,2022-07-17,Premium
13046,Yash Tripathi 1732,Male,19.0,76,2024-01-30,Premium
13047,Sahil Mehta 1733,Male,30.0,61,2023-10-17,VIP
13048,Tanya Pillai 1435,Female,25.0,13,2025-05-27,Regular
13049,Avni Khanna 1436,Female,37.0,13,2024-02-02,Regular
13050,Varun Kapoor 1734,Male,61.0,79,2022-01-09,Regular
13051,Mahi Gupta 1437,Female,64.0,16,2024-03-20,Premium
13052,Manish Reddy 1735,Male,65.0,94,2022-12-12,VIP
13053,Ankit Ghosh 1736,Male,23.0,11,2023-09-01,Regular
13054,Radhika Agarwal 1438,Female,41.0,73,2023-04-20,Premium
13055,Sakshi Sinha 1439,Female,20.0,98,2022-09-24,Regular
13056,Rajat Ansari 1737,Male,41.0,45,2026-02-21,Regular
13057,Muskan Roy 1440,Female,45.0,6,2023-02-10,Regular
13058,Palak Naidu 1441,Female,55.0,88,2024-03-22,VIP
13059,Mohit Sharma 1738,Male,34.0,19,2025-08-18,Regular
13060,Ishita Tripathi 1442,Female,19.0,53,2023-08-06,Regular
13061,Nandini Mehta 1443,Female,39.0,99,2026-02-08,VIP
13062,Anushka Kapoor 1444,Female,38.0,75,2023-10-09,Regular
13063,Aman Rao,Other,47.0,5,2026-02-23,Regular
13064,Shruti Reddy 1445,Female,22.0,83,2023-12-24,Premium
13065,Akash Patel 1739,Male,47.0,17,2022-01-24,Regular
13066,Harsh Joshi 1740,Male,37.0,75,2025-10-20,Regular
13067,Payal Ghosh 1446,Female,53.0,63,2025-10-14,Regular
13068,Dev Tiwari,Other,65.0,29,2026-03-20,Premium
13069,Dev Iyer 1741,Male,28.0,43,2022-07-18,Regular
13070,Ayush Deshmukh 1742,Male,54.0,12,2025-09-12,Regular
13071,Komal Ansari 1447,Female,24.0,99,2023-07-01,Premium
13072,Dhruv Arora 1743,Male,65.0,24,2025-09-08,Regular
13073,Ishaan Singh 1744,Male,41.0,31,2026-03-22,Premium
13074,Tanvi Sharma 1448,Female,53.0,51,2022-11-15,Premium
13075,Pallavi Patel 1449,Female,55.0,68,2023-08-17,VIP
13076,Aanya Chauhan 1450,Female,47.0,51,2023-03-06,Regular
13077,Ananya Menon 1451,Female,36.0,51,2023-05-03,Regular
13078,Rishi Malhotra 1745,Male,54.0,59,2024-08-11,Regular
13079,Aditi Pillai 1452,Female,40.0,86,2023-10-22,Premium
13080,Abhishek Saxena 1746,Male,49.0,40,2024-11-15,VIP
13081,Siddharth Das 1747,Male,47.0,84,2024-12-15,Regular
13082,Diya Khanna 1453,Female,40.0,79,2022-11-21,Regular
13083,Isha Gupta 1454,Female,23.0,97,2022-03-12,Regular
13084,Priya Agarwal 1455,Female,32.0,92,2025-04-09,Premium
13085,Pranav Rao 1748,Male,63.0,80,2022-10-18,Premium
13086,Neha Sinha 1456,Female,42.0,25,2022-11-16,Premium
13087,Riya Roy 1457,Female,48.0,78,2024-08-20,Regular
13088,Sneha Naidu 1458,Female,30.0,74,2023-02-25,VIP
13089,Kavya Tripathi 1459,Female,51.0,29,2022-10-31,Regular
13090,Karan Tiwari 1749,Male,41.0,68,2023-05-06,Regular
13091,Meera Mehta 1460,Female,28.0,26,2024-04-16,Regular
13092,Nisha Kapoor 1461,Female,25.0,53,2025-09-15,Regular
13093,Pooja Reddy 1462,Female,36.0,80,2026-05-01,Premium
13094,Simran Ghosh 1463,Female,45.0,19,2025-03-17,Regular
13095,Shreya Ansari 1464,Female,31.0,34,2025-12-09,Regular
13096,Aarav Mehta 1750,Male,29.0,80,2024-04-29,Regular
13097,Vihaan Kapoor 1751,Male,30.0,46,2023-10-16,Regular
13098,Tanya Sharma 1465,Female,32.0,97,2025-08-04,Premium
13099,Avni Patel 1466,Female,53.0,1,2023-04-29,Regular
13100,Mahi Joshi 1467,Female,41.0,73,2025-07-24,Regular
13101,Aditya Reddy 1752,Male,40.0,82,2026-05-17,Regular
13102,Arjun Ghosh 1753,Male,25.0,92,2023-09-16,Premium
13103,Radhika Iyer 1468,Female,44.0,16,2024-10-10,Regular
13104,Sakshi Deshmukh 1469,Female,64.0,99,2025-06-04,Regular
13105,Kabir Ansari 1754,Male,53.0,40,2025-06-07,Regular
13106,Muskan Arora 1470,Female,39.0,36,2022-11-26,Regular
13107,Rohan Sharma 1755,Male,32.0,36,2026-03-21,Regular
13108,Rahul Patel 1756,Male,34.0,64,2024-03-16,Regular
13109,Aman Joshi 1757,Male,19.0,66,2022-03-08,Premium
13110,Kunal Iyer 1758,Male,19.0,48,2022-07-09,Regular
13111,Nikhil Deshmukh 1759,Male,55.0,8,2025-03-10,Regular
13112,Palak Singh 1471,Female,58.0,99,2023-11-14,VIP
13113,Ishita Malhotra 1472,Female,64.0,23,2022-06-22,Regular
13114,Nandini Saxena 1473,Female,48.0,10,2024-04-12,Regular
13115,Vivek Arora 1760,Male,62.0,60,2024-08-17,Regular
13116,Ritvik Singh 1761,Male,37.0,42,2022-05-08,Regular
13117,Yash Malhotra 1762,Male,30.0,62,2023-07-15,Regular
13118,Anushka Das 1474,Female,29.0,88,2024-01-11,Premium
13119,Sahil Saxena 1763,Male,29.0,10,2025-06-02,Regular
13120,Shruti Rao 1475,Female,53.0,29,2024-11-08,Premium
13121,Payal Tiwari 1476,Female,18.0,52,2022-05-20,VIP
13122,Komal Kumar 1477,Female,63.0,79,2024-09-09,Regular
13123,Varun Das 1764,Male,55.0,61,2025-12-15,Regular
13124,Tanvi Bansal 1478,Female,36.0,39,2022-03-28,Regular
13125,Manish Rao 1765,Male,51.0,62,2026-04-28,Regular
13126,Ankit Tiwari 1766,Male,24.0,98,2022-06-02,Premium
13127,Pallavi Yadav 1479,Female,38.0,49,2024-09-23,Regular
13128,Aanya Ghosh 1480,Female,23.0,89,2023-07-17,VIP
13129,Ananya Ansari 1481,Female,23.0,78,2025-03-15,Regular
13130,Rajat Kumar 1767,Male,18.0,31,2025-09-10,Regular
13131,Aryan Kumar,Other,56.0,25,2025-09-24,Regular
13132,Samar Bansal,Other,53.0,78,2025-10-23,Regular
13133,Mohit Bansal 1768,Male,60.0,21,2025-07-30,Regular
13134,Aditi Sharma 1482,Female,65.0,34,2023-05-11,Regular
13135,Akash Yadav 1769,Male,64.0,24,2024-01-15,Regular
13136,Diya Patel 1483,Female,65.0,61,2025-02-24,Regular
13137,Isha Joshi 1484,Female,18.0,30,2022-09-27,VIP
13138,Priya Iyer 1485,Female,55.0,66,2024-07-12,Regular
13139,Neha Deshmukh 1486,Female,52.0,94,2024-04-28,Regular
13140,Harsh Chatterjee 1770,Male,25.0,83,2026-04-23,Premium
13141,Riya Arora 1487,Female,24.0,95,2022-03-21,Premium
13142,Sneha Singh 1488,Female,64.0,3,2022-06-01,Premium
13143,Dev Khan 1771,Male,60.0,46,2022-02-18,VIP
13144,Ayush Pandey 1772,Male,33.0,23,2024-05-26,Regular
13145,Kavya Malhotra 1489,Female,21.0,92,2024-05-31,Regular
13146,Meera Saxena 1490,Female,34.0,72,2024-08-06,Premium
13147,Dhruv Jain 1773,Male,18.0,33,2023-01-23,Regular
13148,Nisha Das 1491,Female,50.0,57,2023-05-08,Premium
13149,Pooja Rao 1492,Female,36.0,61,2023-10-29,Regular
13150,Ishaan Mishra 1774,Male,20.0,50,2022-03-17,Premium
13151,Rishi Nair 1775,Male,65.0,48,2025-04-18,Premium
13152,Simran Tiwari 1493,Female,57.0,6,2022-03-25,Regular
13153,Shreya Kumar 1494,Female,61.0,46,2024-12-03,Regular
13154,Tanya Bansal 1495,Female,65.0,35,2023-12-27,VIP
13155,Abhishek Kulkarni 1776,Male,18.0,82,2026-05-18,Premium
13156,Avni Yadav 1496,Female,55.0,87,2025-01-12,Premium
13157,Mahi Chatterjee 1497,Female,55.0,76,2024-01-31,Premium
13158,Radhika Khan 1498,Female,55.0,4,2025-01-25,Regular
13159,Siddharth Sethi 1777,Male,30.0,85,2022-07-07,Regular
13160,Sakshi Pandey 1499,Female,36.0,40,2022-10-17,Regular
13161,Pranav Verma 1778,Male,62.0,42,2024-03-09,Regular
13162,Karan Shah 1779,Male,21.0,95,2025-10-04,Regular
13163,Muskan Jain 1500,Female,48.0,87,2025-08-05,Regular
13164,Palak Mishra 1501,Female,56.0,6,2023-08-27,VIP
13165,Ishita Nair 1502,Female,56.0,36,2023-03-30,Regular
13166,Nandini Kulkarni 1503,Female,46.0,75,2026-03-23,Premium
13167,Aarav Saxena 1780,Male,54.0,54,2024-06-23,Regular
13168,Vihaan Das 1781,Male,61.0,26,2022-07-09,Regular
13169,Aditya Rao 1782,Male,54.0,53,2022-12-26,Regular
13170,Arjun Tiwari 1783,Male,23.0,87,2025-08-31,Premium
13171,Anushka Sethi 1504,Female,29.0,23,2025-12-08,Premium
13172,Shruti Verma 1505,Female,32.0,75,2025-12-24,Regular
13173,Payal Shah 1506,Female,34.0,74,2022-01-12,Regular
13174,Kabir Kumar 1784,Male,35.0,89,2025-08-09,Regular
13175,Rohan Bansal 1785,Male,28.0,30,2022-06-29,Regular
13176,Rahul Yadav 1786,Male,50.0,22,2025-07-18,Regular
13177,Komal Chauhan 1507,Female,23.0,55,2025-11-11,Regular
13178,Aman Chatterjee 1787,Male,55.0,54,2023-08-02,Premium
13179,Tanvi Menon 1508,Female,49.0,41,2022-11-06,Premium
13180,Pallavi Pillai 1509,Female,64.0,78,2025-02-15,Regular
13181,Aanya Tiwari 1510,Female,18.0,80,2022-04-20,Premium
13182,Kunal Khan 1788,Male,32.0,25,2024-07-15,Regular
13183,Nikhil Pandey 1789,Male,61.0,80,2023-06-15,VIP
13184,Ananya Kumar 1511,Female,41.0,24,2023-11-11,Regular
13185,Aditi Bansal 1512,Female,44.0,41,2025-08-14,Regular
13186,Vivek Jain 1790,Male,19.0,3,2026-05-08,Premium
13187,Diya Yadav 1513,Female,54.0,35,2023-10-06,Regular
13188,Ritvik Mishra 1791,Male,30.0,96,2023-04-10,Premium
13189,Yash Nair 1792,Male,64.0,45,2025-08-28,VIP
13190,Sahil Kulkarni 1793,Male,35.0,72,2023-10-24,Premium
13191,Varun Sethi 1794,Male,27.0,11,2022-11-16,Regular
13192,Manish Verma 1795,Male,46.0,64,2025-12-15,Regular
13193,Ankit Shah 1796,Male,40.0,38,2026-05-06,Regular
13194,Isha Chatterjee 1514,Female,40.0,75,2023-04-08,Regular
13195,Rajat Chauhan 1797,Male,63.0,93,2022-09-10,Premium
13196,Priya Khan 1515,Female,35.0,54,2022-09-02,Regular
13197,Neha Pandey 1516,Female,37.0,11,2024-08-15,Regular
13198,Mohit Menon 1798,Male,47.0,48,2023-05-11,Regular
13199,Akash Pillai 1799,Male,26.0,13,2024-09-23,VIP
13200,Riya Jain 1517,Female,57.0,45,2025-04-29,VIP
13201,Reyansh Yadav,Other,29.0,7,2022-01-10,Regular
13202,Sneha Mishra 1518,Female,29.0,65,2025-10-07,Regular
13203,Harsh Khanna 1800,Male,18.0,32,2022-02-16,Premium
13204,Dev Gupta 1801,Male,34.0,21,2022-07-03,Regular
13205,Ayush Agarwal 1802,Male,45.0,2,2025-03-05,VIP
13206,Kavya Nair 1519,Female,51.0,89,2024-09-21,Premium
13207,Meera Kulkarni 1520,Female,61.0,84,2026-04-15,Premium
13208,Dhruv Sinha 1803,Male,NULL,82,2024-06-26,Regular
13209,Nisha Sethi 1521,Female,33.0,6,2023-10-30,Premium
13210,Ishaan Roy 1804,Male,57.0,35,2024-12-06,VIP
13211,Pooja Verma 1522,Female,27.0,98,2025-05-04,Regular
13212,Rishi Naidu 1805,Male,28.0,58,2024-12-09,Premium
13213,Simran Shah 1523,Female,35.0,13,2023-08-16,Regular
13214,Shreya Chauhan 1524,Female,43.0,15,2026-03-16,VIP
13215,Tanya Menon 1525,Female,27.0,27,2023-04-28,Regular
13216,Abhishek Tripathi 1806,Male,61.0,98,2023-07-09,Regular
13217,Avni Pillai 1526,Female,30.0,17,2023-03-21,Regular
13218,Mahi Khanna 1527,Female,36.0,91,2023-04-25,Regular
13219,Siddharth Mehta 1807,Male,47.0,68,2022-12-07,Regular
13220,Pranav Kapoor 1808,Male,38.0,93,2024-07-18,Premium
13221,Radhika Gupta 1528,Female,37.0,83,2025-03-12,Regular
13222,Karan Reddy 1809,Male,65.0,34,2023-11-19,VIP
13223,Aarav Kulkarni 1810,Male,38.0,83,2026-01-16,Regular
13224,Vihaan Sethi 1811,Male,23.0,17,2024-01-29,Regular
13225,Aditya Verma 1812,Male,53.0,30,2024-01-18,VIP
13226,Arjun Shah 1813,Male,51.0,22,2022-04-21,Regular
13227,Sakshi Agarwal 1529,Female,28.0,14,2025-12-16,Premium
13228,Kabir Chauhan 1814,Male,58.0,10,2022-08-26,VIP
13229,Muskan Sinha 1530,Female,36.0,19,2022-09-21,Regular
13230,Rohan Menon 1815,Male,25.0,13,2026-02-05,Premium
13231,Rahul Pillai 1816,Male,26.0,39,2024-04-11,Regular
13232,Aman Khanna 1817,Male,52.0,8,2022-04-20,Regular
13233,Palak Roy 1531,Female,28.0,7,2023-12-08,Regular
13234,Ishita Naidu 1532,Female,40.0,99,2024-08-02,Premium
13235,Kunal Gupta 1818,Male,53.0,9,2022-01-17,Regular
13236,Nikhil Agarwal 1819,Male,58.0,8,2025-04-22,Regular
13237,Vivek Sinha 1820,Male,41.0,4,2024-12-05,VIP
13238,Ritvik Roy 1821,Male,61.0,14,2022-01-19,Regular
13239,Nandini Tripathi 1533,Female,32.0,53,2024-09-16,VIP
13240,Yash Naidu 1822,Male,59.0,83,2022-12-23,Regular
13241,Anushka Mehta 1534,Female,30.0,74,2025-03-21,Regular
13242,Shruti Kapoor 1535,Female,21.0,59,2023-08-27,Regular
13243,Sahil Tripathi 1823,Male,52.0,9,2022-11-20,Regular
13244,Payal Reddy 1536,Female,54.0,78,2024-03-21,Premium
13245,Varun Mehta 1824,Male,62.0,4,2023-12-10,Premium
13246,Komal Ghosh 1537,Female,62.0,64,2023-07-01,Premium
13247,Manish Kapoor 1825,Male,22.0,41,2025-11-06,Regular
13248,Tanvi Ansari 1538,Female,47.0,89,2024-11-04,Regular
13249,Pallavi Sharma 1539,Female,51.0,31,2024-02-19,Regular
13250,Ankit Reddy 1826,Male,46.0,64,2022-12-29,Regular
13251,Aanya Shah 1540,Female,18.0,44,2024-06-28,Regular
13252,Rajat Ghosh 1827,Male,20.0,53,2022-02-10,Regular
13253,Mohit Ansari 1828,Male,50.0,94,2025-11-16,Premium
13254,Ananya Chauhan 1541,Female,59.0,72,2022-01-03,VIP
13255,Akash Sharma 1829,Male,26.0,42,2025-01-23,Premium
13256,Aditi Menon 1542,Female,20.0,45,2023-07-07,Regular
13257,Diya Pillai 1543,Female,37.0,71,2025-02-24,Regular
13258,Isha Khanna 1544,Female,33.0,35,2023-08-02,Regular
13259,Harsh Patel 1830,Male,65.0,17,2022-02-11,Regular
13260,Dev Joshi 1831,Male,62.0,47,2026-02-26,Regular
13261,Priya Gupta 1545,Female,44.0,7,2025-05-10,VIP
13262,Ayush Iyer 1832,Male,63.0,17,2022-03-13,Regular
13263,Neha Agarwal 1546,Female,28.0,43,2022-02-22,Regular
13264,Dhruv Deshmukh 1833,Male,65.0,80,2024-04-28,Regular
13265,Ishaan Arora 1834,Male,39.0,79,2026-03-11,VIP
13266,Riya Sinha 1547,Female,40.0,27,2024-07-13,Regular
13267,Sneha Roy 1548,Female,20.0,43,2022-01-18,Premium
13268,Kavya Naidu 1549,Female,26.0,16,2025-01-23,Regular
13269,Meera Tripathi 1550,Female,27.0,76,2023-11-16,Regular
13270,Rishi Singh 1835,Male,41.0,25,2024-10-18,Premium
13271,Abhishek Malhotra 1836,Male,27.0,80,2023-07-15,Regular
13272,Siddharth Saxena 1837,Male,22.0,85,2022-01-14,Premium
13273,Nisha Mehta 1551,Female,47.0,69,2022-01-30,Regular
13274,Pranav Das 1838,Male,59.0,34,2024-10-07,Regular
13275,Pooja Kapoor 1552,Female,21.0,96,2024-10-13,Regular
13276,Karan Rao 1839,Male,44.0,69,2023-05-31,Premium
13277,Simran Reddy 1553,Female,64.0,65,2022-05-12,Premium
13278,Shreya Ghosh 1554,Female,37.0,86,2025-05-21,Premium
13279,Tanya Ansari 1555,Female,26.0,89,2022-08-30,Regular
13280,Aarav Tripathi 1840,Male,21.0,8,2022-10-29,Regular
13281,Navya Chatterjee,Other,62.0,89,2023-12-25,Regular
13282,Vihaan Mehta 1841,Male,37.0,77,2025-02-19,Regular
13283,Aditya Kapoor 1842,Male,23.0,21,2026-05-12,Regular
13284,Arjun Reddy 1843,Male,59.0,31,2024-09-27,VIP
13285,Kabir Ghosh 1844,Male,56.0,76,2026-03-17,Regular
13286,Avni Sharma 1556,Female,51.0,22,2024-11-09,Regular
13287,Rohan Ansari 1845,Male,22.0,46,2025-09-18,Premium
13288,Rahul Sharma 1846,Male,21.0,69,2022-10-09,Regular
13289,Mahi Patel 1557,Female,28.0,66,2022-04-01,Premium
13290,Radhika Joshi 1558,Female,25.0,91,2024-12-06,Regular
13291,Sakshi Iyer 1559,Female,43.0,12,2026-04-10,Regular
13292,Muskan Deshmukh 1560,Female,36.0,30,2025-03-25,Regular
13293,Aman Patel 1847,Male,54.0,99,2023-07-04,Regular
13294,Palak Arora 1561,Female,22.0,57,2024-02-23,Premium
13295,Kunal Joshi 1848,Male,52.0,25,2022-06-29,Regular
13296,Nikhil Iyer 1849,Male,62.0,29,2023-06-29,Regular
13297,Vivek Deshmukh 1850,Male,24.0,34,2024-12-28,Regular
13298,Ishita Singh 1562,Female,49.0,56,2022-09-24,Regular
13299,Ritvik Arora 1851,Male,42.0,29,2024-02-10,Regular
13300,Nandini Malhotra 1563,Female,22.0,63,2023-04-09,Premium
13301,Yash Singh 1852,Male,32.0,45,2024-02-25,Regular
13302,Sahil Malhotra 1853,Male,55.0,62,2025-05-07,Regular
13303,Varun Saxena 1854,Male,59.0,16,2025-11-16,Regular
13304,Manish Das 1855,Male,35.0,63,2023-10-18,Regular
13305,Ankit Rao 1856,Male,23.0,93,2025-08-16,Regular
13306,Anushka Saxena 1564,Female,29.0,14,2025-01-29,Premium
13307,Shruti Das 1565,Female,58.0,33,2026-01-14,Premium
13308,Rajat Tiwari 1857,Male,45.0,70,2025-03-30,Regular
13309,Payal Rao 1566,Female,38.0,62,2024-05-31,Regular
13310,Mohit Kumar 1858,Male,18.0,68,2024-12-14,Regular
13311,Akash Bansal 1859,Male,55.0,56,2023-05-24,Premium
13312,Harsh Yadav 1860,Male,40.0,69,2024-12-13,Regular
13313,Dev Chatterjee 1861,Male,44.0,61,2025-02-08,Regular
13314,Ayush Khan 1862,Male,58.0,8,2024-09-04,VIP
13315,Komal Tiwari 1567,Female,44.0,76,2022-06-14,Regular
13316,Dhruv Pandey 1863,Male,62.0,45,2024-04-09,Premium
13317,Tanvi Kumar 1568,Female,44.0,6,2025-02-11,Regular
13318,Ishaan Jain 1864,Male,34.0,41,2022-11-13,Regular
13319,Pallavi Bansal 1569,Female,62.0,44,2025-06-13,Regular
13320,Aanya Reddy 1570,Female,48.0,9,2025-09-10,Regular
13321,Rishi Mishra 1865,Male,54.0,100,2024-05-11,Regular
13322,Abhishek Nair 1866,Male,28.0,23,2026-03-23,Premium
13323,Ananya Ghosh 1571,Female,50.0,34,2025-10-04,Premium
13324,Sana Khan,Other,44.0,45,2024-01-17,Regular
13325,Aditi Ansari 1572,Female,23.0,84,2025-11-15,Regular
13326,Siddharth Kulkarni 1867,Male,30.0,75,2026-02-02,Regular
13327,Diya Sharma 1573,Female,61.0,78,2022-06-23,Regular
13328,Pranav Sethi 1868,Male,45.0,24,2026-05-16,Premium
13329,Karan Verma 1869,Male,55.0,85,2022-01-08,Regular
13330,Isha Patel 1574,Female,26.0,83,2024-02-17,VIP
13331,Aarav Malhotra 1870,Male,28.0,47,2026-02-09,Regular
13332,Priya Joshi 1575,Female,63.0,55,2025-03-04,Regular
13333,Neha Iyer 1576,Female,38.0,4,2023-03-03,Premium
13334,Vihaan Saxena 1871,Male,60.0,77,2024-10-27,Regular
13335,Riya Deshmukh 1577,Female,56.0,97,2022-12-10,Regular
13336,Aditya Das 1872,Male,34.0,48,2023-01-15,Regular
13337,Arjun Rao 1873,Male,63.0,55,2025-12-29,Premium
13338,Kabir Tiwari 1874,Male,55.0,50,2022-03-17,Regular
13339,Sneha Arora 1578,Female,24.0,9,2026-03-20,Regular
13340,Rohan Kumar 1875,Male,22.0,62,2023-12-27,Regular
13341,Rahul Bansal 1876,Male,24.0,73,2022-04-14,Regular
13342,Kavya Singh 1579,Female,53.0,93,2025-06-13,VIP
13343,Meera Malhotra 1580,Female,24.0,93,2022-03-19,Regular
13344,Nisha Saxena 1581,Female,31.0,50,2023-06-05,Regular
13345,Pooja Das 1582,Female,38.0,96,2023-01-21,Regular
13346,Aman Yadav 1877,Male,24.0,53,2025-06-09,Regular
13347,Simran Rao 1583,Female,33.0,65,2023-09-27,VIP
13348,Shreya Tiwari 1584,Female,50.0,61,2024-11-13,Regular
13349,Tanya Kumar 1585,Female,64.0,100,2022-04-26,Premium
13350,Avni Bansal 1586,Female,40.0,74,2025-01-17,Regular
13351,Kunal Chatterjee 1878,Male,53.0,13,2025-02-11,Regular
13352,Nikhil Khan 1879,Male,43.0,8,2023-04-03,Regular
13353,Mahi Yadav 1587,Female,40.0,41,2025-11-11,Regular
13354,Vivek Pandey 1880,Male,42.0,52,2024-01-23,Regular
13355,Ritvik Jain 1881,Male,64.0,67,2024-12-03,Regular
13356,Yash Mishra 1882,Male,20.0,49,2022-10-18,VIP
13357,Radhika Chatterjee 1588,Female,42.0,52,2026-02-01,Premium
13358,Sakshi Khan 1589,Female,20.0,93,2023-01-30,Regular
13359,Muskan Pandey 1590,Female,60.0,34,2024-09-28,Regular
13360,Palak Jain 1591,Female,46.0,50,2022-05-24,Premium
13361,Ishita Mishra 1592,Female,20.0,56,2022-03-13,Regular
13362,Nandini Nair 1593,Female,47.0,47,2022-07-22,Regular
13363,Sahil Nair 1883,Male,38.0,97,2026-02-17,Premium
13364,Anushka Kulkarni 1594,Female,20.0,97,2022-12-03,Regular
13365,Varun Kulkarni 1884,Male,64.0,52,2025-11-08,Regular
13366,Manish Sethi 1885,Male,36.0,46,2024-07-17,Regular
13367,Ankit Verma 1886,Male,19.0,59,2022-05-22,Regular
13368,Shruti Sethi 1595,Female,47.0,19,2023-12-07,Premium
13369,Payal Verma 1596,Female,36.0,43,2024-02-06,Premium
13370,Komal Shah 1597,Female,49.0,22,2023-03-04,VIP
13371,Tanvi Chauhan 1598,Female,25.0,15,2024-08-24,Regular
13372,Pallavi Menon 1599,Female,57.0,10,2025-10-09,Premium
13373,Rajat Shah 1887,Male,38.0,59,2025-11-14,VIP
13374,Aanya Rao 1600,Female,38.0,1,2024-04-20,Regular
13375,Ananya Tiwari 1601,Female,56.0,65,2025-11-30,VIP
13376,Aditi Kumar 1602,Female,44.0,44,2026-01-16,VIP
13377,Mohit Chauhan 1888,Male,18.0,37,2022-05-21,Premium
13378,Akash Menon 1889,Male,45.0,77,2024-10-12,VIP
13379,Diya Bansal 1603,Female,49.0,54,2025-05-22,Regular
13380,Harsh Pillai 1890,Male,32.0,74,2022-01-26,Regular
13381,Dev Khanna 1891,Male,26.0,71,2024-08-23,Premium
13382,Ayush Gupta 1892,Male,20.0,4,2026-01-01,Premium
13383,Dhruv Agarwal 1893,Male,58.0,22,2023-03-06,Regular
13384,Ishaan Sinha 1894,Male,18.0,57,2025-10-03,Regular
13385,Riya Pandey,Other,46.0,98,2026-02-03,Regular
13386,Isha Yadav 1604,Female,58.0,16,2024-10-13,Premium
13387,Priya Chatterjee 1605,Female,34.0,11,2024-10-04,Regular
13388,Rishi Roy 1895,Male,27.0,95,2024-05-05,Regular
13389,Abhishek Naidu 1896,Male,52.0,97,2023-10-17,Regular
13390,Siddharth Tripathi 1897,Male,48.0,17,2023-12-26,Regular
13391,Pranav Mehta 1898,Male,18.0,41,2024-04-15,VIP
13392,Karan Kapoor 1899,Male,45.0,63,2024-02-11,Regular
13393,Neha Khan 1606,Female,18.0,20,2025-08-14,Regular
13394,Kriti Jain,Other,37.0,33,2025-05-15,Regular
13395,Riya Pandey 1607,Female,32.0,40,2023-07-11,Premium
13396,Aarav Nair 1900,Male,58.0,65,2024-04-01,Regular
13397,Vihaan Kulkarni 1901,Male,64.0,31,2022-12-11,Regular
13398,Aditya Sethi 1902,Male,51.0,42,2022-10-09,Regular
13399,Arjun Verma 1903,Male,53.0,29,2023-08-14,Premium
13400,Kabir Shah 1904,Male,19.0,76,2022-04-04,Premium
13401,Rohan Chauhan 1905,Male,21.0,16,2025-09-29,Premium
13402,Sneha Jain 1608,Female,55.0,24,2022-07-21,Regular
13403,Kavya Mishra 1609,Female,38.0,25,2023-06-07,VIP
13404,Rahul Menon 1906,Male,42.0,91,2023-02-07,Premium
13405,Aman Pillai 1907,Male,51.0,95,2022-11-27,Regular
13406,Kunal Khanna 1908,Male,34.0,51,2023-08-12,VIP
13407,Nikhil Gupta 1909,Male,50.0,16,2025-02-24,Premium
13408,Meera Nair 1610,Female,52.0,76,2025-11-28,Premium
13409,Nisha Kulkarni 1611,Female,29.0,50,2022-10-29,Premium
13410,Pooja Sethi 1612,Female,50.0,85,2023-01-18,Regular
13411,Simran Verma 1613,Female,26.0,36,2024-01-22,Regular
13412,Vivek Agarwal 1910,Male,32.0,100,2023-05-27,Regular
13413,Ritvik Sinha 1911,Male,55.0,81,2025-07-03,Regular
13414,Yash Roy 1912,Male,65.0,23,2022-12-23,Regular
13415,Sahil Naidu 1913,Male,21.0,73,2023-10-06,Regular
13416,Shreya Shah 1614,Female,49.0,29,2024-05-23,VIP
13417,Varun Tripathi 1914,Male,45.0,35,2023-09-03,Regular
13418,Manish Mehta 1915,Male,47.0,26,2024-09-14,Premium
13419,Ankit Kapoor 1916,Male,55.0,69,2025-07-03,Regular
13420,Rajat Reddy 1917,Male,21.0,27,2024-05-01,Regular
13421,Tanya Chauhan 1615,Female,53.0,64,2024-01-01,Regular
13422,Mohit Ghosh 1918,Male,31.0,59,2026-03-03,Regular
13423,Akash Ansari 1919,Male,25.0,76,2026-04-20,Regular
13424,Harsh Sharma 1920,Male,39.0,100,2026-05-12,Regular
13425,Avni Menon 1616,Female,19.0,1,2022-01-27,Regular
13426,Mahi Pillai 1617,Female,48.0,100,2025-09-01,Regular
13427,Radhika Khanna 1618,Female,45.0,11,2025-12-08,Regular
13428,Dev Patel 1921,Male,42.0,53,2025-07-12,Regular
13429,Ayush Joshi 1922,Male,19.0,35,2025-04-14,Regular
13430,Sakshi Gupta 1619,Female,54.0,64,2023-08-09,Regular
13431,Dhruv Iyer 1923,Male,19.0,73,2025-03-07,Regular
13432,Ishaan Deshmukh 1924,Male,30.0,86,2024-07-16,Premium
13433,Muskan Agarwal 1620,Female,37.0,41,2025-08-23,Premium
13434,Rishi Arora 1925,Male,51.0,94,2023-07-17,Premium
13435,Abhishek Singh 1926,Male,37.0,33,2025-04-03,Premium
13436,Palak Sinha 1621,Female,57.0,21,2025-06-08,Regular
13437,Siddharth Malhotra 1927,Male,62.0,38,2025-08-27,Regular
13438,Pranav Saxena 1928,Male,54.0,53,2022-10-02,Regular
13439,Karan Das 1929,Male,19.0,67,2025-10-13,Regular
13440,Ishita Roy 1622,Female,55.0,84,2022-12-13,Regular
13441,Aarav Naidu 1930,Male,27.0,23,2026-02-08,Regular
13442,Vihaan Tripathi 1931,Male,60.0,31,2022-03-03,VIP
13443,Nandini Naidu 1623,Female,64.0,94,2022-12-24,Regular
13444,Anushka Tripathi 1624,Female,22.0,44,2024-09-01,Regular
13445,Shruti Mehta 1625,Female,22.0,25,2024-05-19,VIP
13446,Aditya Mehta 1932,Male,51.0,99,2025-01-06,Regular
13447,Arjun Kapoor 1933,Male,24.0,45,2023-10-08,Regular
13448,Payal Kapoor 1626,Female,64.0,99,2022-01-06,Regular
13449,Komal Reddy 1627,Female,43.0,92,2024-09-15,Regular
13450,Kabir Reddy 1934,Male,45.0,91,2024-03-28,VIP
13451,Tanvi Ghosh 1628,Female,59.0,59,2024-03-24,Premium
13452,Rohan Ghosh 1935,Male,28.0,80,2023-08-26,Regular
13453,Pallavi Ansari 1629,Female,44.0,97,2025-11-25,Regular
13454,Aanya Verma 1630,Female,65.0,27,2025-06-21,Regular
13455,Rahul Ansari 1936,Male,19.0,4,2022-10-17,Regular
13456,Ananya Shah 1631,Female,26.0,33,2022-03-04,Regular
13457,Aditi Chauhan 1632,Female,25.0,64,2022-10-18,Regular
13458,Aman Sharma 1937,Male,34.0,55,2022-03-19,Premium
13459,Kunal Patel 1938,Male,24.0,9,2025-02-08,Premium
13460,Diya Menon 1633,Female,26.0,57,2024-09-19,Premium
13461,Nikhil Joshi 1939,Male,58.0,18,2024-01-11,Premium
13462,Vivek Iyer 1940,Male,40.0,51,2024-08-04,Regular
13463,Ritvik Deshmukh 1941,Male,35.0,58,2025-07-17,Premium
13464,Isha Pillai 1634,Female,38.0,64,2025-08-22,Premium
13465,Yash Arora 1942,Male,64.0,42,2023-11-27,Regular
13466,Priya Khanna 1635,Female,41.0,41,2024-08-05,Regular
13467,Sahil Singh 1943,Male,40.0,68,2024-07-12,Regular
13468,Varun Malhotra 1944,Male,62.0,75,2026-02-27,VIP
13469,Neha Gupta 1636,Female,19.0,81,2025-05-03,Premium
13470,Manish Saxena 1945,Male,40.0,34,2023-05-19,Premium
13471,Ankit Das 1946,Male,53.0,43,2025-11-20,Regular
13472,Rajat Rao 1947,Male,42.0,34,2023-09-29,VIP
13473,Riya Agarwal 1637,Female,59.0,53,2025-04-27,Regular
13474,Mohit Tiwari 1948,Male,60.0,13,2026-04-14,Regular
13475,Akash Kumar 1949,Male,34.0,44,2025-07-18,Regular
13476,Harsh Bansal 1950,Male,57.0,19,2022-06-22,Premium
13477,Dev Yadav 1951,Male,29.0,54,2022-11-26,Premium
13478,Ayush Chatterjee 1952,Male,29.0,86,2025-06-27,Regular
13479,Sneha Sinha 1638,Female,64.0,99,2022-07-17,Regular
13480,Dhruv Khan 1953,Male,18.0,45,2022-01-19,Regular
13481,Ishaan Pandey 1954,Male,34.0,6,2023-02-17,Regular
13482,Kavya Roy 1639,Female,48.0,23,2024-02-18,Premium
13483,Meera Naidu 1640,Female,37.0,11,2022-07-25,Regular
13484,Rishi Jain 1955,Male,58.0,76,2022-09-03,Regular
13485,Abhishek Mishra 1956,Male,30.0,99,2023-06-27,Regular
13486,Siddharth Nair 1957,Male,44.0,56,2024-08-16,Premium
13487,Nisha Tripathi 1641,Female,24.0,18,2024-05-21,Premium
13488,Pranav Kulkarni 1958,Male,28.0,3,2025-07-01,Regular
13489,Karan Sethi 1959,Male,26.0,98,2026-04-19,Regular
13490,Aarav Singh 1960,Male,53.0,32,2022-02-22,VIP
13491,Vihaan Malhotra 1961,Male,27.0,12,2025-01-06,Regular
13492,Aditya Saxena 1962,Male,50.0,18,2022-09-20,Regular
13493,Arjun Das 1963,Male,34.0,26,2023-07-31,Regular
13494,Pooja Mehta 1642,Female,45.0,66,2023-07-03,VIP
13495,Simran Kapoor 1643,Female,59.0,90,2025-01-26,Premium
13496,Shreya Reddy 1644,Female,59.0,28,2023-02-14,Regular
13497,Tanya Ghosh 1645,Female,18.0,69,2025-12-02,Regular
13498,Kabir Rao 1964,Male,55.0,7,2023-09-06,Regular
13499,Avni Ansari 1646,Female,63.0,2,2025-07-28,Regular
13500,Mahi Sharma 1647,Female,50.0,6,2026-03-03,Regular
13501,Radhika Patel 1648,Female,26.0,93,2024-03-28,Regular
13502,Sakshi Joshi 1649,Female,49.0,59,2022-06-11,Regular
13503,Rohan Tiwari 1965,Male,48.0,81,2025-01-27,Regular
13504,Rahul Kumar 1966,Male,49.0,3,2023-11-09,Regular
13505,Aman Bansal 1967,Male,38.0,3,2023-06-26,Regular
13506,Kunal Yadav 1968,Male,43.0,85,2024-01-02,Premium
13507,Nikhil Chatterjee 1969,Male,49.0,11,2023-04-25,Regular
13508,Vivek Khan 1970,Male,40.0,16,2023-03-25,Premium
13509,Ritvik Pandey 1971,Male,55.0,52,2026-05-03,Premium
13510,Muskan Iyer 1650,Female,52.0,61,2023-03-22,VIP
13511,Palak Deshmukh 1651,Female,32.0,23,2024-01-04,Regular
13512,Ishita Arora 1652,Female,47.0,45,2025-02-17,Regular
13513,Yash Jain 1972,Male,54.0,68,2022-12-20,Regular
13514,Nandini Singh 1653,Female,41.0,45,2024-09-15,Regular
13515,Anushka Malhotra 1654,Female,52.0,39,2025-12-03,Regular
13516,Shruti Saxena 1655,Female,24.0,8,2025-07-24,Regular
13517,Payal Das 1656,Female,36.0,46,2022-02-15,Regular
13518,Sahil Mishra 1973,Male,51.0,81,2023-10-11,Premium
13519,Varun Nair 1974,Male,60.0,63,2022-01-01,Regular
13520,Komal Rao 1657,Female,49.0,90,2024-08-28,VIP
13521,Milan Mishra,Other,49.0,13,2023-06-05,Premium
13522,Manish Kulkarni 1975,Male,34.0,2,2025-11-30,Regular
13523,Ankit Sethi 1976,Male,51.0,55,2022-10-08,Regular
13524,Rajat Verma 1977,Male,35.0,18,2025-09-24,Regular
13525,Mohit Shah 1978,Male,20.0,60,2023-07-02,Premium
13526,Aadi Nair,Other,29.0,91,2026-01-12,Premium
13527,Tanvi Tiwari 1658,Female,47.0,34,2022-11-16,Premium
13528,Akash Chauhan 1979,Male,64.0,55,2023-03-07,Premium
13529,Harsh Menon 1980,Male,41.0,69,2023-07-16,Regular
13530,Dev Pillai 1981,Male,59.0,16,2026-04-26,VIP
13531,Ayush Khanna 1982,Male,55.0,90,2025-03-20,Premium
13532,Pallavi Kumar 1659,Female,44.0,21,2025-07-30,Premium
13533,Aanya Kapoor 1660,Female,56.0,81,2024-06-03,Regular
13534,Ananya Reddy 1661,Female,37.0,66,2025-06-25,Regular
13535,Dhruv Gupta 1983,Male,39.0,15,2024-09-30,Regular
13536,Aditi Ghosh 1662,Female,53.0,73,2024-12-04,Regular
13537,Diya Ansari 1663,Female,48.0,20,2025-09-01,Regular
13538,Ishaan Agarwal 1984,Male,43.0,60,2026-04-23,Premium
13539,Isha Sharma 1664,Female,38.0,96,2024-07-10,VIP
13540,Priya Patel 1665,Female,64.0,96,2023-12-08,Regular
13541,Neha Singh,Female,21.0,88,2024-11-11,Regular
13542,Rishi Sinha 1985,Male,20.0,50,2025-04-01,Regular
13543,Abhishek Roy 1986,Male,40.0,56,2026-04-28,VIP
13544,Siddharth Naidu 1987,Male,19.0,31,2025-01-23,Premium
13545,Pranav Tripathi 1988,Male,34.0,93,2026-03-08,Regular
13546,Karan Mehta 1989,Male,45.0,48,2025-03-17,Regular
13547,Neha Joshi 1666,Female,37.0,78,2026-03-03,Regular
13548,Aarav Mishra 1990,Male,27.0,36,2025-04-17,Regular
13549,Vihaan Nair 1991,Male,31.0,75,2025-11-16,Regular
13550,Shiv Kulkarni,Other,47.0,23,2022-11-02,Regular
13551,Aditya Kulkarni 1992,Male,63.0,74,2026-05-08,Regular
13552,Arjun Sethi 1993,Male,55.0,5,2023-07-13,Regular
13553,Riya Iyer 1667,Female,44.0,11,2025-06-30,Regular
13554,Kabir Verma 1994,Male,24.0,36,2023-09-20,Premium
13555,Rohan Shah 1995,Male,29.0,49,2024-01-03,Regular
13556,Sneha Deshmukh 1668,Female,39.0,72,2025-04-11,Regular
13557,Rahul Chauhan 1996,Male,29.0,36,2024-05-14,VIP
13558,Aman Menon 1997,Male,51.0,2,2025-02-19,Regular
13559,Kunal Pillai 1998,Male,35.0,33,2022-05-07,Regular
13560,Kavya Arora 1669,Female,58.0,44,2025-08-26,Regular
13561,Nikhil Khanna 1999,Male,30.0,55,2023-10-16,Premium
13562,Meera Singh 1670,Female,41.0,65,2025-06-15,Regular
13563,Vivek Gupta 2000,Male,52.0,25,2023-04-02,Regular
13564,Nisha Malhotra 1671,Female,27.0,62,2024-08-11,Regular
13565,Ritvik Agarwal 2001,Male,54.0,64,2024-07-30,Premium
13566,Yash Sinha 2002,Male,46.0,78,2022-08-12,Regular
13567,Pooja Saxena 1672,Female,49.0,53,2024-01-29,Regular
13568,Simran Das 1673,Female,39.0,82,2024-10-13,Regular
13569,Sahil Roy 2003,Male,62.0,23,2025-08-30,Regular
13570,Varun Naidu 2004,Male,55.0,72,2025-11-20,Regular
13571,Manish Tripathi 2005,Male,27.0,5,2023-09-08,Regular
13572,Ankit Mehta 2006,Male,44.0,11,2024-10-26,Regular
13573,Shreya Rao 1674,Female,61.0,87,2022-10-07,Regular
13574,Rajat Kapoor 2007,Male,31.0,48,2025-12-04,Premium
13575,Mohit Reddy 2008,Male,43.0,63,2025-10-20,Regular
13576,Akash Ghosh 2009,Male,54.0,61,2026-05-18,Regular
13577,Harsh Ansari 2010,Male,31.0,70,2024-02-17,VIP
13578,Dev Sharma 2011,Male,42.0,25,2023-07-29,Premium
13579,Ayush Patel 2012,Male,44.0,18,2025-04-27,Regular
13580,Dhruv Joshi 2013,Male,26.0,5,2025-03-03,Premium
13581,Tanya Tiwari 1675,Female,26.0,87,2022-12-06,Regular
13582,Ishaan Iyer 2014,Male,45.0,23,2024-05-13,Premium
13583,Avni Kumar 1676,Female,26.0,58,2024-10-27,Regular
13584,Rishi Deshmukh 2015,Male,63.0,46,2023-12-29,Regular
13585,Abhishek Arora 2016,Male,43.0,17,2023-08-17,VIP
13586,Siddharth Singh 2017,Male,51.0,42,2023-01-19,Regular
13587,Pranav Malhotra 2018,Male,37.0,9,2023-10-21,Premium
13588,Mahi Bansal 1677,Female,32.0,18,2023-01-29,Regular
13589,Radhika Yadav 1678,Female,41.0,14,2023-04-26,Regular
13590,Sakshi Chatterjee 1679,Female,52.0,83,2022-10-23,VIP
13591,Muskan Khan 1680,Female,37.0,57,2023-08-26,Regular
13592,Karan Saxena 2019,Male,31.0,93,2024-10-07,Premium
13593,Aarav Roy 2020,Male,24.0,44,2023-08-28,Premium
13594,Palak Pandey 1681,Female,44.0,21,2022-08-16,Regular
13595,Vihaan Naidu 2021,Male,50.0,61,2025-07-05,Regular
13596,Aditya Tripathi 2022,Male,43.0,93,2023-11-22,Regular
13597,Ishita Jain 1682,Female,30.0,54,2024-07-23,Regular
13598,Nandini Mishra 1683,Female,29.0,2,2024-04-17,Regular
13599,Anushka Nair 1684,Female,36.0,31,2024-03-21,Regular
13600,Arjun Mehta 2023,Male,34.0,93,2023-12-03,Premium
13601,Shruti Kulkarni 1685,Female,27.0,52,2025-04-24,Regular
13602,Kabir Kapoor 2024,Male,63.0,96,2025-09-29,Premium
13603,Rohan Reddy 2025,Male,33.0,51,2025-12-17,Regular
13604,Rahul Ghosh 2026,Male,30.0,2,2023-12-11,Regular
13605,Payal Sethi 1686,Female,47.0,88,2023-06-30,Regular
13606,Komal Verma 1687,Female,56.0,77,2022-05-13,Regular
13607,Tanvi Shah 1688,Female,40.0,72,2023-12-10,Regular
13608,Aman Ansari 2027,Male,50.0,98,2026-05-07,Regular
13609,Kunal Sharma 2028,Male,22.0,20,2023-02-21,Premium
13610,Nikhil Patel 2029,Male,43.0,91,2025-09-13,Premium
13611,Pallavi Chauhan 1689,Female,21.0,24,2025-04-25,Regular
13612,Vivek Joshi 2030,Male,24.0,98,2024-11-22,Premium
13613,Ritvik Iyer 2031,Male,46.0,20,2024-06-23,VIP
13614,Aanya Das 1690,Female,27.0,56,2025-04-25,Regular
13615,Yash Deshmukh 2032,Male,19.0,79,2022-06-07,VIP
13616,Ananya Rao 1691,Female,26.0,8,2022-07-25,Regular
13617,Sahil Arora 2033,Male,55.0,7,2022-11-10,Regular
13618,Aditi Tiwari 1692,Female,46.0,85,2025-05-10,Regular
13619,Varun Singh 2034,Male,36.0,7,2023-11-23,Premium
13620,Manish Malhotra 2035,Male,64.0,62,2022-11-29,Premium
13621,Ankit Saxena 2036,Male,36.0,94,2022-03-13,VIP
13622,Rajat Das 2037,Male,60.0,62,2024-02-22,VIP
13623,Diya Kumar 1693,Female,34.0,49,2023-09-30,Regular
13624,Mohit Rao 2038,Male,19.0,42,2022-10-12,Regular
13625,Akash Tiwari 2039,Male,23.0,64,2022-02-07,Regular
13626,Isha Bansal 1694,Female,31.0,58,2025-04-21,Regular
13627,Harsh Kumar 2040,Male,26.0,51,2025-05-31,Regular
13628,Priya Yadav 1695,Female,25.0,16,2023-01-29,VIP
13629,Neha Chatterjee 1696,Female,36.0,67,2024-02-29,Premium
13630,Dev Bansal 2041,Male,64.0,74,2023-02-10,Regular
13631,Riya Khan 1697,Female,27.0,71,2023-10-17,VIP
13632,Ayush Yadav 2042,Male,29.0,8,2022-06-24,Premium
13633,Dhruv Chatterjee 2043,Male,65.0,71,2026-02-23,Regular
13634,Ishaan Khan 2044,Male,27.0,73,2025-02-26,Regular
13635,Sneha Pandey 1698,Female,57.0,19,2025-12-12,Premium
13636,Kavya Jain 1699,Female,47.0,85,2023-04-19,Regular
13637,Rishi Pandey 2045,Male,62.0,53,2025-10-28,Regular
13638,Meera Mishra 1700,Female,44.0,48,2024-04-09,Regular
13639,Abhishek Jain 2046,Male,46.0,73,2022-11-14,Regular
13640,Nisha Nair 1701,Female,28.0,51,2023-06-16,Regular
13641,Pooja Kulkarni 1702,Female,45.0,55,2025-07-22,Regular
13642,Simran Sethi 1703,Female,50.0,32,2025-05-24,Regular
13643,Shreya Verma 1704,Female,65.0,93,2025-02-26,Regular
13644,Rohan Sethi,Other,22.0,97,2022-12-29,Regular
13645,Siddharth Mishra 2047,Male,25.0,14,2024-11-02,Regular
13646,Tanya Shah 1705,Female,18.0,74,2026-02-14,Regular
13647,Avni Chauhan 1706,Female,55.0,3,2022-03-20,Regular
13648,Mahi Menon 1707,Female,21.0,37,2023-05-30,VIP
13649,Pranav Nair 2048,Male,61.0,97,2022-05-09,Regular
13650,Radhika Pillai 1708,Female,NULL,18,2022-06-16,Regular
13651,Karan Kulkarni 2049,Male,31.0,38,2026-05-16,Regular
13652,Aarav Arora 2050,Male,64.0,22,2023-01-20,Premium
13653,Sakshi Khanna 1709,Female,52.0,73,2022-10-14,Regular
13654,Vihaan Singh 2051,Male,44.0,47,2022-04-29,Regular
13655,Muskan Gupta 1710,Female,60.0,60,2026-04-19,Premium
13656,Aditya Malhotra 2052,Male,54.0,95,2024-01-20,Premium
13657,Palak Agarwal 1711,Female,48.0,53,2025-06-20,Regular
13658,Ishita Sinha 1712,Female,33.0,74,2023-02-05,Regular
13659,Arjun Saxena 2053,Male,65.0,10,2024-10-22,VIP
13660,Nandini Roy 1713,Female,52.0,22,2025-11-18,VIP
13661,Kabir Das 2054,Male,63.0,95,2024-12-09,Premium
13662,Anushka Naidu 1714,Female,64.0,86,2024-04-07,Premium
13663,Shruti Tripathi 1715,Female,44.0,66,2022-12-03,Premium
13664,Rohan Rao 2055,Male,35.0,38,2023-01-09,VIP
13665,Payal Mehta 1716,Female,63.0,20,2024-08-12,Regular
13666,Rahul Tiwari 2056,Male,65.0,86,2023-12-24,VIP
13667,Komal Kapoor 1717,Female,23.0,79,2022-03-16,Premium
13668,Tanvi Reddy 1718,Female,48.0,25,2022-11-10,Regular
13669,Aman Kumar 2057,Male,46.0,59,2023-11-23,Regular
13670,Pallavi Ghosh 1719,Female,53.0,62,2022-10-13,Regular
13671,Kunal Bansal 2058,Male,64.0,48,2024-06-05,Premium
13672,Nikhil Yadav 2059,Male,30.0,93,2023-04-27,Regular
13673,Aanya Sethi 1720,Female,64.0,13,2023-04-12,Regular
13674,Vivek Chatterjee 2060,Male,48.0,26,2022-06-23,Regular
13675,Ananya Verma 1721,Female,21.0,10,2024-03-16,Regular
13676,Ritvik Khan 2061,Male,42.0,70,2022-10-29,Regular
13677,Aditi Shah 1722,Female,24.0,65,2024-10-05,Regular
13678,Diya Chauhan 1723,Female,63.0,99,2026-02-09,Regular
13679,Yash Pandey 2062,Male,54.0,55,2025-12-30,Regular
13680,Sahil Jain 2063,Male,61.0,16,2024-12-02,Regular
13681,Varun Mishra 2064,Male,46.0,46,2025-07-15,Regular
13682,Isha Menon 1724,Female,37.0,9,2026-01-13,Regular
13683,Manish Nair 2065,Male,38.0,68,2024-12-26,VIP
13684,Ankit Kulkarni 2066,Male,63.0,68,2023-02-15,Premium
13685,Priya Pillai 1725,Female,25.0,86,2024-03-12,Premium
13686,Rajat Sethi 2067,Male,60.0,34,2025-10-03,Regular
13687,Mohit Verma 2068,Male,38.0,32,2024-12-04,Regular
13688,Akash Shah 2069,Male,46.0,8,2023-08-03,Premium
13689,Harsh Chauhan 2070,Male,50.0,42,2022-09-27,Regular
13690,Neha Khanna 1726,Female,21.0,48,2022-08-19,Regular
13691,Riya Gupta 1727,Female,25.0,76,2023-08-27,Regular
13692,Sneha Agarwal 1728,Female,25.0,76,2025-07-11,Regular
13693,Kavya Sinha 1729,Female,55.0,15,2024-06-03,Regular
13694,Dev Menon 2071,Male,21.0,29,2022-04-06,Regular
13695,Ayush Pillai 2072,Male,47.0,52,2026-01-09,Regular
13696,Meera Roy 1730,Female,23.0,34,2023-10-10,Regular
13697,Nisha Naidu 1731,Female,54.0,3,2023-09-17,Regular
13698,Pooja Tripathi 1732,Female,64.0,85,2025-08-03,Premium
13699,Dhruv Khanna 2073,Male,37.0,74,2023-08-27,VIP
13700,Simran Mehta 1733,Female,28.0,53,2024-09-14,Regular
13701,Shreya Kapoor 1734,Female,39.0,32,2026-01-13,Regular
13702,Tanya Reddy 1735,Female,51.0,85,2024-04-08,Regular
13703,Avni Ghosh 1736,Female,52.0,4,2024-09-09,Regular
13704,Ishaan Gupta 2074,Male,48.0,45,2023-07-20,Premium
13705,Rishi Agarwal 2075,Male,45.0,81,2025-11-26,Premium
13706,Abhishek Sinha 2076,Male,48.0,96,2022-05-01,Regular
13707,Siddharth Roy 2077,Male,28.0,26,2023-03-19,Premium
13708,Mahi Ansari 1737,Female,27.0,66,2026-05-05,Regular
13709,Pranav Naidu 2078,Male,62.0,19,2024-02-14,Regular
13710,Karan Tripathi 2079,Male,45.0,12,2022-10-07,Premium
13711,Aarav Jain 2080,Male,59.0,36,2023-10-24,Regular
13712,Radhika Sharma 1738,Female,48.0,89,2023-02-13,Regular
13713,Sakshi Patel 1739,Female,39.0,69,2024-04-20,Premium
13714,Vihaan Mishra 2081,Male,45.0,49,2023-01-13,Regular
13715,Muskan Joshi 1740,Female,51.0,29,2023-10-01,Regular
13716,Aditya Nair 2082,Male,26.0,15,2025-12-23,Regular
13717,Arjun Kulkarni 2083,Male,40.0,28,2022-05-12,Regular
13718,Kabir Sethi 2084,Male,52.0,16,2025-05-06,Regular
13719,Palak Iyer 1741,Female,22.0,19,2022-05-06,Regular
13720,Ishita Deshmukh 1742,Female,21.0,69,2024-01-02,Regular
13721,Nandini Arora 1743,Female,25.0,14,2024-12-05,Regular
13722,Rohan Verma 2085,Male,46.0,5,2026-03-09,Regular
13723,Anushka Singh 1744,Female,29.0,55,2023-02-05,Premium
13724,Shruti Malhotra 1745,Female,38.0,29,2022-03-26,Regular
13725,Rahul Shah 2086,Male,24.0,46,2025-04-16,Regular
13726,Aman Chauhan 2087,Male,30.0,14,2025-11-30,Premium
13727,Kunal Menon 2088,Male,18.0,21,2024-06-23,Regular
13728,Payal Saxena 1746,Female,56.0,45,2022-04-07,Regular
13729,Nikhil Pillai 2089,Male,40.0,70,2024-03-12,Regular
13730,Vivek Khanna 2090,Male,26.0,42,2023-09-18,Regular
13731,Komal Das 1747,Female,43.0,55,2023-12-24,VIP
13732,Tanvi Rao 1748,Female,62.0,53,2022-03-28,Regular
13733,Pallavi Tiwari 1749,Female,57.0,27,2023-05-23,Premium
13734,Aanya Mehta 1750,Female,60.0,28,2026-05-18,Regular
13735,Ritvik Gupta 2091,Male,37.0,43,2022-03-15,Regular
13736,Ananya Kapoor 1751,Female,35.0,4,2026-01-03,Regular
13737,Yash Agarwal 2092,Male,33.0,69,2024-04-08,Regular
13738,Sahil Sinha 2093,Male,32.0,62,2024-07-24,Regular
13739,Aditi Reddy 1752,Female,62.0,31,2026-02-02,Regular
13740,Varun Roy 2094,Male,24.0,38,2022-12-15,Regular
13741,Manish Naidu 2095,Male,58.0,33,2026-04-25,Premium
13742,Diya Ghosh 1753,Female,61.0,66,2023-03-19,Premium
13743,Ankit Tripathi 2096,Male,58.0,76,2023-07-13,Regular
13744,Rajat Mehta 2097,Male,48.0,11,2023-12-21,VIP
13745,Isha Ansari 1754,Female,59.0,42,2024-08-20,Regular
13746,Priya Sharma 1755,Female,19.0,2,2023-06-01,Regular
13747,Neha Patel 1756,Female,57.0,46,2025-06-22,Regular
13748,Mohit Kapoor 2098,Male,42.0,25,2022-02-04,Regular
13749,Riya Joshi 1757,Female,64.0,34,2024-12-02,Regular
13750,Sneha Iyer 1758,Female,22.0,46,2024-11-16,Regular
13751,Akash Reddy 2099,Male,62.0,33,2024-05-05,Premium
13752,Harsh Ghosh 2100,Male,45.0,40,2024-09-08,Regular
13753,Dev Ansari 2101,Male,22.0,77,2025-04-11,Premium
13754,Kavya Deshmukh 1759,Female,42.0,82,2025-12-17,Regular
13755,Ayush Sharma 2102,Male,19.0,1,2022-12-16,Regular
13756,Meera Arora 1760,Female,21.0,38,2024-02-02,Regular
13757,Nisha Singh 1761,Female,43.0,85,2024-06-18,Regular
13758,Dhruv Patel 2103,Male,57.0,54,2023-07-06,Regular
13759,Pooja Malhotra 1762,Female,23.0,21,2026-04-08,Premium
13760,Ishaan Joshi 2104,Male,30.0,60,2024-03-29,Regular
13761,Rishi Iyer 2105,Male,36.0,15,2024-08-06,Regular
13762,Simran Saxena 1763,Female,43.0,3,2022-11-08,Premium
13763,Abhishek Deshmukh 2106,Male,18.0,64,2023-10-28,Regular
13764,Shreya Das 1764,Female,48.0,52,2024-09-27,VIP
13765,Tanya Rao 1765,Female,41.0,76,2023-11-17,Regular
13766,Siddharth Arora 2107,Male,64.0,35,2025-05-17,Regular
13767,Pranav Singh 2108,Male,32.0,86,2022-08-07,Regular
13768,Karan Malhotra 2109,Male,41.0,43,2022-09-03,Premium
13769,Avni Tiwari 1766,Female,21.0,74,2023-06-27,Regular
13770,Mahi Kumar 1767,Female,62.0,11,2023-05-25,Regular
13771,Aarav Sinha 2110,Male,58.0,10,2025-07-28,VIP
13772,Radhika Bansal 1768,Female,35.0,79,2025-10-20,Premium
13773,Sakshi Yadav 1769,Female,40.0,84,2024-01-26,Regular
13774,Muskan Chatterjee 1770,Female,59.0,95,2024-03-19,Regular
13775,Vihaan Roy 2111,Male,32.0,33,2023-04-16,Premium
13776,Aditya Naidu 2112,Male,29.0,3,2024-04-30,Regular
13777,Arjun Tripathi 2113,Male,29.0,98,2025-02-04,Regular
13778,Kabir Mehta 2114,Male,51.0,61,2025-03-01,Regular
13779,Rohan Kapoor 2115,Male,28.0,25,2026-03-31,Regular
13780,Rahul Reddy 2116,Male,22.0,77,2024-07-13,Regular
13781,Aman Ghosh 2117,Male,25.0,91,2023-06-29,Premium
13782,Kunal Ansari 2118,Male,65.0,29,2022-04-22,Regular
13783,Nikhil Sharma 2119,Male,59.0,77,2025-01-05,Premium
13784,Palak Khan 1771,Female,63.0,79,2025-07-10,Premium
13785,Ishita Pandey 1772,Female,31.0,51,2024-06-02,Regular
13786,Vivek Patel 2120,Male,39.0,64,2026-01-16,Premium
13787,Ritvik Joshi 2121,Male,41.0,27,2023-05-23,Regular
13788,Yash Iyer 2122,Male,43.0,93,2022-03-27,Premium
13789,Nandini Jain 1773,Female,19.0,99,2024-10-10,Regular
13790,Anushka Mishra 1774,Female,46.0,99,2022-07-13,Regular
13791,Sahil Deshmukh 2123,Male,19.0,74,2022-05-15,Regular
13792,Shruti Nair 1775,Female,31.0,5,2025-01-28,Premium
13793,Payal Kulkarni 1776,Female,32.0,37,2023-11-27,Regular
13794,Komal Sethi 1777,Female,50.0,45,2024-08-25,Premium
13795,Varun Arora 2124,Male,61.0,96,2025-04-11,Regular
13796,Manish Singh 2125,Male,51.0,55,2023-09-05,Regular
13797,Tanvi Verma 1778,Female,38.0,54,2024-09-04,Regular
13798,Ankit Malhotra 2126,Male,43.0,15,2024-05-12,Regular
13799,Pallavi Shah 1779,Female,42.0,80,2024-07-17,Regular
13800,Aanya Saxena 1780,Female,25.0,34,2025-01-30,Regular
13801,Rajat Saxena 2127,Male,63.0,10,2023-09-01,Premium
13802,Mohit Das 2128,Male,62.0,99,2024-03-18,Premium
13803,Akash Rao 2129,Male,29.0,20,2024-08-03,Regular
13804,Harsh Tiwari 2130,Male,23.0,2,2022-08-13,Regular
13805,Ananya Das 1781,Female,25.0,8,2022-12-05,Regular
13806,Aditi Rao 1782,Female,48.0,46,2022-05-24,Premium
13807,Dev Kumar 2131,Male,19.0,11,2022-11-13,Premium
13808,Diya Tiwari 1783,Female,22.0,85,2023-12-04,Premium
13809,Ayush Bansal 2132,Male,49.0,52,2026-02-09,Premium
13810,Isha Kumar 1784,Female,25.0,33,2026-01-16,Regular
13811,Dhruv Yadav 2133,Male,21.0,1,2025-05-05,Regular
13812,Priya Bansal 1785,Female,18.0,48,2024-06-11,Premium
13813,Neha Yadav 1786,Female,51.0,16,2022-11-21,Regular
13814,Ishaan Chatterjee 2134,Male,35.0,98,2023-07-28,Regular
13815,Riya Chatterjee 1787,Female,31.0,30,2025-05-11,Regular
13816,Sneha Khan 1788,Female,48.0,48,2025-12-24,Premium
13817,Rishi Khan 2135,Male,26.0,2,2026-03-21,Premium
13818,Kavya Pandey 1789,Female,43.0,14,2023-09-14,VIP
13819,Meera Jain 1790,Female,41.0,21,2024-02-18,Regular
13820,Nisha Mishra 1791,Female,50.0,6,2024-03-25,Regular
13821,Abhishek Pandey 2136,Male,47.0,73,2022-03-31,Regular
13822,Pooja Nair 1792,Female,50.0,95,2022-07-06,Premium
13823,Mahi Verma,Other,28.0,99,2022-03-14,Regular
13824,Simran Kulkarni 1793,Female,24.0,27,2025-03-25,VIP
13825,Siddharth Jain 2137,Male,43.0,79,2022-12-25,Regular
13826,Pranav Mishra 2138,Male,20.0,51,2025-01-25,Premium
13827,Shreya Sethi 1794,Female,39.0,5,2023-08-24,Premium
13828,Karan Nair 2139,Male,48.0,10,2025-06-24,Regular
13829,Aarav Deshmukh 2140,Male,57.0,55,2022-07-04,Premium
13830,Vihaan Arora 2141,Male,49.0,43,2023-06-05,Regular
13831,Tanya Verma 1795,Female,65.0,1,2022-11-24,Premium
13832,Aditya Singh 2142,Male,44.0,94,2023-11-29,Premium
13833,Avni Shah 1796,Female,39.0,74,2024-06-18,Regular
13834,Mahi Chauhan 1797,Female,29.0,51,2022-09-27,Regular
13835,Radhika Menon 1798,Female,50.0,99,2024-12-03,VIP
13836,Sakshi Pillai 1799,Female,56.0,98,2026-03-24,VIP
13837,Arjun Malhotra 2143,Male,33.0,98,2022-03-11,Regular
13838,Muskan Khanna 1800,Female,21.0,26,2022-05-18,VIP
13839,Kabir Saxena 2144,Male,18.0,89,2026-03-04,Regular
13840,Naman Shah,Other,48.0,51,2024-11-04,Regular
13841,Rohan Das 2145,Male,49.0,73,2026-01-11,Regular
13842,Palak Gupta 1801,Female,23.0,86,2025-02-02,Regular
13843,Ishita Agarwal 1802,Female,19.0,17,2025-02-21,Regular
13844,Rahul Rao 2146,Male,49.0,45,2022-09-10,Regular
13845,Nandini Sinha 1803,Female,37.0,13,2024-03-29,Regular
13846,Aman Tiwari 2147,Male,38.0,28,2023-08-08,Regular
13847,Kunal Kumar 2148,Male,30.0,42,2025-08-26,Premium
13848,Nikhil Bansal 2149,Male,52.0,86,2022-03-11,Premium
13849,Vivek Yadav 2150,Male,53.0,87,2022-01-30,VIP
13850,Anushka Roy 1804,Female,20.0,39,2024-06-09,Regular
13851,Shruti Naidu 1805,Female,22.0,33,2026-04-02,Premium
13852,Ritvik Chatterjee 2151,Male,44.0,54,2026-05-11,Regular
13853,Payal Tripathi 1806,Female,46.0,92,2024-08-07,Regular
13854,Komal Mehta 1807,Female,24.0,98,2023-11-19,Premium
13855,Tanvi Kapoor 1808,Female,25.0,23,2023-03-13,Regular
13856,Yash Khan 2152,Male,50.0,19,2026-05-04,Premium
13857,Pallavi Reddy 1809,Female,39.0,71,2022-10-21,Regular
13858,Sahil Pandey 2153,Male,23.0,31,2022-07-21,Regular
13859,Aanya Kulkarni 1810,Female,47.0,20,2024-03-24,Regular
13860,Ananya Sethi 1811,Female,21.0,4,2023-09-20,Regular
13861,Aditi Verma 1812,Female,29.0,41,2024-03-04,Regular
13862,Varun Jain 2154,Male,52.0,40,2025-12-14,Regular
13863,Manish Mishra 2155,Male,28.0,57,2023-03-08,Regular
13864,Diya Shah 1813,Female,21.0,21,2025-11-03,Premium
13865,Ankit Nair 2156,Male,64.0,72,2022-12-05,Regular
13866,Rajat Kulkarni 2157,Male,28.0,69,2023-06-02,Regular
13867,Isha Chauhan 1814,Female,42.0,47,2022-01-08,Regular
13868,Priya Menon 1815,Female,57.0,19,2024-12-21,Regular
13869,Mohit Sethi 2158,Male,65.0,51,2025-10-05,Regular
13870,Akash Verma 2159,Male,56.0,68,2025-11-18,Regular
13871,Neha Pillai 1816,Female,34.0,38,2022-09-25,Premium
13872,Harsh Shah 2160,Male,58.0,27,2025-05-12,Regular
13873,Dev Chauhan 2161,Male,18.0,51,2022-08-15,Premium
13874,Ayush Menon 2162,Male,33.0,36,2024-10-02,Regular
13875,Dhruv Pillai 2163,Male,27.0,41,2025-01-28,Regular
13876,Aarohi Chauhan,Other,43.0,35,2022-09-02,Regular
13877,Ishaan Khanna 2164,Male,60.0,31,2022-06-26,Regular
13878,Rishi Gupta 2165,Male,55.0,72,2022-04-27,Regular
13879,Abhishek Agarwal 2166,Male,65.0,47,2025-02-07,Regular
13880,Siddharth Sinha 2167,Male,24.0,47,2024-09-10,Regular
13881,Pranav Roy 2168,Male,54.0,66,2022-07-10,Regular
13882,Vansh Menon,Other,52.0,37,2024-03-11,Regular
13883,Riya Khanna 1817,Female,39.0,11,2025-06-27,Premium
13884,Karan Naidu 2169,Male,22.0,86,2023-01-16,Premium
13885,Aarav Pandey 2170,Male,23.0,6,2024-08-27,Regular
13886,Vihaan Jain 2171,Male,61.0,58,2023-04-14,Regular
13887,Aditya Mishra 2172,Male,32.0,27,2023-02-22,Regular
13888,Sneha Gupta 1818,Female,48.0,22,2023-09-20,Premium
13889,Arjun Nair 2173,Male,63.0,5,2023-07-18,Regular
13890,Kavya Agarwal 1819,Female,41.0,91,2024-03-03,Regular
13891,Meera Sinha 1820,Female,28.0,43,2022-11-25,VIP
13892,Kabir Kulkarni 2174,Male,41.0,35,2023-09-17,Regular
13893,Nisha Roy 1821,Female,29.0,75,2024-09-22,Regular
13894,Rohan Sethi 2175,Male,26.0,4,2023-09-12,Premium
13895,Rahul Verma 2176,Male,56.0,57,2024-11-16,Premium
13896,Pooja Naidu 1822,Female,34.0,50,2022-07-05,Regular
13897,Aman Shah 2177,Male,50.0,56,2022-08-09,Regular
13898,Simran Tripathi 1823,Female,52.0,13,2025-10-16,Regular
13899,Shreya Mehta 1824,Female,44.0,96,2024-01-09,Regular
13900,Kunal Chauhan 2178,Male,43.0,24,2024-09-01,Regular
13901,Tanya Kapoor 1825,Female,26.0,68,2025-03-29,Regular
13902,Nikhil Menon 2179,Male,43.0,75,2022-08-22,Regular
13903,Avni Reddy 1826,Female,54.0,35,2026-04-05,Premium
13904,Vivek Pillai 2180,Male,27.0,14,2023-11-10,VIP
13905,Ritvik Khanna 2181,Male,29.0,30,2025-11-24,Premium
13906,Yash Gupta 2182,Male,51.0,81,2023-10-29,Regular
13907,Mahi Ghosh 1827,Female,65.0,91,2023-10-11,Regular
13908,Sahil Agarwal 2183,Male,36.0,94,2024-08-18,Regular
13909,Radhika Ansari 1828,Female,57.0,23,2022-11-02,Regular
13910,Varun Sinha 2184,Male,26.0,61,2024-09-01,Regular
13911,Manish Roy 2185,Male,45.0,16,2026-04-23,Premium
13912,Ankit Naidu 2186,Male,63.0,72,2024-10-29,Regular
13913,Rajat Tripathi 2187,Male,39.0,42,2022-04-23,Regular
13914,Sakshi Sharma 1829,Female,42.0,72,2025-01-21,Regular
13915,Mohit Mehta 2188,Male,25.0,69,2022-02-23,VIP
13916,Muskan Patel 1830,Female,43.0,100,2022-06-15,Regular
13917,Palak Joshi 1831,Female,46.0,49,2023-04-01,Regular
13918,Akash Kapoor 2189,Male,65.0,35,2023-05-03,Regular
13919,Ishita Iyer 1832,Female,27.0,53,2022-01-06,Premium
13920,Nandini Deshmukh 1833,Female,35.0,17,2022-01-28,Regular
13921,Anushka Arora 1834,Female,49.0,12,2025-06-16,Regular
13922,Shruti Singh 1835,Female,63.0,52,2023-12-29,Premium
13923,Payal Malhotra 1836,Female,29.0,83,2022-11-16,Premium
13924,Riya Malhotra,Female,51.0,54,2023-11-19,Regular
13925,Harsh Reddy 2190,Male,60.0,79,2025-01-13,Premium
13926,Komal Saxena 1837,Female,48.0,18,2025-03-20,Regular
13927,Dev Ghosh 2191,Male,38.0,45,2023-04-07,Regular
13928,Tanvi Das 1838,Female,29.0,62,2022-09-25,Regular
13929,Pallavi Rao 1839,Female,31.0,35,2026-03-15,Regular
13930,Aanya Tripathi 1840,Female,20.0,2,2024-10-07,Regular
13931,Ananya Mehta 1841,Female,25.0,8,2026-04-22,Premium
13932,Aditi Kapoor 1842,Female,39.0,93,2023-05-06,Premium
13933,Diya Reddy 1843,Female,24.0,61,2022-06-28,Regular
13934,Ayush Ansari 2192,Male,18.0,27,2023-09-04,Premium
13935,Dhruv Sharma 2193,Male,51.0,26,2023-06-09,VIP
13936,Ishaan Patel 2194,Male,21.0,4,2025-02-24,Regular
13937,Rishi Joshi 2195,Male,24.0,95,2025-02-19,Premium
13938,Isha Ghosh 1844,Female,46.0,11,2022-04-25,VIP
13939,Priya Ansari 1845,Female,62.0,76,2024-07-29,Premium
13940,Abhishek Iyer 2196,Male,52.0,25,2023-07-03,Regular
13941,Siddharth Deshmukh 2197,Male,19.0,34,2024-09-10,Premium
13942,Neha Sharma 1846,Female,26.0,28,2023-09-19,Premium
13943,Pranav Arora 2198,Male,53.0,83,2024-05-09,Regular
13944,Riya Patel 1847,Female,53.0,4,2025-02-19,Regular
13945,Aarav Pillai,Other,36.0,36,2023-04-15,Regular
13946,Karan Singh 2199,Male,63.0,28,2022-11-15,Regular
13947,Aarav Agarwal 2200,Male,60.0,28,2025-02-03,Regular
13948,Vihaan Sinha 2201,Male,53.0,20,2026-02-24,Regular
13949,Aditya Roy 2202,Male,53.0,92,2023-12-12,Premium
13950,Arjun Naidu 2203,Male,55.0,38,2026-05-16,Premium
13951,Kabir Tripathi 2204,Male,25.0,42,2022-10-23,Regular
13952,Rohan Mehta 2205,Male,51.0,39,2025-08-03,Regular
13953,Rahul Kapoor 2206,Male,63.0,99,2026-05-01,Regular
13954,Aman Reddy 2207,Male,28.0,34,2023-04-25,Regular
13955,Sneha Joshi 1848,Female,18.0,35,2022-08-25,Regular
13956,Kunal Ghosh 2208,Male,35.0,33,2024-11-28,Regular
13957,Kavya Iyer 1849,Female,30.0,33,2025-10-23,VIP
13958,Nikhil Ansari 2209,Male,63.0,9,2022-05-14,Regular
13959,Vivek Sharma 2210,Male,39.0,61,2024-10-22,Regular
13960,Ritvik Patel 2211,Male,49.0,3,2025-10-26,Premium
13961,Meera Deshmukh 1850,Female,65.0,23,2022-02-21,Regular
13962,Yash Joshi 2212,Male,55.0,21,2024-04-05,Regular
13963,Sahil Iyer 2213,Male,53.0,30,2022-05-04,Regular
13964,Varun Deshmukh 2214,Male,64.0,76,2022-10-10,Regular
13965,Anvi Khanna,Other,51.0,60,2024-02-18,Regular
13966,Manish Arora 2215,Male,29.0,100,2023-06-08,Premium
13967,Ankit Singh 2216,Male,52.0,36,2022-05-17,Regular
13968,Nisha Arora 1851,Female,33.0,93,2025-07-05,Premium
13969,Rajat Malhotra 2217,Male,33.0,5,2022-11-21,Regular
13970,Mohit Saxena 2218,Male,48.0,51,2025-10-24,Premium
13971,Pooja Singh 1852,Female,33.0,80,2022-10-10,Premium
13972,Akash Das 2219,Male,19.0,54,2024-04-11,Regular
13973,Harsh Rao 2220,Male,65.0,94,2025-03-09,Premium
13974,Dev Tiwari 2221,Male,45.0,32,2024-02-08,Regular
13975,Ayush Kumar 2222,Male,50.0,4,2023-10-30,Regular
13976,Simran Malhotra 1853,Female,56.0,78,2025-04-16,Premium
13977,Shreya Saxena 1854,Female,48.0,7,2022-01-19,Regular
13978,Tanya Das 1855,Female,47.0,77,2025-08-14,Regular
13979,Dhruv Bansal 2223,Male,56.0,74,2025-01-08,Regular
13980,Avni Rao 1856,Female,32.0,85,2025-05-08,Regular
13981,Mahi Tiwari 1857,Female,57.0,48,2023-11-05,Regular
13982,Ishaan Yadav 2224,Male,52.0,90,2023-09-08,Regular
13983,Radhika Kumar 1858,Female,26.0,17,2024-07-04,Regular
13984,Sakshi Bansal 1859,Female,25.0,44,2024-10-24,Regular
13985,Muskan Yadav 1860,Female,60.0,13,2026-01-20,Regular
13986,Rishi Chatterjee 2225,Male,60.0,77,2025-10-03,Regular
13987,Abhishek Khan 2226,Male,65.0,72,2022-03-28,VIP
13988,Palak Chatterjee 1861,Female,22.0,81,2022-08-31,Premium
13989,Ishita Khan 1862,Female,60.0,77,2026-02-23,Regular
13990,Siddharth Pandey 2227,Male,59.0,31,2023-09-14,Regular
13991,Pranav Jain 2228,Male,54.0,7,2024-07-17,Regular
13992,Nandini Pandey 1863,Female,41.0,93,2022-04-01,Regular
13993,Karan Mishra 2229,Male,42.0,50,2022-06-17,Regular
13994,Aarav Iyer 2230,Male,38.0,10,2023-10-17,Regular
13995,Anushka Jain 1864,Female,19.0,93,2025-02-21,Regular
13996,Vihaan Deshmukh 2231,Male,42.0,100,2025-05-20,Regular
13997,Aditya Arora 2232,Male,29.0,45,2025-12-02,Premium
13998,Arjun Singh 2233,Male,27.0,78,2022-11-12,Regular
13999,Shruti Mishra 1865,Female,20.0,4,2022-11-19,Premium
14000,Kabir Malhotra 2234,Male,39.0,10,2024-05-17,VIP
14001,Payal Nair 1866,Female,20.0,28,2024-05-25,Regular
14002,Kiran Kumar,Other,58.0,66,2022-02-28,Premium
14003,Komal Kulkarni 1867,Female,60.0,14,2023-12-17,Premium
14004,Tanvi Sethi 1868,Female,56.0,4,2025-12-07,Regular
14005,Pallavi Verma 1869,Female,32.0,67,2022-09-20,Regular
14006,Rohan Saxena 2235,Male,25.0,78,2025-08-05,Premium
14007,Aanya Malhotra 1870,Female,42.0,74,2023-12-17,Regular
14008,Ananya Saxena 1871,Female,50.0,80,2024-04-19,Regular
14009,Aditi Das 1872,Female,18.0,81,2024-10-23,Regular
14010,Rahul Das 2236,Male,59.0,61,2025-02-03,Regular
14011,Aman Rao 2237,Male,39.0,52,2024-10-16,Regular
14012,Diya Rao 1873,Female,57.0,86,2022-06-16,VIP
14013,Kunal Tiwari 2238,Male,21.0,35,2023-04-18,Regular
14014,Isha Tiwari 1874,Female,38.0,10,2025-09-14,Regular
14015,Nikhil Kumar 2239,Male,39.0,76,2022-03-06,Regular
14016,Priya Kumar 1875,Female,20.0,28,2025-02-18,Regular
14017,Neha Bansal 1876,Female,51.0,98,2024-04-12,Premium
14018,Vivek Bansal 2240,Male,62.0,42,2022-07-11,Regular
14019,Ritvik Yadav 2241,Male,43.0,86,2022-07-16,Regular
14020,Riya Yadav 1877,Female,37.0,5,2026-04-19,Regular
14021,Yash Chatterjee 2242,Male,48.0,66,2022-02-19,VIP
14022,Sahil Khan 2243,Male,35.0,45,2022-02-06,Premium
14023,Varun Pandey 2244,Male,35.0,47,2022-01-27,Regular
14024,Manish Jain 2245,Male,54.0,27,2024-10-02,Regular
14025,Sneha Chatterjee 1878,Female,46.0,98,2026-01-22,Regular
14026,Ankit Mishra 2246,Male,30.0,40,2022-10-02,Premium
14027,Rajat Nair 2247,Male,37.0,86,2025-06-27,Premium
14028,Kavya Khan 1879,Female,58.0,43,2025-02-24,Regular
14029,Mohit Kulkarni 2248,Male,43.0,5,2023-01-03,Premium
14030,Akash Sethi 2249,Male,21.0,88,2022-04-23,Regular
14031,Meera Pandey 1880,Female,59.0,19,2024-02-20,Regular
14032,Nisha Jain 1881,Female,53.0,28,2022-05-10,Regular
14033,Pooja Mishra 1882,Female,30.0,87,2022-07-01,Regular
14034,Simran Nair 1883,Female,64.0,90,2024-01-17,Regular
14035,Harsh Verma 2250,Male,63.0,92,2025-07-29,Regular
14036,Dev Shah 2251,Male,65.0,43,2026-05-10,Premium
14037,Shreya Kulkarni 1884,Female,36.0,76,2024-10-01,VIP
14038,Tanya Sethi 1885,Female,62.0,33,2023-03-19,Regular
14039,Avni Verma 1886,Female,56.0,75,2023-06-10,Regular
14040,Ayush Chauhan 2252,Male,59.0,51,2024-09-07,Premium
14041,Dhruv Menon 2253,Male,44.0,6,2022-10-05,Regular
14042,Ishaan Pillai 2254,Male,31.0,42,2024-04-09,Premium
14043,Mahi Shah 1887,Female,28.0,47,2025-05-15,Regular
14044,Radhika Chauhan 1888,Female,64.0,26,2025-09-09,Regular
14045,Rishi Khanna 2255,Male,42.0,38,2022-04-05,Premium
14046,Abhishek Gupta 2256,Male,62.0,51,2023-04-07,Regular
14047,Siddharth Agarwal 2257,Male,44.0,5,2023-02-12,Regular
14048,Pranav Sinha 2258,Male,43.0,16,2024-06-06,Regular
14049,Sakshi Menon 1889,Female,21.0,77,2022-10-24,Premium
14050,Muskan Pillai 1890,Female,37.0,36,2026-03-01,VIP
14051,Karan Roy 2259,Male,44.0,61,2026-01-07,Regular
14052,Palak Khanna 1891,Female,23.0,57,2023-06-17,Regular
14053,Ishita Gupta 1892,Female,25.0,56,2023-10-14,Regular
14054,Aarav Khan 2260,Male,46.0,42,2023-12-05,Regular
14055,Vihaan Pandey 2261,Male,29.0,49,2022-03-10,Regular
14056,Aditya Jain 2262,Male,51.0,83,2025-11-23,Regular
14057,Arjun Mishra 2263,Male,40.0,97,2025-05-31,Regular
14058,Nandini Agarwal 1893,Female,37.0,26,2023-06-16,Regular
14059,Anushka Sinha 1894,Female,23.0,67,2024-05-25,Regular
14060,Kabir Nair 2264,Male,37.0,97,2023-09-02,Regular
14061,Rohan Kulkarni 2265,Male,44.0,1,2023-01-01,Regular
14062,Shruti Roy 1895,Female,45.0,79,2023-05-02,Regular
14063,Rahul Sethi 2266,Male,30.0,50,2022-06-21,Regular
14064,Payal Naidu 1896,Female,19.0,97,2025-07-19,Regular
14065,Komal Tripathi 1897,Female,62.0,58,2024-11-13,Regular
14066,Tanvi Mehta 1898,Female,63.0,84,2026-01-28,Regular
14067,Pallavi Kapoor 1899,Female,61.0,17,2022-01-11,Regular
14068,Aanya Nair 1900,Female,31.0,15,2024-10-06,Regular
14069,Ananya Kulkarni 1901,Female,46.0,93,2024-06-15,Regular
14070,Aman Verma 2267,Male,24.0,53,2024-09-24,Regular
14071,Kunal Shah 2268,Male,61.0,56,2026-05-03,Regular
14072,Nikhil Chauhan 2269,Male,18.0,17,2023-09-17,Regular
14073,Vivek Menon 2270,Male,40.0,23,2022-08-14,Regular
14074,Ritvik Pillai 2271,Male,59.0,82,2022-01-20,Regular
14075,Yash Khanna 2272,Male,52.0,31,2024-02-27,Premium
14076,Sahil Gupta 2273,Male,59.0,59,2022-10-06,Regular
14077,Varun Agarwal 2274,Male,41.0,32,2022-08-14,Premium
14078,Manish Sinha 2275,Male,22.0,27,2022-08-24,Regular
14079,Aditi Sethi 1902,Female,18.0,17,2023-03-20,Premium
14080,Diya Verma 1903,Female,25.0,93,2022-07-05,Premium
14081,Isha Shah 1904,Female,20.0,95,2024-02-17,Regular
14082,Priya Chauhan 1905,Female,39.0,12,2024-11-12,Regular
14083,Neha Menon 1906,Female,20.0,36,2023-04-08,Regular
14084,Riya Pillai 1907,Female,26.0,57,2022-08-07,Regular
14085,Ankit Roy 2276,Male,38.0,39,2024-07-04,Regular
14086,Sneha Khanna 1908,Female,53.0,73,2022-05-18,VIP
14087,Rajat Naidu 2277,Male,50.0,27,2025-03-26,Premium
14088,Kavya Gupta 1909,Female,20.0,6,2023-09-05,VIP
14089,Meera Agarwal 1910,Female,61.0,34,2023-10-18,Premium
14090,Mohit Tripathi 2278,Male,44.0,60,2023-02-03,Premium
14091,Nisha Sinha 1911,Female,34.0,19,2023-03-29,Premium
14092,Akash Mehta 2279,Male,36.0,82,2022-08-22,Regular
14093,Harsh Kapoor 2280,Male,58.0,2,2024-06-11,Premium
14094,Dev Reddy 2281,Male,40.0,7,2022-08-22,Regular
14095,Ayush Ghosh 2282,Male,29.0,51,2024-12-24,Regular
14096,Dhruv Ansari 2283,Male,38.0,52,2023-02-14,Regular
14097,Pooja Roy 1912,Female,21.0,30,2024-06-23,Regular
14098,Simran Naidu 1913,Female,25.0,26,2024-05-08,VIP
14099,Ishaan Sharma 2284,Male,33.0,7,2024-10-10,Regular
14100,Shreya Tripathi 1914,Female,28.0,67,2025-04-27,Regular
14101,Rishi Patel 2285,Male,34.0,38,2024-06-15,Regular
14102,Abhishek Joshi 2286,Male,21.0,12,2025-09-26,Regular
14103,Tanya Mehta 1915,Female,47.0,40,2023-02-19,Regular
14104,Avni Kapoor 1916,Female,23.0,94,2025-04-17,Regular
14105,Siddharth Iyer 2287,Male,28.0,27,2023-07-03,Regular
14106,Pranav Deshmukh 2288,Male,64.0,90,2024-10-02,Regular
14107,Mahi Reddy 1917,Female,18.0,26,2024-02-27,Regular
14108,Radhika Ghosh 1918,Female,31.0,19,2025-12-23,Regular
14109,Karan Arora 2289,Male,42.0,27,2023-03-10,Regular
14110,Aarav Gupta 2290,Male,32.0,33,2024-04-11,Premium
14111,Vihaan Agarwal 2291,Male,33.0,13,2022-09-21,Premium
14112,Sakshi Ansari 1919,Female,24.0,59,2024-10-10,Premium
14113,Muskan Sharma 1920,Female,38.0,34,2022-03-01,Regular
14114,Palak Patel 1921,Female,54.0,72,2023-10-21,Regular
14115,Aditya Sinha 2292,Male,46.0,50,2022-01-16,Premium
14116,Ishita Joshi 1922,Female,62.0,45,2023-06-08,VIP
14117,Nandini Iyer 1923,Female,51.0,48,2024-02-14,Regular
14118,Arjun Roy 2293,Male,55.0,16,2023-06-15,Premium
14119,Anushka Deshmukh 1924,Female,38.0,72,2023-09-10,Regular
14120,Kabir Naidu 2294,Male,47.0,11,2022-08-26,Regular
14121,Rohan Tripathi 2295,Male,45.0,73,2025-02-17,VIP
14122,Shruti Arora 1925,Female,57.0,100,2025-06-28,VIP
14123,Rahul Mehta 2296,Male,42.0,77,2023-12-29,VIP
14124,Payal Singh 1926,Female,37.0,46,2022-03-30,Regular
14125,Aman Kapoor 2297,Male,21.0,32,2022-04-10,Regular
14126,Kunal Reddy 2298,Male,59.0,88,2024-12-15,Premium
14127,Nikhil Ghosh 2299,Male,38.0,26,2026-01-26,Regular
14128,Komal Malhotra 1927,Female,56.0,49,2025-10-15,Regular
14129,Vivek Ansari 2300,Male,50.0,78,2023-10-11,Regular
14130,Tanvi Saxena 1928,Female,18.0,93,2024-03-06,Regular
14131,Ritvik Sharma 2301,Male,49.0,93,2022-09-18,Regular
14132,Yash Patel 2302,Male,41.0,9,2022-04-23,Premium
14133,Pallavi Das 1929,Female,29.0,90,2025-05-10,Regular
14134,Sahil Joshi 2303,Male,30.0,12,2023-11-17,Regular
14135,Aanya Naidu 1930,Female,48.0,59,2024-03-05,Regular
14136,Varun Iyer 2304,Male,22.0,93,2023-07-04,Regular
14137,Manish Deshmukh 2305,Male,47.0,66,2023-05-17,Regular
14138,Ananya Tripathi 1931,Female,58.0,95,2026-04-26,Regular
14139,Aditi Mehta 1932,Female,22.0,35,2025-07-29,Premium
14140,Diya Kapoor 1933,Female,18.0,32,2025-01-11,Regular
14141,Ankit Arora 2306,Male,20.0,33,2023-09-15,Regular
14142,Rajat Singh 2307,Male,53.0,36,2025-02-28,Regular
14143,Isha Reddy 1934,Female,58.0,69,2023-06-27,Regular
14144,Priya Ghosh 1935,Female,65.0,46,2024-04-05,Regular
14145,Neha Ansari 1936,Female,19.0,74,2022-08-21,Premium
14146,Riya Sharma 1937,Female,41.0,42,2025-02-09,Regular
14147,Sneha Patel 1938,Female,20.0,31,2022-04-07,Regular
14148,Mohit Malhotra 2308,Male,35.0,20,2025-03-02,Regular
14149,Kavya Joshi 1939,Female,32.0,56,2024-08-23,Regular
14150,Akash Saxena 2309,Male,47.0,90,2022-04-17,Regular
14151,Harsh Das 2310,Male,61.0,86,2024-03-20,Regular
14152,Meera Iyer 1940,Female,56.0,26,2022-12-23,Regular
14153,Dev Rao 2311,Male,21.0,48,2024-02-01,Regular
14154,Ayush Tiwari 2312,Male,29.0,71,2022-01-21,Premium
14155,Nisha Deshmukh 1941,Female,31.0,62,2025-02-28,Regular
14156,Pooja Arora 1942,Female,30.0,7,2024-03-26,Premium
14157,Simran Singh 1943,Female,34.0,60,2023-08-03,Regular
14158,Shreya Malhotra 1944,Female,47.0,4,2025-11-02,Regular
14159,Dhruv Kumar 2313,Male,53.0,12,2024-10-28,Regular
14160,Tanya Saxena 1945,Female,63.0,66,2024-09-02,Regular
14161,Ishaan Bansal 2314,Male,51.0,11,2022-08-24,Premium
14162,Rishi Yadav 2315,Male,32.0,34,2024-03-11,VIP
14163,Abhishek Chatterjee 2316,Male,26.0,59,2025-01-25,Premium
14164,Siddharth Khan 2317,Male,36.0,66,2026-01-21,Regular
14165,Pranav Pandey 2318,Male,56.0,45,2024-08-24,Premium
14166,Karan Jain 2319,Male,65.0,10,2022-10-03,Regular
14167,Avni Das 1946,Female,36.0,80,2024-12-20,Premium
14168,Aarav Joshi 2320,Male,26.0,95,2022-04-30,Regular
14169,Vihaan Iyer 2321,Male,18.0,89,2023-05-16,Premium
14170,Mahi Rao 1947,Female,21.0,75,2026-01-07,Regular
14171,Radhika Tiwari 1948,Female,48.0,41,2025-07-06,Regular
14172,Sakshi Kumar 1949,Female,46.0,88,2025-12-15,VIP
14173,Aditya Deshmukh 2322,Male,48.0,49,2023-07-18,Premium
14174,Arjun Arora 2323,Male,19.0,14,2024-12-28,Premium
14175,Muskan Bansal 1950,Female,NULL,86,2025-01-25,Regular
14176,Palak Yadav 1951,Female,26.0,33,2023-01-29,Regular
14177,Kabir Singh 2324,Male,34.0,94,2026-02-17,Premium
14178,Ishita Chatterjee 1952,Female,47.0,37,2026-04-01,Regular
14179,Nandini Khan 1953,Female,31.0,87,2022-06-26,Premium
14180,Anushka Pandey 1954,Female,49.0,54,2025-05-09,Regular
14181,Rohan Malhotra 2325,Male,31.0,47,2023-12-18,Regular
14182,Shruti Jain 1955,Female,42.0,30,2024-12-14,Premium
14183,Rahul Saxena 2326,Male,40.0,84,2024-06-06,Regular
14184,Payal Mishra 1956,Female,36.0,7,2022-12-23,Premium
14185,Aman Das 2327,Male,24.0,47,2022-06-03,Premium
14186,Kunal Rao 2328,Male,45.0,37,2024-03-31,Regular
14187,Nikhil Tiwari 2329,Male,65.0,55,2025-09-01,Regular
14188,Komal Nair 1957,Female,48.0,26,2025-08-09,Regular
14189,Aman Bansal,Other,53.0,67,2023-03-16,Regular
14190,Tanvi Kulkarni 1958,Female,56.0,39,2025-10-08,Premium
14191,Pallavi Sethi 1959,Female,19.0,19,2023-07-24,Regular
14192,Dev Yadav,Other,56.0,20,2024-06-17,Regular
14193,Aanya Singh 1960,Female,29.0,70,2023-06-04,Regular
14194,Vivek Kumar 2330,Male,49.0,27,2024-04-16,Regular
14195,Ananya Malhotra 1961,Female,65.0,31,2024-04-27,Premium
14196,Ritvik Bansal 2331,Male,60.0,63,2025-01-21,Regular
14197,Yash Yadav 2332,Male,37.0,33,2024-01-25,Regular
14198,Sahil Chatterjee 2333,Male,58.0,39,2024-04-25,Regular
14199,Varun Khan 2334,Male,47.0,25,2024-11-08,Regular
14200,Aditi Saxena 1962,Female,24.0,35,2023-10-31,Regular
14201,Aryan Chatterjee,Other,29.0,70,2024-04-19,Premium
14202,Manish Pandey 2335,Male,63.0,54,2022-05-17,Regular
14203,Diya Das 1963,Female,61.0,100,2025-10-23,Regular
14204,Ankit Jain 2336,Male,60.0,78,2022-07-21,Regular
14205,Rajat Mishra 2337,Male,36.0,2,2025-10-28,Premium
14206,Mohit Nair 2338,Male,33.0,38,2025-05-01,Regular
14207,Akash Kulkarni 2339,Male,56.0,29,2026-02-25,Regular
14208,Harsh Sethi 2340,Male,18.0,59,2022-02-09,Premium
14209,Dev Verma 2341,Male,61.0,27,2022-12-14,Regular
14210,Ayush Shah 2342,Male,46.0,97,2022-03-25,Premium
14211,Dhruv Chauhan 2343,Male,48.0,30,2023-10-31,Premium
14212,Isha Rao 1964,Female,39.0,53,2025-12-18,Premium
14213,Ishaan Menon 2344,Male,65.0,13,2025-05-11,Regular
14214,Rishi Pillai 2345,Male,53.0,91,2025-01-31,Regular
14215,Priya Tiwari 1965,Female,20.0,92,2025-09-19,Premium
14216,Abhishek Khanna 2346,Male,43.0,80,2022-01-07,Regular
14217,Siddharth Gupta 2347,Male,59.0,36,2025-06-14,Regular
14218,Pranav Agarwal 2348,Male,21.0,6,2023-05-15,Regular
14219,Neha Kumar 1966,Female,53.0,72,2025-01-10,Regular
14220,Riya Bansal 1967,Female,29.0,43,2025-05-06,Regular
14221,Sneha Yadav 1968,Female,42.0,100,2025-01-02,VIP
14222,Kavya Chatterjee 1969,Female,60.0,70,2023-10-31,Regular
14223,Karan Sinha 2349,Male,41.0,54,2024-09-05,Regular
14224,Aarav Chatterjee 2350,Male,19.0,99,2024-01-21,VIP
14225,Vihaan Khan 2351,Male,18.0,81,2024-10-02,Premium
14226,Aditya Pandey 2352,Male,53.0,46,2024-01-05,Regular
14227,Arjun Jain 2353,Male,62.0,2,2023-09-23,Regular
14228,Kabir Mishra 2354,Male,32.0,10,2022-11-20,Regular
14229,Meera Khan 1970,Female,62.0,45,2023-09-12,Regular
14230,Rohan Nair 2355,Male,39.0,57,2025-02-28,Regular
14231,Rahul Kulkarni 2356,Male,20.0,4,2025-10-24,Regular
14232,Nisha Pandey 1971,Female,43.0,13,2022-06-14,Regular
14233,Aman Sethi 2357,Male,64.0,71,2022-10-20,Regular
14234,Pooja Jain 1972,Female,30.0,76,2024-03-22,Regular
14235,Simran Mishra 1973,Female,64.0,3,2025-01-29,Regular
14236,Shreya Nair 1974,Female,49.0,51,2022-09-29,Regular
14237,Kunal Verma 2358,Male,37.0,9,2023-06-04,Premium
14238,Nikhil Shah 2359,Male,51.0,73,2022-03-16,Premium
14239,Tanya Kulkarni 1975,Female,37.0,84,2022-03-26,Regular
14240,Avni Sethi 1976,Female,22.0,87,2022-08-18,Premium
14241,Mahi Verma 1977,Female,59.0,60,2025-03-12,Regular
14242,Vivek Chauhan 2360,Male,35.0,63,2025-10-22,Regular
14243,Ritvik Menon 2361,Male,45.0,93,2024-03-09,Regular
14244,Yash Pillai 2362,Male,53.0,62,2022-10-09,Regular
14245,Sahil Khanna 2363,Male,21.0,45,2026-01-14,Regular
14246,Varun Gupta 2364,Male,52.0,76,2023-03-22,Premium
14247,Radhika Shah 1978,Female,35.0,60,2022-09-05,Premium
14248,Manish Agarwal 2365,Male,44.0,85,2022-08-09,VIP
14249,Sakshi Chauhan 1979,Female,39.0,53,2023-07-19,VIP
14250,Muskan Menon 1980,Female,55.0,87,2025-03-22,Regular
14251,Ankit Sinha 2366,Male,27.0,5,2023-09-28,Regular
14252,Palak Pillai 1981,Female,23.0,4,2023-12-14,Regular
14253,Ishita Khanna 1982,Female,37.0,10,2023-06-29,Regular
14254,Rajat Roy 2367,Male,23.0,56,2026-02-18,Premium
14255,Mohit Naidu 2368,Male,29.0,71,2024-12-29,Regular
14256,Nandini Gupta 1983,Female,49.0,22,2024-11-28,Regular
14257,Anushka Agarwal 1984,Female,57.0,16,2023-12-02,Regular
14258,Shruti Sinha 1985,Female,51.0,87,2024-04-30,Premium
14259,Samar Khan,Other,33.0,76,2025-11-16,Regular
14260,Akash Tripathi 2369,Male,57.0,65,2024-11-16,Premium
14261,Payal Roy 1986,Female,37.0,49,2025-07-26,Regular
14262,Komal Naidu 1987,Female,26.0,43,2022-03-06,Regular
14263,Tanvi Tripathi 1988,Female,54.0,3,2025-10-07,Regular
14264,Pallavi Mehta 1989,Female,42.0,19,2026-03-02,Premium
14265,Aanya Mishra 1990,Female,35.0,90,2024-12-04,Premium
14266,Ananya Nair 1991,Female,49.0,34,2026-03-11,Regular
14267,Harsh Mehta 2370,Male,52.0,71,2024-06-27,Regular
14268,Aditi Kulkarni 1992,Female,28.0,71,2023-03-18,Regular
14269,Dev Kapoor 2371,Male,23.0,31,2024-08-28,Regular
14270,Diya Sethi 1993,Female,42.0,21,2024-10-02,Regular
14271,Isha Verma 1994,Female,20.0,70,2022-08-20,Regular
14272,Priya Shah 1995,Female,48.0,10,2022-11-20,Premium
14273,Ayush Reddy 2372,Male,39.0,50,2023-04-12,Premium
14274,Dhruv Ghosh 2373,Male,28.0,89,2024-05-25,Premium
14275,Ishaan Ansari 2374,Male,46.0,72,2022-08-25,Premium
14276,Rishi Sharma 2375,Male,36.0,77,2025-05-18,VIP
14277,Abhishek Patel 2376,Male,36.0,9,2022-06-25,VIP
14278,Neha Chauhan 1996,Female,28.0,20,2026-02-12,Regular
14279,Siddharth Joshi 2377,Male,50.0,28,2024-12-17,Regular
14280,Riya Menon 1997,Female,61.0,30,2023-06-27,Regular
14281,Pranav Iyer 2378,Male,47.0,20,2023-08-20,Premium
14282,Sneha Pillai 1998,Female,29.0,98,2025-01-14,Regular
14283,Kavya Khanna 1999,Female,58.0,17,2022-05-23,Regular
14284,Meera Gupta 2000,Female,23.0,71,2025-02-20,Regular
14285,Nisha Agarwal 2001,Female,31.0,59,2024-06-02,Regular
14286,Pooja Sinha 2002,Female,19.0,62,2022-12-20,Regular
14287,Simran Roy 2003,Female,58.0,22,2025-12-06,Premium
14288,Shreya Naidu 2004,Female,20.0,31,2024-10-03,Regular
14289,Karan Deshmukh 2379,Male,44.0,61,2022-09-19,Premium
14290,Aarav Khanna 2380,Male,27.0,30,2024-11-14,Regular
14291,Tanya Tripathi 2005,Female,28.0,70,2023-10-20,Premium
14292,Vihaan Gupta 2381,Male,47.0,4,2025-05-07,Regular
14293,Avni Mehta 2006,Female,56.0,8,2024-02-27,Regular
14294,Mahi Kapoor 2007,Female,18.0,73,2026-05-19,VIP
14295,Aditya Agarwal 2382,Male,25.0,62,2026-01-23,VIP
14296,Radhika Reddy 2008,Female,31.0,5,2022-03-06,Premium
14297,Sakshi Ghosh 2009,Female,63.0,90,2023-10-20,Premium
14298,Muskan Ansari 2010,Female,20.0,1,2022-11-20,Regular
14299,Palak Sharma 2011,Female,26.0,96,2023-12-22,Regular
14300,Ishita Patel 2012,Female,37.0,73,2022-08-21,Regular
14301,Nandini Joshi 2013,Female,33.0,99,2024-05-07,Premium
14302,Anushka Iyer 2014,Female,20.0,95,2022-09-05,Premium
14303,Arjun Sinha 2383,Male,43.0,32,2024-09-24,VIP
14304,Shruti Deshmukh 2015,Female,47.0,76,2023-12-28,Premium
14305,Payal Arora 2016,Female,26.0,22,2026-05-08,Regular
14306,Kabir Roy 2384,Male,51.0,48,2025-11-06,Regular
14307,Rohan Naidu 2385,Male,20.0,25,2024-08-18,Regular
14308,Komal Singh 2017,Female,53.0,49,2023-12-19,Regular
14309,Rahul Tripathi 2386,Male,30.0,88,2025-02-19,Premium
14310,Tanvi Malhotra 2018,Female,28.0,44,2024-12-05,Regular
14311,Aman Mehta 2387,Male,27.0,10,2022-08-11,Premium
14312,Kunal Kapoor 2388,Male,59.0,33,2023-08-26,Premium
14313,Pallavi Saxena 2019,Female,42.0,79,2026-05-07,Regular
14314,Nikhil Reddy 2389,Male,51.0,53,2023-05-27,Premium
14315,Vivek Ghosh 2390,Male,27.0,57,2022-01-22,Regular
14316,Aanya Roy 2020,Female,20.0,44,2025-08-27,Premium
14317,Ananya Naidu 2021,Female,19.0,30,2026-02-01,Regular
14318,Ritvik Ansari 2391,Male,39.0,60,2024-11-14,Regular
14319,Aditi Tripathi 2022,Female,33.0,64,2024-10-12,Regular
14320,Diya Mehta 2023,Female,54.0,90,2023-07-16,Regular
14321,Isha Kapoor 2024,Female,55.0,62,2023-07-30,Premium
14322,Yash Sharma 2392,Male,32.0,100,2026-01-02,VIP
14323,Sahil Patel 2393,Male,38.0,83,2025-10-04,Premium
14324,Priya Reddy 2025,Female,36.0,8,2024-03-08,Regular
14325,Neha Ghosh 2026,Female,50.0,40,2023-05-16,VIP
14326,Varun Joshi 2394,Male,48.0,39,2022-10-29,Regular
14327,Riya Ansari 2027,Female,49.0,1,2022-01-18,Regular
14328,Manish Iyer 2395,Male,20.0,19,2024-02-13,Premium
14329,Sneha Sharma 2028,Female,34.0,77,2024-06-05,Premium
14330,Kavya Patel 2029,Female,64.0,36,2024-12-15,VIP
14331,Meera Joshi 2030,Female,34.0,15,2025-07-12,Premium
14332,Nisha Iyer 2031,Female,26.0,29,2023-08-11,Regular
14333,Ankit Deshmukh 2396,Male,27.0,28,2022-09-24,Regular
14334,Pooja Deshmukh 2032,Female,19.0,18,2025-09-12,Regular
14335,Rajat Arora 2397,Male,55.0,11,2025-05-04,Regular
14336,Simran Arora 2033,Female,18.0,77,2024-05-03,Regular
14337,Shreya Singh 2034,Female,46.0,83,2022-03-04,Regular
14338,Mohit Singh 2398,Male,37.0,50,2024-01-19,Regular
14339,Akash Malhotra 2399,Male,22.0,62,2024-09-17,Regular
14340,Harsh Saxena 2400,Male,60.0,92,2025-10-05,Premium
14341,Dev Das 2401,Male,53.0,85,2024-03-24,Regular
14342,Ayush Rao 2402,Male,57.0,4,2024-01-11,Regular
14343,Tanya Malhotra 2035,Female,62.0,96,2023-08-31,Regular
14344,Dhruv Tiwari 2403,Male,61.0,7,2023-10-26,Premium
14345,Avni Saxena 2036,Female,51.0,3,2022-01-27,Regular
14346,Mahi Das 2037,Female,43.0,41,2022-06-15,Regular
14347,Radhika Rao 2038,Female,51.0,75,2025-04-25,VIP
14348,Ishaan Kumar 2404,Male,39.0,9,2023-08-03,Premium
14349,Sakshi Tiwari 2039,Female,26.0,30,2025-09-23,Regular
14350,Muskan Kumar 2040,Female,36.0,27,2023-09-28,Regular
14351,Palak Bansal 2041,Female,40.0,40,2026-05-14,Regular
14352,Ishita Yadav 2042,Female,20.0,99,2022-10-16,Regular
14353,Nandini Chatterjee 2043,Female,58.0,34,2022-10-28,Regular
14354,Anushka Khan 2044,Female,61.0,21,2024-07-29,VIP
14355,Shruti Pandey 2045,Female,38.0,13,2025-07-08,Regular
14356,Rishi Bansal 2405,Male,41.0,20,2022-08-19,Regular
14357,Payal Jain 2046,Female,58.0,14,2024-03-15,Premium
14358,Abhishek Yadav 2406,Male,39.0,58,2022-12-24,Regular
14359,Siddharth Chatterjee 2407,Male,51.0,43,2025-03-25,Regular
14360,Komal Mishra 2047,Female,42.0,50,2024-06-16,Regular
14361,Pranav Khan 2408,Male,31.0,84,2024-11-12,Regular
14362,Tanvi Nair 2048,Female,56.0,59,2023-03-07,Regular
14363,Karan Pandey 2409,Male,27.0,16,2023-04-08,VIP
14364,Pallavi Kulkarni 2049,Female,28.0,38,2024-10-20,Regular
14365,Aarav Patel 2410,Male,51.0,32,2023-07-19,Premium
14366,Aanya Arora 2050,Female,52.0,83,2025-01-09,Regular
14367,Vihaan Joshi 2411,Male,63.0,31,2022-09-04,Premium
14368,Aditya Iyer 2412,Male,52.0,14,2023-04-28,Regular
14369,Arjun Deshmukh 2413,Male,19.0,74,2022-06-12,Regular
14370,Ananya Singh 2051,Female,58.0,43,2022-05-20,Regular
14371,Reyansh Pandey,Other,37.0,10,2023-02-24,Regular
14372,Aditi Malhotra 2052,Female,18.0,69,2024-02-23,Regular
14373,Kabir Arora 2414,Male,45.0,22,2022-08-20,Regular
14374,Rohan Singh 2415,Male,26.0,87,2022-05-29,Premium
14375,Rahul Malhotra 2416,Male,37.0,84,2025-11-04,Regular
14376,Diya Saxena 2053,Female,40.0,37,2024-04-04,Regular
14377,Isha Das 2054,Female,21.0,56,2025-02-18,Premium
14378,Aman Saxena 2417,Male,58.0,57,2025-03-07,Regular
14379,Priya Rao 2055,Female,42.0,66,2022-06-12,Regular
14380,Neha Tiwari 2056,Female,64.0,7,2024-09-19,Premium
14381,Kunal Das 2418,Male,40.0,33,2025-10-09,Premium
14382,Nikhil Rao 2419,Male,46.0,18,2023-12-19,Regular
14383,Vivek Tiwari 2420,Male,56.0,70,2025-10-11,Regular
14384,Ritvik Kumar 2421,Male,28.0,7,2026-02-22,Regular
14385,Yash Bansal 2422,Male,61.0,52,2024-05-24,Regular
14386,Riya Kumar 2057,Female,26.0,73,2022-06-12,Premium
14387,Sahil Yadav 2423,Male,65.0,95,2024-09-14,VIP
14388,Sneha Bansal 2058,Female,48.0,29,2025-11-09,Regular
14389,Kavya Yadav 2059,Female,42.0,1,2024-07-15,Regular
14390,Meera Chatterjee 2060,Female,28.0,73,2025-07-04,Premium
14391,Nisha Khan 2061,Female,45.0,1,2024-05-06,Regular
14392,Varun Chatterjee 2424,Male,44.0,7,2023-11-03,Premium
14393,Manish Khan 2425,Male,65.0,100,2026-02-21,Regular
14394,Ankit Pandey 2426,Male,58.0,87,2022-09-02,Regular
14395,Pooja Pandey 2062,Female,41.0,71,2023-12-18,Premium
14396,Simran Jain 2063,Female,36.0,84,2022-09-07,VIP
14397,Rajat Jain 2427,Male,36.0,8,2024-11-13,Regular
14398,Mohit Mishra 2428,Male,36.0,9,2026-01-14,Premium
14399,Akash Nair 2429,Male,18.0,31,2026-05-16,Regular
14400,Harsh Kulkarni 2430,Male,19.0,3,2023-01-09,Regular
14401,Shreya Mishra 2064,Female,54.0,89,2025-03-10,Regular
14402,Dev Sethi 2431,Male,30.0,6,2025-10-30,Regular
14403,Ayush Verma 2432,Male,37.0,55,2025-08-26,Premium
14404,Dhruv Shah 2433,Male,51.0,86,2024-03-16,Regular
14405,Ishaan Chauhan 2434,Male,47.0,74,2022-10-07,Regular
14406,Rishi Menon 2435,Male,35.0,24,2024-01-09,Regular
14407,Tanya Nair 2065,Female,54.0,48,2025-05-26,Premium
14408,Abhishek Pillai 2436,Male,25.0,55,2024-09-18,Premium
14409,Avni Kulkarni 2066,Female,40.0,77,2023-09-14,Regular
14410,Siddharth Khanna 2437,Male,23.0,43,2022-12-11,Regular
14411,Pranav Gupta 2438,Male,43.0,29,2024-11-08,VIP
14412,Karan Agarwal 2439,Male,22.0,80,2023-11-17,Regular
14413,Aarav Yadav 2440,Male,63.0,89,2024-01-26,Premium
14414,Vihaan Chatterjee 2441,Male,49.0,49,2026-02-10,Regular
14415,Aditya Khan 2442,Male,29.0,3,2022-01-15,Premium
14416,Mahi Sethi 2067,Female,47.0,51,2023-01-17,Regular
14417,Radhika Verma 2068,Female,34.0,89,2026-01-11,Regular
14418,Sakshi Shah 2069,Female,42.0,99,2026-01-14,Regular
14419,Arjun Pandey 2443,Male,26.0,41,2023-04-30,Regular
14420,Muskan Chauhan 2070,Female,42.0,16,2026-05-10,Regular
14421,Palak Menon 2071,Female,23.0,58,2022-12-05,VIP
14422,Kabir Jain 2444,Male,25.0,84,2022-03-25,Regular
14423,Rohan Mishra 2445,Male,46.0,95,2023-05-07,Regular
14424,Ishita Pillai 2072,Female,42.0,6,2024-04-30,Regular
14425,Nandini Khanna 2073,Female,32.0,30,2022-01-10,Regular
14426,Rahul Nair 2446,Male,20.0,48,2022-10-02,Regular
14427,Aman Kulkarni 2447,Male,38.0,10,2025-06-19,Regular
14428,Navya Jain,Other,62.0,89,2024-09-21,Premium
14429,Kunal Sethi 2448,Male,51.0,12,2024-08-26,Premium
14430,Anushka Gupta 2074,Female,20.0,67,2026-05-03,Regular
14431,Shruti Agarwal 2075,Female,63.0,92,2023-01-01,Premium
14432,Payal Sinha 2076,Female,38.0,69,2025-12-06,Regular
14433,Komal Roy 2077,Female,45.0,77,2023-07-23,Regular
14434,Nikhil Verma 2449,Male,18.0,27,2026-01-19,VIP
14435,Tanvi Naidu 2078,Female,32.0,83,2025-06-07,Premium
14436,Pallavi Tripathi 2079,Female,55.0,42,2022-12-08,Regular
14437,Aanya Jain 2080,Female,33.0,7,2022-12-02,Regular
14438,Vivek Shah 2450,Male,25.0,37,2024-05-17,Regular
14439,Ritvik Chauhan 2451,Male,22.0,35,2024-03-15,Regular
14440,Yash Menon 2452,Male,62.0,53,2023-01-11,Premium
14441,Sahil Pillai 2453,Male,57.0,27,2023-02-21,Regular
14442,Ananya Mishra 2081,Female,20.0,47,2025-12-10,Premium
14443,Aditi Nair 2082,Female,62.0,43,2025-04-20,Premium
14444,Diya Kulkarni 2083,Female,57.0,33,2022-11-02,Regular
14445,Isha Sethi 2084,Female,35.0,70,2025-03-06,Premium
14446,Varun Khanna 2454,Male,49.0,31,2022-09-04,Premium
14447,Manish Gupta 2455,Male,30.0,77,2023-12-14,Regular
14448,Ankit Agarwal 2456,Male,29.0,26,2022-01-20,Regular
14449,Rajat Sinha 2457,Male,52.0,87,2024-11-04,Premium
14450,Mohit Roy 2458,Male,27.0,37,2022-10-19,VIP
14451,Akash Naidu 2459,Male,35.0,5,2023-01-13,Regular
14452,Harsh Tripathi 2460,Male,35.0,15,2022-10-31,Regular
14453,Priya Verma 2085,Female,25.0,81,2022-10-21,Premium
14454,Dev Mehta 2461,Male,57.0,88,2022-04-05,VIP
14455,Ayush Kapoor 2462,Male,50.0,22,2024-06-06,Regular
14456,Dhruv Reddy 2463,Male,59.0,61,2025-10-20,Regular
14457,Neha Shah 2086,Female,43.0,58,2023-04-28,Premium
14458,Riya Chauhan 2087,Female,26.0,14,2025-06-01,Regular
14459,Ishaan Ghosh 2464,Male,31.0,46,2024-05-19,Regular
14460,Rishi Ansari 2465,Male,34.0,70,2023-02-12,Regular
14461,Sneha Menon 2088,Female,63.0,97,2022-04-09,Regular
14462,Kavya Pillai 2089,Female,29.0,85,2025-06-07,Premium
14463,Meera Khanna 2090,Female,51.0,10,2022-02-06,Regular
14464,Nisha Gupta 2091,Female,23.0,24,2023-11-07,Premium
14465,Pooja Agarwal 2092,Female,63.0,44,2022-02-24,Regular
14466,Simran Sinha 2093,Female,49.0,16,2025-05-25,Premium
14467,Abhishek Sharma 2466,Male,38.0,58,2026-05-03,Regular
14468,Shreya Roy 2094,Female,34.0,1,2023-06-01,Regular
14469,Siddharth Patel 2467,Male,35.0,12,2023-05-17,VIP
14470,Tanya Naidu 2095,Female,28.0,5,2024-06-22,Premium
14471,Pranav Joshi 2468,Male,46.0,30,2024-03-14,Regular
14472,Karan Iyer 2469,Male,59.0,77,2023-09-03,Regular
14473,Avni Tripathi 2096,Female,29.0,18,2023-08-09,Regular
14474,Mahi Mehta 2097,Female,53.0,99,2022-10-28,VIP
14475,Aarav Pillai 2470,Male,45.0,27,2023-02-06,Regular
14476,Sana Mishra,Other,55.0,5,2024-07-26,VIP
14477,Vihaan Khanna 2471,Male,54.0,34,2025-03-21,Regular
14478,Aditya Gupta 2472,Male,19.0,75,2025-04-16,Premium
14479,Radhika Kapoor 2098,Female,19.0,11,2024-04-06,Regular
14480,Arjun Agarwal 2473,Male,61.0,8,2025-04-19,Regular
14481,Kabir Sinha 2474,Male,25.0,85,2024-08-05,VIP
14482,Sakshi Reddy 2099,Female,45.0,60,2023-07-25,Regular
14483,Rohan Roy 2475,Male,54.0,35,2023-07-20,VIP
14484,Rahul Naidu 2476,Male,42.0,76,2024-04-09,Regular
14485,Aman Tripathi 2477,Male,18.0,85,2023-05-08,Regular
14486,Muskan Ghosh 2100,Female,18.0,36,2025-05-07,Premium
14487,Kunal Mehta 2478,Male,50.0,57,2022-10-24,Regular
14488,Nikhil Kapoor 2479,Male,61.0,2,2022-03-29,Regular
14489,Palak Ansari 2101,Female,34.0,31,2024-02-25,Regular
14490,Vivek Reddy 2480,Male,44.0,60,2022-04-26,Regular
14491,Ritvik Ghosh 2481,Male,62.0,20,2022-11-03,Premium
14492,Ishita Sharma 2102,Female,57.0,100,2023-08-25,Regular
14493,Nandini Patel 2103,Female,43.0,98,2022-01-07,Regular
14494,Yash Ansari 2482,Male,49.0,26,2022-12-24,Regular
14495,Anushka Joshi 2104,Female,64.0,40,2024-05-21,Premium
14496,Shruti Iyer 2105,Female,56.0,19,2023-08-23,VIP
14497,Sahil Sharma 2483,Male,37.0,51,2025-12-05,Premium
14498,Payal Deshmukh 2106,Female,51.0,13,2022-05-31,Regular
14499,Komal Arora 2107,Female,33.0,40,2025-02-25,Regular
14500,Tanvi Singh 2108,Female,62.0,56,2024-08-05,Regular
14501,Pallavi Malhotra 2109,Female,22.0,62,2024-10-27,Premium
14502,Aanya Sinha 2110,Female,28.0,60,2024-12-10,Regular
14503,Riya Nair,Other,34.0,23,2022-03-25,Regular
14504,Ananya Roy 2111,Female,27.0,80,2025-06-20,Regular
14505,Aditi Naidu 2112,Female,46.0,70,2023-06-15,VIP
14506,Diya Tripathi 2113,Female,52.0,76,2024-11-06,Regular
14507,Isha Mehta 2114,Female,60.0,47,2023-04-16,Regular
14508,Priya Kapoor 2115,Female,42.0,90,2023-09-27,Premium
14509,Varun Patel 2484,Male,47.0,39,2025-01-25,VIP
14510,Manish Joshi 2485,Male,46.0,81,2026-02-04,Regular
14511,Neha Reddy 2116,Female,18.0,21,2025-11-05,Premium
14512,Ankit Iyer 2486,Male,52.0,25,2025-03-08,Regular
14513,Riya Ghosh 2117,Female,19.0,53,2024-05-11,Regular
14514,Sneha Ansari 2118,Female,44.0,56,2024-04-24,Regular
14515,Kavya Sharma 2119,Female,65.0,75,2026-03-25,Premium
14516,Rajat Deshmukh 2487,Male,55.0,30,2022-11-27,Premium
14517,Meera Patel 2120,Female,42.0,88,2026-03-07,Regular
14518,Mohit Arora 2488,Male,33.0,33,2024-11-04,Regular
14519,Nisha Joshi 2121,Female,58.0,54,2024-09-12,Premium
14520,Akash Singh 2489,Male,59.0,94,2024-08-04,Regular
14521,Harsh Malhotra 2490,Male,35.0,54,2025-07-23,Premium
14522,Pooja Iyer 2122,Female,23.0,69,2024-12-29,Premium
14523,Simran Deshmukh 2123,Female,45.0,91,2022-06-01,Regular
14524,Shreya Arora 2124,Female,48.0,98,2025-06-03,Regular
14525,Dev Saxena 2491,Male,62.0,50,2025-03-11,Regular
14526,Ayush Das 2492,Male,60.0,42,2026-01-04,Regular
14527,Dhruv Rao 2493,Male,28.0,20,2026-02-07,Regular
14528,Tanya Singh 2125,Female,30.0,54,2026-02-27,Premium
14529,Avni Malhotra 2126,Female,65.0,92,2022-03-10,Premium
14530,Ishaan Tiwari 2494,Male,33.0,49,2024-10-05,Regular
14531,Rishi Kumar 2495,Male,40.0,35,2026-02-04,Premium
14532,Abhishek Bansal 2496,Male,32.0,11,2026-03-26,Regular
14533,Mahi Saxena 2127,Female,36.0,39,2024-05-28,Premium
14534,Siddharth Yadav 2497,Male,45.0,24,2025-12-29,Regular
14535,Pranav Chatterjee 2498,Male,32.0,98,2025-11-09,Regular
14536,Karan Khan 2499,Male,37.0,53,2022-01-05,Regular
14537,Aarav Sharma 2500,Male,34.0,14,2025-11-16,Regular
14538,Vihaan Patel 2501,Male,23.0,7,2024-10-17,VIP
14539,Aditya Joshi 2502,Male,55.0,86,2024-07-06,Regular
14540,Radhika Das 2128,Female,60.0,94,2022-10-13,Regular
14541,Sakshi Rao 2129,Female,41.0,77,2026-01-09,Regular
14542,Arjun Iyer 2503,Male,27.0,13,2023-04-18,Regular
14543,Muskan Tiwari 2130,Female,48.0,10,2023-10-31,Regular
14544,Kabir Deshmukh 2504,Male,43.0,20,2023-04-22,Regular
14545,Palak Kumar 2131,Female,44.0,76,2026-04-01,Regular
14546,Ishita Bansal 2132,Female,46.0,77,2024-02-13,Premium
14547,Rohan Arora 2505,Male,52.0,84,2022-07-02,Regular
14548,Nandini Yadav 2133,Female,19.0,10,2022-01-18,Regular
14549,Anushka Chatterjee 2134,Female,22.0,16,2026-04-18,Regular
14550,Shruti Khan 2135,Female,22.0,91,2023-01-13,Premium
14551,Rahul Singh 2506,Male,25.0,93,2025-05-18,Premium
14552,Aman Malhotra 2507,Male,64.0,73,2022-02-16,Regular
14553,Kunal Saxena 2508,Male,53.0,11,2025-12-05,Regular
14554,Kriti Kulkarni,Other,49.0,7,2024-11-06,Regular
14555,Payal Pandey 2136,Female,51.0,6,2022-12-26,Regular
14556,Nikhil Das 2509,Male,19.0,70,2025-11-23,Premium
14557,Komal Jain 2137,Female,28.0,85,2023-04-22,Premium
14558,Vivek Rao 2510,Male,56.0,64,2026-05-16,Regular
14559,Ritvik Tiwari 2511,Male,40.0,27,2024-08-17,Premium
14560,Tanvi Mishra 2138,Female,42.0,76,2023-12-19,Premium
14561,Yash Kumar 2512,Male,54.0,6,2022-04-04,Premium
14562,Pallavi Nair 2139,Female,21.0,83,2023-02-21,Premium
14563,Aanya Deshmukh 2140,Female,56.0,90,2022-04-04,Regular
14564,Ananya Arora 2141,Female,50.0,72,2025-09-26,VIP
14565,Aditi Singh 2142,Female,37.0,88,2022-06-10,Regular
14566,Sahil Bansal 2513,Male,41.0,59,2022-07-01,Regular
14567,Diya Malhotra 2143,Female,21.0,47,2022-07-19,Regular
14568,Isha Saxena 2144,Female,27.0,33,2026-04-08,Premium
14569,Varun Yadav 2514,Male,29.0,93,2026-04-02,Regular
14570,Manish Chatterjee 2515,Male,60.0,70,2025-02-17,Regular
14571,Ankit Khan 2516,Male,23.0,20,2022-04-28,Premium
14572,Rajat Pandey 2517,Male,31.0,96,2024-03-17,Regular
14573,Priya Das 2145,Female,24.0,6,2026-02-26,Regular
14574,Mohit Jain 2518,Male,31.0,59,2022-06-04,Regular
14575,Neha Rao 2146,Female,18.0,20,2025-06-23,Premium
14576,Akash Mishra 2519,Male,31.0,67,2022-01-30,Regular
14577,Harsh Nair 2520,Male,52.0,42,2025-07-10,Regular
14578,Dev Kulkarni 2521,Male,54.0,44,2024-05-21,Regular
14579,Ayush Sethi 2522,Male,36.0,68,2025-11-21,VIP
14580,Milan Sethi,Other,51.0,76,2023-10-25,Premium
14581,Dhruv Verma 2523,Male,47.0,39,2025-06-10,Regular
14582,Ishaan Shah 2524,Male,61.0,100,2025-09-10,Premium
14583,Rishi Chauhan 2525,Male,56.0,50,2023-06-04,Premium
14584,Abhishek Menon 2526,Male,29.0,17,2024-10-24,Premium
14585,Riya Tiwari 2147,Female,46.0,1,2024-01-08,Regular
14586,Sneha Kumar 2148,Female,55.0,21,2023-11-23,Regular
14587,Siddharth Pillai 2527,Male,32.0,70,2025-07-03,Premium
14588,Kavya Bansal 2149,Female,45.0,54,2022-12-28,Regular
14589,Pranav Khanna 2528,Male,37.0,34,2022-07-11,Regular
14590,Meera Yadav 2150,Female,32.0,49,2024-02-08,Regular
14591,Nisha Chatterjee 2151,Female,27.0,84,2025-08-07,Regular
14592,Karan Gupta 2529,Male,19.0,58,2022-09-18,Regular
14593,Pooja Khan 2152,Female,53.0,6,2023-06-29,Regular
14594,Simran Pandey 2153,Female,57.0,5,2024-12-03,Regular
14595,Aarav Bansal 2530,Male,49.0,49,2024-02-02,Premium
14596,Aadi Verma,Other,29.0,41,2024-08-27,Regular
14597,Shreya Jain 2154,Female,18.0,86,2024-04-24,Regular
14598,Vihaan Yadav 2531,Male,48.0,59,2025-07-20,Regular
14599,Tanya Mishra 2155,Female,27.0,76,2025-11-01,Regular
14600,Avni Nair 2156,Female,44.0,59,2023-12-21,Premium
14601,Mahi Kulkarni 2157,Female,64.0,35,2023-11-22,Regular
14602,Aditya Chatterjee 2532,Male,18.0,66,2023-03-22,Premium
14603,Radhika Sethi 2158,Female,45.0,63,2023-12-11,VIP
14604,Sakshi Verma 2159,Female,65.0,73,2025-08-31,Regular
14605,Muskan Shah 2160,Female,34.0,19,2024-03-13,Premium
14606,Arjun Khan 2533,Male,57.0,65,2025-01-10,Regular
14607,Kabir Pandey 2534,Male,57.0,29,2023-11-01,Regular
14608,Palak Chauhan 2161,Female,41.0,80,2025-02-04,Regular
14609,Ishita Menon 2162,Female,32.0,80,2025-02-13,Regular
14610,Rohan Jain 2535,Male,50.0,63,2024-04-24,Regular
14611,Nandini Pillai 2163,Female,47.0,95,2026-02-04,Regular
14612,Anushka Khanna 2164,Female,40.0,54,2025-11-02,Regular
14613,Shruti Gupta 2165,Female,27.0,3,2022-09-11,Regular
14614,Rahul Mishra 2536,Male,53.0,61,2022-12-31,Regular
14615,Payal Agarwal 2166,Female,28.0,78,2026-03-08,Premium
14616,Aman Nair 2537,Male,24.0,11,2023-10-05,Regular
14617,Kunal Kulkarni 2538,Male,21.0,11,2023-05-12,Regular
14618,Komal Sinha 2167,Female,39.0,28,2025-06-27,Regular
14619,Tanvi Roy 2168,Female,23.0,85,2024-08-21,Premium
14620,Nikhil Sethi 2539,Male,34.0,53,2022-08-01,Premium
14621,Pallavi Naidu 2169,Female,29.0,98,2022-05-27,Regular
14622,Aanya Pandey 2170,Female,40.0,88,2025-07-16,Regular
14623,Vivek Verma 2540,Male,55.0,56,2025-05-08,Regular
14624,Ritvik Shah 2541,Male,39.0,68,2023-07-19,Regular
14625,Ananya Jain 2171,Female,44.0,34,2025-10-11,Regular
14626,Aditi Mishra 2172,Female,24.0,10,2022-07-20,Regular
14627,Yash Chauhan 2542,Male,23.0,40,2025-10-22,VIP
14628,Diya Nair 2173,Female,64.0,60,2022-05-07,Regular
14629,Isha Kulkarni 2174,Female,47.0,19,2024-10-14,Regular
14630,Priya Sethi 2175,Female,18.0,23,2025-10-09,Regular
14631,Neha Verma 2176,Female,45.0,2,2024-09-17,Regular
14632,Sahil Menon 2543,Male,18.0,74,2025-05-30,VIP
14633,Varun Pillai 2544,Male,21.0,90,2023-07-05,VIP
14634,Manish Khanna 2545,Male,35.0,83,2023-04-06,Regular
14635,Riya Shah 2177,Female,49.0,38,2023-03-02,Premium
14636,Sneha Chauhan 2178,Female,47.0,60,2022-07-06,Regular
14637,Kavya Menon 2179,Female,55.0,97,2023-03-20,Regular
14638,Ankit Gupta 2546,Male,26.0,60,2023-01-31,Regular
14639,Meera Pillai 2180,Female,27.0,30,2025-04-25,Regular
14640,Rajat Agarwal 2547,Male,43.0,34,2022-12-07,Regular
14641,Mohit Sinha 2548,Male,59.0,73,2022-09-23,Regular
14642,Akash Roy 2549,Male,52.0,45,2025-03-18,Regular
14643,Nisha Khanna 2181,Female,50.0,84,2024-05-10,VIP
14644,Harsh Naidu 2550,Male,22.0,87,2022-12-11,Regular
14645,Pooja Gupta 2182,Female,60.0,4,2025-02-03,Regular
14646,Shiv Shah,Other,65.0,73,2022-12-12,VIP
14647,Simran Agarwal 2183,Female,45.0,37,2025-06-10,Regular
14648,Dev Tripathi 2551,Male,34.0,52,2022-02-21,Regular
14649,Shreya Sinha 2184,Female,49.0,27,2024-08-02,Regular
14650,Tanya Roy 2185,Female,48.0,37,2024-08-12,Regular
14651,Ayush Mehta 2552,Male,62.0,34,2023-08-20,Regular
14652,Avni Naidu 2186,Female,23.0,6,2025-01-07,Regular
14653,Mahi Tripathi 2187,Female,42.0,79,2023-08-31,Regular
14654,Dhruv Kapoor 2553,Male,52.0,15,2024-11-11,Regular
14655,Radhika Mehta 2188,Female,34.0,38,2022-12-24,Premium
14656,Ishaan Reddy 2554,Male,58.0,20,2024-06-28,Premium
14657,Rishi Ghosh 2555,Male,21.0,17,2025-04-25,Regular
14658,Sakshi Kapoor 2189,Female,23.0,38,2026-03-26,VIP
14659,Abhishek Ansari 2556,Male,55.0,92,2023-07-31,Premium
14660,Siddharth Sharma 2557,Male,24.0,95,2024-01-27,Premium
14661,Pranav Patel 2558,Male,38.0,39,2024-02-02,Premium
14662,Karan Joshi 2559,Male,31.0,51,2025-10-08,Regular
14663,Aarav Menon 2560,Male,51.0,99,2026-03-21,Regular
14664,Muskan Reddy 2190,Female,18.0,24,2024-10-30,Premium
14665,Vihaan Pillai 2561,Male,35.0,95,2025-08-08,Regular
14666,Aditya Khanna 2562,Male,65.0,11,2022-05-15,Premium
14667,Palak Ghosh 2191,Female,35.0,23,2025-04-29,Premium
14668,Ishita Ansari 2192,Female,46.0,34,2025-07-20,Regular
14669,Arjun Gupta 2563,Male,65.0,4,2025-02-17,Regular
14670,Kabir Agarwal 2564,Male,47.0,82,2024-07-24,VIP
14671,Rohan Sinha 2565,Male,54.0,86,2025-12-10,Regular
14672,Rahul Roy 2566,Male,64.0,39,2024-11-11,Premium
14673,Aman Naidu 2567,Male,47.0,84,2025-09-16,VIP
14674,Nandini Sharma 2193,Female,57.0,78,2022-10-16,Regular
14675,Anushka Patel 2194,Female,42.0,81,2024-11-30,Regular
14676,Kunal Tripathi 2568,Male,57.0,81,2023-12-01,Regular
14677,Shruti Joshi 2195,Female,48.0,58,2025-10-21,Premium
14678,Nikhil Mehta 2569,Male,34.0,12,2025-11-09,Regular
14679,Vivek Kapoor 2570,Male,44.0,93,2025-09-12,Regular
14680,Ritvik Reddy 2571,Male,34.0,61,2022-12-11,Regular
14681,Yash Ghosh 2572,Male,37.0,91,2024-02-27,Regular
14682,Payal Iyer 2196,Female,32.0,96,2022-01-01,Regular
14683,Sahil Ansari 2573,Male,41.0,19,2026-04-17,Regular
14684,Komal Deshmukh 2197,Female,34.0,41,2023-02-17,Premium
14685,Varun Sharma 2574,Male,48.0,20,2024-09-26,Regular
14686,Tanvi Arora 2198,Female,35.0,6,2024-02-20,Premium
14687,Pallavi Singh 2199,Female,41.0,97,2025-12-18,Premium
14688,Manish Patel 2575,Male,24.0,93,2025-08-07,Regular
14689,Ankit Joshi 2576,Male,36.0,94,2025-05-28,Regular
14690,Aanya Agarwal 2200,Female,35.0,89,2024-10-26,Regular
14691,Ananya Sinha 2201,Female,64.0,65,2022-07-11,Regular
14692,Rajat Iyer 2577,Male,39.0,53,2026-01-10,Regular
14693,Aditi Roy 2202,Female,19.0,100,2022-04-11,Regular
14694,Mohit Deshmukh 2578,Male,32.0,56,2023-12-30,Regular
14695,Akash Arora 2579,Male,53.0,65,2023-08-31,Regular
14696,Diya Naidu 2203,Female,25.0,22,2023-09-18,Regular
14697,Harsh Singh 2580,Male,25.0,75,2026-04-13,Regular
14698,Dev Malhotra 2581,Male,35.0,82,2023-01-06,Regular
14699,Ayush Saxena 2582,Male,35.0,68,2024-07-16,Regular
14700,Dhruv Das 2583,Male,41.0,50,2022-12-15,Regular
14701,Ishaan Rao 2584,Male,19.0,20,2025-12-29,Regular
14702,Rishi Tiwari 2585,Male,52.0,4,2025-03-23,Regular
14703,Isha Tripathi 2204,Female,28.0,63,2023-10-26,Regular
14704,Priya Mehta 2205,Female,52.0,69,2022-05-09,Regular
14705,Abhishek Kumar 2586,Male,45.0,78,2022-09-02,Regular
14706,Siddharth Bansal 2587,Male,27.0,96,2023-01-24,VIP
14707,Neha Kapoor 2206,Female,40.0,50,2023-10-13,Regular
14708,Pranav Yadav 2588,Male,19.0,83,2025-11-18,Regular
14709,Karan Chatterjee 2589,Male,51.0,72,2022-07-11,Regular
14710,Riya Reddy 2207,Female,32.0,28,2024-07-12,Premium
14711,Aarav Ansari 2590,Male,36.0,85,2023-07-10,VIP
14712,Sneha Ghosh 2208,Female,25.0,6,2022-03-16,Regular
14713,Kavya Ansari 2209,Female,35.0,60,2024-09-17,Regular
14714,Meera Sharma 2210,Female,36.0,95,2025-01-31,Regular
14715,Vihaan Sharma 2591,Male,28.0,66,2026-03-16,Premium
14716,Aditya Patel 2592,Male,65.0,94,2024-03-21,Regular
14717,Arjun Joshi 2593,Male,31.0,6,2023-06-05,Premium
14718,Nisha Patel 2211,Female,26.0,54,2025-09-29,Regular
14719,Pooja Joshi 2212,Female,44.0,79,2023-01-31,Regular
14720,Simran Iyer 2213,Female,33.0,65,2024-12-27,Regular
14721,Kabir Iyer 2594,Male,39.0,89,2026-02-18,Regular
14722,Shreya Deshmukh 2214,Female,52.0,47,2022-01-08,Regular
14723,Tanya Arora 2215,Female,21.0,69,2026-01-20,Premium
14724,Avni Singh 2216,Female,42.0,42,2022-11-26,Regular
14725,Mahi Malhotra 2217,Female,19.0,88,2024-02-10,Regular
14726,Rohan Deshmukh 2595,Male,20.0,12,2023-02-17,Premium
14727,Rahul Arora 2596,Male,22.0,26,2022-08-20,Premium
14728,Radhika Saxena 2218,Female,25.0,10,2025-01-28,Premium
14729,Aman Singh 2597,Male,34.0,71,2024-02-11,Premium
14730,Kunal Malhotra 2598,Male,62.0,24,2024-03-25,Regular
14731,Nikhil Saxena 2599,Male,61.0,32,2024-02-13,Premium
14732,Vivek Das 2600,Male,22.0,84,2025-04-10,Regular
14733,Sakshi Das 2219,Female,65.0,37,2026-03-26,VIP
14734,Ritvik Rao 2601,Male,48.0,15,2024-03-31,Premium
14735,Yash Tiwari 2602,Male,44.0,3,2022-09-06,Regular
14736,Muskan Rao 2220,Female,56.0,23,2023-06-08,Regular
14737,Palak Tiwari 2221,Female,41.0,92,2024-03-04,Premium
14738,Sahil Kumar 2603,Male,30.0,55,2022-06-15,Premium
14739,Varun Bansal 2604,Male,43.0,100,2023-01-02,Regular
14740,Manish Yadav 2605,Male,52.0,22,2022-11-21,VIP
14741,Ankit Chatterjee 2606,Male,50.0,36,2026-04-06,Regular
14742,Rajat Khan 2607,Male,26.0,17,2023-10-04,Regular
14743,Mohit Pandey 2608,Male,63.0,40,2025-11-07,Regular
14744,Ishita Kumar 2222,Female,31.0,57,2024-06-01,Regular
14745,Nandini Bansal 2223,Female,57.0,81,2024-03-20,Regular
14746,Anushka Yadav 2224,Female,32.0,37,2026-02-10,Premium
14747,Akash Jain 2609,Male,21.0,78,2025-01-12,Regular
14748,Harsh Mishra 2610,Male,65.0,63,2023-01-19,Premium
14749,Rohan Chauhan,Other,46.0,30,2023-03-27,Premium
14750,Shruti Chatterjee 2225,Female,28.0,92,2024-12-01,Regular
14751,Payal Khan 2226,Female,18.0,44,2022-01-04,Premium
14752,Dev Nair 2611,Male,24.0,16,2022-09-02,Premium
14753,Ayush Kulkarni 2612,Male,26.0,97,2022-04-29,Regular
14754,Dhruv Sethi 2613,Male,62.0,92,2025-02-16,Regular
14755,Komal Pandey 2227,Female,26.0,5,2023-12-08,Regular
14756,Ishaan Verma 2614,Male,25.0,91,2022-01-19,Regular
14757,Tanvi Jain 2228,Female,58.0,95,2025-04-01,Regular
14758,Pallavi Mishra 2229,Female,60.0,83,2024-11-15,Regular
14759,Aanya Iyer 2230,Female,28.0,26,2025-02-23,VIP
14760,Rishi Shah 2615,Male,49.0,64,2022-09-19,Premium
14761,Ananya Deshmukh 2231,Female,43.0,54,2025-10-31,Premium
14762,Aditi Arora 2232,Female,45.0,63,2022-10-16,VIP
14763,Abhishek Chauhan 2616,Male,32.0,62,2024-07-02,Regular
14764,Diya Singh 2233,Female,54.0,64,2024-06-13,Regular
14765,Isha Malhotra 2234,Female,60.0,52,2022-12-16,Regular
14766,Priya Saxena 2235,Female,52.0,70,2023-08-24,Regular
14767,Siddharth Menon 2617,Male,61.0,53,2022-03-25,Regular
14768,Neha Das 2236,Female,23.0,2,2024-01-25,Premium
14769,Pranav Pillai 2618,Male,49.0,4,2024-12-19,Regular
14770,Karan Khanna 2619,Male,65.0,96,2023-05-10,Regular
14771,Aarav Kumar 2620,Male,43.0,91,2024-05-10,Regular
14772,Vihaan Bansal 2621,Male,63.0,59,2026-03-06,Regular
14773,Aditya Yadav 2622,Male,34.0,18,2023-01-11,Regular
14774,Arjun Chatterjee 2623,Male,61.0,79,2023-04-11,Regular
14775,Riya Rao 2237,Female,63.0,15,2022-07-11,Premium
14776,Kabir Khan 2624,Male,47.0,38,2024-05-17,Premium
14777,Mahi Menon,Other,51.0,33,2022-11-23,Regular
14778,Rohan Pandey 2625,Male,43.0,2,2025-09-28,Regular
14779,Sneha Tiwari 2238,Female,33.0,81,2023-04-11,Regular
14780,Kavya Kumar 2239,Female,43.0,51,2024-11-28,Regular
14781,Meera Bansal 2240,Female,64.0,32,2022-10-30,Regular
14782,Nisha Yadav 2241,Female,18.0,51,2023-06-01,Regular
14783,Pooja Chatterjee 2242,Female,27.0,1,2022-10-01,Regular
14784,Rahul Jain 2626,Male,41.0,44,2024-06-02,Regular
14785,Aman Mishra 2627,Male,34.0,52,2022-02-14,Regular
14786,Kunal Nair 2628,Male,47.0,34,2022-05-13,Premium
14787,Nikhil Kulkarni 2629,Male,35.0,84,2024-03-13,Regular
14788,Vivek Sethi 2630,Male,49.0,25,2024-05-23,Regular
14789,Ritvik Verma 2631,Male,23.0,14,2023-06-12,Regular
14790,Simran Khan 2243,Female,33.0,53,2023-11-22,Premium
14791,Shreya Pandey 2244,Female,51.0,89,2023-10-29,Regular
14792,Tanya Jain 2245,Female,40.0,38,2025-04-27,Regular
14793,Avni Mishra 2246,Female,52.0,5,2023-12-16,Regular
14794,Yash Shah 2632,Male,48.0,97,2025-09-18,Premium
14795,Sahil Chauhan 2633,Male,33.0,45,2022-12-14,Premium
14796,Mahi Nair 2247,Female,38.0,18,2022-11-16,Regular
14797,Radhika Kulkarni 2248,Female,64.0,62,2023-10-08,Regular
14798,Varun Menon 2634,Male,64.0,32,2022-05-11,Regular
14799,Manish Pillai 2635,Male,19.0,94,2024-12-09,Regular
14800,Ankit Khanna 2636,Male,51.0,30,2023-09-17,Regular
14801,Rajat Gupta 2637,Male,41.0,56,2023-08-10,Regular
14802,Mohit Agarwal 2638,Male,18.0,55,2024-05-04,Regular
14803,Akash Sinha 2639,Male,48.0,25,2022-05-12,VIP
14804,Sakshi Sethi 2249,Female,19.0,50,2023-08-26,Regular
14805,Muskan Verma 2250,Female,33.0,11,2026-04-05,Regular
14806,Palak Shah 2251,Female,51.0,65,2024-10-02,Premium
14807,Ishita Chauhan 2252,Female,57.0,76,2024-07-07,Premium
14808,Nandini Menon 2253,Female,37.0,96,2024-03-20,Regular
14809,Harsh Roy 2640,Male,56.0,33,2024-01-20,Regular
14810,Anushka Pillai 2254,Female,58.0,29,2026-02-07,Regular
14811,Dev Naidu 2641,Male,39.0,55,2026-01-28,Premium
14812,Shruti Khanna 2255,Female,26.0,70,2023-10-18,Regular
14813,Ayush Tripathi 2642,Male,49.0,100,2026-01-19,VIP
14814,Payal Gupta 2256,Female,18.0,3,2022-05-12,Regular
14815,Komal Agarwal 2257,Female,60.0,24,2023-05-27,Regular
14816,Dhruv Mehta 2643,Male,36.0,27,2023-04-29,Regular
14817,Ishaan Kapoor 2644,Male,54.0,26,2025-01-20,Regular
14818,Rishi Reddy 2645,Male,53.0,47,2024-08-27,Regular
14819,Tanvi Sinha 2258,Female,40.0,88,2024-01-27,Premium
14820,Pallavi Roy 2259,Female,64.0,4,2023-02-14,Regular
14821,Abhishek Ghosh 2646,Male,56.0,82,2024-03-21,VIP
14822,Aanya Khan 2260,Female,60.0,62,2023-03-07,Regular
14823,Siddharth Ansari 2647,Male,22.0,62,2024-03-06,Regular
14824,Pranav Sharma 2648,Male,41.0,68,2023-06-28,Regular
14825,Karan Patel 2649,Male,63.0,12,2025-11-22,Regular
14826,Ananya Pandey 2261,Female,57.0,75,2025-04-08,Regular
14827,Aarav Chauhan 2650,Male,39.0,25,2022-10-08,Premium
14828,Vihaan Menon 2651,Male,21.0,52,2026-02-13,Regular
14829,Aditya Pillai 2652,Male,31.0,68,2024-11-20,Regular
14830,Aditi Jain 2262,Female,45.0,61,2023-07-15,Regular
14831,Arjun Khanna 2653,Male,48.0,33,2024-04-28,Regular
14832,Diya Mishra 2263,Female,62.0,40,2022-11-09,Regular
14833,Isha Nair 2264,Female,22.0,48,2022-03-16,Regular
14834,Priya Kulkarni 2265,Female,37.0,5,2023-11-05,Regular
14835,Kabir Gupta 2654,Male,31.0,73,2025-06-05,Premium
14836,Neha Sethi 2266,Female,64.0,10,2023-07-17,Regular
14837,Rohan Agarwal 2655,Male,25.0,46,2023-09-07,Regular
14838,Rahul Sinha 2656,Male,28.0,66,2026-05-04,Regular
14839,Aman Roy 2657,Male,32.0,9,2026-04-29,Regular
14840,Kunal Naidu 2658,Male,23.0,100,2024-01-13,Premium
14841,Riya Verma 2267,Female,48.0,38,2022-03-12,Premium
14842,Naman Pillai,Other,43.0,2,2024-12-22,Premium
14843,Sneha Shah 2268,Female,44.0,66,2025-02-17,Premium
14844,Nikhil Tripathi 2659,Male,61.0,56,2026-01-02,Regular
14845,Kavya Chauhan 2269,Female,38.0,65,2026-02-25,Regular
14846,Meera Menon 2270,Female,32.0,76,2024-10-03,Regular
14847,Vivek Mehta 2660,Male,36.0,48,2022-06-21,Premium
14848,Ritvik Kapoor 2661,Male,56.0,83,2023-02-04,Premium
14849,Nisha Pillai 2271,Female,43.0,38,2025-02-20,Regular
14850,Yash Reddy 2662,Male,26.0,55,2024-08-29,Regular
14851,Sahil Ghosh 2663,Male,51.0,16,2023-11-29,Regular
14852,Pooja Khanna 2272,Female,53.0,62,2023-10-06,VIP
14853,Varun Ansari 2664,Male,29.0,27,2025-02-09,Regular
14854,Manish Sharma 2665,Male,44.0,70,2023-11-07,Regular
14855,Simran Gupta 2273,Female,45.0,81,2022-09-05,Regular
14856,Shreya Agarwal 2274,Female,26.0,86,2026-04-16,Regular
14857,Tanya Sinha 2275,Female,18.0,93,2023-07-14,Regular
14858,Avni Roy 2276,Female,52.0,13,2023-03-22,Regular
14859,Mahi Naidu 2277,Female,47.0,14,2022-04-21,Premium
14860,Radhika Tripathi 2278,Female,52.0,93,2024-01-21,Regular
14861,Sakshi Mehta 2279,Female,36.0,39,2026-04-27,Premium
14862,Muskan Kapoor 2280,Female,42.0,3,2022-09-13,Regular
14863,Ankit Patel 2666,Male,65.0,29,2023-01-27,Regular
14864,Palak Reddy 2281,Female,28.0,84,2022-10-13,Regular
14865,Ishita Ghosh 2282,Female,49.0,36,2022-05-31,Regular
14866,Rajat Joshi 2667,Male,24.0,8,2024-08-23,Regular
14867,Nandini Ansari 2283,Female,21.0,73,2023-04-23,Regular
14868,Anushka Sharma 2284,Female,63.0,20,2025-04-16,Regular
14869,Mohit Iyer 2668,Male,24.0,36,2023-10-04,Regular
14870,Akash Deshmukh 2669,Male,49.0,1,2024-10-15,Premium
14871,Harsh Arora 2670,Male,42.0,61,2022-05-24,Regular
14872,Dev Singh 2671,Male,56.0,45,2023-06-11,Regular
14873,Ayush Malhotra 2672,Male,44.0,87,2023-10-25,Regular
14874,Dhruv Saxena 2673,Male,51.0,34,2022-04-06,Regular
14875,Ishaan Das 2674,Male,60.0,21,2023-11-02,Premium
14876,Rishi Rao 2675,Male,57.0,17,2024-01-23,Regular
14877,Shruti Patel 2285,Female,52.0,21,2023-10-09,VIP
14878,Payal Joshi 2286,Female,25.0,46,2024-03-17,Premium
14879,Abhishek Tiwari 2676,Male,26.0,9,2025-06-29,Regular
14880,Siddharth Kumar 2677,Male,41.0,41,2025-05-18,Regular
14881,Pranav Bansal 2678,Male,49.0,86,2022-01-23,Regular
14882,Karan Yadav 2679,Male,50.0,77,2024-10-21,Premium
14883,Aarav Ghosh 2680,Male,55.0,64,2025-12-17,Regular
14884,Vihaan Ansari 2681,Male,22.0,90,2025-10-26,Regular
14885,Aditya Sharma 2682,Male,26.0,79,2023-06-02,Regular
14886,Komal Iyer 2287,Female,25.0,66,2025-06-06,Premium
14887,Arjun Patel 2683,Male,43.0,87,2025-07-05,Premium
14888,Tanvi Deshmukh 2288,Female,48.0,13,2023-08-09,Regular
14889,Kabir Joshi 2684,Male,23.0,82,2025-10-22,Regular
14890,Rohan Iyer 2685,Male,59.0,30,2024-10-08,Premium
14891,Pallavi Arora 2289,Female,32.0,74,2025-04-16,VIP
14892,Rahul Deshmukh 2686,Male,49.0,92,2025-04-10,Regular
14893,Aanya Gupta 2290,Female,54.0,50,2025-06-04,Regular
14894,Ananya Agarwal 2291,Female,19.0,9,2026-03-12,Regular
14895,Aditi Sinha 2292,Female,59.0,38,2025-10-03,Regular
14896,Aman Arora 2687,Male,NULL,41,2023-11-07,Regular
14897,Diya Roy 2293,Female,64.0,94,2024-06-18,Regular
14898,Kunal Singh 2688,Male,24.0,95,2024-11-03,Premium
14899,Nikhil Malhotra 2689,Male,36.0,57,2025-10-02,Regular
14900,Vivek Saxena 2690,Male,29.0,96,2023-09-21,Regular
14901,Isha Naidu 2294,Female,39.0,44,2023-05-16,Regular
14902,Priya Tripathi 2295,Female,64.0,42,2025-03-26,Regular
14903,Ritvik Das 2691,Male,54.0,84,2026-03-07,Regular
14904,Yash Rao 2692,Male,55.0,67,2025-12-30,Regular
14905,Neha Mehta 2296,Female,38.0,53,2022-08-25,Regular
14906,Riya Kapoor 2297,Female,62.0,46,2026-01-10,Regular
14907,Sahil Tiwari 2693,Male,62.0,71,2025-06-16,Premium
14908,Varun Kumar 2694,Male,56.0,76,2022-09-09,Premium
14909,Sneha Reddy 2298,Female,57.0,50,2022-01-11,Regular
14910,Kavya Ghosh 2299,Female,49.0,4,2022-11-23,Regular
14911,Meera Ansari 2300,Female,22.0,11,2026-01-27,Regular
14912,Manish Bansal 2695,Male,31.0,15,2025-04-22,Premium
14913,Vivek Rao,Male,54.0,47,2024-07-09,Premium
14914,Ankit Yadav 2696,Male,33.0,62,2024-10-06,Regular
14915,Rajat Chatterjee 2697,Male,26.0,81,2023-10-24,Regular
14916,Nisha Sharma 2301,Female,63.0,24,2025-12-19,Regular
14917,Mohit Khan 2698,Male,41.0,79,2022-09-07,Regular
14918,Pooja Patel 2302,Female,59.0,67,2023-05-18,Regular
14919,Simran Joshi 2303,Female,31.0,6,2022-11-17,Regular
14920,Shreya Iyer 2304,Female,35.0,36,2025-09-18,Regular
14921,Tanya Deshmukh 2305,Female,34.0,31,2024-05-14,Regular
14922,Avni Arora 2306,Female,35.0,89,2024-12-30,Regular
14923,Akash Pandey 2699,Male,39.0,93,2026-01-11,Regular
14924,Harsh Jain 2700,Male,32.0,82,2022-11-09,Premium
14925,Dev Mishra 2701,Male,57.0,53,2026-03-24,Regular
14926,Aarohi Khanna,Other,33.0,50,2022-07-22,Regular
14927,Mahi Singh 2307,Female,39.0,32,2025-04-21,Premium
14928,Ayush Nair 2702,Male,59.0,78,2025-01-29,Regular
14929,Dhruv Kulkarni 2703,Male,38.0,9,2025-08-13,Regular
14930,Ishaan Sethi 2704,Male,18.0,28,2022-09-11,Regular
14931,Rishi Verma 2705,Male,18.0,14,2026-03-16,Regular
14932,Radhika Malhotra 2308,Female,38.0,50,2025-06-24,VIP
14933,Abhishek Shah 2706,Male,49.0,30,2022-06-27,Regular
14934,Sakshi Saxena 2309,Female,63.0,20,2024-06-10,Regular
14935,Muskan Das 2310,Female,24.0,38,2025-07-31,Regular
14936,Siddharth Chauhan 2707,Male,44.0,87,2024-02-02,VIP
14937,Pranav Menon 2708,Male,31.0,56,2023-09-02,Premium
14938,Vansh Gupta,Other,39.0,83,2023-03-17,Regular
14939,Palak Rao 2311,Female,39.0,92,2024-04-05,Regular
14940,Karan Pillai 2709,Male,32.0,91,2026-04-24,Regular
14941,Aarav Tiwari 2710,Male,18.0,36,2024-08-30,Premium
14942,Ishita Tiwari 2312,Female,21.0,88,2025-03-01,Regular
14943,Nandini Kumar 2313,Female,43.0,91,2025-06-01,Regular
14944,Anushka Bansal 2314,Female,28.0,96,2025-05-29,Regular
14945,Shruti Yadav 2315,Female,33.0,36,2023-10-03,Premium
14946,Payal Chatterjee 2316,Female,22.0,23,2025-05-14,Regular
14947,Vihaan Kumar 2711,Male,20.0,59,2023-06-09,Regular
14948,Komal Khan 2317,Female,24.0,94,2024-07-23,VIP
14949,Aditya Bansal 2712,Male,36.0,91,2023-04-29,Regular
14950,Tanvi Pandey 2318,Female,25.0,58,2026-02-12,Regular
14951,Aarav Agarwal,Other,29.0,15,2025-03-14,Regular
14952,Anvi Sinha,Other,32.0,43,2024-07-23,Regular
14953,Arjun Yadav 2713,Male,31.0,72,2023-12-24,Regular
14954,Pallavi Jain 2319,Female,18.0,57,2024-04-12,Regular
14955,Aanya Joshi 2320,Female,23.0,35,2025-06-01,Regular
14956,Kiran Chatterjee,Other,63.0,35,2023-03-14,Regular
14957,Ananya Iyer 2321,Female,50.0,6,2025-08-18,Premium
14958,Kabir Chatterjee 2714,Male,23.0,29,2023-03-27,Regular
14959,Rohan Khan 2715,Male,31.0,67,2022-08-15,Premium
14960,Aditi Deshmukh 2322,Female,36.0,25,2025-03-25,Regular
14961,Diya Arora 2323,Female,61.0,100,2025-02-07,Regular
14962,Isha Singh 2324,Female,60.0,9,2023-06-20,Regular
14963,Priya Malhotra 2325,Female,54.0,59,2024-11-04,Regular
14964,Rahul Pandey 2716,Male,23.0,50,2025-03-11,Regular
14965,Aman Jain 2717,Male,41.0,84,2025-06-14,Regular
14966,Neha Saxena 2326,Female,41.0,89,2026-03-05,Regular
14967,Kunal Mishra 2718,Male,48.0,55,2025-09-28,Premium
14968,Riya Das 2327,Female,58.0,64,2023-12-04,Regular
14969,Sneha Rao 2328,Female,33.0,70,2023-01-04,VIP
14970,Kavya Tiwari 2329,Female,44.0,53,2022-06-05,Regular
14971,Nikhil Nair 2719,Male,30.0,19,2024-07-07,Regular
14972,Meera Kumar 2330,Female,28.0,43,2024-12-02,Regular
14973,Vivek Kulkarni 2720,Male,33.0,25,2025-01-10,Premium
14974,Ritvik Sethi 2721,Male,53.0,47,2022-01-16,Regular
14975,Yash Verma 2722,Male,39.0,62,2025-01-27,VIP
14976,Sahil Shah 2723,Male,50.0,21,2025-06-13,Premium
14977,Nisha Bansal 2331,Female,51.0,25,2025-02-28,Regular
14978,Pooja Yadav 2332,Female,35.0,83,2024-04-21,Premium
14979,Varun Chauhan 2724,Male,63.0,38,2022-01-25,VIP
14980,Simran Chatterjee 2333,Female,20.0,20,2024-02-23,Premium
14981,Manish Menon 2725,Male,61.0,72,2024-10-28,Regular
14982,Shreya Khan 2334,Female,18.0,72,2024-06-30,Premium
14983,Tanya Pandey 2335,Female,36.0,83,2024-07-08,Regular
14984,Avni Jain 2336,Female,57.0,76,2024-04-06,Premium
14985,Ankit Pillai 2726,Male,50.0,100,2024-06-02,VIP
14986,Rajat Khanna 2727,Male,33.0,58,2023-06-03,Regular
14987,Mohit Gupta 2728,Male,60.0,29,2024-08-25,Regular
14988,Mahi Mishra 2337,Female,24.0,87,2023-03-27,Regular
14989,Radhika Nair 2338,Female,50.0,27,2024-02-26,VIP
14990,Akash Agarwal 2729,Male,42.0,30,2023-10-27,Premium
14991,Harsh Sinha 2730,Male,27.0,83,2025-02-16,Premium
14992,Sakshi Kulkarni 2339,Female,62.0,89,2025-12-02,VIP
14993,Dev Roy 2731,Male,54.0,34,2024-10-10,Regular
14994,Muskan Sethi 2340,Female,18.0,73,2022-08-05,Premium
14995,Palak Verma 2341,Female,22.0,93,2024-12-04,Regular
14996,Ayush Naidu 2732,Male,20.0,80,2023-06-04,Regular
14997,Dhruv Tripathi 2733,Male,37.0,1,2022-03-21,Regular
14998,Ishaan Mehta 2734,Male,38.0,67,2022-11-04,Regular
14999,Rishi Kapoor 2735,Male,52.0,17,2026-05-18,Regular
15000,Ishita Shah 2342,Female,50.0,85,2023-11-15,Premium
