payment_id,order_id,payment_date,payment_method,payment_status,payment_amount_inr
120001,50001,2026-04-27,Debit Card,Pending,5553.75
120002,50002,2025-05-22,Cash On Delivery,Paid,6894.51
120003,50003,2024-10-29,Wallet,Paid,15031.48
120004,50004,2024-03-22,Net Banking,Paid,11210.13
120005,50005,2024-10-28,Upi,Paid,15207.6
120006,50006,2025-03-05,Credit Card,Paid,9285.5
120007,50007,2024-03-23,Credit Card,Paid,9109.57
120008,50008,2024-11-15,Credit Card,Paid,2723.26
120009,50009,2026-06-21,Upi,Paid,16022.05
120010,50010,2024-09-14,Debit Card,Paid,1703.26
120011,50011,2025-01-19,Credit Card,Paid,21663.9
120012,50012,2025-09-16,Upi,Paid,29237.03
120013,50013,2026-05-08,Net Banking,Paid,28523.83
120014,50014,2026-06-16,Cash On Delivery,Paid,29291.82
120015,50015,2026-02-26,Upi,Paid,5048.78
120016,50016,2024-05-25,Upi,Refunded,469.81
120017,50017,2024-04-18,Cash On Delivery,Paid,8477.04
120018,50018,2025-12-23,Wallet,Paid,29857.92
120019,50019,2026-05-10,Net Banking,Paid,3978.58
120020,50020,2025-08-28,Net Banking,Paid,27598.89
120021,50021,2026-06-06,Net Banking,Failed,10237.77
120022,50022,2025-10-12,Credit Card,Paid,23313.7
120023,50023,2024-12-08,Cash On Delivery,Paid,16811.91
120024,50024,2026-03-30,Credit Card,Paid,5764.01
120025,50025,2026-01-04,Cash On Delivery,Paid,20216.0
120026,50026,2025-01-02,Upi,Pending,23753.05
120027,50027,2025-07-27,Debit Card,Paid,5968.86
120028,50028,2025-07-16,Net Banking,Paid,13457.52
120029,50029,2024-04-06,Debit Card,Paid,28953.51
120030,50030,2024-09-28,Upi,Failed,29522.64
120031,50031,2024-08-11,Net Banking,Paid,4992.39
120032,50032,2024-10-04,Debit Card,Paid,19892.64
120033,50033,2025-05-27,Credit Card,Paid,26669.6
120034,50034,2025-05-13,Upi,Failed,14341.05
120035,50035,2026-04-15,Net Banking,Paid,8909.6
120036,50036,2024-01-11,Cash On Delivery,Paid,13326.41
120037,50037,2026-03-10,Upi,Paid,7277.34
120038,50038,2024-08-28,Net Banking,Paid,24582.75
120039,50039,2024-12-09,Debit Card,Paid,6318.67
120040,50040,2024-05-28,Upi,Paid,9826.01
120041,50041,2024-01-15,Net Banking,Paid,21992.0
120042,50042,2024-04-29,Upi,Paid,28369.22
120043,50043,2024-08-06,Net Banking,Paid,2708.43
120044,50044,2025-01-11,Debit Card,Paid,1977.61
120045,50045,2024-10-31,Upi,Paid,4499.33
120046,50046,2024-04-11,Credit Card,Paid,23741.71
120047,50047,2024-11-26,Credit Card,Paid,12531.71
120048,50048,2024-06-01,Debit Card,Paid,18228.49
120049,50049,2025-10-28,Credit Card,Paid,2773.3
120050,50050,2025-10-13,Upi,Paid,19933.49
120051,50051,2024-03-02,Cash On Delivery,Paid,11922.39
120052,50052,2025-09-24,Upi,Paid,23433.03
120053,50053,2026-05-31,Debit Card,Paid,19867.56
120054,50054,2026-07-07,Cash On Delivery,Paid,6400.62
120055,50055,2024-02-27,Upi,Paid,29321.66
120056,50056,2026-06-14,Net Banking,Paid,19839.92
120057,50057,2025-01-29,Debit Card,Refunded,11911.35
120058,50058,2026-04-29,Upi,Paid,1402.68
120059,50059,2024-07-17,Credit Card,Paid,5909.33
120060,50060,2025-11-03,Debit Card,Paid,24106.69
120061,50061,2026-02-19,Upi,Paid,22731.13
120062,50062,2024-09-17,Wallet,Paid,29192.51
120063,50063,2025-12-17,Upi,Failed,28495.43
120064,50064,2024-06-23,Upi,Paid,18362.62
120065,50065,2025-11-19,Upi,Paid,1957.31
120066,50066,2026-07-11,Cash On Delivery,Paid,7516.58
120067,50067,2024-10-17,Upi,Paid,11050.97
120068,50068,2026-07-19,Upi,Paid,2275.05
120069,50069,2025-10-12,Credit Card,Paid,1759.53
120070,50070,2025-05-04,Debit Card,Paid,21495.55
120071,50071,2024-11-14,Debit Card,Paid,25356.14
120072,50072,2025-06-15,Net Banking,Paid,19975.76
120073,50073,2026-08-15,Credit Card,Paid,10716.22
120074,50074,2024-01-09,Upi,Paid,2234.15
120075,50075,2026-04-21,Debit Card,Paid,23504.82
120076,50076,2024-05-24,Cash On Delivery,Refunded,21925.03
120077,50077,2026-05-02,Debit Card,Paid,16699.29
120078,50078,2025-06-15,Cash On Delivery,Paid,18209.59
120079,50079,2026-05-22,Debit Card,Paid,15038.24
120080,50080,2024-06-25,Upi,Paid,9536.32
120081,50081,2024-02-19,Upi,Paid,7180.94
120082,50082,2025-04-09,Debit Card,Paid,15866.65
120083,50083,2026-01-24,Debit Card,Paid,12248.74
120084,50084,2026-02-10,Cash On Delivery,Paid,1871.67
120085,50085,2026-01-13,Upi,Paid,29476.0
120086,50086,2026-02-15,Debit Card,Paid,29735.93
120087,50087,2026-01-24,Net Banking,Pending,423.59
120088,50088,2026-04-18,Debit Card,Paid,1035.1
120089,50089,2024-06-14,Debit Card,Paid,24882.97
120090,50090,2024-08-16,Credit Card,Paid,29360.4
120091,50091,2024-01-04,Wallet,Paid,25241.55
120092,50092,2025-02-25,Credit Card,Paid,5257.95
120093,50093,2024-09-13,Credit Card,Paid,16697.53
120094,50094,2025-09-01,Upi,Refunded,6438.7
120095,50095,2025-06-22,Upi,Paid,15614.29
120096,50096,2025-07-20,Debit Card,Paid,29685.44
120097,50097,2025-10-01,Credit Card,Paid,3193.5
120098,50098,2026-08-29,Upi,Failed,20549.59
120099,50099,2024-04-14,Net Banking,Paid,717.26
120100,50100,2024-09-27,Debit Card,Paid,9759.41
120101,50101,2025-02-12,Net Banking,Paid,13109.45
120102,50102,2024-03-10,Upi,Paid,5842.12
120103,50103,2026-03-07,Debit Card,Paid,1351.93
120104,50104,2025-01-12,Debit Card,Failed,499.52
120105,50105,2024-06-13,Upi,Failed,27605.45
120106,50106,2025-05-19,Debit Card,Paid,14767.92
120107,50107,2024-07-06,Cash On Delivery,Failed,3216.31
120108,50108,2025-01-11,Net Banking,Paid,2073.1
120109,50109,2025-09-17,Wallet,Paid,4244.29
120110,50110,2024-11-06,Debit Card,Paid,29757.39
120111,50111,2026-03-19,Upi,Paid,20766.76
120112,50112,2024-09-08,Upi,Refunded,12906.98
120113,50113,2024-04-22,Upi,Paid,25621.86
120114,50114,2025-02-20,Wallet,Paid,4517.21
120115,50115,2024-07-07,Cash On Delivery,Paid,15286.42
120116,50116,2025-11-01,Debit Card,Paid,2040.04
120117,50117,2025-05-23,Debit Card,Paid,25595.48
120118,50118,2024-05-26,Net Banking,Paid,3531.05
120119,50119,2024-11-23,Debit Card,Paid,10023.78
120120,50120,2026-04-21,Credit Card,Paid,1866.31
120121,50121,2026-03-07,Net Banking,Paid,17284.17
120122,50122,2025-09-13,Net Banking,Paid,17909.06
120123,50123,2026-05-25,Debit Card,Paid,26074.56
120124,50124,2024-04-16,Upi,Paid,14390.15
120125,50125,2025-12-12,Debit Card,Paid,1498.84
120126,50126,2024-01-24,Upi,Paid,24690.58
120127,50127,2025-08-07,Debit Card,Paid,29050.62
120128,50128,2024-02-21,Cash On Delivery,Paid,25147.19
120129,50129,2024-11-30,Upi,Paid,11123.85
120130,50130,2024-03-29,Upi,Paid,18708.68
120131,50131,2024-09-05,Credit Card,Paid,24475.93
120132,50132,2025-09-16,Wallet,Paid,2119.56
120133,50133,2026-01-31,Upi,Paid,23128.93
120134,50134,2026-07-02,Credit Card,Paid,20420.97
120135,50135,2026-08-19,Net Banking,Refunded,941.84
120136,50136,2024-05-11,Upi,Paid,23218.21
120137,50137,2026-06-10,Net Banking,Paid,9861.61
120138,50138,2024-10-05,Upi,Paid,23902.13
120139,50139,2026-05-09,Upi,Failed,7596.62
120140,50140,2026-04-19,Net Banking,Refunded,15539.25
120141,50141,2026-06-10,Wallet,Paid,29527.58
120142,50142,2025-05-06,Credit Card,Paid,25096.17
120143,50143,2025-12-28,Wallet,Paid,21958.69
120144,50144,2025-02-19,Upi,Paid,14373.97
120145,50145,2024-03-17,Upi,Failed,7688.45
120146,50146,2025-04-06,Upi,Paid,5980.68
120147,50147,2024-07-16,Credit Card,Paid,26317.37
120148,50148,2024-04-09,Debit Card,Paid,21057.94
120149,50149,2024-05-10,Upi,Paid,20180.12
120150,50150,2024-08-03,Upi,Paid,548.77
120151,50151,2026-02-12,Upi,Failed,1111.62
120152,50152,2026-07-25,Upi,Pending,27015.53
120153,50153,2026-04-04,Credit Card,Paid,24164.21
120154,50154,2025-09-18,Credit Card,Paid,11538.36
120155,50155,2026-05-07,Upi,Paid,17444.45
120156,50156,2024-10-05,Credit Card,Paid,4141.65
120157,50157,2026-06-02,Net Banking,Paid,20506.79
120158,50158,2026-07-08,Upi,Paid,17949.53
120159,50159,2024-05-24,Debit Card,Paid,13193.33
120160,50160,2025-01-21,Upi,Paid,5956.01
120161,50161,2024-10-02,Wallet,Paid,14463.51
120162,50162,2024-05-16,Cash On Delivery,Paid,14265.51
120163,50163,2024-06-18,Upi,Paid,5518.56
120164,50164,2026-07-28,Upi,Failed,22618.44
120165,50165,2024-06-27,Upi,Paid,29129.21
120166,50166,2025-10-09,Wallet,Failed,12727.41
120167,50167,2026-04-27,Net Banking,Paid,7712.66
120168,50168,2025-12-31,Net Banking,Paid,22986.91
120169,50169,2025-03-16,Upi,Paid,11284.07
120170,50170,2024-01-24,Debit Card,Paid,1161.84
120171,50171,2025-02-12,Upi,Paid,7838.76
120172,50172,2024-10-02,Upi,Paid,19080.72
120173,50173,2026-04-21,Net Banking,Paid,10261.18
120174,50174,2026-07-08,Upi,Paid,3683.27
120175,50175,2024-08-16,Upi,Paid,24630.44
120176,50176,2024-05-31,Cash On Delivery,Paid,9439.51
120177,50177,2026-03-07,Debit Card,Paid,29692.1
120178,50178,2026-04-30,Upi,Paid,826.15
120179,50179,2026-08-14,Wallet,Paid,14110.91
120180,50180,2026-01-20,Cash On Delivery,Paid,16517.83
120181,50181,2025-03-28,Upi,Paid,1235.27
120182,50182,2025-01-05,Credit Card,Paid,21515.51
120183,50183,2024-03-01,Upi,Paid,19791.36
120184,50184,2026-05-11,Upi,Refunded,11618.52
120185,50185,2026-08-23,Upi,Paid,2479.95
120186,50186,2026-06-15,Credit Card,Paid,14753.32
120187,50187,2025-07-13,Credit Card,Paid,28233.82
120188,50188,2026-04-22,Credit Card,Paid,26392.95
120189,50189,2024-01-05,Net Banking,Paid,4430.56
120190,50190,2025-01-31,Net Banking,Paid,18851.22
120191,50191,2024-04-16,Credit Card,Paid,26018.37
120192,50192,2025-07-23,Cash On Delivery,Paid,20270.48
120193,50193,2024-01-05,Debit Card,Paid,12164.75
120194,50194,2024-10-24,Cash On Delivery,Paid,12765.96
120195,50195,2025-02-11,Upi,Paid,26740.37
120196,50196,2024-05-06,Cash On Delivery,Paid,25527.04
120197,50197,2024-03-26,Wallet,Failed,25890.5
120198,50198,2026-05-26,Debit Card,Paid,26981.77
120199,50199,2024-09-21,Cash On Delivery,Refunded,19791.16
120200,50200,2026-08-10,Debit Card,Paid,21700.05
120201,50201,2024-12-25,Upi,Pending,25902.16
120202,50202,2024-02-28,Cash On Delivery,Paid,10327.63
120203,50203,2024-04-11,Upi,Failed,10967.81
120204,50204,2025-10-29,Cash On Delivery,Refunded,13635.2
120205,50205,2024-01-16,Upi,Paid,17979.61
120206,50206,2026-07-12,Net Banking,Paid,16716.63
120207,50207,2024-09-06,Upi,Paid,4706.86
120208,50208,2025-08-14,Debit Card,Paid,18490.42
120209,50209,2025-03-08,Upi,Paid,15500.25
120210,50210,2024-02-18,Credit Card,Paid,15067.72
120211,50211,2025-11-13,Cash On Delivery,Paid,17173.01
120212,50212,2024-01-18,Upi,Paid,28003.87
120213,50213,2026-02-14,Upi,Paid,13627.39
120214,50214,2025-05-04,Debit Card,Paid,12064.26
120215,50215,2024-10-20,Upi,Paid,21754.19
120216,50216,2026-07-01,Debit Card,Paid,5739.88
120217,50217,2024-07-17,Wallet,Paid,15144.59
120218,50218,2024-09-29,Upi,Paid,22112.6
120219,50219,2025-09-18,Upi,Paid,20093.32
120220,50220,2024-12-07,Cash On Delivery,Paid,21679.11
120221,50221,2025-04-19,Credit Card,Paid,20068.67
120222,50222,2026-02-12,Upi,Paid,7396.2
120223,50223,2026-06-05,Upi,Paid,11344.94
120224,50224,2026-02-16,Upi,Paid,15497.29
120225,50225,2024-03-19,Cash On Delivery,Paid,17858.23
120226,50226,2026-07-05,Credit Card,Failed,338.85
120227,50227,2025-02-15,Debit Card,Paid,29446.46
120228,50228,2026-03-24,Credit Card,Paid,20073.17
120229,50229,2024-10-06,Cash On Delivery,Paid,18613.35
120230,50230,2025-08-02,Upi,Paid,1850.51
120231,50231,2026-07-26,Cash On Delivery,Paid,6750.79
120232,50232,2026-07-02,Credit Card,Refunded,27824.72
120233,50233,2025-09-27,Upi,Paid,23163.78
120234,50234,2025-08-21,Debit Card,Refunded,12482.52
120235,50235,2024-01-31,Upi,Paid,18876.63
120236,50236,2025-08-06,Cash On Delivery,Paid,26032.73
120237,50237,2025-02-13,Upi,Paid,21321.58
120238,50238,2024-01-17,Upi,Paid,11263.99
120239,50239,2026-07-07,Credit Card,Paid,27701.98
120240,50240,2025-03-18,Upi,Paid,8586.23
120241,50241,2026-01-17,Debit Card,Failed,21713.35
120242,50242,2024-02-13,Debit Card,Paid,2513.99
120243,50243,2024-08-25,Credit Card,Paid,22546.91
120244,50244,2026-05-22,Debit Card,Refunded,4149.4
120245,50245,2026-06-30,Upi,Paid,28442.49
120246,50246,2024-01-12,Credit Card,Paid,9258.74
120247,50247,2026-05-15,Debit Card,Paid,18256.44
120248,50248,2024-10-26,Wallet,Refunded,14866.36
120249,50249,2024-07-28,Net Banking,Paid,13472.55
120250,50250,2026-08-26,Upi,Paid,18900.78
120251,50251,2025-06-03,Upi,Refunded,2753.53
120252,50252,2026-02-11,Wallet,Paid,14826.29
120253,50253,2024-05-16,Net Banking,Paid,29698.09
120254,50254,2026-01-04,Wallet,Refunded,2476.27
120255,50255,2024-12-21,Debit Card,Failed,2087.62
120256,50256,2025-11-24,Upi,Paid,22411.42
120257,50257,2025-10-01,Upi,Failed,1526.48
120258,50258,2024-02-19,Upi,Paid,6826.87
120259,50259,2026-04-30,Credit Card,Paid,4108.18
120260,50260,2024-10-09,Upi,Paid,17157.85
120261,50261,2024-12-22,Cash On Delivery,Paid,19906.85
120262,50262,2026-02-16,Debit Card,Paid,1061.3
120263,50263,2026-05-02,Credit Card,Paid,7096.2
120264,50264,2026-05-19,Wallet,Paid,15288.12
120265,50265,2025-03-20,Credit Card,Paid,698.53
120266,50266,2024-12-06,Upi,Paid,12511.64
120267,50267,2026-03-08,Upi,Paid,23783.44
120268,50268,2024-09-10,Upi,Paid,9537.49
120269,50269,2025-09-17,Wallet,Paid,26960.86
120270,50270,2024-08-19,Debit Card,Paid,29578.46
120271,50271,2024-07-23,Credit Card,Failed,9956.48
120272,50272,2025-06-18,Debit Card,Failed,15592.09
120273,50273,2026-04-19,Upi,Paid,9248.15
120274,50274,2024-10-09,Cash On Delivery,Paid,11503.48
120275,50275,2025-12-07,Upi,Paid,9291.42
120276,50276,2024-01-24,Upi,Paid,16860.87
120277,50277,2025-11-10,Upi,Paid,4991.8
120278,50278,2025-01-14,Net Banking,Paid,15993.73
120279,50279,2024-03-15,Debit Card,Paid,1258.93
120280,50280,2025-06-21,Upi,Paid,23182.07
120281,50281,2024-08-20,Credit Card,Paid,12788.11
120282,50282,2025-09-09,Debit Card,Pending,28296.31
120283,50283,2024-02-14,Upi,Paid,11164.46
120284,50284,2024-11-28,Upi,Paid,25935.96
120285,50285,2024-08-17,Upi,Paid,18382.67
120286,50286,2024-10-31,Upi,Pending,17462.76
120287,50287,2024-01-10,Upi,Paid,28119.99
120288,50288,2024-10-02,Cash On Delivery,Paid,3141.5
120289,50289,2024-03-27,Debit Card,Refunded,8940.45
120290,50290,2025-08-30,Upi,Paid,16027.71
120291,50291,2025-03-23,Credit Card,Paid,8890.32
120292,50292,2024-10-05,Wallet,Refunded,17615.9
120293,50293,2025-08-21,Upi,Paid,26255.11
120294,50294,2026-06-10,Net Banking,Paid,23117.03
120295,50295,2025-06-09,Debit Card,Paid,20312.41
120296,50296,2024-09-30,Cash On Delivery,Paid,14125.05
120297,50297,2025-01-26,Credit Card,Paid,25509.43
120298,50298,2026-02-08,Cash On Delivery,Paid,6395.11
120299,50299,2024-04-09,Debit Card,Failed,26388.82
120300,50300,2024-11-06,Cash On Delivery,Paid,11147.59
120301,50301,2025-04-01,Net Banking,Paid,25878.43
120302,50302,2025-09-07,Debit Card,Paid,27471.61
120303,50303,2025-07-14,Upi,Paid,6169.53
120304,50304,2025-11-09,Upi,Paid,5228.41
120305,50305,2026-07-01,Upi,Paid,2114.94
120306,50306,2024-06-21,Wallet,Paid,1763.2
120307,50307,2025-04-10,Net Banking,Paid,5418.39
120308,50308,2025-01-03,Credit Card,Paid,12041.39
120309,50309,2024-03-28,Upi,Paid,19083.5
120310,50310,2024-05-03,Credit Card,Failed,26262.67
120311,50311,2025-09-04,Credit Card,Paid,29593.99
120312,50312,2025-05-11,Debit Card,Paid,13987.67
120313,50313,2024-10-11,Debit Card,Paid,24778.74
120314,50314,2026-06-02,Cash On Delivery,Paid,9122.05
120315,50315,2024-10-28,Cash On Delivery,Paid,18423.38
120316,50316,2025-08-02,Credit Card,Paid,3934.73
120317,50317,2026-08-16,Credit Card,Paid,4551.68
120318,50318,2025-11-14,Upi,Paid,2830.35
120319,50319,2025-12-10,Wallet,Paid,329.67
120320,50320,2024-10-03,Cash On Delivery,Paid,9386.98
120321,50321,2026-06-06,Upi,Paid,11261.54
120322,50322,2025-04-01,Upi,Paid,29454.04
120323,50323,2024-10-20,Net Banking,Paid,8685.72
120324,50324,2025-12-20,Debit Card,Paid,7506.12
120325,50325,2025-05-29,Cash On Delivery,Paid,5929.93
120326,50326,2024-05-07,Upi,Paid,6962.64
120327,50327,2024-01-23,Upi,Paid,18185.24
120328,50328,2024-05-01,Upi,Paid,26958.92
120329,50329,2024-06-03,Upi,Paid,16485.03
120330,50330,2024-08-05,Credit Card,Paid,27790.93
120331,50331,2024-12-01,Upi,Paid,24888.19
120332,50332,2024-08-20,Upi,Paid,3067.25
120333,50333,2026-05-28,Credit Card,Paid,2854.26
120334,50334,2026-07-22,Upi,Paid,1306.69
120335,50335,2026-08-02,Debit Card,Paid,27086.61
120336,50336,2024-06-03,Upi,Failed,6202.21
120337,50337,2025-06-04,Upi,Refunded,19731.41
120338,50338,2024-04-12,Upi,Paid,10873.42
120339,50339,2025-11-19,Upi,Paid,25425.67
120340,50340,2024-05-16,Net Banking,Paid,26345.41
120341,50341,2024-10-09,Debit Card,Paid,13903.65
120342,50342,2024-07-17,Net Banking,Paid,2929.97
120343,50343,2025-04-11,Cash On Delivery,Paid,21563.21
120344,50344,2024-12-25,Upi,Paid,29544.0
120345,50345,2025-06-10,Cash On Delivery,Paid,2951.8
120346,50346,2024-07-11,Upi,Paid,10138.81
120347,50347,2025-05-08,Upi,Paid,5899.73
120348,50348,2024-03-27,Upi,Paid,6984.87
120349,50349,2024-02-11,Credit Card,Paid,28869.19
120350,50350,2024-05-12,Debit Card,Paid,8439.15
120351,50351,2024-09-18,Debit Card,Paid,7435.27
120352,50352,2026-02-07,Credit Card,Paid,11305.89
120353,50353,2024-11-18,Upi,Paid,21639.45
120354,50354,2025-05-20,Debit Card,Paid,28241.74
120355,50355,2025-10-21,Credit Card,Paid,1549.31
120356,50356,2025-12-25,Debit Card,Refunded,12171.74
120357,50357,2025-07-23,Credit Card,Paid,22082.84
120358,50358,2024-06-22,Credit Card,Paid,25734.83
120359,50359,2025-10-06,Upi,Paid,7560.59
120360,50360,2024-10-23,Wallet,Refunded,7334.81
120361,50361,2025-07-27,Upi,Paid,380.02
120362,50362,2026-08-10,Upi,Paid,28069.76
120363,50363,2024-03-12,Wallet,Paid,2566.77
120364,50364,2024-03-26,Upi,Paid,25573.14
120365,50365,2024-09-02,Upi,Paid,17477.83
120366,50366,2025-03-04,Upi,Failed,27232.05
120367,50367,2025-04-10,Cash On Delivery,Paid,10624.03
120368,50368,2024-10-13,Upi,Paid,14245.17
120369,50369,2026-05-25,Credit Card,Paid,10090.37
120370,50370,2024-01-08,Upi,Refunded,4533.0
120371,50371,2025-06-12,Upi,Paid,9719.78
120372,50372,2025-06-20,Net Banking,Paid,14600.53
120373,50373,2026-01-16,Credit Card,Paid,17417.76
120374,50374,2025-06-18,Upi,Refunded,5785.17
120375,50375,2024-05-12,Credit Card,Paid,28833.63
120376,50376,2024-11-09,Upi,Paid,20157.91
120377,50377,2024-06-19,Upi,Paid,12470.39
120378,50378,2025-04-03,Cash On Delivery,Paid,8170.87
120379,50379,2026-06-06,Upi,Failed,17157.3
120380,50380,2025-01-18,Upi,Paid,6833.83
120381,50381,2024-12-20,Debit Card,Paid,15719.19
120382,50382,2025-03-26,Credit Card,Paid,18751.26
120383,50383,2024-06-12,Debit Card,Pending,22264.25
120384,50384,2026-04-03,Cash On Delivery,Paid,7845.32
120385,50385,2025-10-08,Upi,Paid,21629.0
120386,50386,2025-11-25,Net Banking,Paid,11544.93
120387,50387,2024-12-06,Debit Card,Paid,20087.72
120388,50388,2024-09-28,Credit Card,Paid,14425.39
120389,50389,2025-04-06,Upi,Failed,8325.97
120390,50390,2024-08-23,Cash On Delivery,Paid,26098.74
120391,50391,2024-01-22,Debit Card,Paid,16540.38
120392,50392,2025-12-04,Upi,Paid,3307.84
120393,50393,2026-04-14,Credit Card,Paid,18876.66
120394,50394,2024-08-05,Debit Card,Paid,5032.64
120395,50395,2025-09-02,Cash On Delivery,Paid,18007.12
120396,50396,2026-06-02,Cash On Delivery,Paid,24982.78
120397,50397,2025-12-21,Upi,Paid,6275.76
120398,50398,2026-03-21,Credit Card,Paid,8393.41
120399,50399,2026-05-15,Cash On Delivery,Paid,12411.22
120400,50400,2024-09-04,Net Banking,Paid,4408.89
120401,50401,2024-03-12,Upi,Paid,21713.5
120402,50402,2026-02-16,Credit Card,Paid,13887.46
120403,50403,2026-02-08,Credit Card,Paid,16390.76
120404,50404,2024-07-05,Cash On Delivery,Paid,6770.37
120405,50405,2026-05-26,Net Banking,Paid,12094.04
120406,50406,2024-01-25,Upi,Paid,13759.29
120407,50407,2025-01-01,Upi,Paid,3879.41
120408,50408,2026-07-22,Debit Card,Paid,18857.01
120409,50409,2024-12-09,Wallet,Paid,20728.89
120410,50410,2026-01-10,Cash On Delivery,Failed,14434.84
120411,50411,2024-02-06,Cash On Delivery,Paid,13446.17
120412,50412,2025-04-21,Upi,Paid,18182.12
120413,50413,2026-01-29,Debit Card,Paid,12323.56
120414,50414,2026-03-30,Net Banking,Paid,21718.04
120415,50415,2025-03-02,Upi,Paid,15809.06
120416,50416,2024-03-15,Upi,Paid,2209.4
120417,50417,2025-06-01,Upi,Paid,10043.3
120418,50418,2025-12-21,Credit Card,Paid,6298.91
120419,50419,2025-03-14,Net Banking,Paid,18857.68
120420,50420,2026-07-16,Cash On Delivery,Paid,8205.27
120421,50421,2024-10-31,Upi,Paid,19813.44
120422,50422,2026-03-05,Upi,Failed,2704.31
120423,50423,2026-01-02,Cash On Delivery,Paid,21231.38
120424,50424,2025-02-23,Credit Card,Paid,7501.83
120425,50425,2024-04-04,Debit Card,Paid,16153.46
120426,50426,2024-12-02,Cash On Delivery,Paid,13797.83
120427,50427,2026-01-17,Net Banking,Paid,4470.7
120428,50428,2026-05-17,Credit Card,Failed,21833.26
120429,50429,2025-03-22,Credit Card,Paid,28394.39
120430,50430,2024-10-12,Upi,Paid,17804.09
120431,50431,2026-01-15,Upi,Paid,15923.48
120432,50432,2026-06-29,Cash On Delivery,Paid,16382.36
120433,50433,2024-05-18,Cash On Delivery,Paid,16938.5
120434,50434,2024-11-09,Wallet,Paid,18043.11
120435,50435,2026-02-10,Upi,Paid,29366.7
120436,50436,2024-05-03,Wallet,Refunded,13629.89
120437,50437,2026-08-03,Upi,Paid,26552.25
120438,50438,2024-08-16,Upi,Paid,21327.19
120439,50439,2025-04-16,Credit Card,Paid,21545.69
120440,50440,2025-05-19,Credit Card,Paid,27702.78
120441,50441,2024-12-30,Cash On Delivery,Paid,11680.65
120442,50442,2024-05-07,Debit Card,Paid,17235.44
120443,50443,2024-02-01,Net Banking,Paid,16079.0
120444,50444,2025-01-06,Upi,Paid,5271.16
120445,50445,2024-09-20,Cash On Delivery,Paid,1770.2
120446,50446,2026-05-30,Wallet,Paid,15804.27
120447,50447,2025-10-08,Upi,Paid,21731.17
120448,50448,2024-04-01,Credit Card,Paid,7187.02
120449,50449,2026-01-05,Cash On Delivery,Paid,25217.9
120450,50450,2025-08-22,Credit Card,Paid,8718.51
120451,50451,2024-05-03,Cash On Delivery,Paid,13953.48
120452,50452,2025-01-29,Wallet,Paid,6894.18
120453,50453,2025-12-17,Upi,Refunded,1677.64
120454,50454,2025-09-22,Debit Card,Paid,13012.36
120455,50455,2025-07-11,Cash On Delivery,Paid,11226.02
120456,50456,2025-04-20,Credit Card,Paid,10984.48
120457,50457,2025-11-02,Debit Card,Paid,25532.52
120458,50458,2026-05-02,Debit Card,Paid,648.07
120459,50459,2024-06-16,Upi,Paid,18656.56
120460,50460,2025-01-26,Wallet,Paid,8253.44
120461,50461,2026-04-03,Credit Card,Paid,9641.78
120462,50462,2025-05-10,Wallet,Paid,14354.1
120463,50463,2024-06-21,Net Banking,Paid,13799.25
120464,50464,2024-05-07,Upi,Failed,19732.16
120465,50465,2025-12-07,Upi,Paid,21170.26
120466,50466,2025-04-22,Wallet,Pending,25931.32
120467,50467,2026-02-07,Net Banking,Pending,22514.57
120468,50468,2024-04-22,Net Banking,Paid,9240.77
120469,50469,2025-08-11,Credit Card,Refunded,5661.01
120470,50470,2025-07-19,Debit Card,Paid,21780.63
120471,50471,2025-03-23,Credit Card,Paid,29989.77
120472,50472,2025-02-20,Cash On Delivery,Paid,3081.42
120473,50473,2024-09-23,Upi,Paid,14342.87
120474,50474,2026-01-29,Debit Card,Paid,1877.58
120475,50475,2024-11-19,Cash On Delivery,Paid,22577.4
120476,50476,2025-02-12,Debit Card,Paid,5701.31
120477,50477,2026-04-13,Upi,Paid,24502.56
120478,50478,2025-09-03,Credit Card,Paid,15981.22
120479,50479,2024-02-08,Debit Card,Paid,26413.0
120480,50480,2024-03-01,Upi,Paid,13644.23
120481,50481,2025-06-05,Wallet,Paid,22614.78
120482,50482,2025-11-19,Credit Card,Paid,20263.62
120483,50483,2025-04-05,Upi,Paid,14580.67
120484,50484,2026-07-17,Debit Card,Pending,16149.11
120485,50485,2026-04-05,Credit Card,Paid,29678.77
120486,50486,2025-03-13,Wallet,Paid,1834.48
120487,50487,2024-08-18,Debit Card,Refunded,1773.91
120488,50488,2024-01-11,Upi,Paid,25993.49
120489,50489,2024-02-04,Upi,Paid,721.43
120490,50490,2025-08-10,Credit Card,Paid,11032.11
120491,50491,2024-11-22,Wallet,Failed,13099.55
120492,50492,2024-05-20,Cash On Delivery,Paid,6082.97
120493,50493,2024-03-12,Upi,Paid,20342.15
120494,50494,2025-04-01,Upi,Paid,6515.91
120495,50495,2025-07-24,Cash On Delivery,Paid,11058.66
120496,50496,2024-02-02,Upi,Paid,8388.59
120497,50497,2025-02-11,Debit Card,Failed,17398.36
120498,50498,2025-03-07,Cash On Delivery,Paid,24072.52
120499,50499,2024-02-24,Debit Card,Paid,3921.98
120500,50500,2026-04-28,Debit Card,Pending,6571.7
120501,50501,2024-08-12,Upi,Paid,1992.26
120502,50502,2024-05-13,Upi,Paid,25207.25
120503,50503,2024-05-11,Wallet,Pending,938.41
120504,50504,2025-05-01,Upi,Paid,28613.52
120505,50505,2025-11-20,Upi,Paid,9125.38
120506,50506,2024-09-03,Upi,Paid,25735.29
120507,50507,2026-01-14,Credit Card,Paid,25911.0
120508,50508,2024-09-10,Net Banking,Paid,13704.52
120509,50509,2024-07-01,Upi,Paid,4458.38
120510,50510,2025-09-18,Credit Card,Paid,22142.14
120511,50511,2026-01-22,Upi,Paid,28452.72
120512,50512,2025-12-29,Upi,Paid,5100.23
120513,50513,2025-06-26,Debit Card,Paid,5165.91
120514,50514,2026-04-28,Upi,Paid,9866.45
120515,50515,2026-04-04,Upi,Paid,18605.29
120516,50516,2024-09-29,Cash On Delivery,Paid,28341.96
120517,50517,2025-09-02,Cash On Delivery,Refunded,26199.87
120518,50518,2024-03-11,Credit Card,Failed,424.73
120519,50519,2024-03-21,Credit Card,Refunded,4256.88
120520,50520,2025-03-05,Credit Card,Paid,13983.53
120521,50521,2025-11-14,Debit Card,Paid,4523.43
120522,50522,2025-07-24,Net Banking,Pending,14029.47
120523,50523,2024-06-11,Cash On Delivery,Failed,24955.11
120524,50524,2025-12-18,Upi,Paid,18632.57
120525,50525,2025-08-12,Wallet,Paid,12628.85
120526,50526,2026-01-05,Upi,Paid,26800.06
120527,50527,2025-08-18,Debit Card,Paid,29821.96
120528,50528,2026-04-19,Credit Card,Paid,14134.75
120529,50529,2024-12-17,Upi,Paid,14244.97
120530,50530,2024-02-01,Net Banking,Paid,5371.13
120531,50531,2025-08-05,Cash On Delivery,Refunded,24900.12
120532,50532,2026-08-12,Upi,Paid,15996.58
120533,50533,2024-04-05,Debit Card,Paid,11792.82
120534,50534,2026-07-28,Net Banking,Paid,4247.58
120535,50535,2026-01-19,Upi,Paid,443.31
120536,50536,2024-02-07,Upi,Paid,6762.57
120537,50537,2025-06-11,Upi,Paid,2992.82
120538,50538,2024-11-01,Upi,Paid,25964.85
120539,50539,2025-09-28,Wallet,Paid,8316.55
120540,50540,2026-01-12,Credit Card,Paid,16247.45
120541,50541,2024-12-28,Credit Card,Paid,7965.0
120542,50542,2025-04-11,Upi,Paid,14228.8
120543,50543,2024-02-10,Cash On Delivery,Refunded,12237.73
120544,50544,2024-01-07,Credit Card,Paid,21899.02
120545,50545,2026-01-08,Credit Card,Paid,10406.45
120546,50546,2024-12-13,Credit Card,Paid,12325.19
120547,50547,2026-05-02,Upi,Paid,6588.81
120548,50548,2025-07-16,Cash On Delivery,Paid,6258.88
120549,50549,2025-01-19,Debit Card,Paid,9731.57
120550,50550,2026-05-06,Cash On Delivery,Paid,28948.85
120551,50551,2024-02-25,Cash On Delivery,Paid,22357.9
120552,50552,2026-03-16,Net Banking,Paid,8177.75
120553,50553,2024-03-15,Debit Card,Paid,25211.54
120554,50554,2026-07-06,Net Banking,Paid,12995.3
120555,50555,2025-07-05,Cash On Delivery,Failed,22261.21
120556,50556,2025-03-31,Cash On Delivery,Paid,13651.91
120557,50557,2025-09-28,Debit Card,Failed,7102.35
120558,50558,2026-02-16,Net Banking,Failed,22188.92
120559,50559,2024-10-06,Debit Card,Paid,22420.88
120560,50560,2024-04-10,Debit Card,Paid,19857.87
120561,50561,2026-07-30,Upi,Paid,22186.97
120562,50562,2025-05-19,Debit Card,Paid,21933.85
120563,50563,2024-10-06,Upi,Paid,10496.64
120564,50564,2026-06-11,Cash On Delivery,Paid,11397.54
120565,50565,2024-02-09,Credit Card,Paid,19033.03
120566,50566,2026-03-25,Debit Card,Failed,25708.02
120567,50567,2024-01-19,Wallet,Paid,24649.23
120568,50568,2025-09-29,Upi,Paid,22181.25
120569,50569,2024-02-07,Debit Card,Refunded,9258.41
120570,50570,2024-05-26,Credit Card,Paid,24417.04
120571,50571,2024-11-13,Upi,Refunded,24089.58
120572,50572,2024-06-26,Net Banking,Paid,20814.57
120573,50573,2024-02-14,Debit Card,Paid,10444.64
120574,50574,2025-10-20,Upi,Paid,10383.98
120575,50575,2026-01-09,Cash On Delivery,Paid,24710.44
120576,50576,2024-11-14,Credit Card,Paid,655.17
120577,50577,2025-11-07,Upi,Paid,28033.04
120578,50578,2024-11-15,Upi,Failed,6932.57
120579,50579,2024-07-27,Credit Card,Paid,20105.23
120580,50580,2026-04-05,Upi,Refunded,8926.09
120581,50581,2025-05-27,Net Banking,Paid,16927.07
120582,50582,2024-01-23,Wallet,Paid,4123.69
120583,50583,2025-11-09,Upi,Paid,28233.4
120584,50584,2025-01-18,Credit Card,Paid,1094.11
120585,50585,2024-03-11,Debit Card,Paid,15212.62
120586,50586,2024-08-21,Debit Card,Paid,3968.52
120587,50587,2024-11-05,Debit Card,Paid,22991.63
120588,50588,2024-01-29,Cash On Delivery,Paid,17603.08
120589,50589,2025-12-09,Cash On Delivery,Paid,4363.37
120590,50590,2024-08-01,Net Banking,Failed,18306.65
120591,50591,2024-06-02,Credit Card,Paid,1642.47
120592,50592,2024-06-27,Upi,Paid,2769.34
120593,50593,2025-11-26,Upi,Paid,22414.17
120594,50594,2025-05-04,Wallet,Paid,19637.34
120595,50595,2026-03-02,Debit Card,Paid,27986.45
120596,50596,2025-02-26,Credit Card,Paid,28949.2
120597,50597,2025-10-24,Upi,Paid,25749.76
120598,50598,2025-04-05,Credit Card,Paid,10076.0
120599,50599,2025-07-30,Credit Card,Paid,28397.27
120600,50600,2026-05-03,Cash On Delivery,Refunded,29781.85
120601,50601,2025-08-20,Net Banking,Refunded,24200.95
120602,50602,2025-04-24,Net Banking,Paid,26930.35
120603,50603,2026-04-19,Upi,Paid,19255.46
120604,50604,2025-09-13,Cash On Delivery,Paid,24351.89
120605,50605,2026-06-27,Debit Card,Paid,29328.2
120606,50606,2025-09-23,Cash On Delivery,Paid,3170.82
120607,50607,2025-10-28,Upi,Paid,7773.85
120608,50608,2025-05-17,Debit Card,Paid,23153.53
120609,50609,2026-04-06,Cash On Delivery,Refunded,22663.18
120610,50610,2024-10-24,Credit Card,Failed,19194.13
120611,50611,2025-06-11,Upi,Paid,22206.09
120612,50612,2026-05-26,Wallet,Paid,9713.1
120613,50613,2024-07-25,Debit Card,Paid,1645.77
120614,50614,2025-03-01,Credit Card,Failed,26599.75
120615,50615,2024-01-29,Upi,Paid,6809.9
120616,50616,2025-07-07,Credit Card,Paid,25858.35
120617,50617,2024-12-04,Credit Card,Pending,1678.09
120618,50618,2025-06-28,Credit Card,Paid,21788.08
120619,50619,2024-08-20,Credit Card,Paid,29014.25
120620,50620,2026-03-16,Wallet,Paid,22712.36
120621,50621,2026-08-13,Wallet,Paid,19800.63
120622,50622,2025-06-04,Upi,Paid,28166.18
120623,50623,2025-08-15,Upi,Paid,25848.45
120624,50624,2025-03-20,Credit Card,Paid,5955.49
120625,50625,2024-10-18,Upi,Paid,10213.33
120626,50626,2025-03-24,Upi,Paid,19176.52
120627,50627,2025-04-27,Upi,Paid,20739.12
120628,50628,2026-01-29,Credit Card,Refunded,9357.71
120629,50629,2025-11-01,Wallet,Paid,11548.24
120630,50630,2024-11-18,Upi,Paid,26164.55
120631,50631,2025-08-24,Upi,Paid,26473.33
120632,50632,2026-06-26,Debit Card,Paid,2323.25
120633,50633,2025-02-12,Credit Card,Paid,19594.32
120634,50634,2026-04-01,Debit Card,Paid,3259.15
120635,50635,2025-04-07,Upi,Paid,27631.18
120636,50636,2024-05-16,Upi,Paid,17141.68
120637,50637,2024-06-28,Upi,Paid,8855.64
120638,50638,2024-11-05,Net Banking,Paid,6841.85
120639,50639,2025-07-18,Cash On Delivery,Paid,4985.06
120640,50640,2026-05-29,Wallet,Paid,9289.64
120641,50641,2025-01-17,Wallet,Paid,9724.02
120642,50642,2024-09-27,Debit Card,Paid,22158.58
120643,50643,2025-09-28,Debit Card,Paid,25242.94
120644,50644,2024-11-07,Cash On Delivery,Paid,25787.53
120645,50645,2025-02-28,Upi,Failed,17383.13
120646,50646,2024-07-31,Upi,Refunded,3020.21
120647,50647,2024-10-13,Debit Card,Paid,25729.51
120648,50648,2024-02-23,Debit Card,Refunded,3403.73
120649,50649,2025-07-08,Upi,Paid,5707.67
120650,50650,2025-04-10,Debit Card,Paid,6476.96
120651,50651,2024-06-15,Cash On Delivery,Paid,1250.45
120652,50652,2026-01-05,Debit Card,Paid,21666.97
120653,50653,2024-07-17,Wallet,Paid,10261.89
120654,50654,2025-10-04,Upi,Paid,22495.38
120655,50655,2024-04-20,Upi,Paid,26763.61
120656,50656,2024-01-28,Wallet,Paid,28658.21
120657,50657,2024-05-01,Credit Card,Paid,20818.93
120658,50658,2025-05-24,Net Banking,Paid,14980.33
120659,50659,2024-06-23,Upi,Paid,21849.14
120660,50660,2024-11-16,Credit Card,Failed,20082.8
120661,50661,2025-06-07,Upi,Paid,1838.66
120662,50662,2025-09-15,Upi,Paid,18715.08
120663,50663,2026-02-01,Wallet,Paid,24550.7
120664,50664,2025-01-31,Credit Card,Refunded,2963.18
120665,50665,2024-04-12,Credit Card,Refunded,24996.08
120666,50666,2026-08-10,Debit Card,Paid,23230.87
120667,50667,2026-01-24,Debit Card,Paid,8798.68
120668,50668,2026-03-16,Debit Card,Paid,27164.86
120669,50669,2026-06-14,Upi,Failed,27076.31
120670,50670,2025-11-10,Net Banking,Paid,14356.57
120671,50671,2026-08-22,Credit Card,Paid,11103.51
120672,50672,2025-05-15,Credit Card,Paid,13865.68
120673,50673,2025-06-27,Credit Card,Paid,6404.78
120674,50674,2025-07-27,Debit Card,Paid,8069.78
120675,50675,2025-05-07,Net Banking,Paid,18423.53
120676,50676,2025-03-07,Upi,Paid,4251.81
120677,50677,2024-11-17,Credit Card,Paid,20004.93
120678,50678,2026-02-11,Debit Card,Pending,6079.98
120679,50679,2024-11-15,Cash On Delivery,Paid,16671.16
120680,50680,2026-06-01,Debit Card,Paid,29808.62
120681,50681,2025-12-28,Upi,Refunded,22043.58
120682,50682,2026-08-29,Net Banking,Paid,19342.86
120683,50683,2025-09-18,Credit Card,Paid,5362.25
120684,50684,2025-08-04,Cash On Delivery,Failed,23953.81
120685,50685,2024-11-22,Debit Card,Paid,27099.74
120686,50686,2025-10-26,Upi,Paid,5403.88
120687,50687,2025-07-18,Cash On Delivery,Paid,25044.86
120688,50688,2025-01-23,Upi,Paid,1838.4
120689,50689,2024-03-08,Credit Card,Paid,7505.73
120690,50690,2024-01-09,Upi,Paid,28851.8
120691,50691,2024-08-13,Net Banking,Paid,29462.88
120692,50692,2025-11-13,Cash On Delivery,Failed,15151.81
120693,50693,2026-06-13,Upi,Paid,9670.41
120694,50694,2026-06-28,Upi,Paid,27003.77
120695,50695,2025-05-26,Upi,Paid,28323.04
120696,50696,2026-04-16,Wallet,Paid,29939.04
120697,50697,2024-01-08,Credit Card,Paid,12493.46
120698,50698,2026-05-04,Upi,Paid,2120.23
120699,50699,2026-07-23,Cash On Delivery,Paid,1192.96
120700,50700,2025-01-25,Upi,Paid,13455.41
120701,50701,2024-02-17,Wallet,Paid,15453.78
120702,50702,2025-11-23,Upi,Paid,18482.64
120703,50703,2024-01-16,Cash On Delivery,Paid,13560.45
120704,50704,2025-09-13,Debit Card,Paid,9671.62
120705,50705,2024-11-10,Upi,Paid,9409.15
120706,50706,2025-06-10,Net Banking,Paid,28779.34
120707,50707,2026-06-12,Credit Card,Paid,27320.58
120708,50708,2024-05-27,Upi,Paid,9304.61
120709,50709,2024-02-04,Upi,Paid,16078.68
120710,50710,2025-07-14,Debit Card,Paid,2247.82
120711,50711,2025-11-08,Wallet,Paid,2524.69
120712,50712,2024-10-17,Debit Card,Paid,24499.6
120713,50713,2024-06-08,Upi,Refunded,4152.0
120714,50714,2025-11-14,Credit Card,Paid,26252.51
120715,50715,2025-10-30,Credit Card,Paid,7626.99
120716,50716,2026-07-06,Credit Card,Failed,10215.1
120717,50717,2026-04-18,Cash On Delivery,Paid,1800.5
120718,50718,2025-12-06,Credit Card,Failed,2644.06
120719,50719,2024-01-23,Upi,Paid,13453.43
120720,50720,2024-09-11,Credit Card,Failed,11641.71
120721,50721,2025-09-28,Upi,Paid,19400.59
120722,50722,2025-03-27,Debit Card,Paid,7371.73
120723,50723,2024-02-22,Credit Card,Paid,15716.41
120724,50724,2025-07-04,Net Banking,Paid,26365.82
120725,50725,2026-01-09,Net Banking,Paid,22187.11
120726,50726,2025-12-08,Net Banking,Pending,13814.99
120727,50727,2026-06-16,Upi,Paid,27043.9
120728,50728,2024-05-25,Upi,Failed,2983.03
120729,50729,2026-07-16,Upi,Paid,21640.51
120730,50730,2025-05-24,Credit Card,Failed,24345.91
120731,50731,2024-10-23,Net Banking,Paid,561.0
120732,50732,2026-04-16,Wallet,Paid,24218.38
120733,50733,2024-04-12,Upi,Paid,7404.47
120734,50734,2024-01-28,Upi,Paid,29722.47
120735,50735,2025-12-10,Net Banking,Refunded,26677.13
120736,50736,2025-12-06,Debit Card,Paid,8797.68
120737,50737,2024-03-28,Wallet,Paid,11351.91
120738,50738,2026-05-06,Upi,Paid,14161.82
120739,50739,2026-03-29,Upi,Paid,6902.35
120740,50740,2026-02-10,Credit Card,Paid,29644.1
120741,50741,2025-01-17,Net Banking,Paid,8937.73
120742,50742,2026-06-22,Net Banking,Paid,26886.93
120743,50743,2024-05-10,Upi,Paid,1042.83
120744,50744,2026-01-29,Upi,Paid,22785.18
120745,50745,2026-03-29,Cash On Delivery,Paid,9952.27
120746,50746,2025-05-17,Wallet,Paid,19773.61
120747,50747,2024-12-02,Upi,Paid,6661.73
120748,50748,2025-04-07,Net Banking,Paid,12845.4
120749,50749,2024-02-18,Upi,Paid,27848.11
120750,50750,2024-02-03,Credit Card,Failed,2985.4
120751,50751,2024-11-24,Net Banking,Paid,15490.15
120752,50752,2024-01-22,Wallet,Paid,26781.49
120753,50753,2025-09-10,Credit Card,Paid,8440.72
120754,50754,2025-09-13,Credit Card,Paid,23304.12
120755,50755,2026-04-11,Upi,Paid,1960.64
120756,50756,2024-09-25,Credit Card,Paid,4052.06
120757,50757,2026-03-03,Cash On Delivery,Refunded,824.5
120758,50758,2024-10-25,Debit Card,Paid,22764.5
120759,50759,2025-06-10,Net Banking,Paid,25234.19
120760,50760,2026-02-23,Upi,Paid,23711.51
120761,50761,2024-12-13,Credit Card,Paid,24844.84
120762,50762,2024-04-18,Upi,Paid,22483.18
120763,50763,2026-03-02,Upi,Paid,6291.65
120764,50764,2024-10-05,Debit Card,Paid,24570.87
120765,50765,2024-07-31,Debit Card,Paid,6079.23
120766,50766,2025-10-27,Credit Card,Paid,4899.16
120767,50767,2025-06-05,Credit Card,Paid,28833.59
120768,50768,2024-01-31,Credit Card,Paid,20994.15
120769,50769,2026-06-06,Net Banking,Refunded,23735.11
120770,50770,2025-05-21,Upi,Paid,29353.54
120771,50771,2024-09-19,Cash On Delivery,Paid,26634.75
120772,50772,2024-03-23,Debit Card,Paid,6866.72
120773,50773,2025-10-28,Upi,Paid,28273.22
120774,50774,2026-01-11,Wallet,Paid,16094.07
120775,50775,2025-12-30,Cash On Delivery,Paid,10379.99
120776,50776,2025-09-09,Debit Card,Paid,29731.33
120777,50777,2026-04-29,Credit Card,Failed,15138.67
120778,50778,2025-08-16,Cash On Delivery,Paid,13922.9
120779,50779,2024-08-24,Debit Card,Paid,17431.3
120780,50780,2024-08-05,Credit Card,Paid,27701.46
120781,50781,2025-01-11,Wallet,Paid,28423.49
120782,50782,2025-12-03,Credit Card,Paid,14642.42
120783,50783,2024-01-25,Net Banking,Paid,20547.3
120784,50784,2024-10-22,Upi,Paid,20128.5
120785,50785,2025-02-23,Debit Card,Paid,9548.9
120786,50786,2025-07-08,Wallet,Refunded,22905.13
120787,50787,2024-05-22,Wallet,Paid,20072.01
120788,50788,2024-03-31,Debit Card,Paid,6428.91
120789,50789,2026-06-01,Net Banking,Paid,13978.29
120790,50790,2024-04-03,Upi,Failed,24841.6
120791,50791,2024-03-21,Credit Card,Failed,8442.94
120792,50792,2024-07-10,Cash On Delivery,Refunded,18163.51
120793,50793,2024-12-01,Upi,Paid,28296.31
120794,50794,2024-07-28,Cash On Delivery,Paid,9348.68
120795,50795,2026-03-03,Net Banking,Failed,20357.71
120796,50796,2024-05-02,Upi,Paid,18137.8
120797,50797,2024-05-15,Cash On Delivery,Paid,22793.65
120798,50798,2024-04-27,Cash On Delivery,Refunded,6993.77
120799,50799,2025-09-26,Cash On Delivery,Paid,22274.48
120800,50800,2026-05-02,Cash On Delivery,Paid,28210.83
120801,50801,2024-06-06,Upi,Paid,7958.24
120802,50802,2025-06-23,Credit Card,Paid,23656.45
120803,50803,2024-12-28,Upi,Paid,22979.05
120804,50804,2025-08-29,Credit Card,Paid,9864.38
120805,50805,2025-09-24,Upi,Paid,21567.51
120806,50806,2024-10-09,Upi,Paid,7521.83
120807,50807,2025-08-10,Upi,Paid,18100.02
120808,50808,2024-02-26,Cash On Delivery,Paid,27881.12
120809,50809,2025-04-16,Wallet,Paid,17047.57
120810,50810,2026-07-29,Credit Card,Paid,14445.26
120811,50811,2026-05-23,Upi,Refunded,497.41
120812,50812,2024-02-24,Upi,Paid,8434.36
120813,50813,2024-02-28,Debit Card,Paid,19119.55
120814,50814,2026-03-10,Upi,Paid,24773.65
120815,50815,2024-07-24,Net Banking,Paid,6916.55
120816,50816,2025-10-07,Credit Card,Paid,14997.21
120817,50817,2025-06-11,Upi,Paid,19953.58
120818,50818,2025-01-30,Debit Card,Paid,21884.27
120819,50819,2024-10-29,Upi,Paid,347.29
120820,50820,2025-12-26,Debit Card,Paid,6913.51
120821,50821,2024-09-09,Net Banking,Paid,14089.15
120822,50822,2026-01-12,Net Banking,Paid,27327.77
120823,50823,2024-08-15,Debit Card,Paid,20505.3
120824,50824,2026-05-04,Upi,Paid,10192.18
120825,50825,2025-11-10,Credit Card,Paid,28431.54
120826,50826,2025-06-14,Net Banking,Paid,21296.02
120827,50827,2024-04-07,Debit Card,Paid,12690.28
120828,50828,2024-07-28,Debit Card,Paid,14069.1
120829,50829,2025-09-06,Upi,Paid,22940.9
120830,50830,2025-07-09,Upi,Paid,29259.08
120831,50831,2024-04-11,Cash On Delivery,Paid,12704.7
120832,50832,2024-04-06,Credit Card,Paid,5749.63
120833,50833,2025-08-12,Upi,Failed,15712.41
120834,50834,2025-01-02,Cash On Delivery,Paid,5403.44
120835,50835,2025-04-05,Upi,Paid,10401.14
120836,50836,2025-08-18,Upi,Paid,13769.47
120837,50837,2026-04-06,Upi,Paid,26337.57
120838,50838,2024-09-02,Cash On Delivery,Paid,8962.72
120839,50839,2025-11-06,Wallet,Paid,17302.89
120840,50840,2026-04-20,Upi,Paid,6621.88
120841,50841,2026-06-07,Wallet,Paid,3288.82
120842,50842,2026-08-04,Credit Card,Paid,25086.75
120843,50843,2024-01-05,Upi,Paid,1302.75
120844,50844,2024-03-14,Credit Card,Paid,11402.11
120845,50845,2026-04-23,Upi,Paid,11927.85
120846,50846,2024-07-19,Credit Card,Paid,22878.27
120847,50847,2024-10-10,Credit Card,Paid,10300.22
120848,50848,2025-04-04,Debit Card,Paid,4233.25
120849,50849,2025-09-28,Cash On Delivery,Paid,9180.39
120850,50850,2024-02-06,Credit Card,Paid,6249.01
120851,50851,2025-09-22,Credit Card,Paid,21636.07
120852,50852,2024-04-02,Credit Card,Failed,22529.91
120853,50853,2024-12-26,Debit Card,Paid,26486.67
120854,50854,2026-05-26,Upi,Paid,8775.72
120855,50855,2024-05-02,Cash On Delivery,Paid,8497.99
120856,50856,2024-02-16,Debit Card,Paid,14794.13
120857,50857,2025-04-06,Debit Card,Paid,13671.12
120858,50858,2024-08-29,Cash On Delivery,Failed,5296.45
120859,50859,2024-08-26,Credit Card,Paid,15140.39
120860,50860,2025-02-17,Upi,Paid,9549.2
120861,50861,2024-06-15,Debit Card,Pending,857.84
120862,50862,2024-01-23,Debit Card,Paid,18409.36
120863,50863,2026-06-16,Net Banking,Pending,23587.84
120864,50864,2026-02-27,Net Banking,Paid,11348.0
120865,50865,2025-02-05,Debit Card,Pending,12334.35
120866,50866,2026-03-18,Debit Card,Paid,25492.76
120867,50867,2026-08-25,Credit Card,Paid,4178.22
120868,50868,2025-01-17,Upi,Paid,15695.25
120869,50869,2024-06-01,Upi,Paid,4135.75
120870,50870,2024-07-15,Debit Card,Paid,15961.45
120871,50871,2026-07-23,Net Banking,Paid,8022.29
120872,50872,2026-05-17,Credit Card,Paid,1050.29
120873,50873,2025-11-09,Net Banking,Paid,19490.09
120874,50874,2025-10-23,Credit Card,Failed,691.13
120875,50875,2024-10-26,Cash On Delivery,Paid,16589.79
120876,50876,2025-05-23,Wallet,Paid,21122.52
120877,50877,2024-12-26,Debit Card,Paid,19433.24
120878,50878,2025-01-17,Credit Card,Paid,14400.35
120879,50879,2025-12-09,Cash On Delivery,Paid,28006.38
120880,50880,2025-06-08,Cash On Delivery,Paid,10441.18
120881,50881,2025-02-19,Credit Card,Paid,2327.52
120882,50882,2024-08-30,Debit Card,Paid,1617.66
120883,50883,2025-09-30,Cash On Delivery,Paid,12924.72
120884,50884,2025-03-15,Debit Card,Paid,23060.22
120885,50885,2024-02-21,Debit Card,Paid,22630.64
120886,50886,2025-10-28,Credit Card,Paid,29534.44
120887,50887,2024-11-24,Net Banking,Refunded,5973.72
120888,50888,2025-02-05,Upi,Paid,23076.29
120889,50889,2026-08-19,Upi,Paid,8081.09
120890,50890,2025-10-29,Net Banking,Paid,11953.52
120891,50891,2024-03-07,Cash On Delivery,Paid,23975.1
120892,50892,2025-12-18,Credit Card,Paid,12362.83
120893,50893,2024-10-10,Credit Card,Paid,2982.12
120894,50894,2026-01-03,Credit Card,Refunded,21445.07
120895,50895,2024-12-07,Cash On Delivery,Paid,9722.34
120896,50896,2025-07-07,Debit Card,Paid,7012.48
120897,50897,2025-11-04,Credit Card,Paid,3868.59
120898,50898,2024-06-29,Credit Card,Paid,19616.27
120899,50899,2024-05-11,Upi,Paid,5762.3
120900,50900,2025-11-13,Debit Card,Paid,2984.21
120901,50901,2024-03-10,Debit Card,Paid,6097.31
120902,50902,2026-03-08,Wallet,Paid,17538.0
120903,50903,2025-02-27,Credit Card,Paid,27292.3
120904,50904,2024-04-01,Upi,Paid,11492.65
120905,50905,2026-01-13,Upi,Paid,18846.18
120906,50906,2026-05-22,Wallet,Paid,4635.02
120907,50907,2024-03-06,Cash On Delivery,Paid,4595.53
120908,50908,2026-07-03,Upi,Pending,16177.56
120909,50909,2025-02-08,Upi,Refunded,1476.53
120910,50910,2025-10-13,Upi,Pending,18828.68
120911,50911,2024-09-15,Debit Card,Paid,22554.81
120912,50912,2024-04-19,Upi,Paid,18190.45
120913,50913,2026-08-18,Credit Card,Paid,7045.61
120914,50914,2025-09-27,Upi,Paid,16577.93
120915,50915,2024-09-04,Net Banking,Refunded,15976.81
120916,50916,2024-12-14,Debit Card,Paid,11724.85
120917,50917,2026-01-07,Cash On Delivery,Paid,7332.62
120918,50918,2024-10-23,Debit Card,Paid,3900.06
120919,50919,2025-10-29,Upi,Paid,25147.79
120920,50920,2024-02-05,Wallet,Paid,23659.03
120921,50921,2026-08-16,Debit Card,Paid,26999.6
120922,50922,2025-12-04,Upi,Failed,9620.87
120923,50923,2024-11-23,Debit Card,Paid,13341.3
120924,50924,2025-07-05,Wallet,Refunded,16882.07
120925,50925,2024-06-20,Wallet,Paid,7243.86
120926,50926,2025-03-14,Cash On Delivery,Paid,14067.16
120927,50927,2024-12-11,Upi,Paid,27978.29
120928,50928,2025-01-12,Wallet,Paid,15430.2
120929,50929,2026-02-28,Cash On Delivery,Paid,19478.19
120930,50930,2025-02-04,Upi,Paid,14255.42
120931,50931,2024-01-09,Upi,Paid,21132.27
120932,50932,2025-03-18,Upi,Paid,10812.52
120933,50933,2024-02-20,Upi,Paid,6299.7
120934,50934,2025-04-09,Cash On Delivery,Paid,1462.25
120935,50935,2025-10-20,Upi,Paid,23714.6
120936,50936,2024-04-05,Upi,Paid,16909.83
120937,50937,2024-03-02,Cash On Delivery,Paid,7549.18
120938,50938,2025-01-03,Cash On Delivery,Paid,11817.06
120939,50939,2025-04-15,Debit Card,Paid,18609.88
120940,50940,2024-03-06,Upi,Paid,17706.07
120941,50941,2024-11-13,Net Banking,Paid,25614.01
120942,50942,2026-01-25,Net Banking,Paid,25603.9
120943,50943,2025-07-07,Upi,Paid,4989.59
120944,50944,2025-05-22,Cash On Delivery,Paid,12069.89
120945,50945,2024-04-11,Debit Card,Pending,26007.18
120946,50946,2026-02-15,Wallet,Paid,16082.98
120947,50947,2025-07-30,Upi,Paid,11840.52
120948,50948,2025-02-20,Wallet,Paid,14107.47
120949,50949,2025-08-18,Cash On Delivery,Paid,5842.46
120950,50950,2024-05-29,Credit Card,Paid,27123.99
120951,50951,2025-10-21,Net Banking,Paid,19271.05
120952,50952,2024-10-17,Debit Card,Pending,7676.76
120953,50953,2024-02-12,Credit Card,Paid,21829.12
120954,50954,2024-08-16,Credit Card,Paid,19592.12
120955,50955,2024-12-20,Upi,Paid,29487.98
120956,50956,2025-03-05,Credit Card,Paid,13726.84
120957,50957,2024-08-10,Cash On Delivery,Paid,9136.31
120958,50958,2026-02-04,Upi,Paid,19906.86
120959,50959,2024-09-13,Cash On Delivery,Paid,1659.79
120960,50960,2024-04-26,Credit Card,Paid,7029.73
120961,50961,2024-08-03,Debit Card,Paid,14126.08
120962,50962,2025-01-26,Net Banking,Paid,3382.4
120963,50963,2024-02-14,Wallet,Paid,2980.96
120964,50964,2024-03-31,Upi,Paid,26403.38
120965,50965,2024-06-03,Debit Card,Paid,12697.92
120966,50966,2025-01-15,Upi,Paid,13664.77
120967,50967,2026-07-15,Upi,Paid,12853.01
120968,50968,2025-07-20,Upi,Refunded,23307.22
120969,50969,2024-03-20,Net Banking,Paid,8266.87
120970,50970,2024-03-07,Upi,Paid,4176.99
120971,50971,2024-04-13,Cash On Delivery,Paid,15269.4
120972,50972,2024-03-07,Debit Card,Paid,25722.42
120973,50973,2025-05-05,Credit Card,Paid,26620.52
120974,50974,2025-12-10,Upi,Paid,24417.17
120975,50975,2025-02-25,Wallet,Paid,11174.78
120976,50976,2025-01-31,Net Banking,Failed,14460.38
120977,50977,2025-07-31,Upi,Paid,8292.55
120978,50978,2024-12-09,Upi,Paid,16550.83
120979,50979,2026-02-26,Upi,Paid,5216.19
120980,50980,2025-10-28,Upi,Paid,13699.89
120981,50981,2026-08-11,Upi,Paid,23215.19
120982,50982,2024-03-24,Wallet,Paid,7578.32
120983,50983,2025-02-26,Wallet,Failed,17084.33
120984,50984,2026-04-16,Cash On Delivery,Paid,26639.08
120985,50985,2025-10-15,Cash On Delivery,Paid,23998.87
120986,50986,2026-01-22,Debit Card,Paid,5130.8
120987,50987,2025-03-31,Debit Card,Paid,1716.65
120988,50988,2025-01-15,Debit Card,Failed,16688.1
120989,50989,2026-01-01,Cash On Delivery,Paid,9772.46
120990,50990,2025-03-30,Upi,Paid,11059.19
120991,50991,2025-01-29,Upi,Paid,25257.31
120992,50992,2025-01-23,Upi,Paid,2919.18
120993,50993,2024-05-01,Upi,Paid,26141.79
120994,50994,2026-02-03,Debit Card,Paid,1084.53
120995,50995,2026-04-06,Upi,Paid,11220.83
120996,50996,2024-01-30,Wallet,Paid,13274.39
120997,50997,2025-01-26,Upi,Failed,7291.43
120998,50998,2025-10-15,Cash On Delivery,Failed,24617.23
120999,50999,2024-05-25,Credit Card,Paid,19384.83
121000,51000,2024-10-22,Upi,Paid,5240.25
121001,51001,2026-07-21,Debit Card,Paid,12052.87
121002,51002,2026-01-27,Credit Card,Paid,28943.94
121003,51003,2026-05-03,Upi,Paid,20035.94
121004,51004,2026-08-14,Net Banking,Paid,23894.97
121005,51005,2025-10-25,Credit Card,Paid,27577.26
121006,51006,2024-09-30,Upi,Paid,21925.21
121007,51007,2026-07-15,Wallet,Paid,18491.44
121008,51008,2025-03-10,Net Banking,Paid,20598.74
121009,51009,2025-06-08,Net Banking,Paid,5214.65
121010,51010,2025-06-17,Wallet,Paid,5849.28
121011,51011,2025-06-19,Credit Card,Paid,3217.65
121012,51012,2025-06-18,Cash On Delivery,Paid,5818.72
121013,51013,2026-01-25,Upi,Paid,20622.81
121014,51014,2024-06-03,Wallet,Paid,12682.12
121015,51015,2025-03-06,Upi,Paid,26257.89
121016,51016,2025-07-21,Net Banking,Paid,18560.08
121017,51017,2025-06-27,Credit Card,Paid,16751.7
121018,51018,2025-12-03,Cash On Delivery,Paid,20026.31
121019,51019,2024-11-20,Credit Card,Paid,27493.46
121020,51020,2026-07-06,Debit Card,Paid,18531.15
121021,51021,2024-01-15,Cash On Delivery,Paid,13206.17
121022,51022,2025-12-04,Upi,Paid,25062.54
121023,51023,2024-06-13,Upi,Paid,26334.66
121024,51024,2025-08-11,Upi,Paid,23713.31
121025,51025,2024-01-23,Wallet,Paid,16058.35
121026,51026,2024-08-17,Wallet,Paid,13835.61
121027,51027,2025-01-17,Upi,Pending,9251.26
121028,51028,2024-04-06,Cash On Delivery,Paid,7786.4
121029,51029,2024-11-15,Debit Card,Paid,27730.77
121030,51030,2025-09-10,Cash On Delivery,Failed,15193.9
121031,51031,2024-06-08,Upi,Paid,7476.49
121032,51032,2025-08-29,Wallet,Pending,7987.6
121033,51033,2025-04-01,Upi,Paid,20890.94
121034,51034,2026-03-27,Wallet,Paid,14816.72
121035,51035,2025-09-13,Credit Card,Paid,7996.62
121036,51036,2025-03-11,Wallet,Paid,11075.66
121037,51037,2026-03-13,Cash On Delivery,Paid,12427.07
121038,51038,2024-06-17,Upi,Paid,720.29
121039,51039,2025-07-07,Credit Card,Paid,25414.43
121040,51040,2024-08-06,Credit Card,Paid,29291.42
121041,51041,2025-03-16,Cash On Delivery,Paid,10798.68
121042,51042,2025-04-07,Upi,Paid,27362.27
121043,51043,2025-08-03,Upi,Failed,11909.36
121044,51044,2024-10-30,Credit Card,Paid,2853.75
121045,51045,2025-10-05,Net Banking,Paid,12689.13
121046,51046,2024-06-25,Debit Card,Paid,22493.41
121047,51047,2024-06-14,Cash On Delivery,Paid,22644.5
121048,51048,2024-04-16,Upi,Paid,16063.46
121049,51049,2025-04-11,Debit Card,Paid,16163.49
121050,51050,2025-02-05,Upi,Paid,10812.9
121051,51051,2026-03-14,Credit Card,Failed,27773.21
121052,51052,2024-11-24,Cash On Delivery,Refunded,18125.59
121053,51053,2025-07-17,Upi,Paid,19278.96
121054,51054,2026-07-28,Debit Card,Pending,25339.74
121055,51055,2025-08-20,Debit Card,Paid,26356.8
121056,51056,2026-04-11,Upi,Paid,25331.24
121057,51057,2025-05-12,Cash On Delivery,Paid,29732.28
121058,51058,2024-06-26,Upi,Paid,8699.41
121059,51059,2025-03-12,Upi,Paid,24577.81
121060,51060,2026-01-01,Debit Card,Paid,4401.54
121061,51061,2024-04-22,Credit Card,Paid,1681.53
121062,51062,2025-04-10,Upi,Paid,8734.93
121063,51063,2025-05-19,Cash On Delivery,Paid,17347.71
121064,51064,2026-06-17,Credit Card,Paid,4686.81
121065,51065,2026-08-07,Debit Card,Refunded,18083.78
121066,51066,2025-08-13,Debit Card,Paid,13158.14
121067,51067,2024-07-24,Credit Card,Paid,9915.84
121068,51068,2024-07-16,Debit Card,Paid,27191.23
121069,51069,2025-08-06,Net Banking,Paid,22779.96
121070,51070,2024-07-11,Upi,Paid,16828.47
121071,51071,2025-10-18,Cash On Delivery,Paid,1815.49
121072,51072,2026-07-30,Wallet,Paid,21882.13
121073,51073,2024-07-01,Credit Card,Paid,13748.93
121074,51074,2026-06-09,Net Banking,Failed,5227.66
121075,51075,2024-02-07,Upi,Paid,14967.78
121076,51076,2025-04-16,Upi,Paid,14675.99
121077,51077,2025-01-12,Net Banking,Paid,16796.5
121078,51078,2025-07-02,Upi,Failed,25683.81
121079,51079,2025-04-15,Upi,Paid,19474.62
121080,51080,2025-06-14,Cash On Delivery,Paid,27223.67
121081,51081,2024-04-27,Credit Card,Pending,3258.13
121082,51082,2026-01-10,Credit Card,Paid,12419.72
121083,51083,2026-07-07,Debit Card,Paid,9856.99
121084,51084,2025-04-07,Debit Card,Paid,2971.61
121085,51085,2026-04-13,Upi,Paid,21410.87
121086,51086,2024-04-28,Credit Card,Pending,28703.79
121087,51087,2025-12-14,Credit Card,Paid,2642.86
121088,51088,2024-11-12,Upi,Paid,11221.7
121089,51089,2025-10-11,Credit Card,Paid,21464.17
121090,51090,2025-07-07,Net Banking,Pending,8437.98
121091,51091,2024-02-14,Upi,Paid,23778.63
121092,51092,2024-12-08,Credit Card,Paid,23986.52
121093,51093,2025-02-25,Credit Card,Paid,15378.16
121094,51094,2026-03-03,Debit Card,Paid,14871.53
121095,51095,2024-04-16,Upi,Paid,26171.92
121096,51096,2026-07-11,Wallet,Paid,22392.3
121097,51097,2024-02-16,Wallet,Paid,24279.55
121098,51098,2024-08-22,Debit Card,Paid,13122.04
121099,51099,2024-05-18,Credit Card,Paid,9952.98
121100,51100,2026-05-13,Upi,Paid,1795.28
121101,51101,2025-07-04,Upi,Paid,4010.16
121102,51102,2025-11-27,Net Banking,Paid,26155.74
121103,51103,2025-10-31,Net Banking,Paid,5802.49
121104,51104,2025-07-25,Upi,Paid,17823.62
121105,51105,2024-10-17,Cash On Delivery,Paid,8866.36
121106,51106,2024-05-07,Credit Card,Paid,7543.01
121107,51107,2025-02-28,Upi,Refunded,458.8
121108,51108,2025-02-02,Debit Card,Paid,24466.62
121109,51109,2025-03-01,Net Banking,Paid,10812.41
121110,51110,2026-08-25,Upi,Paid,1041.62
121111,51111,2024-05-04,Net Banking,Paid,23845.87
121112,51112,2025-09-23,Debit Card,Paid,27021.38
121113,51113,2024-06-03,Upi,Paid,26603.93
121114,51114,2025-07-27,Net Banking,Paid,8963.02
121115,51115,2025-10-17,Cash On Delivery,Paid,6802.21
121116,51116,2024-02-05,Upi,Paid,13490.73
121117,51117,2025-03-25,Debit Card,Paid,11068.89
121118,51118,2024-11-09,Net Banking,Paid,12897.17
121119,51119,2025-04-19,Cash On Delivery,Failed,12041.27
121120,51120,2025-04-19,Net Banking,Paid,23364.29
121121,51121,2025-04-04,Upi,Paid,14013.79
121122,51122,2025-09-15,Net Banking,Paid,3393.46
121123,51123,2024-07-13,Net Banking,Paid,29821.32
121124,51124,2026-04-11,Credit Card,Paid,9077.68
121125,51125,2026-03-27,Credit Card,Paid,16813.14
121126,51126,2025-03-20,Upi,Paid,7452.37
121127,51127,2026-05-31,Upi,Paid,21580.96
121128,51128,2024-09-26,Upi,Pending,8618.77
121129,51129,2024-07-18,Net Banking,Paid,11106.52
121130,51130,2024-09-29,Wallet,Paid,27987.14
121131,51131,2026-01-30,Credit Card,Paid,25352.39
121132,51132,2024-05-14,Debit Card,Paid,11115.24
121133,51133,2024-10-24,Upi,Paid,3735.03
121134,51134,2024-05-21,Credit Card,Paid,23963.27
121135,51135,2025-03-09,Upi,Paid,13240.43
121136,51136,2024-10-23,Credit Card,Paid,25886.77
121137,51137,2026-03-03,Debit Card,Paid,24386.97
121138,51138,2026-01-14,Net Banking,Failed,9405.72
121139,51139,2026-05-11,Debit Card,Paid,11676.69
121140,51140,2025-02-06,Cash On Delivery,Paid,28160.12
121141,51141,2025-05-30,Upi,Failed,13959.77
121142,51142,2026-04-13,Credit Card,Paid,11890.1
121143,51143,2025-11-24,Cash On Delivery,Paid,7842.4
121144,51144,2026-07-11,Credit Card,Paid,9855.96
121145,51145,2026-08-12,Wallet,Refunded,17590.95
121146,51146,2024-03-14,Upi,Failed,17280.74
121147,51147,2024-08-16,Upi,Paid,28258.33
121148,51148,2025-11-21,Cash On Delivery,Paid,28975.06
121149,51149,2024-04-07,Cash On Delivery,Paid,14963.78
121150,51150,2024-03-23,Upi,Paid,27455.01
121151,51151,2024-05-16,Credit Card,Paid,24491.0
121152,51152,2024-03-12,Credit Card,Paid,28175.3
121153,51153,2025-10-10,Upi,Paid,21745.12
121154,51154,2024-09-26,Cash On Delivery,Failed,27802.79
121155,51155,2026-07-03,Credit Card,Paid,7992.15
121156,51156,2024-04-09,Debit Card,Paid,18145.92
121157,51157,2025-03-19,Upi,Paid,17912.61
121158,51158,2025-10-08,Credit Card,Paid,3469.68
121159,51159,2024-12-15,Debit Card,Paid,29618.91
121160,51160,2025-11-26,Cash On Delivery,Paid,16197.31
121161,51161,2026-03-29,Upi,Paid,8039.63
121162,51162,2025-09-15,Wallet,Paid,15641.89
121163,51163,2025-08-11,Debit Card,Pending,12048.95
121164,51164,2025-07-13,Upi,Paid,13912.88
121165,51165,2026-08-24,Net Banking,Paid,13050.85
121166,51166,2026-01-30,Upi,Pending,24972.94
121167,51167,2024-03-01,Net Banking,Paid,22701.07
121168,51168,2026-01-21,Credit Card,Pending,17589.35
121169,51169,2024-06-09,Upi,Failed,15274.02
121170,51170,2026-04-27,Upi,Paid,23051.85
121171,51171,2024-11-10,Debit Card,Paid,5019.3
121172,51172,2025-11-04,Credit Card,Paid,7514.2
121173,51173,2025-12-17,Net Banking,Paid,12591.93
121174,51174,2024-12-13,Debit Card,Paid,1311.8
121175,51175,2026-07-26,Upi,Paid,18251.57
121176,51176,2025-05-24,Wallet,Paid,7233.28
121177,51177,2025-02-14,Debit Card,Paid,28964.88
121178,51178,2025-04-22,Net Banking,Paid,24942.67
121179,51179,2024-10-26,Credit Card,Paid,4314.43
121180,51180,2024-04-17,Credit Card,Paid,2834.73
121181,51181,2026-08-12,Credit Card,Paid,1456.44
121182,51182,2026-02-27,Net Banking,Paid,9627.74
121183,51183,2026-03-03,Upi,Paid,27950.61
121184,51184,2026-06-07,Credit Card,Refunded,14785.65
121185,51185,2025-08-18,Debit Card,Paid,11930.4
121186,51186,2026-08-13,Wallet,Paid,29368.74
121187,51187,2026-08-14,Cash On Delivery,Refunded,4059.05
121188,51188,2024-08-30,Upi,Paid,28916.42
121189,51189,2025-03-06,Wallet,Paid,14165.66
121190,51190,2024-04-03,Upi,Paid,813.32
121191,51191,2025-11-13,Debit Card,Paid,10896.85
121192,51192,2024-04-19,Debit Card,Paid,27205.73
121193,51193,2026-01-11,Upi,Paid,745.89
121194,51194,2026-02-20,Credit Card,Paid,15463.74
121195,51195,2025-02-04,Upi,Paid,28264.6
121196,51196,2025-09-07,Cash On Delivery,Paid,26829.72
121197,51197,2026-07-09,Upi,Paid,29632.64
121198,51198,2026-01-05,Credit Card,Paid,7893.41
121199,51199,2025-03-04,Credit Card,Paid,4827.18
121200,51200,2026-05-29,Upi,Paid,4504.42
121201,51201,2024-02-09,Cash On Delivery,Paid,9361.34
121202,51202,2024-08-10,Upi,Paid,8446.42
121203,51203,2024-11-15,Debit Card,Paid,12119.5
121204,51204,2024-12-19,Cash On Delivery,Paid,6790.56
121205,51205,2025-10-14,Net Banking,Paid,8220.12
121206,51206,2026-02-07,Credit Card,Paid,908.32
121207,51207,2024-02-23,Wallet,Paid,25961.23
121208,51208,2024-09-09,Net Banking,Paid,18507.83
121209,51209,2026-03-07,Upi,Paid,4135.04
121210,51210,2025-05-07,Credit Card,Refunded,16374.7
121211,51211,2024-10-29,Net Banking,Paid,5756.77
121212,51212,2025-03-06,Upi,Paid,11935.89
121213,51213,2025-08-13,Wallet,Paid,937.55
121214,51214,2025-07-31,Credit Card,Paid,14011.1
121215,51215,2026-03-16,Upi,Paid,27268.63
121216,51216,2026-08-18,Wallet,Paid,1508.44
121217,51217,2026-02-24,Upi,Paid,17888.45
121218,51218,2024-04-13,Debit Card,Paid,2476.15
121219,51219,2025-02-13,Net Banking,Paid,26080.79
121220,51220,2025-04-16,Upi,Paid,7259.25
121221,51221,2025-09-04,Upi,Paid,8474.9
121222,51222,2026-07-19,Upi,Paid,6384.32
121223,51223,2025-03-11,Upi,Failed,26331.81
121224,51224,2024-12-06,Upi,Paid,11582.89
121225,51225,2026-05-23,Upi,Paid,13147.84
121226,51226,2025-12-22,Upi,Paid,28278.85
121227,51227,2025-03-23,Net Banking,Paid,4860.95
121228,51228,2026-06-22,Upi,Pending,15410.91
121229,51229,2024-10-20,Upi,Paid,6055.53
121230,51230,2024-08-24,Net Banking,Paid,7960.23
121231,51231,2024-01-23,Upi,Paid,23612.74
121232,51232,2024-03-20,Upi,Paid,12498.46
121233,51233,2026-04-19,Upi,Paid,1021.96
121234,51234,2024-03-14,Upi,Paid,6327.83
121235,51235,2026-01-11,Credit Card,Paid,20108.65
121236,51236,2024-03-11,Net Banking,Paid,2476.33
121237,51237,2024-08-14,Credit Card,Failed,25640.13
121238,51238,2024-12-07,Cash On Delivery,Paid,21555.38
121239,51239,2024-07-30,Cash On Delivery,Paid,9311.23
121240,51240,2024-05-04,Credit Card,Paid,27529.77
121241,51241,2026-08-16,Debit Card,Paid,2358.61
121242,51242,2025-01-30,Wallet,Paid,3426.1
121243,51243,2025-02-17,Upi,Paid,11244.63
121244,51244,2026-01-02,Debit Card,Paid,26276.92
121245,51245,2026-06-06,Upi,Paid,9192.45
121246,51246,2024-10-17,Cash On Delivery,Paid,15252.22
121247,51247,2025-03-16,Debit Card,Paid,623.96
121248,51248,2025-04-13,Upi,Refunded,13124.44
121249,51249,2024-09-10,Net Banking,Paid,8381.37
121250,51250,2024-05-04,Net Banking,Paid,16417.52
121251,51251,2026-06-12,Upi,Refunded,4925.36
121252,51252,2025-11-08,Net Banking,Paid,7089.3
121253,51253,2025-10-23,Wallet,Paid,12537.91
121254,51254,2024-11-07,Credit Card,Paid,25772.56
121255,51255,2025-10-05,Debit Card,Paid,21659.75
121256,51256,2024-05-14,Upi,Paid,16450.3
121257,51257,2024-04-24,Debit Card,Paid,12917.88
121258,51258,2026-07-16,Net Banking,Paid,13998.47
121259,51259,2024-08-09,Upi,Paid,24112.32
121260,51260,2026-01-19,Upi,Paid,5105.82
121261,51261,2024-09-28,Upi,Paid,26355.38
121262,51262,2025-09-24,Net Banking,Paid,3449.13
121263,51263,2025-08-17,Upi,Paid,3632.44
121264,51264,2025-12-05,Debit Card,Paid,24644.87
121265,51265,2026-07-17,Credit Card,Paid,15657.48
121266,51266,2025-02-17,Upi,Paid,4943.88
121267,51267,2026-04-19,Net Banking,Paid,24514.61
121268,51268,2024-10-18,Upi,Paid,18668.12
121269,51269,2026-07-24,Upi,Paid,20570.97
121270,51270,2025-05-01,Cash On Delivery,Paid,9883.92
121271,51271,2026-03-31,Upi,Paid,8725.81
121272,51272,2026-03-14,Upi,Paid,28560.68
121273,51273,2025-09-10,Credit Card,Paid,29158.87
121274,51274,2026-07-25,Credit Card,Paid,7830.65
121275,51275,2025-10-17,Wallet,Paid,21309.5
121276,51276,2025-08-13,Debit Card,Paid,22294.9
121277,51277,2024-09-04,Cash On Delivery,Paid,2423.14
121278,51278,2025-01-02,Upi,Paid,19808.24
121279,51279,2024-01-09,Credit Card,Paid,29094.29
121280,51280,2025-11-29,Wallet,Paid,21381.74
121281,51281,2025-08-14,Upi,Paid,27471.79
121282,51282,2025-11-10,Net Banking,Paid,24276.39
121283,51283,2025-09-02,Credit Card,Paid,23120.14
121284,51284,2024-08-31,Cash On Delivery,Failed,21474.18
121285,51285,2026-08-30,Credit Card,Paid,29704.29
121286,51286,2025-02-27,Cash On Delivery,Failed,22780.63
121287,51287,2025-11-09,Credit Card,Paid,3190.0
121288,51288,2024-05-10,Credit Card,Paid,28848.74
121289,51289,2025-08-03,Credit Card,Paid,6946.96
121290,51290,2025-01-25,Net Banking,Paid,17019.74
121291,51291,2026-06-21,Debit Card,Paid,21574.18
121292,51292,2026-01-09,Upi,Paid,9495.69
121293,51293,2026-06-26,Credit Card,Paid,15027.73
121294,51294,2024-10-31,Credit Card,Paid,26891.01
121295,51295,2025-10-04,Debit Card,Refunded,2915.41
121296,51296,2025-09-06,Debit Card,Paid,357.97
121297,51297,2024-09-02,Cash On Delivery,Paid,20670.84
121298,51298,2024-11-15,Upi,Paid,24831.35
121299,51299,2025-10-16,Credit Card,Paid,14663.14
121300,51300,2024-05-25,Wallet,Paid,19145.82
121301,51301,2025-01-25,Upi,Paid,11516.36
121302,51302,2025-12-21,Credit Card,Paid,28562.6
121303,51303,2026-03-26,Wallet,Paid,26730.37
121304,51304,2025-07-27,Debit Card,Failed,17305.3
121305,51305,2025-10-13,Cash On Delivery,Paid,18610.06
121306,51306,2026-03-14,Upi,Refunded,19060.9
121307,51307,2024-08-13,Upi,Paid,22115.46
121308,51308,2025-10-21,Cash On Delivery,Paid,14706.28
121309,51309,2025-12-14,Upi,Paid,24384.61
121310,51310,2026-03-06,Cash On Delivery,Paid,24481.05
121311,51311,2025-08-15,Credit Card,Paid,9307.22
121312,51312,2024-06-02,Upi,Paid,5353.58
121313,51313,2024-02-21,Upi,Failed,10667.09
121314,51314,2025-08-21,Upi,Paid,9748.07
121315,51315,2024-09-28,Upi,Paid,18702.37
121316,51316,2024-12-25,Credit Card,Paid,14122.95
121317,51317,2025-03-27,Cash On Delivery,Paid,6443.86
121318,51318,2025-12-28,Wallet,Paid,4258.75
121319,51319,2024-12-12,Upi,Paid,3771.09
121320,51320,2025-07-18,Wallet,Pending,3423.39
121321,51321,2025-04-28,Debit Card,Paid,11129.31
121322,51322,2024-02-22,Upi,Paid,2348.15
121323,51323,2025-11-04,Cash On Delivery,Paid,14800.8
121324,51324,2025-06-01,Upi,Paid,17186.07
121325,51325,2024-08-02,Upi,Paid,20002.69
121326,51326,2025-12-23,Credit Card,Paid,4004.24
121327,51327,2024-04-09,Net Banking,Paid,19714.77
121328,51328,2024-09-12,Upi,Paid,23280.85
121329,51329,2024-08-19,Credit Card,Failed,7929.91
121330,51330,2025-09-28,Net Banking,Paid,17949.42
121331,51331,2026-08-21,Upi,Paid,24113.37
121332,51332,2026-03-28,Credit Card,Paid,19535.91
121333,51333,2024-05-15,Debit Card,Failed,4647.96
121334,51334,2024-03-04,Debit Card,Paid,11993.85
121335,51335,2026-02-06,Net Banking,Paid,14875.2
121336,51336,2025-07-16,Credit Card,Paid,14690.96
121337,51337,2024-12-13,Upi,Paid,17183.7
121338,51338,2026-05-12,Credit Card,Paid,25746.19
121339,51339,2024-06-22,Credit Card,Paid,28713.1
121340,51340,2024-05-04,Upi,Refunded,22579.58
121341,51341,2025-04-29,Credit Card,Paid,7077.62
121342,51342,2024-09-19,Cash On Delivery,Refunded,17463.18
121343,51343,2024-08-16,Upi,Paid,19281.99
121344,51344,2025-08-30,Debit Card,Paid,26949.35
121345,51345,2024-10-22,Cash On Delivery,Paid,14770.35
121346,51346,2025-07-22,Debit Card,Paid,12328.32
121347,51347,2025-07-04,Wallet,Paid,19171.71
121348,51348,2026-02-09,Upi,Failed,13083.29
121349,51349,2026-08-05,Cash On Delivery,Failed,11812.98
121350,51350,2025-09-02,Upi,Paid,11458.66
121351,51351,2024-10-07,Upi,Paid,6168.54
121352,51352,2025-07-13,Wallet,Paid,23764.09
121353,51353,2025-04-14,Wallet,Paid,7233.46
121354,51354,2025-03-17,Upi,Paid,8193.37
121355,51355,2024-12-01,Upi,Paid,4521.4
121356,51356,2024-03-19,Credit Card,Paid,7417.29
121357,51357,2024-08-28,Cash On Delivery,Paid,7274.27
121358,51358,2025-07-27,Credit Card,Paid,28239.74
121359,51359,2024-03-10,Upi,Paid,28719.79
121360,51360,2024-06-03,Debit Card,Paid,14566.17
121361,51361,2025-07-09,Wallet,Paid,12615.4
121362,51362,2026-08-25,Upi,Paid,9665.47
121363,51363,2024-06-13,Upi,Paid,9919.41
121364,51364,2024-03-19,Upi,Paid,9596.58
121365,51365,2024-12-07,Debit Card,Paid,20042.04
121366,51366,2024-03-17,Upi,Paid,29597.31
121367,51367,2026-05-21,Cash On Delivery,Paid,21938.54
121368,51368,2026-02-02,Upi,Paid,7353.04
121369,51369,2024-04-23,Credit Card,Paid,20161.68
121370,51370,2024-04-08,Upi,Paid,15501.11
121371,51371,2025-06-11,Upi,Failed,18363.49
121372,51372,2025-01-30,Wallet,Paid,8920.32
121373,51373,2025-11-06,Upi,Paid,4624.16
121374,51374,2026-06-18,Upi,Paid,1235.18
121375,51375,2024-11-20,Debit Card,Paid,23228.72
121376,51376,2026-02-03,Upi,Paid,15422.74
121377,51377,2024-11-18,Net Banking,Paid,18977.74
121378,51378,2024-08-13,Wallet,Paid,15197.43
121379,51379,2026-07-30,Cash On Delivery,Paid,11259.58
121380,51380,2024-09-03,Net Banking,Paid,19464.85
121381,51381,2024-05-21,Upi,Paid,20726.98
121382,51382,2025-07-30,Upi,Paid,25892.36
121383,51383,2025-07-31,Upi,Failed,9929.97
121384,51384,2025-04-17,Upi,Paid,3081.87
121385,51385,2024-03-26,Upi,Paid,11329.0
121386,51386,2024-04-24,Cash On Delivery,Paid,5273.3
121387,51387,2026-01-04,Debit Card,Paid,5537.16
121388,51388,2024-06-03,Net Banking,Paid,4037.43
121389,51389,2024-09-25,Net Banking,Paid,7329.83
121390,51390,2026-02-17,Credit Card,Paid,2524.78
121391,51391,2024-11-27,Upi,Paid,28566.23
121392,51392,2024-11-30,Credit Card,Paid,9739.56
121393,51393,2026-06-09,Upi,Paid,29083.66
121394,51394,2026-02-15,Upi,Paid,3980.53
121395,51395,2025-11-18,Debit Card,Paid,651.03
121396,51396,2024-07-05,Cash On Delivery,Failed,20890.8
121397,51397,2024-10-04,Upi,Paid,3361.8
121398,51398,2025-08-06,Credit Card,Paid,27974.56
121399,51399,2026-03-26,Debit Card,Paid,8578.06
121400,51400,2025-05-06,Credit Card,Paid,4914.27
121401,51401,2025-12-25,Credit Card,Refunded,2656.27
121402,51402,2024-11-15,Cash On Delivery,Paid,11835.66
121403,51403,2024-12-21,Credit Card,Paid,7740.71
121404,51404,2025-08-15,Net Banking,Paid,27028.93
121405,51405,2025-07-05,Upi,Paid,8262.61
121406,51406,2024-04-30,Debit Card,Paid,14952.72
121407,51407,2025-01-13,Net Banking,Refunded,11482.17
121408,51408,2026-04-11,Upi,Paid,4714.92
121409,51409,2025-06-01,Upi,Paid,19713.24
121410,51410,2025-12-25,Upi,Failed,1481.74
121411,51411,2026-03-15,Credit Card,Paid,5045.01
121412,51412,2024-10-06,Credit Card,Paid,12250.65
121413,51413,2024-08-18,Credit Card,Paid,24321.54
121414,51414,2025-07-18,Debit Card,Paid,26020.9
121415,51415,2025-04-11,Credit Card,Paid,29389.65
121416,51416,2026-05-27,Credit Card,Paid,22028.96
121417,51417,2024-06-28,Credit Card,Paid,19662.82
121418,51418,2025-02-16,Credit Card,Paid,15910.34
121419,51419,2024-02-17,Debit Card,Paid,22104.9
121420,51420,2024-12-19,Cash On Delivery,Paid,23741.66
121421,51421,2025-07-24,Upi,Paid,11791.53
121422,51422,2026-02-14,Credit Card,Paid,22706.05
121423,51423,2026-03-31,Upi,Paid,9945.35
121424,51424,2024-01-03,Upi,Paid,15893.3
121425,51425,2026-04-25,Wallet,Paid,14904.41
121426,51426,2025-10-30,Upi,Paid,14215.79
121427,51427,2024-07-17,Upi,Paid,15311.19
121428,51428,2024-07-30,Upi,Paid,24691.17
121429,51429,2026-01-26,Wallet,Paid,23059.44
121430,51430,2025-11-04,Upi,Paid,8629.49
121431,51431,2024-07-18,Wallet,Paid,3461.95
121432,51432,2025-03-02,Upi,Paid,1697.14
121433,51433,2026-04-15,Debit Card,Paid,5696.2
121434,51434,2024-01-20,Wallet,Paid,7609.73
121435,51435,2025-05-10,Net Banking,Paid,7697.45
121436,51436,2026-04-29,Wallet,Paid,27445.06
121437,51437,2024-01-06,Debit Card,Paid,1882.57
121438,51438,2025-06-17,Credit Card,Paid,8388.87
121439,51439,2025-06-28,Debit Card,Paid,25308.61
121440,51440,2024-11-03,Credit Card,Paid,7826.85
121441,51441,2025-06-10,Debit Card,Paid,9995.3
121442,51442,2025-11-15,Credit Card,Paid,23714.63
121443,51443,2024-10-05,Debit Card,Paid,12194.18
121444,51444,2025-04-27,Cash On Delivery,Failed,21009.65
121445,51445,2025-06-06,Debit Card,Paid,25726.05
121446,51446,2024-02-05,Cash On Delivery,Paid,26694.74
121447,51447,2024-07-26,Debit Card,Paid,21001.97
121448,51448,2025-09-23,Wallet,Paid,23952.77
121449,51449,2025-04-21,Debit Card,Paid,17854.59
121450,51450,2026-07-30,Net Banking,Paid,5593.15
121451,51451,2026-04-06,Upi,Paid,22994.02
121452,51452,2024-08-05,Upi,Paid,4822.82
121453,51453,2026-08-28,Upi,Paid,7355.18
121454,51454,2026-04-20,Net Banking,Paid,18097.92
121455,51455,2025-02-12,Upi,Paid,22917.56
121456,51456,2025-08-27,Cash On Delivery,Paid,7862.1
121457,51457,2024-09-29,Upi,Paid,6627.95
121458,51458,2024-03-17,Debit Card,Paid,24855.75
121459,51459,2024-08-21,Upi,Refunded,3770.61
121460,51460,2025-12-11,Upi,Paid,21642.27
121461,51461,2025-07-07,Cash On Delivery,Paid,14711.4
121462,51462,2025-03-06,Wallet,Paid,23661.19
121463,51463,2025-04-12,Wallet,Paid,3074.91
121464,51464,2026-02-08,Upi,Pending,17440.25
121465,51465,2025-11-09,Credit Card,Paid,22937.85
121466,51466,2025-09-10,Wallet,Refunded,10421.9
121467,51467,2025-05-04,Upi,Paid,16634.75
121468,51468,2024-01-05,Upi,Paid,5050.17
121469,51469,2024-11-19,Upi,Failed,7678.25
121470,51470,2024-05-02,Upi,Paid,7546.75
121471,51471,2026-01-23,Upi,Paid,21267.14
121472,51472,2024-12-10,Debit Card,Paid,563.05
121473,51473,2024-08-26,Upi,Paid,1020.69
121474,51474,2025-04-15,Cash On Delivery,Paid,4296.47
121475,51475,2025-04-13,Credit Card,Paid,10923.6
121476,51476,2026-06-25,Upi,Paid,27944.89
121477,51477,2024-06-22,Upi,Paid,3651.03
121478,51478,2026-03-10,Debit Card,Paid,8401.94
121479,51479,2024-07-29,Upi,Paid,2513.24
121480,51480,2026-02-17,Upi,Paid,6819.36
121481,51481,2025-06-08,Upi,Paid,14985.57
121482,51482,2025-06-08,Upi,Paid,15714.38
121483,51483,2025-11-15,Upi,Paid,5313.41
121484,51484,2024-04-01,Upi,Paid,17427.51
121485,51485,2026-02-13,Debit Card,Paid,25463.99
121486,51486,2025-12-27,Credit Card,Paid,4582.94
121487,51487,2024-07-13,Cash On Delivery,Paid,5810.83
121488,51488,2024-03-25,Credit Card,Failed,24632.75
121489,51489,2025-12-03,Debit Card,Paid,3854.65
121490,51490,2024-04-01,Net Banking,Refunded,1706.27
121491,51491,2025-07-18,Upi,Pending,22114.02
121492,51492,2024-09-05,Debit Card,Paid,27440.72
121493,51493,2025-11-28,Upi,Paid,29893.11
121494,51494,2026-06-16,Debit Card,Paid,5318.47
121495,51495,2026-03-30,Credit Card,Paid,12989.99
121496,51496,2025-12-28,Net Banking,Paid,29992.73
121497,51497,2025-09-17,Upi,Paid,17817.32
121498,51498,2024-03-16,Net Banking,Paid,28961.58
121499,51499,2026-07-10,Credit Card,Refunded,10179.0
121500,51500,2026-06-10,Credit Card,Paid,17698.42
121501,51501,2024-03-03,Upi,Paid,9304.44
121502,51502,2026-01-31,Upi,Paid,2406.16
121503,51503,2024-04-16,Debit Card,Paid,2862.66
121504,51504,2025-08-08,Cash On Delivery,Paid,9438.63
121505,51505,2024-09-02,Debit Card,Paid,6783.23
121506,51506,2024-05-06,Upi,Paid,23052.57
121507,51507,2024-08-14,Cash On Delivery,Paid,14009.42
121508,51508,2024-11-07,Debit Card,Paid,9015.47
121509,51509,2024-12-06,Upi,Paid,9308.61
121510,51510,2024-10-19,Upi,Paid,5009.87
121511,51511,2025-03-25,Upi,Pending,12968.2
121512,51512,2025-09-12,Upi,Paid,18819.14
121513,51513,2025-03-27,Debit Card,Paid,17863.54
121514,51514,2025-07-24,Credit Card,Pending,18456.73
121515,51515,2025-01-11,Credit Card,Paid,23124.55
121516,51516,2024-09-28,Upi,Paid,15012.41
121517,51517,2024-05-24,Cash On Delivery,Paid,28361.99
121518,51518,2024-10-31,Credit Card,Paid,11832.15
121519,51519,2024-07-05,Upi,Paid,24779.59
121520,51520,2025-05-18,Cash On Delivery,Paid,23992.91
121521,51521,2025-09-27,Debit Card,Paid,11038.25
121522,51522,2026-04-03,Net Banking,Pending,28952.43
121523,51523,2024-10-13,Upi,Paid,4384.73
121524,51524,2024-05-04,Upi,Paid,27165.62
121525,51525,2026-03-04,Debit Card,Paid,5749.04
121526,51526,2025-12-07,Wallet,Paid,22671.75
121527,51527,2024-11-05,Wallet,Failed,8268.38
121528,51528,2026-08-23,Credit Card,Paid,17956.14
121529,51529,2025-09-14,Net Banking,Paid,28712.89
121530,51530,2025-12-30,Credit Card,Paid,24178.88
121531,51531,2024-12-07,Credit Card,Failed,21208.7
121532,51532,2025-03-07,Debit Card,Paid,4021.42
121533,51533,2024-12-04,Credit Card,Paid,3794.55
121534,51534,2025-12-10,Upi,Paid,5477.0
121535,51535,2026-03-03,Upi,Paid,5403.61
121536,51536,2026-04-17,Upi,Paid,16536.56
121537,51537,2024-11-19,Credit Card,Paid,1250.98
121538,51538,2026-01-15,Credit Card,Refunded,16899.09
121539,51539,2025-10-26,Wallet,Paid,16271.04
121540,51540,2024-01-13,Net Banking,Paid,4353.01
121541,51541,2026-02-12,Credit Card,Paid,1226.04
121542,51542,2024-05-09,Credit Card,Paid,10560.42
121543,51543,2024-05-06,Credit Card,Paid,13980.7
121544,51544,2024-04-14,Net Banking,Paid,4216.24
121545,51545,2025-06-18,Debit Card,Paid,26614.72
121546,51546,2024-02-03,Net Banking,Paid,17782.42
121547,51547,2025-05-07,Upi,Paid,16891.49
121548,51548,2025-11-24,Upi,Paid,8548.94
121549,51549,2025-06-06,Debit Card,Paid,18073.38
121550,51550,2024-09-18,Debit Card,Paid,9052.1
121551,51551,2024-11-22,Credit Card,Paid,12320.4
121552,51552,2025-12-02,Credit Card,Paid,5185.92
121553,51553,2024-11-27,Upi,Paid,20872.47
121554,51554,2025-10-08,Credit Card,Paid,5997.16
121555,51555,2025-10-31,Upi,Paid,17509.97
121556,51556,2025-05-25,Upi,Paid,13691.44
121557,51557,2024-12-29,Net Banking,Paid,3945.94
121558,51558,2024-03-01,Wallet,Paid,16538.69
121559,51559,2025-12-23,Net Banking,Paid,28937.8
121560,51560,2024-10-24,Upi,Paid,14624.05
121561,51561,2025-03-18,Upi,Failed,7166.05
121562,51562,2024-01-29,Upi,Paid,23955.1
121563,51563,2025-12-22,Cash On Delivery,Paid,8967.91
121564,51564,2026-06-03,Upi,Paid,17321.45
121565,51565,2026-05-04,Cash On Delivery,Paid,11730.51
121566,51566,2024-10-27,Upi,Paid,27784.41
121567,51567,2024-03-27,Debit Card,Pending,6847.71
121568,51568,2024-04-03,Upi,Paid,8645.2
121569,51569,2025-01-04,Credit Card,Paid,25873.74
121570,51570,2024-01-04,Net Banking,Paid,19454.13
121571,51571,2024-06-24,Wallet,Paid,24662.0
121572,51572,2025-08-16,Upi,Paid,13517.32
121573,51573,2024-02-12,Net Banking,Paid,4684.8
121574,51574,2025-08-28,Upi,Paid,22698.88
121575,51575,2026-04-22,Debit Card,Paid,28689.41
121576,51576,2026-08-25,Net Banking,Paid,22868.71
121577,51577,2026-08-02,Cash On Delivery,Paid,9500.49
121578,51578,2024-10-09,Upi,Paid,19187.71
121579,51579,2025-09-20,Debit Card,Pending,22649.2
121580,51580,2024-02-18,Upi,Paid,2442.87
121581,51581,2024-08-21,Upi,Paid,14710.0
121582,51582,2026-01-27,Net Banking,Pending,17133.54
121583,51583,2024-07-17,Credit Card,Paid,15738.64
121584,51584,2024-10-23,Upi,Paid,10162.25
121585,51585,2025-02-05,Upi,Paid,5807.74
121586,51586,2024-11-16,Credit Card,Paid,21491.71
121587,51587,2025-12-21,Debit Card,Paid,12012.97
121588,51588,2026-05-30,Credit Card,Paid,6562.1
121589,51589,2025-06-09,Wallet,Paid,23639.55
121590,51590,2025-07-12,Credit Card,Paid,466.78
121591,51591,2025-12-13,Cash On Delivery,Paid,8235.64
121592,51592,2025-01-25,Upi,Paid,20919.73
121593,51593,2025-03-17,Upi,Paid,19643.47
121594,51594,2026-07-12,Debit Card,Paid,28552.4
121595,51595,2025-01-09,Credit Card,Paid,1607.63
121596,51596,2024-09-16,Net Banking,Paid,23504.38
121597,51597,2024-01-24,Upi,Failed,17896.43
121598,51598,2024-01-22,Wallet,Paid,11039.09
121599,51599,2026-01-16,Cash On Delivery,Paid,18694.98
121600,51600,2024-08-12,Credit Card,Paid,2172.5
121601,51601,2025-12-22,Upi,Paid,29488.03
121602,51602,2024-02-12,Upi,Pending,8091.39
121603,51603,2026-02-10,Upi,Paid,24473.14
121604,51604,2025-02-01,Debit Card,Paid,14654.36
121605,51605,2026-03-04,Upi,Paid,10332.5
121606,51606,2026-03-17,Upi,Failed,13693.13
121607,51607,2025-07-09,Credit Card,Paid,21477.56
121608,51608,2026-08-05,Upi,Paid,18260.48
121609,51609,2026-07-08,Upi,Paid,15703.9
121610,51610,2025-11-11,Debit Card,Paid,13654.12
121611,51611,2025-04-22,Debit Card,Paid,18097.16
121612,51612,2026-06-19,Upi,Paid,14603.76
121613,51613,2026-07-31,Upi,Paid,19788.27
121614,51614,2025-02-03,Debit Card,Paid,1738.12
121615,51615,2024-11-11,Upi,Paid,13460.18
121616,51616,2024-10-23,Upi,Paid,28377.08
121617,51617,2026-06-26,Cash On Delivery,Paid,9700.06
121618,51618,2024-06-01,Net Banking,Paid,6679.52
121619,51619,2024-01-04,Credit Card,Paid,27697.5
121620,51620,2025-05-02,Upi,Paid,3312.86
121621,51621,2026-07-13,Credit Card,Paid,9153.31
121622,51622,2024-11-14,Net Banking,Paid,23271.59
121623,51623,2025-05-05,Net Banking,Paid,21665.42
121624,51624,2024-04-17,Upi,Paid,21437.78
121625,51625,2026-03-07,Upi,Paid,19827.06
121626,51626,2026-06-22,Credit Card,Pending,27481.82
121627,51627,2025-09-09,Upi,Refunded,4174.82
121628,51628,2024-04-29,Cash On Delivery,Paid,21014.42
121629,51629,2024-04-07,Cash On Delivery,Refunded,27662.29
121630,51630,2025-12-21,Net Banking,Paid,17187.1
121631,51631,2024-05-04,Cash On Delivery,Paid,18680.27
121632,51632,2024-03-07,Cash On Delivery,Paid,2955.82
121633,51633,2026-05-14,Upi,Paid,8246.14
121634,51634,2025-05-29,Upi,Paid,22248.83
121635,51635,2025-08-03,Net Banking,Paid,17070.6
121636,51636,2025-10-19,Wallet,Paid,28679.74
121637,51637,2024-12-03,Debit Card,Paid,4930.33
121638,51638,2024-08-16,Upi,Paid,4204.96
121639,51639,2025-05-19,Net Banking,Paid,7573.58
121640,51640,2024-03-17,Net Banking,Paid,26061.13
121641,51641,2024-10-16,Net Banking,Paid,4597.58
121642,51642,2025-07-31,Upi,Paid,19737.91
121643,51643,2026-07-03,Credit Card,Paid,20048.57
121644,51644,2025-08-07,Upi,Paid,6853.87
121645,51645,2025-12-31,Credit Card,Paid,1375.1
121646,51646,2024-10-30,Credit Card,Paid,23546.26
121647,51647,2024-02-26,Debit Card,Refunded,17003.46
121648,51648,2025-01-02,Cash On Delivery,Pending,27899.42
121649,51649,2025-11-04,Credit Card,Paid,11504.01
121650,51650,2024-02-17,Cash On Delivery,Paid,19362.24
121651,51651,2026-04-23,Credit Card,Paid,5097.54
121652,51652,2024-10-15,Credit Card,Paid,6571.14
121653,51653,2025-10-29,Wallet,Paid,1352.43
121654,51654,2026-05-09,Upi,Refunded,5547.27
121655,51655,2025-08-16,Upi,Failed,2051.04
121656,51656,2024-06-16,Upi,Paid,25836.21
121657,51657,2024-09-04,Cash On Delivery,Paid,1969.38
121658,51658,2025-03-31,Debit Card,Paid,18599.19
121659,51659,2026-08-09,Upi,Paid,15727.97
121660,51660,2025-10-21,Upi,Paid,1407.47
121661,51661,2025-08-23,Net Banking,Paid,9023.06
121662,51662,2026-02-17,Cash On Delivery,Paid,20016.52
121663,51663,2024-05-18,Net Banking,Paid,11146.16
121664,51664,2024-03-22,Upi,Paid,18904.51
121665,51665,2025-07-20,Upi,Failed,20602.27
121666,51666,2025-07-29,Credit Card,Paid,23869.16
121667,51667,2024-09-07,Wallet,Refunded,1767.03
121668,51668,2025-08-31,Credit Card,Paid,27802.23
121669,51669,2024-05-31,Credit Card,Paid,6695.14
121670,51670,2024-07-12,Upi,Paid,24861.69
121671,51671,2026-05-20,Credit Card,Paid,23997.72
121672,51672,2024-02-01,Upi,Paid,20977.78
121673,51673,2025-06-27,Upi,Paid,25031.19
121674,51674,2026-03-30,Upi,Paid,10329.38
121675,51675,2025-11-23,Upi,Paid,20430.98
121676,51676,2025-03-02,Credit Card,Paid,19306.31
121677,51677,2024-11-01,Wallet,Paid,27883.59
121678,51678,2024-03-02,Upi,Pending,17958.14
121679,51679,2024-05-03,Credit Card,Paid,11295.38
121680,51680,2025-07-14,Credit Card,Paid,1104.69
121681,51681,2025-05-30,Credit Card,Paid,1175.34
121682,51682,2024-12-31,Upi,Paid,3683.25
121683,51683,2024-10-11,Net Banking,Paid,5798.72
121684,51684,2024-03-20,Upi,Paid,20600.6
121685,51685,2024-04-29,Net Banking,Paid,21078.77
121686,51686,2024-10-08,Wallet,Paid,29838.01
121687,51687,2026-06-17,Upi,Paid,20486.38
121688,51688,2024-11-16,Debit Card,Paid,28591.32
121689,51689,2024-04-25,Upi,Paid,23700.82
121690,51690,2025-07-12,Cash On Delivery,Paid,21145.24
121691,51691,2024-05-04,Credit Card,Paid,17972.38
121692,51692,2025-01-27,Credit Card,Paid,27241.0
121693,51693,2025-12-07,Net Banking,Paid,23936.88
121694,51694,2024-04-14,Net Banking,Paid,1274.34
121695,51695,2026-06-14,Debit Card,Paid,21666.68
121696,51696,2025-09-08,Upi,Paid,3887.97
121697,51697,2026-06-06,Debit Card,Paid,20886.15
121698,51698,2025-12-08,Credit Card,Paid,22865.56
121699,51699,2026-07-26,Upi,Paid,11454.82
121700,51700,2025-05-09,Upi,Paid,12855.97
121701,51701,2024-01-16,Debit Card,Paid,5379.54
121702,51702,2024-03-03,Credit Card,Paid,22093.65
121703,51703,2024-06-27,Credit Card,Paid,29427.7
121704,51704,2024-04-13,Upi,Paid,17857.25
121705,51705,2026-02-22,Credit Card,Paid,2121.77
121706,51706,2026-07-07,Credit Card,Paid,5269.94
121707,51707,2025-08-27,Upi,Paid,28396.55
121708,51708,2024-07-03,Credit Card,Failed,11235.37
121709,51709,2026-08-10,Debit Card,Paid,23265.62
121710,51710,2024-10-27,Debit Card,Paid,2471.82
121711,51711,2026-05-06,Cash On Delivery,Paid,1268.75
121712,51712,2025-10-30,Upi,Paid,3596.46
121713,51713,2025-03-03,Upi,Paid,18833.16
121714,51714,2026-02-10,Upi,Paid,6057.36
121715,51715,2025-10-08,Cash On Delivery,Paid,16786.21
121716,51716,2026-06-03,Credit Card,Paid,23355.5
121717,51717,2025-08-13,Cash On Delivery,Paid,24909.58
121718,51718,2025-01-18,Cash On Delivery,Failed,16899.8
121719,51719,2024-04-01,Upi,Paid,29261.94
121720,51720,2026-08-23,Credit Card,Paid,754.66
121721,51721,2026-01-28,Net Banking,Paid,19960.06
121722,51722,2024-04-11,Credit Card,Paid,10127.3
121723,51723,2025-08-12,Debit Card,Paid,8502.11
121724,51724,2026-03-12,Upi,Paid,19762.04
121725,51725,2025-11-11,Debit Card,Paid,25055.8
121726,51726,2024-09-22,Cash On Delivery,Paid,17994.53
121727,51727,2024-05-14,Debit Card,Paid,19479.46
121728,51728,2026-06-29,Debit Card,Paid,12633.86
121729,51729,2024-12-25,Credit Card,Paid,17607.04
121730,51730,2026-04-25,Upi,Paid,3396.02
121731,51731,2025-03-27,Credit Card,Paid,12358.6
121732,51732,2026-01-09,Cash On Delivery,Paid,6025.44
121733,51733,2024-08-25,Cash On Delivery,Paid,24450.64
121734,51734,2025-08-09,Upi,Paid,26292.03
121735,51735,2025-06-27,Cash On Delivery,Refunded,28811.9
121736,51736,2024-07-29,Upi,Paid,29253.95
121737,51737,2025-10-22,Upi,Paid,15654.8
121738,51738,2025-03-25,Upi,Paid,5351.44
121739,51739,2025-09-26,Credit Card,Paid,695.39
121740,51740,2024-02-06,Upi,Paid,24616.51
121741,51741,2024-04-29,Net Banking,Paid,2391.39
121742,51742,2025-11-21,Cash On Delivery,Paid,18376.93
121743,51743,2026-08-26,Credit Card,Paid,29610.02
121744,51744,2024-04-25,Upi,Paid,11398.22
121745,51745,2024-01-27,Upi,Paid,19626.65
121746,51746,2024-09-07,Wallet,Paid,15764.08
121747,51747,2024-02-11,Upi,Paid,23273.65
121748,51748,2024-08-26,Wallet,Paid,22963.29
121749,51749,2025-11-05,Debit Card,Paid,10148.89
121750,51750,2026-02-05,Debit Card,Pending,7681.94
121751,51751,2025-09-05,Net Banking,Paid,2601.55
121752,51752,2025-01-25,Upi,Paid,11592.14
121753,51753,2024-06-02,Debit Card,Paid,1333.28
121754,51754,2025-06-04,Net Banking,Refunded,3519.94
121755,51755,2026-07-27,Wallet,Pending,17746.32
121756,51756,2024-07-22,Upi,Paid,3158.71
121757,51757,2025-06-13,Cash On Delivery,Paid,8141.83
121758,51758,2024-11-23,Debit Card,Paid,5173.79
121759,51759,2024-12-14,Net Banking,Paid,12709.78
121760,51760,2025-05-11,Upi,Paid,969.78
121761,51761,2024-06-16,Cash On Delivery,Paid,5032.21
121762,51762,2024-07-08,Net Banking,Paid,27384.42
121763,51763,2024-02-10,Upi,Paid,10697.09
121764,51764,2025-11-02,Credit Card,Paid,21709.53
121765,51765,2026-05-31,Upi,Paid,18464.68
121766,51766,2025-03-14,Cash On Delivery,Paid,10150.59
121767,51767,2025-08-24,Credit Card,Failed,4244.31
121768,51768,2026-08-12,Debit Card,Paid,25169.74
121769,51769,2026-01-07,Net Banking,Pending,11038.72
121770,51770,2024-08-27,Upi,Paid,14825.44
121771,51771,2026-01-25,Credit Card,Paid,4720.37
121772,51772,2025-01-20,Wallet,Paid,5605.99
121773,51773,2026-07-19,Credit Card,Paid,10919.42
121774,51774,2026-06-17,Upi,Paid,11756.82
121775,51775,2024-02-12,Cash On Delivery,Paid,11893.47
121776,51776,2026-05-12,Debit Card,Paid,16805.27
121777,51777,2024-08-24,Credit Card,Paid,2116.97
121778,51778,2025-04-14,Credit Card,Paid,7469.67
121779,51779,2025-12-28,Debit Card,Paid,7087.88
121780,51780,2024-04-29,Net Banking,Paid,12648.34
121781,51781,2024-01-19,Credit Card,Paid,15148.11
121782,51782,2025-01-31,Debit Card,Paid,21771.98
121783,51783,2025-07-19,Net Banking,Paid,20330.54
121784,51784,2025-07-24,Debit Card,Paid,4426.6
121785,51785,2026-07-13,Wallet,Pending,6034.61
121786,51786,2024-09-05,Credit Card,Paid,11466.22
121787,51787,2025-11-23,Wallet,Paid,15347.72
121788,51788,2024-07-05,Credit Card,Paid,12822.16
121789,51789,2025-03-15,Wallet,Paid,5214.42
121790,51790,2025-06-02,Upi,Paid,19576.27
121791,51791,2025-02-22,Credit Card,Paid,20494.76
121792,51792,2024-06-22,Debit Card,Pending,21822.24
121793,51793,2024-07-06,Net Banking,Paid,12298.29
121794,51794,2026-04-29,Upi,Refunded,18313.52
121795,51795,2026-07-14,Credit Card,Paid,3596.83
121796,51796,2024-03-14,Upi,Paid,29017.33
121797,51797,2024-08-15,Cash On Delivery,Paid,20394.08
121798,51798,2026-08-18,Upi,Pending,11216.81
121799,51799,2024-04-25,Upi,Paid,14266.55
121800,51800,2025-06-05,Debit Card,Paid,12408.39
121801,51801,2024-10-08,Upi,Paid,7756.0
121802,51802,2026-08-13,Debit Card,Paid,26286.85
121803,51803,2025-12-23,Net Banking,Paid,27711.52
121804,51804,2025-12-29,Cash On Delivery,Paid,1208.47
121805,51805,2024-03-07,Credit Card,Paid,29897.65
121806,51806,2024-05-29,Upi,Paid,24307.27
121807,51807,2026-02-12,Upi,Failed,7406.87
121808,51808,2024-08-08,Credit Card,Paid,9062.19
121809,51809,2025-02-27,Upi,Paid,16910.11
121810,51810,2024-04-13,Upi,Paid,14871.86
121811,51811,2024-01-23,Debit Card,Paid,11683.21
121812,51812,2025-12-08,Upi,Refunded,12732.01
121813,51813,2024-06-23,Debit Card,Paid,8665.43
121814,51814,2024-06-13,Upi,Paid,11080.24
121815,51815,2026-03-31,Credit Card,Paid,29373.1
121816,51816,2025-11-25,Net Banking,Paid,26329.01
121817,51817,2024-07-28,Debit Card,Paid,2164.24
121818,51818,2026-04-14,Cash On Delivery,Failed,29195.06
121819,51819,2026-07-30,Net Banking,Paid,20009.15
121820,51820,2025-02-03,Upi,Paid,21989.9
121821,51821,2025-03-16,Upi,Paid,16891.79
121822,51822,2025-10-04,Upi,Paid,15083.89
121823,51823,2024-05-23,Wallet,Paid,26854.7
121824,51824,2026-05-21,Wallet,Paid,28343.09
121825,51825,2024-05-03,Upi,Paid,25188.7
121826,51826,2026-01-01,Credit Card,Paid,22126.0
121827,51827,2025-07-16,Credit Card,Paid,23142.99
121828,51828,2024-05-07,Debit Card,Paid,11542.38
121829,51829,2025-03-05,Upi,Paid,10781.1
121830,51830,2024-10-10,Cash On Delivery,Paid,3860.03
121831,51831,2026-07-01,Upi,Failed,12262.39
121832,51832,2025-06-06,Upi,Paid,23578.77
121833,51833,2024-12-24,Debit Card,Paid,2444.14
121834,51834,2024-09-14,Upi,Failed,5956.53
121835,51835,2024-05-20,Debit Card,Refunded,28006.23
121836,51836,2025-05-08,Upi,Paid,26468.89
121837,51837,2025-05-10,Upi,Paid,5644.4
121838,51838,2026-07-14,Net Banking,Paid,11630.15
121839,51839,2025-09-22,Debit Card,Paid,2345.0
121840,51840,2025-03-17,Debit Card,Paid,4492.34
121841,51841,2024-12-29,Upi,Paid,4463.85
121842,51842,2024-09-10,Upi,Paid,4757.28
121843,51843,2025-09-20,Upi,Paid,24617.26
121844,51844,2024-05-24,Credit Card,Refunded,16212.45
121845,51845,2024-01-07,Wallet,Paid,18280.37
121846,51846,2026-05-24,Cash On Delivery,Paid,17218.06
121847,51847,2024-02-04,Credit Card,Paid,21858.03
121848,51848,2024-08-10,Net Banking,Refunded,28745.38
121849,51849,2025-06-27,Debit Card,Paid,8295.0
121850,51850,2024-07-08,Debit Card,Paid,26885.19
121851,51851,2025-10-15,Debit Card,Paid,7393.94
121852,51852,2025-06-21,Upi,Paid,8633.85
121853,51853,2024-03-16,Credit Card,Paid,24675.78
121854,51854,2025-03-26,Upi,Paid,23762.04
121855,51855,2026-03-17,Wallet,Paid,18933.45
121856,51856,2025-01-10,Upi,Paid,22787.43
121857,51857,2025-10-20,Credit Card,Paid,8268.17
121858,51858,2025-07-15,Debit Card,Failed,29412.97
121859,51859,2025-03-25,Credit Card,Paid,1339.41
121860,51860,2025-07-08,Upi,Paid,12459.99
121861,51861,2025-04-18,Upi,Paid,19588.25
121862,51862,2024-03-10,Cash On Delivery,Paid,28406.2
121863,51863,2025-03-01,Net Banking,Paid,13389.51
121864,51864,2025-02-09,Cash On Delivery,Paid,16557.32
121865,51865,2026-01-25,Upi,Paid,9155.61
121866,51866,2025-12-03,Credit Card,Paid,12794.64
121867,51867,2025-07-10,Cash On Delivery,Paid,21783.81
121868,51868,2025-01-05,Credit Card,Paid,25055.86
121869,51869,2025-09-03,Net Banking,Paid,11606.11
121870,51870,2026-08-28,Debit Card,Paid,1002.0
121871,51871,2026-03-22,Debit Card,Paid,15799.86
121872,51872,2024-08-16,Wallet,Paid,2592.02
121873,51873,2024-09-29,Upi,Paid,20509.49
121874,51874,2025-04-29,Credit Card,Paid,3570.56
121875,51875,2025-10-05,Net Banking,Paid,25279.46
121876,51876,2025-10-16,Credit Card,Paid,4074.8
121877,51877,2026-02-01,Net Banking,Paid,16103.76
121878,51878,2025-06-15,Upi,Pending,24960.72
121879,51879,2026-03-11,Upi,Failed,5299.84
121880,51880,2024-02-07,Net Banking,Paid,19286.28
121881,51881,2024-07-31,Debit Card,Paid,24448.63
121882,51882,2025-05-16,Debit Card,Failed,7669.98
121883,51883,2025-05-21,Debit Card,Paid,15864.47
121884,51884,2026-07-27,Debit Card,Refunded,28212.79
121885,51885,2025-10-01,Upi,Paid,15868.9
121886,51886,2025-01-29,Credit Card,Paid,5309.11
121887,51887,2025-07-24,Upi,Paid,24309.48
121888,51888,2024-04-24,Credit Card,Paid,1557.91
121889,51889,2025-01-16,Credit Card,Refunded,2836.4
121890,51890,2024-01-22,Upi,Paid,21984.0
121891,51891,2024-05-28,Debit Card,Paid,8969.42
121892,51892,2025-02-05,Debit Card,Paid,14233.24
121893,51893,2024-01-08,Credit Card,Paid,5671.85
121894,51894,2024-06-29,Net Banking,Paid,27229.94
121895,51895,2026-05-20,Upi,Paid,20895.41
121896,51896,2026-03-22,Net Banking,Paid,11968.7
121897,51897,2025-07-05,Debit Card,Paid,5943.69
121898,51898,2026-07-15,Net Banking,Failed,7356.01
121899,51899,2024-01-30,Wallet,Paid,26336.26
121900,51900,2026-07-01,Upi,Paid,14776.8
121901,51901,2025-04-29,Wallet,Failed,16242.58
121902,51902,2024-12-29,Upi,Paid,19501.29
121903,51903,2026-02-06,Debit Card,Paid,25541.23
121904,51904,2025-03-19,Debit Card,Paid,29360.15
121905,51905,2025-08-06,Net Banking,Paid,14558.61
121906,51906,2024-11-01,Debit Card,Paid,14394.8
121907,51907,2025-05-26,Upi,Paid,24433.98
121908,51908,2024-05-06,Upi,Refunded,14632.01
121909,51909,2024-07-29,Debit Card,Paid,18861.31
121910,51910,2025-06-28,Cash On Delivery,Paid,27430.13
121911,51911,2026-07-04,Debit Card,Paid,15768.85
121912,51912,2024-07-01,Net Banking,Paid,4371.93
121913,51913,2025-07-18,Upi,Paid,16574.66
121914,51914,2024-02-27,Wallet,Paid,19542.46
121915,51915,2025-05-09,Credit Card,Paid,16557.48
121916,51916,2026-04-04,Wallet,Pending,28133.33
121917,51917,2024-11-26,Debit Card,Paid,10511.52
121918,51918,2026-02-13,Upi,Paid,10173.25
121919,51919,2025-01-19,Credit Card,Pending,14877.04
121920,51920,2026-06-17,Upi,Paid,8734.17
121921,51921,2025-09-01,Credit Card,Paid,28165.91
121922,51922,2024-11-14,Upi,Paid,27679.43
121923,51923,2024-09-14,Credit Card,Paid,3504.07
121924,51924,2026-04-25,Upi,Paid,11053.95
121925,51925,2025-04-11,Debit Card,Pending,22548.33
121926,51926,2025-01-24,Wallet,Paid,29375.16
121927,51927,2025-07-25,Credit Card,Paid,10125.6
121928,51928,2024-03-14,Cash On Delivery,Paid,9422.63
121929,51929,2024-06-29,Upi,Paid,17252.88
121930,51930,2025-03-22,Upi,Paid,3008.33
121931,51931,2024-10-09,Debit Card,Paid,21290.41
121932,51932,2025-06-21,Cash On Delivery,Paid,20627.06
121933,51933,2024-12-06,Upi,Pending,1104.25
121934,51934,2025-02-23,Debit Card,Paid,14068.35
121935,51935,2026-01-26,Cash On Delivery,Paid,624.41
121936,51936,2026-01-31,Net Banking,Paid,25001.76
121937,51937,2024-10-10,Credit Card,Paid,7287.88
121938,51938,2024-12-07,Upi,Paid,12659.97
121939,51939,2025-09-15,Upi,Paid,12504.74
121940,51940,2026-06-12,Debit Card,Paid,28494.7
121941,51941,2025-06-14,Debit Card,Paid,10244.31
121942,51942,2024-03-15,Debit Card,Paid,27230.09
121943,51943,2025-08-01,Upi,Paid,4968.69
121944,51944,2025-11-29,Upi,Paid,13478.67
121945,51945,2026-06-30,Upi,Paid,3947.37
121946,51946,2026-06-21,Credit Card,Paid,22929.43
121947,51947,2025-11-01,Upi,Paid,23476.4
121948,51948,2025-06-22,Cash On Delivery,Paid,2661.19
121949,51949,2024-06-12,Debit Card,Paid,801.71
121950,51950,2026-05-03,Credit Card,Paid,21820.84
121951,51951,2025-04-08,Upi,Failed,686.74
121952,51952,2025-11-04,Credit Card,Paid,15108.24
121953,51953,2025-12-14,Credit Card,Paid,13794.96
121954,51954,2024-01-17,Upi,Paid,14668.06
121955,51955,2024-12-31,Wallet,Paid,13782.76
121956,51956,2025-10-14,Credit Card,Paid,11425.03
121957,51957,2025-04-06,Credit Card,Paid,26501.82
121958,51958,2025-09-30,Credit Card,Paid,7581.47
121959,51959,2025-06-29,Credit Card,Paid,9753.43
121960,51960,2024-01-02,Upi,Pending,10109.99
121961,51961,2024-10-24,Upi,Paid,1795.56
121962,51962,2025-01-31,Net Banking,Failed,2293.77
121963,51963,2025-01-11,Net Banking,Paid,2183.05
121964,51964,2024-02-07,Credit Card,Paid,11191.62
121965,51965,2024-01-22,Debit Card,Paid,3980.81
121966,51966,2024-10-14,Net Banking,Failed,2537.73
121967,51967,2026-04-08,Credit Card,Paid,28225.57
121968,51968,2026-08-16,Debit Card,Paid,25567.35
121969,51969,2026-03-22,Net Banking,Paid,10232.58
121970,51970,2026-07-01,Upi,Paid,11711.85
121971,51971,2026-06-20,Credit Card,Paid,23963.49
121972,51972,2025-10-26,Upi,Paid,25826.01
121973,51973,2024-04-29,Upi,Paid,26154.08
121974,51974,2024-12-21,Debit Card,Paid,22366.04
121975,51975,2025-12-15,Credit Card,Paid,20697.28
121976,51976,2025-01-21,Credit Card,Paid,15818.29
121977,51977,2024-09-19,Net Banking,Failed,19354.25
121978,51978,2024-02-08,Debit Card,Paid,16150.81
121979,51979,2024-11-25,Upi,Paid,12764.48
121980,51980,2024-11-27,Debit Card,Paid,6857.06
121981,51981,2026-02-28,Debit Card,Paid,20822.87
121982,51982,2026-01-31,Debit Card,Paid,10162.31
121983,51983,2024-04-20,Credit Card,Paid,28332.58
121984,51984,2025-05-21,Cash On Delivery,Paid,12611.66
121985,51985,2026-05-25,Upi,Paid,8124.52
121986,51986,2025-04-10,Credit Card,Paid,4519.78
121987,51987,2026-07-18,Credit Card,Paid,9065.65
121988,51988,2024-03-29,Upi,Paid,5528.87
121989,51989,2024-11-10,Net Banking,Paid,18379.84
121990,51990,2026-06-10,Upi,Paid,15396.42
121991,51991,2025-11-27,Cash On Delivery,Paid,28784.49
121992,51992,2024-10-02,Cash On Delivery,Paid,7833.93
121993,51993,2026-05-15,Debit Card,Paid,15550.22
121994,51994,2025-01-06,Debit Card,Paid,22256.03
121995,51995,2026-02-09,Upi,Paid,20743.68
121996,51996,2024-11-19,Net Banking,Paid,21007.68
121997,51997,2024-11-26,Cash On Delivery,Refunded,6383.36
121998,51998,2024-11-17,Wallet,Paid,16348.45
121999,51999,2024-12-20,Cash On Delivery,Paid,5425.02
122000,52000,2025-08-07,Upi,Paid,14722.96
122001,52001,2026-02-26,Debit Card,Paid,24962.03
122002,52002,2025-09-02,Wallet,Paid,25946.06
122003,52003,2024-01-27,Upi,Paid,5909.62
122004,52004,2025-08-04,Net Banking,Paid,19207.62
122005,52005,2025-02-25,Upi,Paid,20179.34
122006,52006,2024-03-08,Debit Card,Paid,21789.57
122007,52007,2024-11-19,Upi,Paid,24501.79
122008,52008,2026-07-31,Credit Card,Paid,14959.05
122009,52009,2024-12-05,Upi,Paid,18745.52
122010,52010,2025-11-26,Wallet,Paid,24063.77
122011,52011,2024-07-15,Upi,Paid,17389.15
122012,52012,2026-05-07,Credit Card,Failed,17707.81
122013,52013,2026-03-02,Debit Card,Paid,14255.03
122014,52014,2024-06-03,Credit Card,Paid,2989.48
122015,52015,2025-11-02,Credit Card,Failed,7284.18
122016,52016,2026-06-24,Cash On Delivery,Paid,22180.35
122017,52017,2026-05-30,Credit Card,Paid,27523.31
122018,52018,2025-12-04,Upi,Paid,21316.49
122019,52019,2025-12-08,Credit Card,Paid,8328.79
122020,52020,2025-05-01,Credit Card,Paid,28703.62
122021,52021,2024-05-25,Debit Card,Paid,18434.36
122022,52022,2024-01-25,Debit Card,Failed,11904.82
122023,52023,2024-10-14,Upi,Pending,10358.54
122024,52024,2024-09-04,Upi,Paid,18401.5
122025,52025,2026-06-08,Debit Card,Paid,19109.98
122026,52026,2026-03-27,Upi,Paid,19680.93
122027,52027,2024-11-10,Credit Card,Refunded,13400.01
122028,52028,2025-01-02,Upi,Paid,9835.71
122029,52029,2025-12-24,Debit Card,Paid,6645.02
122030,52030,2025-10-20,Upi,Pending,29757.59
122031,52031,2026-05-11,Upi,Paid,1472.93
122032,52032,2025-12-10,Upi,Paid,10026.33
122033,52033,2025-11-04,Credit Card,Paid,14647.56
122034,52034,2026-01-25,Net Banking,Paid,29553.88
122035,52035,2026-05-17,Wallet,Paid,13638.68
122036,52036,2025-01-07,Net Banking,Paid,5563.25
122037,52037,2024-09-02,Debit Card,Paid,7449.1
122038,52038,2026-06-01,Credit Card,Paid,19231.79
122039,52039,2024-06-06,Net Banking,Paid,28684.42
122040,52040,2024-10-13,Wallet,Paid,13074.13
122041,52041,2024-05-14,Credit Card,Paid,14074.75
122042,52042,2026-03-23,Upi,Paid,2770.04
122043,52043,2026-06-09,Upi,Failed,3593.31
122044,52044,2025-02-16,Credit Card,Paid,28555.99
122045,52045,2024-04-06,Upi,Paid,9350.52
122046,52046,2024-08-16,Cash On Delivery,Paid,3141.67
122047,52047,2025-07-16,Debit Card,Paid,23891.27
122048,52048,2024-12-02,Credit Card,Paid,24275.84
122049,52049,2025-12-29,Upi,Paid,2483.36
122050,52050,2026-02-15,Cash On Delivery,Pending,8548.71
122051,52051,2025-02-28,Cash On Delivery,Paid,29168.87
122052,52052,2025-08-22,Credit Card,Paid,15919.7
122053,52053,2024-03-02,Cash On Delivery,Failed,2911.97
122054,52054,2024-05-14,Upi,Paid,15580.38
122055,52055,2024-11-21,Upi,Paid,13773.47
122056,52056,2024-04-30,Cash On Delivery,Paid,1635.81
122057,52057,2024-01-16,Net Banking,Paid,26085.09
122058,52058,2025-10-30,Upi,Paid,12640.59
122059,52059,2024-01-26,Upi,Paid,10598.42
122060,52060,2024-08-22,Upi,Paid,9874.69
122061,52061,2025-11-30,Cash On Delivery,Paid,6913.58
122062,52062,2024-07-24,Credit Card,Paid,27307.51
122063,52063,2024-08-08,Debit Card,Failed,24274.09
122064,52064,2025-12-28,Credit Card,Paid,8624.75
122065,52065,2024-01-24,Debit Card,Paid,25356.82
122066,52066,2024-11-10,Cash On Delivery,Paid,13550.54
122067,52067,2025-06-05,Debit Card,Paid,20713.69
122068,52068,2024-03-07,Net Banking,Paid,13002.36
122069,52069,2025-09-26,Upi,Paid,7078.33
122070,52070,2025-02-17,Debit Card,Pending,22824.78
122071,52071,2024-10-29,Credit Card,Paid,4131.41
122072,52072,2025-07-07,Upi,Paid,18267.28
122073,52073,2024-02-07,Wallet,Paid,1963.12
122074,52074,2025-08-08,Upi,Paid,9861.61
122075,52075,2025-03-26,Cash On Delivery,Paid,943.33
122076,52076,2024-02-29,Upi,Paid,2299.4
122077,52077,2026-02-02,Upi,Paid,14300.99
122078,52078,2025-03-18,Credit Card,Failed,14072.36
122079,52079,2024-03-07,Net Banking,Paid,16555.03
122080,52080,2024-12-15,Net Banking,Paid,14027.34
122081,52081,2025-12-26,Upi,Paid,14497.28
122082,52082,2025-03-13,Cash On Delivery,Paid,26424.07
122083,52083,2025-01-10,Upi,Pending,5772.81
122084,52084,2024-02-13,Cash On Delivery,Paid,16047.32
122085,52085,2024-03-04,Wallet,Paid,23371.91
122086,52086,2024-10-15,Debit Card,Paid,8278.04
122087,52087,2024-09-22,Cash On Delivery,Paid,22657.18
122088,52088,2025-09-17,Debit Card,Paid,5509.69
122089,52089,2025-04-03,Debit Card,Paid,13416.66
122090,52090,2024-05-05,Debit Card,Paid,15919.17
122091,52091,2025-09-27,Credit Card,Paid,7873.53
122092,52092,2026-07-22,Cash On Delivery,Refunded,25257.96
122093,52093,2026-04-13,Wallet,Paid,20557.86
122094,52094,2026-08-23,Debit Card,Paid,16573.71
122095,52095,2025-04-11,Credit Card,Paid,16928.48
122096,52096,2024-12-18,Debit Card,Paid,3197.19
122097,52097,2024-02-24,Credit Card,Paid,29304.73
122098,52098,2025-10-22,Cash On Delivery,Paid,17150.44
122099,52099,2025-03-04,Debit Card,Paid,20388.68
122100,52100,2025-09-08,Credit Card,Paid,4393.29
122101,52101,2024-10-20,Net Banking,Paid,23019.46
122102,52102,2024-06-13,Upi,Paid,15371.59
122103,52103,2025-10-31,Upi,Paid,22501.18
122104,52104,2025-01-12,Upi,Paid,19237.22
122105,52105,2025-05-27,Debit Card,Paid,27438.19
122106,52106,2026-08-12,Cash On Delivery,Paid,4179.51
122107,52107,2024-10-02,Credit Card,Paid,9135.11
122108,52108,2024-05-05,Upi,Paid,21937.18
122109,52109,2025-11-22,Upi,Paid,7350.24
122110,52110,2025-07-12,Credit Card,Paid,9174.11
122111,52111,2025-01-21,Upi,Paid,29101.19
122112,52112,2025-08-07,Net Banking,Paid,8073.8
122113,52113,2026-06-16,Net Banking,Paid,2390.87
122114,52114,2024-06-13,Upi,Paid,25592.45
122115,52115,2026-02-08,Cash On Delivery,Paid,10359.09
122116,52116,2025-06-05,Upi,Paid,10427.02
122117,52117,2026-02-22,Debit Card,Paid,7027.3
122118,52118,2026-06-11,Net Banking,Paid,28447.99
122119,52119,2024-06-07,Debit Card,Paid,5800.13
122120,52120,2024-04-23,Credit Card,Refunded,3291.65
122121,52121,2024-01-07,Upi,Paid,5857.85
122122,52122,2024-07-03,Net Banking,Pending,526.21
122123,52123,2024-12-03,Upi,Paid,21900.31
122124,52124,2024-09-07,Credit Card,Paid,25878.98
122125,52125,2026-03-12,Debit Card,Paid,20542.36
122126,52126,2025-12-31,Upi,Paid,2468.18
122127,52127,2024-12-10,Debit Card,Paid,1600.22
122128,52128,2025-07-16,Cash On Delivery,Paid,7272.51
122129,52129,2024-10-30,Upi,Paid,2622.31
122130,52130,2025-05-06,Wallet,Paid,7471.01
122131,52131,2024-10-11,Net Banking,Failed,11654.38
122132,52132,2026-02-07,Upi,Paid,22798.37
122133,52133,2024-08-11,Credit Card,Paid,16560.49
122134,52134,2026-08-06,Net Banking,Paid,12979.18
122135,52135,2026-06-24,Upi,Paid,24147.24
122136,52136,2024-07-09,Cash On Delivery,Paid,29950.74
122137,52137,2025-07-09,Wallet,Paid,18658.71
122138,52138,2026-02-28,Net Banking,Paid,5703.64
122139,52139,2026-03-31,Net Banking,Paid,23628.13
122140,52140,2024-12-24,Upi,Paid,20363.42
122141,52141,2025-06-18,Net Banking,Refunded,15837.59
122142,52142,2024-05-22,Debit Card,Paid,17924.73
122143,52143,2024-08-31,Cash On Delivery,Refunded,22485.89
122144,52144,2024-09-08,Cash On Delivery,Paid,6188.32
122145,52145,2024-10-06,Credit Card,Paid,16846.33
122146,52146,2025-01-25,Debit Card,Pending,27636.78
122147,52147,2025-10-29,Credit Card,Paid,23113.69
122148,52148,2026-05-24,Credit Card,Paid,21138.44
122149,52149,2025-07-18,Cash On Delivery,Paid,29841.49
122150,52150,2025-04-11,Upi,Paid,24908.82
122151,52151,2025-11-12,Upi,Paid,18921.58
122152,52152,2025-08-20,Cash On Delivery,Failed,5143.83
122153,52153,2025-03-10,Debit Card,Paid,15384.62
122154,52154,2024-02-03,Net Banking,Paid,4245.34
122155,52155,2025-06-11,Cash On Delivery,Pending,4458.85
122156,52156,2024-03-06,Credit Card,Paid,18652.52
122157,52157,2025-08-17,Upi,Paid,4997.82
122158,52158,2026-07-02,Debit Card,Paid,10235.24
122159,52159,2026-02-12,Cash On Delivery,Paid,4989.9
122160,52160,2026-03-25,Upi,Failed,17202.31
122161,52161,2025-03-25,Cash On Delivery,Paid,9091.13
122162,52162,2025-04-19,Credit Card,Refunded,6307.27
122163,52163,2025-05-25,Net Banking,Paid,15877.36
122164,52164,2024-07-15,Cash On Delivery,Paid,6729.75
122165,52165,2026-08-10,Debit Card,Paid,4197.51
122166,52166,2024-02-10,Upi,Paid,23904.65
122167,52167,2026-08-21,Upi,Paid,13814.19
122168,52168,2026-08-06,Debit Card,Paid,18482.65
122169,52169,2026-07-02,Upi,Paid,21472.95
122170,52170,2024-01-06,Credit Card,Paid,21505.27
122171,52171,2026-07-15,Net Banking,Paid,16809.78
122172,52172,2024-08-18,Upi,Paid,24722.34
122173,52173,2024-09-11,Cash On Delivery,Paid,4455.98
122174,52174,2025-10-27,Cash On Delivery,Paid,11873.28
122175,52175,2025-01-22,Debit Card,Paid,2730.94
122176,52176,2026-06-30,Net Banking,Paid,1166.96
122177,52177,2025-04-26,Upi,Paid,28287.01
122178,52178,2024-04-26,Credit Card,Paid,3231.36
122179,52179,2024-08-23,Upi,Paid,9644.68
122180,52180,2026-01-22,Debit Card,Paid,9258.72
122181,52181,2025-07-14,Wallet,Paid,21190.17
122182,52182,2024-11-18,Cash On Delivery,Paid,17102.34
122183,52183,2024-08-02,Credit Card,Paid,2807.51
122184,52184,2025-10-24,Credit Card,Paid,19522.98
122185,52185,2024-09-15,Debit Card,Paid,28377.74
122186,52186,2024-04-05,Upi,Paid,25893.72
122187,52187,2025-06-25,Upi,Paid,23655.04
122188,52188,2026-04-21,Net Banking,Paid,9690.15
122189,52189,2024-10-27,Debit Card,Paid,5452.28
122190,52190,2025-11-18,Net Banking,Failed,20067.48
122191,52191,2025-03-10,Net Banking,Paid,22236.49
122192,52192,2026-07-15,Net Banking,Paid,15583.37
122193,52193,2025-08-14,Debit Card,Paid,28638.14
122194,52194,2025-05-04,Upi,Paid,29458.15
122195,52195,2024-08-11,Credit Card,Paid,21892.66
122196,52196,2026-05-12,Upi,Paid,21323.4
122197,52197,2024-02-16,Credit Card,Paid,9157.89
122198,52198,2025-06-10,Upi,Paid,29984.1
122199,52199,2024-09-18,Upi,Paid,20556.56
122200,52200,2025-05-12,Debit Card,Paid,7668.7
122201,52201,2026-08-14,Debit Card,Paid,17838.81
122202,52202,2024-04-03,Upi,Paid,26388.96
122203,52203,2024-02-21,Upi,Paid,15985.21
122204,52204,2026-03-03,Upi,Paid,29885.86
122205,52205,2025-11-10,Upi,Paid,8463.25
122206,52206,2025-02-04,Credit Card,Paid,21943.54
122207,52207,2024-08-04,Credit Card,Paid,19217.15
122208,52208,2025-08-08,Debit Card,Paid,27978.42
122209,52209,2024-09-07,Wallet,Paid,20046.72
122210,52210,2025-09-23,Credit Card,Paid,15112.09
122211,52211,2025-01-30,Credit Card,Paid,4106.61
122212,52212,2026-01-23,Wallet,Paid,20470.44
122213,52213,2025-10-03,Debit Card,Paid,25947.66
122214,52214,2025-07-14,Upi,Paid,28600.03
122215,52215,2024-04-05,Wallet,Paid,8928.29
122216,52216,2025-08-26,Wallet,Paid,23006.56
122217,52217,2025-11-08,Upi,Paid,25301.24
122218,52218,2025-05-22,Credit Card,Paid,5978.98
122219,52219,2025-07-30,Credit Card,Paid,23065.38
122220,52220,2025-08-19,Net Banking,Paid,6806.9
122221,52221,2024-08-15,Wallet,Paid,28645.61
122222,52222,2025-03-09,Credit Card,Paid,25525.22
122223,52223,2024-05-02,Net Banking,Paid,27582.88
122224,52224,2026-01-23,Upi,Refunded,5135.54
122225,52225,2024-05-21,Net Banking,Paid,5772.85
122226,52226,2026-02-26,Cash On Delivery,Paid,19173.75
122227,52227,2025-09-09,Net Banking,Paid,14072.33
122228,52228,2025-05-18,Upi,Paid,19070.59
122229,52229,2025-05-05,Wallet,Paid,2622.33
122230,52230,2024-05-25,Credit Card,Paid,9193.11
122231,52231,2025-09-26,Debit Card,Paid,3801.1
122232,52232,2024-12-29,Cash On Delivery,Paid,1766.37
122233,52233,2026-02-01,Upi,Failed,7611.55
122234,52234,2026-03-26,Net Banking,Paid,17153.49
122235,52235,2026-06-09,Credit Card,Paid,4617.67
122236,52236,2026-06-11,Debit Card,Paid,15299.55
122237,52237,2026-01-11,Credit Card,Paid,8082.62
122238,52238,2024-09-17,Credit Card,Paid,24901.07
122239,52239,2024-09-24,Net Banking,Paid,24883.6
122240,52240,2026-07-04,Upi,Paid,29133.22
122241,52241,2026-07-23,Upi,Paid,2289.01
122242,52242,2024-09-27,Upi,Paid,5625.53
122243,52243,2025-09-21,Upi,Paid,27660.54
122244,52244,2026-06-10,Credit Card,Paid,26225.53
122245,52245,2026-04-03,Credit Card,Paid,17168.69
122246,52246,2026-06-26,Credit Card,Paid,27455.63
122247,52247,2024-12-09,Debit Card,Paid,24730.62
122248,52248,2025-05-06,Cash On Delivery,Paid,10585.35
122249,52249,2025-08-05,Upi,Paid,22016.93
122250,52250,2026-07-11,Credit Card,Failed,6716.76
122251,52251,2026-08-14,Upi,Paid,5783.04
122252,52252,2025-06-19,Upi,Paid,11046.75
122253,52253,2026-04-08,Upi,Paid,23410.34
122254,52254,2025-01-02,Upi,Paid,8214.36
122255,52255,2025-08-10,Wallet,Paid,376.46
122256,52256,2026-02-24,Credit Card,Paid,1777.35
122257,52257,2026-05-10,Upi,Refunded,1695.12
122258,52258,2024-04-16,Net Banking,Paid,3311.62
122259,52259,2024-03-11,Upi,Paid,22989.85
122260,52260,2024-07-31,Credit Card,Paid,8930.26
122261,52261,2024-04-11,Credit Card,Refunded,27236.72
122262,52262,2024-07-27,Upi,Paid,11215.66
122263,52263,2026-07-12,Upi,Paid,19104.28
122264,52264,2025-08-28,Upi,Paid,23729.44
122265,52265,2024-04-04,Credit Card,Paid,424.65
122266,52266,2025-11-18,Cash On Delivery,Paid,26726.54
122267,52267,2026-07-03,Upi,Paid,20093.23
122268,52268,2026-03-23,Net Banking,Pending,29091.64
122269,52269,2026-04-10,Cash On Delivery,Paid,11024.71
122270,52270,2026-05-22,Upi,Paid,20387.67
122271,52271,2026-01-01,Upi,Paid,9776.97
122272,52272,2026-04-30,Upi,Paid,12995.3
122273,52273,2026-02-14,Net Banking,Paid,28926.02
122274,52274,2025-10-26,Net Banking,Paid,15740.14
122275,52275,2024-07-12,Cash On Delivery,Paid,4356.06
122276,52276,2026-06-06,Upi,Paid,6583.63
122277,52277,2024-03-29,Upi,Refunded,3970.76
122278,52278,2024-09-25,Cash On Delivery,Paid,21670.09
122279,52279,2025-12-04,Upi,Paid,9477.14
122280,52280,2025-12-07,Net Banking,Paid,6515.64
122281,52281,2026-05-06,Upi,Paid,29238.99
122282,52282,2024-03-16,Debit Card,Paid,5268.2
122283,52283,2026-02-03,Upi,Paid,22499.17
122284,52284,2024-05-04,Debit Card,Paid,29654.51
122285,52285,2025-08-14,Upi,Paid,28056.76
122286,52286,2024-08-08,Credit Card,Paid,7772.37
122287,52287,2025-07-08,Upi,Paid,20354.47
122288,52288,2024-04-09,Debit Card,Paid,15466.46
122289,52289,2024-02-04,Upi,Paid,20967.75
122290,52290,2026-07-26,Credit Card,Paid,28294.7
122291,52291,2025-05-10,Debit Card,Paid,24221.59
122292,52292,2025-03-30,Upi,Pending,28282.74
122293,52293,2025-01-15,Debit Card,Paid,2988.95
122294,52294,2026-06-01,Cash On Delivery,Paid,435.41
122295,52295,2026-01-30,Upi,Paid,13010.23
122296,52296,2025-04-10,Upi,Paid,395.57
122297,52297,2024-05-02,Upi,Paid,25585.04
122298,52298,2025-11-12,Cash On Delivery,Paid,18245.96
122299,52299,2024-07-18,Debit Card,Paid,23535.69
122300,52300,2024-11-09,Credit Card,Paid,29606.24
122301,52301,2025-10-06,Credit Card,Paid,15405.24
122302,52302,2026-07-14,Cash On Delivery,Paid,4072.75
122303,52303,2024-08-04,Upi,Paid,26599.33
122304,52304,2024-02-03,Credit Card,Paid,21061.63
122305,52305,2025-02-15,Credit Card,Paid,16086.55
122306,52306,2025-11-09,Upi,Paid,25525.9
122307,52307,2025-10-01,Credit Card,Paid,23758.01
122308,52308,2026-07-10,Credit Card,Paid,15519.82
122309,52309,2024-07-22,Net Banking,Paid,12081.89
122310,52310,2026-02-04,Upi,Paid,29265.63
122311,52311,2026-01-23,Debit Card,Paid,15475.38
122312,52312,2026-03-13,Upi,Failed,6971.25
122313,52313,2026-05-27,Debit Card,Paid,13319.93
122314,52314,2024-10-18,Upi,Paid,28118.98
122315,52315,2024-10-30,Credit Card,Paid,24064.1
122316,52316,2025-03-17,Debit Card,Failed,26038.46
122317,52317,2024-12-05,Debit Card,Paid,25750.05
122318,52318,2024-05-13,Debit Card,Paid,29170.2
122319,52319,2024-11-15,Debit Card,Refunded,12526.16
122320,52320,2024-12-31,Credit Card,Paid,1850.9
122321,52321,2026-01-07,Upi,Paid,15608.33
122322,52322,2024-01-11,Upi,Paid,1910.41
122323,52323,2025-12-29,Wallet,Paid,2542.38
122324,52324,2026-01-28,Wallet,Paid,6558.1
122325,52325,2024-05-08,Debit Card,Paid,27509.81
122326,52326,2026-07-15,Cash On Delivery,Paid,9565.44
122327,52327,2025-12-02,Net Banking,Paid,22725.48
122328,52328,2025-11-12,Upi,Paid,14419.03
122329,52329,2026-01-13,Net Banking,Paid,5823.38
122330,52330,2026-02-24,Debit Card,Paid,9866.92
122331,52331,2025-01-26,Credit Card,Paid,22804.29
122332,52332,2025-05-15,Upi,Pending,7790.04
122333,52333,2025-08-16,Upi,Paid,15375.47
122334,52334,2024-07-07,Upi,Paid,28373.76
122335,52335,2024-03-01,Upi,Paid,9187.53
122336,52336,2025-12-02,Credit Card,Paid,17833.26
122337,52337,2024-09-02,Credit Card,Paid,7168.17
122338,52338,2024-10-18,Debit Card,Paid,2799.2
122339,52339,2024-04-11,Debit Card,Paid,10375.12
122340,52340,2025-03-23,Wallet,Paid,8485.7
122341,52341,2025-07-08,Upi,Paid,8559.5
122342,52342,2026-05-26,Credit Card,Paid,27134.93
122343,52343,2025-04-21,Upi,Paid,22782.67
122344,52344,2024-12-27,Upi,Paid,5106.29
122345,52345,2026-02-10,Credit Card,Paid,21655.7
122346,52346,2024-10-10,Net Banking,Pending,4555.26
122347,52347,2024-01-14,Cash On Delivery,Paid,28809.91
122348,52348,2024-01-31,Credit Card,Paid,25950.65
122349,52349,2026-04-01,Net Banking,Refunded,12907.13
122350,52350,2025-11-14,Upi,Paid,7544.82
122351,52351,2024-06-24,Net Banking,Paid,29834.12
122352,52352,2024-07-29,Wallet,Paid,24114.46
122353,52353,2026-03-23,Credit Card,Paid,13966.04
122354,52354,2025-09-13,Debit Card,Paid,7299.47
122355,52355,2025-04-13,Upi,Paid,28349.56
122356,52356,2024-12-24,Upi,Paid,406.26
122357,52357,2025-01-08,Upi,Paid,9646.86
122358,52358,2026-02-03,Upi,Paid,16017.72
122359,52359,2024-07-11,Credit Card,Paid,12118.7
122360,52360,2026-05-15,Credit Card,Paid,16330.17
122361,52361,2024-08-19,Credit Card,Paid,18854.64
122362,52362,2024-08-16,Upi,Paid,23257.39
122363,52363,2024-12-31,Net Banking,Paid,26301.44
122364,52364,2026-02-08,Net Banking,Paid,23047.3
122365,52365,2024-01-08,Debit Card,Paid,4445.88
122366,52366,2024-05-28,Upi,Paid,12345.4
122367,52367,2024-12-31,Credit Card,Paid,20037.03
122368,52368,2024-05-17,Cash On Delivery,Paid,12839.27
122369,52369,2025-01-06,Debit Card,Paid,10028.3
122370,52370,2025-02-19,Upi,Paid,29955.79
122371,52371,2025-08-24,Wallet,Paid,8137.16
122372,52372,2024-11-10,Debit Card,Pending,27321.51
122373,52373,2025-06-08,Debit Card,Paid,2119.17
122374,52374,2026-08-15,Credit Card,Paid,5905.59
122375,52375,2025-03-26,Cash On Delivery,Failed,25643.25
122376,52376,2026-02-19,Cash On Delivery,Paid,3968.76
122377,52377,2024-09-24,Upi,Paid,27063.48
122378,52378,2026-05-16,Cash On Delivery,Paid,14287.0
122379,52379,2025-07-08,Upi,Paid,10744.52
122380,52380,2024-05-13,Cash On Delivery,Paid,7921.1
122381,52381,2026-05-31,Upi,Paid,27973.31
122382,52382,2025-11-25,Upi,Paid,26364.11
122383,52383,2024-11-29,Credit Card,Paid,28743.39
122384,52384,2025-08-11,Upi,Paid,29067.58
122385,52385,2026-07-09,Cash On Delivery,Paid,26389.63
122386,52386,2024-04-08,Upi,Pending,27883.61
122387,52387,2024-02-08,Net Banking,Paid,13872.43
122388,52388,2026-02-11,Credit Card,Paid,18557.0
122389,52389,2024-10-08,Debit Card,Paid,25373.2
122390,52390,2026-04-10,Upi,Paid,3528.73
122391,52391,2026-01-19,Credit Card,Paid,25440.45
122392,52392,2026-06-07,Upi,Paid,26281.99
122393,52393,2026-01-08,Upi,Paid,3526.51
122394,52394,2026-07-01,Credit Card,Paid,5990.65
122395,52395,2025-08-24,Credit Card,Paid,18645.3
122396,52396,2024-04-16,Debit Card,Paid,5256.64
122397,52397,2024-07-23,Cash On Delivery,Paid,2572.39
122398,52398,2026-05-07,Net Banking,Paid,9027.09
122399,52399,2024-10-12,Net Banking,Pending,12906.2
122400,52400,2026-07-07,Upi,Paid,20919.95
122401,52401,2026-04-29,Cash On Delivery,Paid,11146.03
122402,52402,2025-11-04,Upi,Paid,18486.41
122403,52403,2024-05-12,Upi,Paid,3298.64
122404,52404,2024-06-27,Upi,Failed,28658.8
122405,52405,2025-12-22,Debit Card,Paid,10168.9
122406,52406,2025-01-26,Net Banking,Failed,20856.84
122407,52407,2025-01-27,Cash On Delivery,Paid,19962.17
122408,52408,2024-03-31,Net Banking,Paid,833.53
122409,52409,2025-03-23,Upi,Paid,8824.77
122410,52410,2024-01-08,Upi,Paid,722.42
122411,52411,2024-05-20,Upi,Paid,6714.66
122412,52412,2026-06-11,Debit Card,Paid,22750.75
122413,52413,2026-01-03,Debit Card,Paid,13023.06
122414,52414,2026-08-03,Net Banking,Paid,12953.51
122415,52415,2026-06-05,Cash On Delivery,Paid,1522.09
122416,52416,2026-06-12,Upi,Paid,29101.49
122417,52417,2025-02-02,Credit Card,Paid,12671.36
122418,52418,2024-09-04,Credit Card,Paid,9891.74
122419,52419,2025-10-26,Credit Card,Paid,13061.5
122420,52420,2025-08-25,Upi,Paid,12952.79
122421,52421,2025-02-25,Upi,Paid,28380.76
122422,52422,2025-05-02,Upi,Paid,6029.79
122423,52423,2024-07-14,Cash On Delivery,Paid,28163.47
122424,52424,2025-04-26,Cash On Delivery,Paid,694.42
122425,52425,2026-07-27,Credit Card,Paid,23136.19
122426,52426,2025-02-19,Debit Card,Paid,27551.72
122427,52427,2025-05-16,Credit Card,Paid,6451.24
122428,52428,2026-07-02,Debit Card,Paid,13703.81
122429,52429,2026-04-07,Net Banking,Paid,20236.87
122430,52430,2026-02-09,Debit Card,Paid,21337.33
122431,52431,2024-01-06,Credit Card,Paid,29690.04
122432,52432,2026-04-01,Credit Card,Paid,2077.7
122433,52433,2024-03-16,Net Banking,Paid,19235.16
122434,52434,2024-02-03,Net Banking,Paid,28447.2
122435,52435,2024-12-10,Net Banking,Paid,19477.09
122436,52436,2025-02-03,Credit Card,Paid,15294.85
122437,52437,2024-04-29,Credit Card,Pending,25220.98
122438,52438,2025-08-03,Credit Card,Paid,4004.5
122439,52439,2026-06-15,Upi,Paid,1462.53
122440,52440,2025-09-30,Credit Card,Failed,11642.27
122441,52441,2026-07-20,Upi,Paid,6830.05
122442,52442,2026-05-19,Credit Card,Paid,12349.46
122443,52443,2026-03-03,Upi,Paid,29028.34
122444,52444,2024-06-11,Credit Card,Paid,20386.09
122445,52445,2025-09-13,Debit Card,Paid,18683.73
122446,52446,2024-03-31,Upi,Paid,27820.58
122447,52447,2026-01-19,Cash On Delivery,Paid,1597.34
122448,52448,2026-05-18,Cash On Delivery,Paid,27139.98
122449,52449,2024-04-27,Debit Card,Paid,9859.29
122450,52450,2025-05-07,Upi,Paid,22583.56
122451,52451,2024-05-04,Upi,Refunded,2296.6
122452,52452,2025-06-08,Upi,Paid,29371.53
122453,52453,2025-03-16,Upi,Paid,4176.1
122454,52454,2026-05-14,Upi,Paid,3308.33
122455,52455,2024-09-22,Upi,Paid,13934.94
122456,52456,2025-12-31,Credit Card,Paid,3421.55
122457,52457,2025-10-01,Upi,Failed,14817.78
122458,52458,2025-12-12,Credit Card,Paid,20843.49
122459,52459,2026-07-21,Credit Card,Paid,10880.03
122460,52460,2024-07-01,Upi,Paid,21297.43
122461,52461,2024-01-17,Upi,Paid,4809.56
122462,52462,2025-08-27,Credit Card,Paid,15204.29
122463,52463,2024-05-01,Credit Card,Paid,2403.38
122464,52464,2025-03-15,Net Banking,Paid,6490.55
122465,52465,2025-05-21,Upi,Paid,27748.22
122466,52466,2025-08-17,Upi,Paid,25895.91
122467,52467,2024-01-12,Credit Card,Paid,18450.44
122468,52468,2025-07-14,Upi,Failed,17153.37
122469,52469,2026-01-26,Upi,Paid,28845.04
122470,52470,2024-01-28,Net Banking,Paid,12044.22
122471,52471,2025-01-19,Debit Card,Failed,27003.9
122472,52472,2024-12-01,Debit Card,Paid,15663.1
122473,52473,2024-11-27,Upi,Paid,29469.64
122474,52474,2025-03-23,Upi,Paid,15635.93
122475,52475,2024-05-19,Net Banking,Paid,8656.04
122476,52476,2025-05-01,Upi,Refunded,11072.78
122477,52477,2024-03-16,Upi,Paid,21035.72
122478,52478,2024-04-09,Credit Card,Paid,11526.84
122479,52479,2025-06-07,Credit Card,Paid,16709.85
122480,52480,2026-05-22,Credit Card,Paid,5993.1
122481,52481,2025-11-19,Upi,Paid,15673.17
122482,52482,2024-11-20,Upi,Paid,6928.14
122483,52483,2024-12-04,Wallet,Paid,25629.22
122484,52484,2025-04-22,Credit Card,Paid,4767.37
122485,52485,2024-02-03,Credit Card,Paid,24273.87
122486,52486,2025-10-05,Debit Card,Pending,16353.97
122487,52487,2024-05-09,Upi,Paid,23711.68
122488,52488,2025-11-30,Credit Card,Paid,10384.48
122489,52489,2024-12-31,Upi,Paid,27174.12
122490,52490,2025-01-03,Upi,Paid,22813.2
122491,52491,2025-03-05,Credit Card,Paid,24387.07
122492,52492,2024-05-08,Credit Card,Paid,26732.35
122493,52493,2024-08-23,Cash On Delivery,Paid,8257.95
122494,52494,2024-07-22,Debit Card,Paid,1066.15
122495,52495,2026-04-02,Credit Card,Paid,22704.38
122496,52496,2024-06-09,Wallet,Paid,4418.77
122497,52497,2024-05-07,Credit Card,Paid,5875.2
122498,52498,2024-08-24,Net Banking,Paid,24590.04
122499,52499,2025-02-18,Debit Card,Paid,5881.81
122500,52500,2025-08-10,Debit Card,Paid,25503.67
122501,52501,2025-02-14,Wallet,Paid,16296.28
122502,52502,2025-06-04,Cash On Delivery,Paid,23253.18
122503,52503,2025-05-19,Upi,Paid,26468.35
122504,52504,2024-06-13,Debit Card,Paid,19719.31
122505,52505,2024-01-10,Cash On Delivery,Paid,24175.1
122506,52506,2025-10-23,Upi,Paid,15082.45
122507,52507,2026-07-07,Upi,Paid,21888.97
122508,52508,2024-03-04,Net Banking,Failed,12839.85
122509,52509,2026-06-11,Upi,Paid,24561.93
122510,52510,2026-06-01,Net Banking,Paid,17764.53
122511,52511,2026-02-06,Net Banking,Paid,6252.39
122512,52512,2025-07-03,Cash On Delivery,Paid,12624.9
122513,52513,2024-11-28,Wallet,Paid,1158.77
122514,52514,2025-07-26,Credit Card,Paid,13093.39
122515,52515,2024-01-12,Net Banking,Paid,28040.63
122516,52516,2024-10-05,Wallet,Paid,17525.46
122517,52517,2025-01-18,Debit Card,Failed,20507.83
122518,52518,2025-05-11,Debit Card,Paid,1155.88
122519,52519,2024-09-24,Upi,Paid,24440.2
122520,52520,2025-02-19,Net Banking,Paid,26856.02
122521,52521,2025-12-07,Upi,Paid,27300.39
122522,52522,2026-07-12,Debit Card,Paid,3721.07
122523,52523,2026-03-09,Net Banking,Paid,23548.72
122524,52524,2024-03-14,Upi,Paid,14778.21
122525,52525,2025-07-28,Credit Card,Paid,12573.84
122526,52526,2025-03-20,Debit Card,Paid,28104.03
122527,52527,2025-05-23,Cash On Delivery,Paid,5424.91
122528,52528,2026-02-09,Cash On Delivery,Paid,21590.12
122529,52529,2024-11-16,Wallet,Paid,23269.88
122530,52530,2025-06-14,Upi,Paid,1133.11
122531,52531,2026-05-12,Wallet,Paid,4110.25
122532,52532,2025-07-03,Debit Card,Failed,17741.66
122533,52533,2025-06-25,Net Banking,Pending,16121.72
122534,52534,2026-06-04,Credit Card,Failed,27991.84
122535,52535,2024-02-01,Net Banking,Paid,8185.87
122536,52536,2024-12-31,Net Banking,Paid,28126.34
122537,52537,2025-04-23,Wallet,Paid,3448.61
122538,52538,2024-01-04,Upi,Paid,23969.34
122539,52539,2025-04-06,Upi,Paid,12478.29
122540,52540,2026-06-17,Upi,Paid,406.85
122541,52541,2026-02-05,Credit Card,Paid,14434.41
122542,52542,2024-02-05,Credit Card,Paid,606.24
122543,52543,2026-05-01,Upi,Paid,27008.06
122544,52544,2026-02-14,Debit Card,Paid,3242.19
122545,52545,2026-04-30,Upi,Failed,27969.15
122546,52546,2024-05-18,Upi,Paid,14984.97
122547,52547,2026-05-20,Cash On Delivery,Paid,16029.54
122548,52548,2024-01-22,Upi,Paid,28972.17
122549,52549,2024-02-05,Credit Card,Paid,13124.99
122550,52550,2024-12-13,Upi,Paid,18396.83
122551,52551,2026-03-04,Upi,Paid,17162.45
122552,52552,2026-04-19,Net Banking,Paid,23161.85
122553,52553,2025-09-08,Cash On Delivery,Paid,5694.11
122554,52554,2024-02-05,Net Banking,Paid,11642.84
122555,52555,2026-04-28,Upi,Paid,27208.97
122556,52556,2024-09-13,Debit Card,Paid,17173.77
122557,52557,2025-12-23,Debit Card,Paid,13171.53
122558,52558,2024-09-30,Net Banking,Paid,20364.61
122559,52559,2025-07-05,Upi,Paid,26307.39
122560,52560,2024-04-04,Debit Card,Paid,17680.67
122561,52561,2026-08-27,Net Banking,Paid,16380.68
122562,52562,2024-03-30,Net Banking,Paid,26020.79
122563,52563,2026-07-16,Cash On Delivery,Paid,14719.15
122564,52564,2026-06-02,Wallet,Paid,26567.53
122565,52565,2024-05-28,Credit Card,Paid,29095.66
122566,52566,2025-11-06,Wallet,Paid,17621.69
122567,52567,2024-12-02,Credit Card,Paid,22190.61
122568,52568,2024-10-28,Cash On Delivery,Paid,14246.43
122569,52569,2024-11-15,Upi,Pending,27171.75
122570,52570,2024-08-20,Upi,Paid,12060.17
122571,52571,2026-07-22,Credit Card,Paid,28852.88
122572,52572,2024-02-13,Net Banking,Paid,15993.6
122573,52573,2024-12-11,Credit Card,Paid,24880.29
122574,52574,2024-12-16,Wallet,Paid,6433.1
122575,52575,2025-02-13,Net Banking,Paid,5971.02
122576,52576,2024-10-20,Upi,Paid,8846.88
122577,52577,2025-10-08,Debit Card,Paid,27127.0
122578,52578,2026-06-08,Cash On Delivery,Paid,2904.32
122579,52579,2025-10-08,Upi,Paid,15012.96
122580,52580,2024-08-03,Debit Card,Paid,9080.71
122581,52581,2026-08-26,Upi,Paid,21071.73
122582,52582,2025-01-30,Net Banking,Refunded,16782.99
122583,52583,2024-10-27,Upi,Paid,781.08
122584,52584,2025-10-24,Net Banking,Paid,666.43
122585,52585,2026-08-03,Debit Card,Paid,1645.87
122586,52586,2024-11-09,Upi,Paid,11538.16
122587,52587,2024-07-13,Cash On Delivery,Paid,21846.3
122588,52588,2026-01-31,Wallet,Paid,5436.3
122589,52589,2025-04-07,Cash On Delivery,Paid,17439.41
122590,52590,2025-12-08,Net Banking,Paid,9863.75
122591,52591,2025-03-19,Credit Card,Paid,20398.71
122592,52592,2024-02-05,Debit Card,Paid,2529.72
122593,52593,2024-12-17,Cash On Delivery,Failed,678.02
122594,52594,2026-04-12,Credit Card,Paid,14137.66
122595,52595,2026-06-28,Credit Card,Paid,6661.51
122596,52596,2024-12-20,Net Banking,Paid,6988.15
122597,52597,2025-11-05,Cash On Delivery,Paid,5640.52
122598,52598,2024-04-05,Cash On Delivery,Paid,17531.55
122599,52599,2024-07-31,Credit Card,Paid,28832.35
122600,52600,2025-11-10,Upi,Paid,6085.02
122601,52601,2024-02-13,Credit Card,Paid,1144.12
122602,52602,2025-12-27,Upi,Refunded,6128.34
122603,52603,2026-07-24,Upi,Paid,14923.37
122604,52604,2024-03-12,Debit Card,Paid,15012.67
122605,52605,2025-07-19,Credit Card,Paid,29264.52
122606,52606,2024-12-11,Upi,Failed,18929.72
122607,52607,2025-09-16,Debit Card,Paid,20425.38
122608,52608,2026-05-18,Upi,Paid,5146.75
122609,52609,2024-03-20,Credit Card,Paid,2110.79
122610,52610,2025-10-13,Debit Card,Paid,10377.21
122611,52611,2024-06-26,Upi,Paid,15148.49
122612,52612,2025-06-01,Debit Card,Paid,23476.59
122613,52613,2025-03-05,Upi,Pending,19929.58
122614,52614,2025-05-06,Upi,Paid,11565.98
122615,52615,2026-01-13,Upi,Paid,29933.79
122616,52616,2025-08-13,Net Banking,Paid,16264.54
122617,52617,2024-12-02,Credit Card,Paid,11571.32
122618,52618,2025-09-25,Debit Card,Paid,5457.34
122619,52619,2025-08-03,Credit Card,Paid,25728.95
122620,52620,2024-03-07,Credit Card,Paid,27752.82
122621,52621,2025-08-18,Upi,Pending,15673.04
122622,52622,2024-11-23,Wallet,Paid,9033.87
122623,52623,2024-05-24,Cash On Delivery,Paid,9896.87
122624,52624,2025-05-28,Upi,Paid,10670.99
122625,52625,2025-05-17,Debit Card,Paid,19204.03
122626,52626,2025-12-11,Credit Card,Paid,8707.42
122627,52627,2025-02-24,Net Banking,Paid,4461.76
122628,52628,2025-12-24,Net Banking,Paid,11200.87
122629,52629,2024-10-01,Net Banking,Paid,9138.06
122630,52630,2025-08-11,Credit Card,Paid,5165.57
122631,52631,2026-07-24,Upi,Paid,15385.42
122632,52632,2025-07-23,Net Banking,Paid,16263.4
122633,52633,2025-10-25,Upi,Paid,3474.06
122634,52634,2024-12-22,Credit Card,Paid,28026.51
122635,52635,2025-10-20,Credit Card,Paid,26695.27
122636,52636,2026-03-20,Debit Card,Paid,21813.77
122637,52637,2026-04-27,Net Banking,Failed,24855.46
122638,52638,2026-06-08,Debit Card,Pending,4266.85
122639,52639,2024-10-25,Upi,Paid,17700.34
122640,52640,2026-04-01,Upi,Paid,17588.02
122641,52641,2024-12-06,Debit Card,Failed,3224.32
122642,52642,2026-04-28,Wallet,Paid,8372.57
122643,52643,2024-01-06,Upi,Paid,1804.5
122644,52644,2026-06-01,Cash On Delivery,Paid,13234.9
122645,52645,2024-07-28,Credit Card,Paid,12899.27
122646,52646,2024-07-15,Cash On Delivery,Paid,13277.9
122647,52647,2025-06-28,Upi,Paid,1352.59
122648,52648,2025-05-16,Debit Card,Paid,24372.12
122649,52649,2024-06-01,Upi,Paid,24113.57
122650,52650,2025-06-04,Credit Card,Paid,19201.47
122651,52651,2026-02-16,Debit Card,Paid,10529.98
122652,52652,2025-04-17,Upi,Paid,8269.0
122653,52653,2025-07-19,Cash On Delivery,Paid,10742.97
122654,52654,2026-04-03,Cash On Delivery,Paid,3894.25
122655,52655,2024-06-23,Net Banking,Failed,16611.52
122656,52656,2024-11-13,Upi,Paid,8461.68
122657,52657,2026-05-19,Credit Card,Paid,20739.4
122658,52658,2024-06-05,Net Banking,Paid,2581.3
122659,52659,2024-09-03,Upi,Paid,3077.78
122660,52660,2024-09-26,Net Banking,Paid,7647.8
122661,52661,2026-03-12,Credit Card,Paid,19069.78
122662,52662,2024-05-18,Debit Card,Paid,5661.79
122663,52663,2024-12-30,Wallet,Paid,24446.57
122664,52664,2025-01-27,Cash On Delivery,Paid,28719.27
122665,52665,2024-03-21,Credit Card,Paid,22910.17
122666,52666,2024-04-24,Upi,Paid,17427.38
122667,52667,2025-01-02,Cash On Delivery,Paid,5502.68
122668,52668,2024-03-25,Net Banking,Paid,25489.48
122669,52669,2026-08-10,Cash On Delivery,Paid,7157.99
122670,52670,2025-03-16,Credit Card,Paid,16269.78
122671,52671,2024-01-09,Credit Card,Paid,17866.82
122672,52672,2025-08-08,Net Banking,Paid,8827.25
122673,52673,2026-01-05,Upi,Paid,5112.23
122674,52674,2025-08-12,Upi,Paid,15392.52
122675,52675,2025-07-09,Upi,Paid,1845.25
122676,52676,2024-04-02,Debit Card,Paid,5619.3
122677,52677,2025-12-08,Cash On Delivery,Paid,386.47
122678,52678,2026-08-03,Wallet,Paid,5997.8
122679,52679,2024-12-20,Upi,Paid,22916.53
122680,52680,2024-04-29,Credit Card,Paid,5916.13
122681,52681,2024-07-29,Upi,Paid,15390.4
122682,52682,2025-10-04,Upi,Paid,14859.71
122683,52683,2025-09-18,Wallet,Paid,17272.76
122684,52684,2026-05-14,Credit Card,Paid,21066.42
122685,52685,2025-01-31,Credit Card,Paid,27410.08
122686,52686,2026-05-09,Upi,Paid,13619.0
122687,52687,2024-09-25,Upi,Paid,9433.57
122688,52688,2025-05-14,Debit Card,Refunded,8428.46
122689,52689,2025-10-01,Upi,Paid,18691.5
122690,52690,2024-09-26,Upi,Paid,26030.91
122691,52691,2024-12-25,Cash On Delivery,Paid,12611.65
122692,52692,2026-03-17,Net Banking,Paid,11055.08
122693,52693,2025-07-16,Upi,Paid,8268.53
122694,52694,2025-08-18,Debit Card,Paid,12787.61
122695,52695,2025-08-29,Upi,Paid,20682.36
122696,52696,2026-02-09,Debit Card,Paid,3856.53
122697,52697,2026-07-31,Upi,Paid,5316.81
122698,52698,2025-01-24,Upi,Paid,4438.08
122699,52699,2024-12-09,Upi,Paid,993.28
122700,52700,2026-06-07,Cash On Delivery,Paid,10918.26
122701,52701,2025-04-11,Wallet,Paid,17051.2
122702,52702,2026-06-22,Upi,Paid,24124.04
122703,52703,2026-05-08,Debit Card,Paid,27773.67
122704,52704,2025-12-17,Debit Card,Paid,9133.18
122705,52705,2025-11-29,Debit Card,Paid,11139.13
122706,52706,2026-07-04,Cash On Delivery,Paid,3776.37
122707,52707,2024-09-22,Upi,Paid,13231.61
122708,52708,2025-03-15,Upi,Paid,10861.75
122709,52709,2025-06-15,Credit Card,Paid,16218.46
122710,52710,2024-07-08,Upi,Paid,4559.17
122711,52711,2025-05-19,Credit Card,Paid,22139.79
122712,52712,2025-09-28,Upi,Paid,8403.99
122713,52713,2025-05-04,Debit Card,Paid,20319.17
122714,52714,2025-09-26,Cash On Delivery,Paid,19410.92
122715,52715,2024-04-11,Net Banking,Paid,5198.62
122716,52716,2025-04-21,Credit Card,Pending,10511.18
122717,52717,2026-06-22,Credit Card,Paid,8596.58
122718,52718,2024-09-12,Credit Card,Paid,17018.29
122719,52719,2025-03-20,Credit Card,Paid,5620.63
122720,52720,2025-08-28,Upi,Paid,10075.21
122721,52721,2025-08-29,Upi,Paid,18144.39
122722,52722,2024-06-27,Upi,Paid,2465.26
122723,52723,2024-04-21,Upi,Paid,5763.39
122724,52724,2026-01-02,Upi,Paid,3922.76
122725,52725,2025-06-01,Debit Card,Failed,23839.01
122726,52726,2026-05-31,Debit Card,Paid,14616.12
122727,52727,2026-08-19,Debit Card,Refunded,9691.37
122728,52728,2024-06-13,Wallet,Failed,8741.04
122729,52729,2024-12-19,Wallet,Refunded,10085.67
122730,52730,2026-03-06,Upi,Pending,1189.67
122731,52731,2024-10-12,Upi,Paid,26758.1
122732,52732,2024-07-11,Upi,Paid,17177.05
122733,52733,2024-05-31,Debit Card,Paid,21975.63
122734,52734,2025-05-02,Upi,Refunded,28912.56
122735,52735,2025-01-08,Cash On Delivery,Pending,11527.57
122736,52736,2026-06-20,Cash On Delivery,Paid,24211.04
122737,52737,2026-07-24,Wallet,Refunded,28540.32
122738,52738,2024-03-21,Net Banking,Paid,16278.15
122739,52739,2026-05-27,Net Banking,Paid,16973.37
122740,52740,2024-03-31,Cash On Delivery,Paid,21643.37
122741,52741,2025-11-30,Credit Card,Paid,19930.52
122742,52742,2026-07-21,Upi,Paid,24844.42
122743,52743,2024-12-03,Upi,Paid,15683.83
122744,52744,2024-06-03,Wallet,Paid,22380.91
122745,52745,2024-03-07,Cash On Delivery,Paid,23808.48
122746,52746,2024-11-30,Upi,Paid,4976.34
122747,52747,2026-07-14,Debit Card,Paid,4742.45
122748,52748,2025-03-22,Wallet,Failed,7431.42
122749,52749,2025-02-10,Upi,Paid,22253.31
122750,52750,2024-01-08,Credit Card,Paid,28045.5
122751,52751,2025-10-11,Credit Card,Paid,5833.76
122752,52752,2024-07-04,Upi,Paid,20113.3
122753,52753,2025-11-02,Credit Card,Paid,1768.12
122754,52754,2026-03-16,Cash On Delivery,Paid,27912.18
122755,52755,2026-01-23,Debit Card,Paid,9113.0
122756,52756,2025-05-20,Net Banking,Refunded,7569.14
122757,52757,2025-09-24,Cash On Delivery,Failed,10388.44
122758,52758,2025-01-17,Wallet,Pending,18227.4
122759,52759,2025-11-21,Upi,Paid,20889.69
122760,52760,2025-10-25,Credit Card,Paid,24377.68
122761,52761,2024-07-04,Debit Card,Paid,1778.25
122762,52762,2024-11-13,Wallet,Refunded,1357.05
122763,52763,2026-01-23,Upi,Failed,3716.21
122764,52764,2025-03-02,Credit Card,Paid,24310.63
122765,52765,2024-08-19,Upi,Paid,17231.77
122766,52766,2026-08-23,Credit Card,Paid,25691.73
122767,52767,2026-04-22,Upi,Refunded,18557.78
122768,52768,2026-01-24,Upi,Paid,18657.71
122769,52769,2025-02-14,Upi,Paid,15305.79
122770,52770,2025-06-24,Upi,Paid,23231.13
122771,52771,2026-07-09,Credit Card,Paid,28344.2
122772,52772,2025-05-27,Upi,Paid,21199.97
122773,52773,2026-03-13,Cash On Delivery,Paid,4786.08
122774,52774,2026-03-31,Credit Card,Paid,6710.25
122775,52775,2026-02-20,Upi,Paid,23415.19
122776,52776,2025-08-05,Debit Card,Paid,21522.86
122777,52777,2024-12-02,Debit Card,Paid,21963.72
122778,52778,2024-11-26,Cash On Delivery,Paid,12915.46
122779,52779,2026-02-27,Upi,Paid,3023.27
122780,52780,2025-02-10,Credit Card,Paid,25911.99
122781,52781,2024-08-27,Upi,Pending,20211.05
122782,52782,2024-06-27,Net Banking,Refunded,8487.49
122783,52783,2025-08-20,Cash On Delivery,Refunded,7177.03
122784,52784,2026-07-20,Upi,Paid,6150.55
122785,52785,2025-01-02,Credit Card,Paid,11354.02
122786,52786,2025-09-24,Credit Card,Paid,15524.45
122787,52787,2024-10-29,Credit Card,Paid,18935.03
122788,52788,2025-01-21,Credit Card,Paid,17907.43
122789,52789,2025-02-02,Debit Card,Paid,20521.86
122790,52790,2024-12-16,Cash On Delivery,Paid,18138.14
122791,52791,2026-04-03,Upi,Paid,13815.32
122792,52792,2026-05-29,Debit Card,Paid,2407.3
122793,52793,2024-09-19,Credit Card,Paid,8742.33
122794,52794,2024-12-15,Upi,Refunded,25767.16
122795,52795,2024-01-23,Upi,Paid,3551.63
122796,52796,2026-01-06,Debit Card,Refunded,19989.62
122797,52797,2025-11-17,Debit Card,Paid,6583.28
122798,52798,2026-03-23,Upi,Failed,22292.54
122799,52799,2025-06-27,Wallet,Paid,835.71
122800,52800,2026-06-03,Upi,Paid,17701.5
122801,52801,2024-05-18,Upi,Paid,6934.31
122802,52802,2024-12-28,Debit Card,Refunded,8275.38
122803,52803,2025-03-11,Upi,Paid,7892.97
122804,52804,2026-01-15,Net Banking,Failed,5977.72
122805,52805,2024-08-03,Debit Card,Pending,29480.82
122806,52806,2024-11-14,Debit Card,Paid,21888.74
122807,52807,2024-04-02,Upi,Paid,4986.42
122808,52808,2026-07-05,Upi,Paid,27373.22
122809,52809,2025-03-17,Upi,Paid,10770.96
122810,52810,2024-01-14,Upi,Paid,10548.68
122811,52811,2024-08-16,Upi,Paid,16284.26
122812,52812,2025-07-10,Cash On Delivery,Paid,16154.69
122813,52813,2025-04-24,Wallet,Paid,3664.82
122814,52814,2025-05-11,Credit Card,Failed,24941.51
122815,52815,2024-03-01,Cash On Delivery,Refunded,3111.8
122816,52816,2026-05-02,Cash On Delivery,Paid,25697.69
122817,52817,2026-03-16,Upi,Paid,4986.21
122818,52818,2024-07-31,Debit Card,Failed,18787.97
122819,52819,2024-12-22,Cash On Delivery,Paid,26644.02
122820,52820,2024-03-27,Debit Card,Pending,5228.86
122821,52821,2024-05-05,Debit Card,Paid,11737.16
122822,52822,2026-04-02,Upi,Paid,17781.18
122823,52823,2024-04-23,Credit Card,Paid,13347.01
122824,52824,2024-12-08,Wallet,Paid,890.26
122825,52825,2026-08-21,Net Banking,Failed,18714.98
122826,52826,2024-11-12,Upi,Paid,10250.52
122827,52827,2025-10-28,Cash On Delivery,Paid,2301.79
122828,52828,2024-04-12,Credit Card,Failed,19779.22
122829,52829,2026-04-28,Credit Card,Paid,25651.34
122830,52830,2026-06-11,Upi,Paid,15682.05
122831,52831,2026-06-04,Upi,Paid,10925.29
122832,52832,2025-09-08,Credit Card,Paid,20196.62
122833,52833,2026-08-02,Credit Card,Paid,7747.35
122834,52834,2025-11-05,Upi,Paid,2912.01
122835,52835,2025-01-02,Wallet,Paid,22576.28
122836,52836,2026-05-20,Net Banking,Paid,7285.96
122837,52837,2024-09-22,Cash On Delivery,Paid,20244.82
122838,52838,2026-03-31,Cash On Delivery,Paid,29374.49
122839,52839,2026-06-21,Debit Card,Paid,11269.15
122840,52840,2025-03-17,Upi,Pending,22354.03
122841,52841,2024-08-15,Credit Card,Paid,6256.47
122842,52842,2024-06-05,Upi,Paid,2962.08
122843,52843,2025-06-08,Upi,Paid,7465.0
122844,52844,2025-10-16,Upi,Paid,5705.12
122845,52845,2025-07-28,Debit Card,Paid,14718.64
122846,52846,2025-09-24,Credit Card,Paid,13641.29
122847,52847,2024-01-28,Upi,Failed,11265.91
122848,52848,2024-02-15,Wallet,Paid,18955.1
122849,52849,2024-09-12,Credit Card,Paid,17934.56
122850,52850,2026-05-22,Upi,Refunded,25138.05
122851,52851,2025-05-06,Debit Card,Paid,1600.57
122852,52852,2024-11-24,Upi,Paid,18098.64
122853,52853,2025-10-09,Credit Card,Paid,28425.94
122854,52854,2025-02-19,Debit Card,Paid,2546.33
122855,52855,2024-05-19,Wallet,Paid,943.97
122856,52856,2025-05-15,Credit Card,Paid,27676.42
122857,52857,2025-11-10,Upi,Pending,13177.43
122858,52858,2026-06-03,Upi,Paid,7481.51
122859,52859,2024-12-25,Debit Card,Paid,21203.32
122860,52860,2024-06-16,Credit Card,Paid,5664.0
122861,52861,2026-04-19,Debit Card,Paid,801.75
122862,52862,2024-12-23,Credit Card,Paid,2109.75
122863,52863,2024-06-02,Upi,Paid,18340.87
122864,52864,2025-05-01,Debit Card,Paid,12620.63
122865,52865,2024-03-01,Upi,Paid,7012.14
122866,52866,2026-08-21,Credit Card,Paid,2800.44
122867,52867,2026-01-27,Cash On Delivery,Paid,7664.61
122868,52868,2025-03-04,Wallet,Paid,1956.69
122869,52869,2025-06-12,Upi,Pending,24793.99
122870,52870,2025-01-23,Wallet,Paid,3552.61
122871,52871,2025-03-30,Debit Card,Paid,20033.12
122872,52872,2026-06-28,Upi,Paid,11023.27
122873,52873,2025-12-08,Upi,Pending,10140.29
122874,52874,2025-10-03,Debit Card,Paid,27035.37
122875,52875,2026-08-05,Debit Card,Paid,11586.0
122876,52876,2024-06-07,Credit Card,Refunded,18364.31
122877,52877,2026-06-02,Net Banking,Paid,13834.41
122878,52878,2024-06-22,Upi,Paid,8814.23
122879,52879,2024-09-08,Net Banking,Paid,18198.2
122880,52880,2025-09-17,Upi,Paid,14526.37
122881,52881,2024-05-13,Debit Card,Paid,3352.57
122882,52882,2025-04-01,Upi,Refunded,17256.86
122883,52883,2024-11-23,Cash On Delivery,Paid,25596.46
122884,52884,2024-01-09,Upi,Paid,26791.11
122885,52885,2024-06-29,Upi,Paid,9995.89
122886,52886,2025-03-13,Net Banking,Paid,7025.85
122887,52887,2024-03-24,Net Banking,Failed,8357.79
122888,52888,2026-07-01,Upi,Paid,1583.9
122889,52889,2025-02-23,Cash On Delivery,Failed,22942.92
122890,52890,2025-12-25,Cash On Delivery,Paid,19617.16
122891,52891,2024-07-20,Debit Card,Paid,6141.87
122892,52892,2025-06-27,Cash On Delivery,Paid,22091.54
122893,52893,2024-04-21,Credit Card,Paid,25978.9
122894,52894,2024-07-10,Credit Card,Pending,13931.28
122895,52895,2025-10-26,Debit Card,Paid,14423.86
122896,52896,2024-11-23,Credit Card,Paid,2666.78
122897,52897,2026-08-14,Upi,Paid,540.68
122898,52898,2026-08-26,Net Banking,Paid,11395.89
122899,52899,2024-05-09,Credit Card,Paid,14768.2
122900,52900,2025-10-03,Credit Card,Paid,13223.46
122901,52901,2026-01-29,Debit Card,Paid,21250.31
122902,52902,2024-09-27,Net Banking,Paid,29519.65
122903,52903,2026-03-30,Net Banking,Paid,17586.4
122904,52904,2025-12-16,Upi,Pending,9183.32
122905,52905,2024-11-10,Upi,Pending,10627.37
122906,52906,2024-04-01,Credit Card,Refunded,2294.07
122907,52907,2025-03-05,Upi,Paid,19943.73
122908,52908,2024-12-25,Debit Card,Paid,22897.39
122909,52909,2025-05-29,Cash On Delivery,Paid,26108.28
122910,52910,2024-08-12,Credit Card,Paid,18566.83
122911,52911,2024-11-01,Credit Card,Paid,28527.38
122912,52912,2026-05-22,Credit Card,Paid,27272.48
122913,52913,2026-03-30,Debit Card,Paid,1824.25
122914,52914,2025-12-17,Credit Card,Paid,13834.78
122915,52915,2024-12-08,Debit Card,Pending,12993.65
122916,52916,2025-04-28,Wallet,Paid,5451.79
122917,52917,2024-10-11,Credit Card,Paid,14784.02
122918,52918,2025-01-30,Upi,Paid,458.28
122919,52919,2025-05-17,Debit Card,Paid,8367.2
122920,52920,2026-04-12,Wallet,Paid,4574.85
122921,52921,2026-02-14,Cash On Delivery,Failed,11193.99
122922,52922,2024-07-11,Net Banking,Paid,11101.25
122923,52923,2026-07-07,Net Banking,Paid,29345.43
122924,52924,2024-03-14,Upi,Paid,6838.95
122925,52925,2024-02-16,Debit Card,Paid,15008.67
122926,52926,2026-04-07,Cash On Delivery,Paid,17009.26
122927,52927,2024-10-03,Credit Card,Paid,23535.45
122928,52928,2026-04-11,Credit Card,Paid,26270.31
122929,52929,2024-03-10,Upi,Paid,6993.85
122930,52930,2024-08-25,Credit Card,Paid,14045.05
122931,52931,2026-03-13,Upi,Paid,14725.77
122932,52932,2024-07-09,Cash On Delivery,Paid,311.96
122933,52933,2025-05-18,Upi,Paid,26484.04
122934,52934,2025-12-03,Cash On Delivery,Paid,5736.99
122935,52935,2024-12-06,Upi,Paid,26705.64
122936,52936,2024-05-21,Upi,Paid,8795.63
122937,52937,2026-03-20,Upi,Pending,1748.69
122938,52938,2025-08-28,Debit Card,Paid,28700.41
122939,52939,2026-06-06,Upi,Paid,15360.59
122940,52940,2025-11-11,Debit Card,Paid,23967.3
122941,52941,2025-12-23,Credit Card,Paid,24670.8
122942,52942,2025-08-26,Credit Card,Pending,2998.88
122943,52943,2025-10-12,Credit Card,Failed,14857.77
122944,52944,2025-02-20,Upi,Paid,21484.41
122945,52945,2026-06-20,Upi,Paid,11678.29
122946,52946,2026-03-02,Cash On Delivery,Paid,28530.6
122947,52947,2024-08-25,Credit Card,Paid,16913.97
122948,52948,2026-06-23,Credit Card,Failed,17370.75
122949,52949,2024-08-16,Credit Card,Paid,6040.88
122950,52950,2025-11-18,Debit Card,Paid,25516.8
122951,52951,2026-06-15,Upi,Refunded,21151.74
122952,52952,2025-02-12,Upi,Paid,14838.16
122953,52953,2024-06-29,Credit Card,Paid,14805.39
122954,52954,2026-08-25,Upi,Paid,23974.2
122955,52955,2026-02-08,Debit Card,Paid,28496.57
122956,52956,2025-03-11,Debit Card,Paid,13966.48
122957,52957,2026-08-21,Upi,Paid,11482.97
122958,52958,2024-04-25,Upi,Paid,15475.17
122959,52959,2025-05-26,Upi,Failed,1538.09
122960,52960,2024-06-26,Upi,Paid,19348.75
122961,52961,2024-06-28,Upi,Paid,5938.88
122962,52962,2024-12-04,Upi,Paid,9343.11
122963,52963,2025-07-11,Debit Card,Paid,571.96
122964,52964,2024-06-17,Credit Card,Paid,28686.45
122965,52965,2025-05-21,Credit Card,Paid,23408.95
122966,52966,2026-01-27,Debit Card,Paid,26567.55
122967,52967,2024-05-23,Upi,Paid,28520.52
122968,52968,2024-01-14,Credit Card,Paid,1695.85
122969,52969,2025-12-26,Debit Card,Paid,13157.61
122970,52970,2025-01-29,Debit Card,Paid,6731.71
122971,52971,2024-07-04,Upi,Paid,23533.33
122972,52972,2026-05-02,Debit Card,Paid,18310.72
122973,52973,2025-02-21,Credit Card,Paid,21652.68
122974,52974,2024-04-27,Upi,Paid,9613.73
122975,52975,2024-10-28,Upi,Paid,13087.55
122976,52976,2025-07-12,Cash On Delivery,Paid,29530.39
122977,52977,2024-10-11,Wallet,Paid,18854.49
122978,52978,2026-06-25,Upi,Paid,8384.47
122979,52979,2025-08-31,Upi,Paid,28835.21
122980,52980,2024-03-12,Debit Card,Paid,29675.11
122981,52981,2024-12-02,Debit Card,Paid,2891.34
122982,52982,2024-12-05,Debit Card,Paid,9622.63
122983,52983,2024-05-21,Upi,Paid,2812.71
122984,52984,2024-02-06,Debit Card,Paid,25539.81
122985,52985,2024-04-20,Upi,Paid,15567.03
122986,52986,2025-10-24,Credit Card,Failed,17384.36
122987,52987,2024-08-30,Upi,Paid,16334.68
122988,52988,2025-02-10,Net Banking,Paid,18263.33
122989,52989,2024-05-20,Credit Card,Paid,22672.97
122990,52990,2026-07-07,Debit Card,Paid,4877.78
122991,52991,2026-08-17,Upi,Paid,15140.77
122992,52992,2025-11-04,Net Banking,Paid,7335.58
122993,52993,2024-11-19,Upi,Paid,10243.93
122994,52994,2025-08-07,Debit Card,Paid,17300.95
122995,52995,2025-01-09,Upi,Refunded,8686.26
122996,52996,2026-06-03,Debit Card,Paid,2919.9
122997,52997,2025-08-10,Credit Card,Paid,8740.98
122998,52998,2024-05-08,Upi,Paid,24289.87
122999,52999,2024-04-05,Net Banking,Paid,9318.89
123000,53000,2026-01-30,Upi,Paid,29937.92
123001,53001,2025-12-07,Credit Card,Paid,4530.19
123002,53002,2025-12-10,Net Banking,Paid,7981.11
123003,53003,2024-11-20,Debit Card,Paid,17191.68
123004,53004,2025-10-17,Debit Card,Paid,8205.95
123005,53005,2024-09-20,Debit Card,Paid,20331.58
123006,53006,2025-09-12,Cash On Delivery,Paid,5788.85
123007,53007,2024-11-17,Upi,Paid,5942.93
123008,53008,2024-05-02,Debit Card,Paid,25516.74
123009,53009,2026-03-20,Debit Card,Paid,5834.22
123010,53010,2026-03-03,Upi,Paid,4915.73
123011,53011,2026-02-02,Credit Card,Paid,15443.92
123012,53012,2025-09-11,Upi,Paid,24087.89
123013,53013,2025-09-14,Net Banking,Paid,10519.4
123014,53014,2026-01-18,Cash On Delivery,Paid,20640.44
123015,53015,2025-07-02,Net Banking,Paid,9627.08
123016,53016,2026-05-02,Net Banking,Paid,19752.41
123017,53017,2026-01-15,Credit Card,Paid,15410.6
123018,53018,2025-06-11,Debit Card,Paid,26728.1
123019,53019,2025-07-24,Net Banking,Paid,27016.52
123020,53020,2026-07-19,Wallet,Paid,17019.73
123021,53021,2025-05-05,Upi,Paid,12278.32
123022,53022,2024-04-16,Net Banking,Paid,18959.38
123023,53023,2026-04-01,Upi,Pending,23927.44
123024,53024,2024-01-04,Upi,Failed,14440.74
123025,53025,2024-08-27,Wallet,Paid,26795.62
123026,53026,2024-11-18,Debit Card,Paid,9395.6
123027,53027,2024-01-28,Upi,Paid,12154.31
123028,53028,2024-07-29,Upi,Pending,26361.68
123029,53029,2024-06-20,Upi,Paid,6499.42
123030,53030,2025-06-21,Upi,Paid,28952.73
123031,53031,2026-05-05,Credit Card,Paid,3749.62
123032,53032,2024-09-30,Upi,Paid,18455.34
123033,53033,2025-01-15,Credit Card,Paid,16464.34
123034,53034,2025-10-29,Credit Card,Paid,2958.36
123035,53035,2025-10-18,Wallet,Paid,24157.06
123036,53036,2026-07-06,Net Banking,Paid,17718.68
123037,53037,2025-05-22,Upi,Paid,16512.95
123038,53038,2026-01-17,Cash On Delivery,Paid,15960.75
123039,53039,2026-03-31,Upi,Paid,20766.1
123040,53040,2025-02-12,Upi,Paid,27736.29
123041,53041,2026-03-24,Cash On Delivery,Paid,15575.72
123042,53042,2026-08-14,Net Banking,Failed,8094.56
123043,53043,2024-04-25,Upi,Paid,14254.51
123044,53044,2026-01-21,Debit Card,Paid,23303.0
123045,53045,2025-08-27,Debit Card,Paid,20854.33
123046,53046,2026-02-27,Credit Card,Paid,24546.27
123047,53047,2025-06-19,Net Banking,Paid,3473.51
123048,53048,2024-07-17,Net Banking,Paid,29461.66
123049,53049,2025-02-21,Upi,Refunded,22420.96
123050,53050,2025-10-31,Credit Card,Pending,19061.02
123051,53051,2026-05-19,Upi,Paid,8234.27
123052,53052,2024-03-12,Credit Card,Paid,19448.07
123053,53053,2024-07-03,Upi,Paid,21354.48
123054,53054,2024-08-19,Upi,Paid,14334.91
123055,53055,2025-07-30,Cash On Delivery,Paid,3907.42
123056,53056,2024-01-18,Net Banking,Paid,28369.87
123057,53057,2026-07-14,Upi,Paid,10187.27
123058,53058,2025-11-15,Credit Card,Paid,29238.97
123059,53059,2026-05-29,Upi,Paid,29139.59
123060,53060,2024-01-21,Cash On Delivery,Paid,4752.69
123061,53061,2024-09-24,Net Banking,Paid,6414.92
123062,53062,2025-03-13,Upi,Paid,17044.53
123063,53063,2026-01-18,Debit Card,Paid,5984.17
123064,53064,2025-09-24,Cash On Delivery,Paid,13977.46
123065,53065,2025-02-11,Upi,Paid,23986.66
123066,53066,2024-10-23,Net Banking,Paid,17061.43
123067,53067,2024-11-17,Debit Card,Paid,2715.76
123068,53068,2024-12-24,Upi,Paid,29931.97
123069,53069,2025-10-31,Credit Card,Refunded,10775.52
123070,53070,2026-04-22,Net Banking,Paid,4762.27
123071,53071,2025-04-08,Cash On Delivery,Paid,29083.27
123072,53072,2026-05-27,Upi,Paid,2026.43
123073,53073,2024-10-19,Debit Card,Paid,12702.29
123074,53074,2026-04-15,Credit Card,Paid,24587.97
123075,53075,2024-01-01,Debit Card,Paid,15093.43
123076,53076,2025-12-29,Upi,Paid,5068.91
123077,53077,2026-07-10,Upi,Paid,7063.82
123078,53078,2024-09-28,Debit Card,Paid,10959.87
123079,53079,2025-10-25,Upi,Paid,19498.19
123080,53080,2024-03-13,Net Banking,Refunded,20304.18
123081,53081,2026-04-08,Net Banking,Paid,15111.96
123082,53082,2025-04-20,Debit Card,Paid,20168.47
123083,53083,2025-02-18,Upi,Paid,2488.04
123084,53084,2026-06-17,Wallet,Paid,17520.83
123085,53085,2026-06-16,Debit Card,Paid,10610.76
123086,53086,2024-08-07,Credit Card,Paid,16784.72
123087,53087,2026-07-19,Upi,Failed,1136.13
123088,53088,2024-07-25,Credit Card,Paid,4319.07
123089,53089,2026-02-28,Credit Card,Paid,18113.43
123090,53090,2026-01-28,Upi,Paid,13374.15
123091,53091,2025-05-04,Upi,Paid,10585.17
123092,53092,2025-07-30,Upi,Paid,1715.22
123093,53093,2025-01-20,Upi,Paid,26919.39
123094,53094,2025-01-30,Upi,Paid,3933.48
123095,53095,2025-05-15,Debit Card,Refunded,5658.07
123096,53096,2026-04-18,Wallet,Refunded,16053.65
123097,53097,2025-04-16,Upi,Paid,1424.43
123098,53098,2025-07-21,Upi,Paid,21318.03
123099,53099,2025-11-19,Cash On Delivery,Paid,13644.28
123100,53100,2026-06-13,Debit Card,Paid,28562.82
123101,53101,2026-04-14,Upi,Paid,19155.95
123102,53102,2024-12-24,Debit Card,Refunded,22622.01
123103,53103,2026-04-20,Debit Card,Refunded,5579.5
123104,53104,2025-03-08,Cash On Delivery,Failed,21009.27
123105,53105,2024-04-01,Credit Card,Paid,18662.77
123106,53106,2024-03-14,Cash On Delivery,Paid,22862.59
123107,53107,2024-07-21,Upi,Paid,28607.26
123108,53108,2024-12-24,Upi,Paid,15324.32
123109,53109,2025-01-24,Cash On Delivery,Paid,10009.26
123110,53110,2024-06-24,Cash On Delivery,Paid,5548.17
123111,53111,2024-06-23,Wallet,Paid,2711.0
123112,53112,2024-02-01,Upi,Paid,12182.47
123113,53113,2026-06-04,Debit Card,Paid,9471.06
123114,53114,2024-09-08,Upi,Paid,21561.6
123115,53115,2025-09-21,Upi,Paid,7174.24
123116,53116,2025-04-21,Cash On Delivery,Paid,17513.64
123117,53117,2024-12-15,Cash On Delivery,Pending,19495.96
123118,53118,2024-08-27,Credit Card,Paid,8464.16
123119,53119,2024-03-05,Upi,Paid,7399.26
123120,53120,2024-04-16,Upi,Paid,16859.58
123121,53121,2025-10-18,Net Banking,Paid,25501.62
123122,53122,2025-03-15,Upi,Paid,10315.11
123123,53123,2026-07-30,Net Banking,Paid,13462.34
123124,53124,2024-05-25,Credit Card,Pending,2636.74
123125,53125,2026-06-23,Net Banking,Paid,25873.98
123126,53126,2024-03-25,Wallet,Paid,9539.01
123127,53127,2025-12-12,Credit Card,Paid,24829.51
123128,53128,2026-07-21,Upi,Failed,7415.04
123129,53129,2024-05-30,Credit Card,Paid,12078.97
123130,53130,2025-04-06,Net Banking,Paid,20414.93
123131,53131,2026-06-11,Credit Card,Paid,2210.84
123132,53132,2026-02-17,Debit Card,Paid,2272.23
123133,53133,2024-08-02,Wallet,Paid,22262.04
123134,53134,2024-06-17,Upi,Paid,17388.37
123135,53135,2024-11-23,Wallet,Paid,20928.87
123136,53136,2025-03-23,Debit Card,Paid,18214.29
123137,53137,2024-10-13,Debit Card,Paid,9562.58
123138,53138,2024-03-30,Wallet,Paid,10690.4
123139,53139,2025-04-28,Upi,Paid,9952.57
123140,53140,2025-02-04,Debit Card,Paid,22225.71
123141,53141,2024-10-24,Debit Card,Failed,22246.18
123142,53142,2026-03-14,Cash On Delivery,Paid,24501.61
123143,53143,2024-10-08,Net Banking,Paid,9691.22
123144,53144,2026-05-18,Wallet,Paid,3516.24
123145,53145,2024-01-12,Upi,Paid,28248.52
123146,53146,2025-05-20,Upi,Paid,26556.71
123147,53147,2026-07-10,Debit Card,Paid,11670.0
123148,53148,2024-10-07,Upi,Paid,3837.74
123149,53149,2025-09-27,Credit Card,Pending,9473.73
123150,53150,2025-12-13,Cash On Delivery,Paid,28502.9
123151,53151,2024-11-30,Net Banking,Paid,13799.8
123152,53152,2025-09-13,Debit Card,Refunded,9578.04
123153,53153,2025-09-25,Credit Card,Paid,25076.58
123154,53154,2025-04-02,Cash On Delivery,Paid,29543.99
123155,53155,2024-12-31,Wallet,Paid,9909.84
123156,53156,2025-04-09,Upi,Pending,11998.92
123157,53157,2024-05-25,Net Banking,Paid,26881.41
123158,53158,2025-04-25,Debit Card,Paid,813.1
123159,53159,2024-11-12,Wallet,Paid,13238.89
123160,53160,2024-11-26,Net Banking,Paid,17787.44
123161,53161,2024-08-28,Net Banking,Paid,12653.58
123162,53162,2025-05-18,Cash On Delivery,Paid,4657.27
123163,53163,2024-01-11,Debit Card,Paid,7703.78
123164,53164,2024-02-26,Net Banking,Paid,28562.91
123165,53165,2024-07-22,Credit Card,Paid,16782.6
123166,53166,2025-07-10,Upi,Paid,8634.38
123167,53167,2024-09-08,Cash On Delivery,Paid,25711.5
123168,53168,2025-04-28,Wallet,Paid,16867.93
123169,53169,2024-05-23,Upi,Failed,10501.94
123170,53170,2025-02-12,Debit Card,Paid,15112.74
123171,53171,2025-03-17,Upi,Paid,28399.68
123172,53172,2024-11-11,Cash On Delivery,Paid,4802.19
123173,53173,2024-02-20,Cash On Delivery,Failed,28659.56
123174,53174,2025-08-28,Upi,Paid,25425.7
123175,53175,2024-07-17,Net Banking,Paid,22193.68
123176,53176,2025-04-15,Upi,Paid,28628.72
123177,53177,2025-11-19,Upi,Paid,15549.05
123178,53178,2024-04-10,Cash On Delivery,Failed,1468.56
123179,53179,2025-10-23,Upi,Paid,12018.52
123180,53180,2024-12-31,Net Banking,Paid,19566.99
123181,53181,2025-05-03,Upi,Paid,2552.28
123182,53182,2024-03-18,Cash On Delivery,Paid,28447.19
123183,53183,2025-05-01,Credit Card,Paid,15979.81
123184,53184,2025-01-05,Upi,Paid,12393.7
123185,53185,2024-06-23,Upi,Failed,29744.27
123186,53186,2025-06-03,Upi,Paid,18830.19
123187,53187,2025-09-26,Credit Card,Paid,8035.07
123188,53188,2025-01-14,Credit Card,Paid,18381.21
123189,53189,2025-09-08,Upi,Paid,13476.33
123190,53190,2024-11-27,Debit Card,Paid,13805.54
123191,53191,2026-03-18,Cash On Delivery,Paid,15089.46
123192,53192,2024-10-01,Upi,Paid,15344.78
123193,53193,2026-02-13,Net Banking,Paid,16690.53
123194,53194,2025-01-06,Upi,Paid,26546.51
123195,53195,2025-06-25,Upi,Paid,26092.38
123196,53196,2024-03-09,Upi,Paid,13584.24
123197,53197,2024-03-15,Debit Card,Paid,23114.18
123198,53198,2026-08-22,Upi,Paid,8288.39
123199,53199,2024-01-10,Wallet,Pending,6225.19
123200,53200,2025-06-25,Credit Card,Paid,991.26
123201,53201,2025-03-19,Net Banking,Refunded,16820.32
123202,53202,2025-09-11,Cash On Delivery,Paid,15633.25
123203,53203,2024-01-05,Upi,Paid,19682.16
123204,53204,2024-06-26,Credit Card,Paid,3599.15
123205,53205,2024-11-26,Upi,Paid,14889.97
123206,53206,2026-06-14,Upi,Paid,8797.1
123207,53207,2024-12-08,Debit Card,Paid,10889.64
123208,53208,2025-07-09,Cash On Delivery,Paid,22072.75
123209,53209,2025-07-11,Upi,Paid,6336.41
123210,53210,2025-02-06,Net Banking,Paid,4518.91
123211,53211,2026-03-15,Upi,Paid,13290.34
123212,53212,2025-11-24,Upi,Paid,12479.97
123213,53213,2025-03-09,Debit Card,Paid,16910.17
123214,53214,2024-10-23,Cash On Delivery,Paid,9104.88
123215,53215,2024-09-26,Wallet,Paid,3647.01
123216,53216,2026-06-26,Upi,Failed,16912.12
123217,53217,2024-05-02,Credit Card,Paid,6179.41
123218,53218,2024-06-16,Cash On Delivery,Paid,8749.55
123219,53219,2024-09-11,Credit Card,Paid,22821.19
123220,53220,2026-03-22,Credit Card,Paid,10656.06
123221,53221,2025-10-31,Debit Card,Paid,12350.07
123222,53222,2026-07-29,Wallet,Paid,2061.88
123223,53223,2025-12-01,Cash On Delivery,Paid,23590.39
123224,53224,2025-04-22,Debit Card,Paid,523.0
123225,53225,2024-02-11,Upi,Paid,27394.25
123226,53226,2026-05-03,Cash On Delivery,Paid,14016.78
123227,53227,2025-10-13,Upi,Paid,10949.69
123228,53228,2024-03-13,Cash On Delivery,Paid,8178.89
123229,53229,2026-07-30,Upi,Paid,3775.79
123230,53230,2025-08-24,Debit Card,Paid,21811.69
123231,53231,2025-08-25,Wallet,Paid,23083.69
123232,53232,2024-12-11,Upi,Paid,8203.67
123233,53233,2024-11-17,Net Banking,Paid,19032.61
123234,53234,2024-12-19,Debit Card,Paid,1760.32
123235,53235,2024-02-19,Credit Card,Paid,20189.39
123236,53236,2025-03-12,Credit Card,Paid,21351.24
123237,53237,2024-03-01,Debit Card,Paid,29980.57
123238,53238,2025-08-03,Upi,Paid,22743.4
123239,53239,2024-07-21,Cash On Delivery,Paid,8233.38
123240,53240,2025-08-23,Net Banking,Paid,9965.38
123241,53241,2024-12-30,Upi,Paid,27450.64
123242,53242,2024-09-28,Credit Card,Paid,3964.53
123243,53243,2024-05-20,Upi,Paid,5130.59
123244,53244,2025-01-08,Upi,Paid,19606.24
123245,53245,2024-03-10,Wallet,Refunded,14725.36
123246,53246,2024-08-30,Upi,Paid,18657.15
123247,53247,2025-03-25,Credit Card,Paid,13460.64
123248,53248,2025-09-08,Wallet,Paid,20060.84
123249,53249,2025-03-24,Cash On Delivery,Paid,8766.68
123250,53250,2024-04-11,Debit Card,Paid,6644.61
123251,53251,2025-12-02,Credit Card,Paid,16654.55
123252,53252,2025-02-17,Upi,Paid,29311.82
123253,53253,2025-09-01,Upi,Pending,25582.55
123254,53254,2026-08-07,Debit Card,Paid,26003.88
123255,53255,2024-02-18,Cash On Delivery,Pending,25725.08
123256,53256,2026-08-18,Credit Card,Paid,2140.98
123257,53257,2026-07-13,Cash On Delivery,Paid,3282.19
123258,53258,2025-05-18,Upi,Paid,7044.02
123259,53259,2024-01-30,Upi,Paid,12654.7
123260,53260,2024-08-29,Upi,Refunded,5850.2
123261,53261,2024-08-10,Upi,Paid,5972.26
123262,53262,2025-07-22,Upi,Paid,19568.83
123263,53263,2025-11-04,Debit Card,Refunded,25362.95
123264,53264,2025-04-18,Credit Card,Paid,27052.89
123265,53265,2024-12-12,Upi,Paid,7144.7
123266,53266,2024-02-13,Upi,Paid,4140.17
123267,53267,2026-06-29,Net Banking,Paid,27391.83
123268,53268,2026-08-19,Wallet,Paid,27922.5
123269,53269,2024-02-01,Upi,Paid,10070.12
123270,53270,2024-11-13,Debit Card,Paid,28203.82
123271,53271,2026-08-13,Upi,Paid,7694.73
123272,53272,2025-01-23,Cash On Delivery,Paid,16135.49
123273,53273,2025-08-27,Upi,Paid,24398.31
123274,53274,2025-05-14,Upi,Paid,29817.34
123275,53275,2025-09-07,Debit Card,Paid,16135.66
123276,53276,2026-05-05,Cash On Delivery,Failed,13014.05
123277,53277,2025-01-04,Upi,Paid,7681.07
123278,53278,2026-02-16,Net Banking,Paid,21105.82
123279,53279,2025-03-20,Credit Card,Paid,2497.18
123280,53280,2024-07-19,Upi,Paid,9294.12
123281,53281,2024-03-16,Net Banking,Refunded,21864.34
123282,53282,2025-11-25,Debit Card,Paid,14594.85
123283,53283,2025-08-09,Upi,Paid,8917.17
123284,53284,2026-04-29,Net Banking,Paid,4097.03
123285,53285,2024-08-18,Upi,Paid,28693.23
123286,53286,2025-11-24,Upi,Paid,29002.3
123287,53287,2024-01-26,Upi,Paid,18720.66
123288,53288,2024-05-18,Net Banking,Refunded,12077.49
123289,53289,2025-07-31,Upi,Paid,14347.38
123290,53290,2025-06-07,Debit Card,Paid,15200.86
123291,53291,2025-07-30,Net Banking,Failed,26225.95
123292,53292,2026-03-26,Cash On Delivery,Paid,5147.3
123293,53293,2026-03-20,Upi,Paid,13158.25
123294,53294,2024-07-09,Debit Card,Paid,18736.22
123295,53295,2024-07-15,Cash On Delivery,Refunded,6186.68
123296,53296,2025-06-06,Upi,Paid,4316.7
123297,53297,2026-07-18,Wallet,Paid,5814.19
123298,53298,2025-10-12,Upi,Pending,1203.68
123299,53299,2024-05-22,Net Banking,Paid,18513.6
123300,53300,2025-09-11,Upi,Paid,27449.23
123301,53301,2024-11-25,Wallet,Failed,3236.04
123302,53302,2024-04-16,Debit Card,Paid,18816.77
123303,53303,2025-11-23,Cash On Delivery,Paid,15946.96
123304,53304,2024-09-26,Debit Card,Paid,14483.79
123305,53305,2026-01-23,Credit Card,Paid,3832.55
123306,53306,2025-06-22,Credit Card,Paid,5210.77
123307,53307,2025-03-12,Upi,Paid,12761.42
123308,53308,2024-07-24,Upi,Paid,7992.86
123309,53309,2024-10-11,Cash On Delivery,Paid,8573.42
123310,53310,2024-11-19,Credit Card,Paid,26729.58
123311,53311,2025-11-05,Upi,Paid,11579.9
123312,53312,2025-02-09,Credit Card,Paid,6182.38
123313,53313,2024-02-05,Cash On Delivery,Paid,2865.46
123314,53314,2024-01-16,Cash On Delivery,Paid,7544.32
123315,53315,2024-09-25,Credit Card,Paid,833.11
123316,53316,2025-05-12,Upi,Paid,11696.69
123317,53317,2024-11-20,Wallet,Paid,17058.94
123318,53318,2026-08-22,Wallet,Paid,12939.6
123319,53319,2024-08-13,Debit Card,Paid,17649.18
123320,53320,2025-02-02,Upi,Paid,6676.91
123321,53321,2025-01-21,Debit Card,Failed,2437.39
123322,53322,2024-09-26,Upi,Paid,13624.74
123323,53323,2026-05-07,Wallet,Paid,26926.44
123324,53324,2024-09-04,Credit Card,Pending,8090.12
123325,53325,2024-01-14,Upi,Paid,6094.2
123326,53326,2025-05-16,Upi,Paid,20999.0
123327,53327,2025-09-09,Upi,Paid,3908.85
123328,53328,2025-03-19,Wallet,Paid,6812.97
123329,53329,2025-02-13,Upi,Paid,16950.56
123330,53330,2026-04-19,Credit Card,Paid,19264.01
123331,53331,2024-12-28,Upi,Paid,24235.92
123332,53332,2025-09-14,Wallet,Paid,25156.71
123333,53333,2026-03-25,Upi,Paid,7005.54
123334,53334,2025-01-22,Upi,Paid,25197.28
123335,53335,2025-06-08,Upi,Paid,7777.39
123336,53336,2025-01-11,Debit Card,Paid,19270.4
123337,53337,2025-08-20,Cash On Delivery,Paid,29282.87
123338,53338,2025-06-14,Debit Card,Paid,19680.97
123339,53339,2026-04-06,Debit Card,Paid,27264.42
123340,53340,2024-09-02,Debit Card,Paid,4940.22
123341,53341,2024-06-07,Net Banking,Paid,883.39
123342,53342,2025-02-17,Debit Card,Paid,12570.74
123343,53343,2025-08-20,Cash On Delivery,Paid,3759.12
123344,53344,2024-10-04,Debit Card,Failed,7579.14
123345,53345,2026-08-26,Upi,Paid,18166.29
123346,53346,2025-05-18,Cash On Delivery,Paid,19675.76
123347,53347,2026-02-26,Upi,Paid,16538.35
123348,53348,2025-06-17,Wallet,Refunded,28779.89
123349,53349,2025-01-16,Upi,Paid,12210.49
123350,53350,2026-04-01,Cash On Delivery,Failed,18906.39
123351,53351,2024-06-01,Credit Card,Paid,9062.02
123352,53352,2024-08-31,Credit Card,Paid,24521.76
123353,53353,2026-01-15,Upi,Paid,16669.28
123354,53354,2026-05-30,Debit Card,Failed,6263.12
123355,53355,2024-10-12,Debit Card,Paid,26998.9
123356,53356,2025-06-05,Upi,Paid,20237.2
123357,53357,2025-04-17,Debit Card,Paid,17543.47
123358,53358,2025-12-07,Upi,Paid,2994.54
123359,53359,2025-04-29,Net Banking,Paid,29304.65
123360,53360,2025-08-19,Cash On Delivery,Paid,953.84
123361,53361,2025-10-14,Credit Card,Paid,15520.62
123362,53362,2026-03-18,Cash On Delivery,Paid,9720.5
123363,53363,2024-05-17,Upi,Paid,18334.97
123364,53364,2025-10-07,Credit Card,Paid,11211.8
123365,53365,2024-06-27,Cash On Delivery,Refunded,15720.86
123366,53366,2024-01-12,Cash On Delivery,Paid,26689.11
123367,53367,2025-11-25,Credit Card,Paid,8731.07
123368,53368,2025-01-16,Cash On Delivery,Paid,11303.17
123369,53369,2025-11-27,Upi,Paid,15183.34
123370,53370,2026-07-01,Debit Card,Paid,23957.45
123371,53371,2024-05-08,Upi,Refunded,11893.47
123372,53372,2025-03-15,Upi,Paid,23832.25
123373,53373,2024-04-06,Cash On Delivery,Paid,5971.13
123374,53374,2026-03-16,Upi,Paid,29961.17
123375,53375,2026-08-27,Upi,Paid,23232.49
123376,53376,2026-04-22,Upi,Paid,18752.37
123377,53377,2026-08-23,Cash On Delivery,Paid,21647.41
123378,53378,2024-11-21,Credit Card,Failed,5995.97
123379,53379,2024-09-28,Cash On Delivery,Paid,16241.11
123380,53380,2026-04-12,Credit Card,Paid,22446.29
123381,53381,2025-09-27,Net Banking,Paid,13003.97
123382,53382,2025-01-02,Wallet,Paid,20390.05
123383,53383,2024-07-25,Upi,Paid,25803.76
123384,53384,2024-01-26,Upi,Paid,19403.68
123385,53385,2024-02-07,Credit Card,Paid,16228.85
123386,53386,2025-11-04,Upi,Paid,10399.15
123387,53387,2024-09-14,Credit Card,Paid,5367.11
123388,53388,2026-03-06,Cash On Delivery,Paid,25023.59
123389,53389,2026-04-01,Net Banking,Paid,25344.87
123390,53390,2025-03-14,Cash On Delivery,Paid,15756.99
123391,53391,2024-10-18,Credit Card,Paid,9216.4
123392,53392,2024-06-17,Upi,Paid,22956.55
123393,53393,2024-09-08,Upi,Paid,6066.81
123394,53394,2025-08-20,Upi,Failed,22482.11
123395,53395,2026-01-05,Upi,Paid,8635.94
123396,53396,2025-12-20,Credit Card,Paid,1279.64
123397,53397,2026-07-20,Credit Card,Paid,12074.65
123398,53398,2025-09-27,Upi,Paid,16892.29
123399,53399,2025-05-07,Upi,Paid,26681.39
123400,53400,2024-12-13,Credit Card,Paid,9145.18
123401,53401,2024-11-25,Credit Card,Paid,4762.78
123402,53402,2024-12-25,Credit Card,Paid,15217.64
123403,53403,2026-05-06,Cash On Delivery,Paid,23846.82
123404,53404,2025-06-19,Upi,Paid,9499.38
123405,53405,2024-08-03,Upi,Paid,7070.06
123406,53406,2024-07-06,Upi,Paid,10493.47
123407,53407,2024-01-31,Wallet,Paid,12431.6
123408,53408,2026-04-01,Credit Card,Paid,9417.86
123409,53409,2024-08-01,Upi,Paid,23803.76
123410,53410,2024-04-12,Cash On Delivery,Paid,15902.86
123411,53411,2024-10-07,Net Banking,Paid,4582.86
123412,53412,2025-04-16,Upi,Paid,5310.33
123413,53413,2026-07-20,Upi,Paid,751.85
123414,53414,2026-04-14,Upi,Paid,28448.98
123415,53415,2024-06-15,Upi,Paid,16887.73
123416,53416,2025-05-30,Net Banking,Paid,6203.07
123417,53417,2026-03-10,Debit Card,Paid,24173.64
123418,53418,2026-01-09,Upi,Pending,22222.84
123419,53419,2025-04-01,Upi,Paid,5190.04
123420,53420,2024-08-23,Cash On Delivery,Paid,25054.45
123421,53421,2026-01-31,Net Banking,Paid,4924.14
123422,53422,2025-03-09,Wallet,Paid,11550.57
123423,53423,2024-08-20,Upi,Refunded,17052.02
123424,53424,2025-11-24,Debit Card,Paid,897.16
123425,53425,2026-05-07,Upi,Paid,29485.28
123426,53426,2026-05-11,Upi,Pending,13930.93
123427,53427,2026-06-29,Debit Card,Paid,1457.2
123428,53428,2025-09-15,Cash On Delivery,Paid,4714.2
123429,53429,2026-01-15,Credit Card,Paid,25642.28
123430,53430,2024-08-24,Net Banking,Pending,28875.71
123431,53431,2024-11-11,Cash On Delivery,Paid,21518.62
123432,53432,2024-05-22,Credit Card,Pending,6367.39
123433,53433,2024-03-19,Cash On Delivery,Paid,28851.3
123434,53434,2026-03-27,Wallet,Paid,20992.5
123435,53435,2025-03-22,Credit Card,Pending,7158.92
123436,53436,2025-06-21,Upi,Paid,3740.89
123437,53437,2024-03-28,Upi,Paid,13705.81
123438,53438,2024-06-30,Credit Card,Paid,3295.71
123439,53439,2024-03-14,Cash On Delivery,Paid,6379.48
123440,53440,2025-04-19,Cash On Delivery,Paid,22070.34
123441,53441,2025-07-20,Upi,Paid,17811.98
123442,53442,2024-05-03,Upi,Paid,19244.11
123443,53443,2025-11-21,Cash On Delivery,Pending,9599.84
123444,53444,2024-04-12,Cash On Delivery,Paid,11662.86
123445,53445,2026-03-25,Upi,Paid,4047.93
123446,53446,2026-06-13,Wallet,Refunded,13979.17
123447,53447,2025-09-13,Net Banking,Paid,20257.46
123448,53448,2025-06-14,Credit Card,Paid,25192.39
123449,53449,2025-12-13,Wallet,Paid,9834.93
123450,53450,2024-09-01,Upi,Paid,27559.23
123451,53451,2026-06-13,Debit Card,Paid,1313.12
123452,53452,2026-05-05,Upi,Paid,13995.26
123453,53453,2025-11-06,Upi,Paid,28405.15
123454,53454,2026-08-29,Upi,Paid,4952.52
123455,53455,2024-10-21,Upi,Paid,14878.76
123456,53456,2026-05-08,Upi,Paid,7638.6
123457,53457,2024-02-05,Net Banking,Paid,12534.57
123458,53458,2025-12-27,Cash On Delivery,Paid,11022.3
123459,53459,2024-10-09,Upi,Paid,1960.18
123460,53460,2026-07-25,Credit Card,Refunded,16273.98
123461,53461,2025-07-06,Upi,Paid,23752.25
123462,53462,2024-07-10,Upi,Paid,29572.02
123463,53463,2024-11-01,Upi,Paid,1297.02
123464,53464,2026-05-01,Upi,Paid,14325.3
123465,53465,2026-02-21,Debit Card,Paid,996.34
123466,53466,2024-12-15,Upi,Paid,20204.42
123467,53467,2024-09-11,Wallet,Paid,29855.44
123468,53468,2024-02-01,Credit Card,Failed,22373.64
123469,53469,2024-04-30,Debit Card,Paid,18992.11
123470,53470,2024-02-01,Cash On Delivery,Paid,22670.63
123471,53471,2024-11-19,Cash On Delivery,Refunded,12853.12
123472,53472,2024-07-02,Upi,Paid,20622.86
123473,53473,2024-01-20,Net Banking,Paid,7154.18
123474,53474,2026-01-29,Cash On Delivery,Paid,11882.47
123475,53475,2026-05-04,Upi,Paid,1522.22
123476,53476,2026-05-21,Upi,Failed,14424.06
123477,53477,2026-03-23,Credit Card,Pending,24356.77
123478,53478,2024-05-06,Upi,Paid,5395.69
123479,53479,2024-06-09,Debit Card,Paid,19421.99
123480,53480,2026-04-03,Upi,Paid,16073.17
123481,53481,2024-01-16,Upi,Paid,10711.63
123482,53482,2026-01-05,Wallet,Paid,1455.93
123483,53483,2024-05-05,Upi,Paid,28606.37
123484,53484,2024-02-21,Wallet,Paid,4394.86
123485,53485,2026-01-30,Upi,Paid,15227.44
123486,53486,2025-12-10,Credit Card,Paid,7550.53
123487,53487,2024-03-23,Debit Card,Refunded,25447.68
123488,53488,2024-02-10,Upi,Paid,15026.78
123489,53489,2026-05-06,Upi,Paid,11298.74
123490,53490,2024-09-13,Upi,Pending,28891.1
123491,53491,2026-07-29,Cash On Delivery,Paid,7567.89
123492,53492,2025-05-30,Credit Card,Paid,27142.1
123493,53493,2026-08-09,Debit Card,Paid,24276.56
123494,53494,2026-06-03,Credit Card,Paid,29157.47
123495,53495,2025-08-20,Cash On Delivery,Paid,4587.31
123496,53496,2024-04-15,Debit Card,Paid,24763.24
123497,53497,2026-05-20,Upi,Failed,2731.54
123498,53498,2024-12-05,Debit Card,Paid,23420.03
123499,53499,2024-09-04,Upi,Paid,16469.97
123500,53500,2025-07-16,Credit Card,Paid,16113.81
123501,53501,2024-12-13,Upi,Paid,3312.35
123502,53502,2025-12-20,Debit Card,Paid,12827.08
123503,53503,2024-09-14,Upi,Paid,28442.16
123504,53504,2026-06-09,Debit Card,Paid,11542.34
123505,53505,2024-04-06,Credit Card,Refunded,15049.56
123506,53506,2025-04-02,Upi,Paid,12719.41
123507,53507,2026-07-21,Cash On Delivery,Paid,6993.82
123508,53508,2026-03-27,Credit Card,Paid,4654.05
123509,53509,2026-03-07,Upi,Paid,15587.08
123510,53510,2025-08-24,Credit Card,Paid,4243.79
123511,53511,2025-07-09,Net Banking,Paid,3130.62
123512,53512,2024-07-17,Upi,Paid,16080.69
123513,53513,2024-10-16,Upi,Paid,26790.35
123514,53514,2025-07-18,Upi,Paid,17544.62
123515,53515,2024-10-27,Credit Card,Paid,9653.82
123516,53516,2024-11-02,Credit Card,Refunded,18032.56
123517,53517,2025-10-21,Credit Card,Paid,2343.92
123518,53518,2025-11-16,Cash On Delivery,Paid,16308.71
123519,53519,2025-04-28,Debit Card,Paid,26800.78
123520,53520,2024-10-04,Upi,Paid,2672.55
123521,53521,2024-06-22,Upi,Refunded,9165.38
123522,53522,2024-09-12,Upi,Paid,4891.09
123523,53523,2024-11-18,Credit Card,Paid,27570.09
123524,53524,2026-07-07,Upi,Paid,26737.38
123525,53525,2024-11-10,Wallet,Paid,10981.18
123526,53526,2026-06-02,Debit Card,Paid,28104.22
123527,53527,2025-06-08,Net Banking,Paid,24059.96
123528,53528,2025-03-14,Credit Card,Paid,10328.12
123529,53529,2024-09-17,Upi,Paid,25097.75
123530,53530,2026-01-14,Upi,Paid,621.0
123531,53531,2026-03-28,Net Banking,Paid,7555.87
123532,53532,2026-08-10,Upi,Paid,22247.27
123533,53533,2026-03-07,Debit Card,Failed,10767.03
123534,53534,2024-03-29,Net Banking,Paid,9510.83
123535,53535,2026-05-05,Net Banking,Paid,17611.53
123536,53536,2025-08-13,Upi,Paid,8033.88
123537,53537,2025-05-13,Credit Card,Paid,11508.56
123538,53538,2024-09-03,Cash On Delivery,Paid,8694.64
123539,53539,2025-05-09,Cash On Delivery,Paid,23260.67
123540,53540,2026-02-18,Credit Card,Refunded,27304.62
123541,53541,2025-07-27,Credit Card,Paid,18282.15
123542,53542,2024-04-08,Upi,Paid,9869.84
123543,53543,2026-01-04,Net Banking,Paid,12981.24
123544,53544,2026-02-06,Upi,Paid,29307.99
123545,53545,2025-10-15,Upi,Paid,20336.64
123546,53546,2024-07-13,Debit Card,Refunded,17139.37
123547,53547,2024-10-15,Upi,Paid,2406.72
123548,53548,2025-03-18,Debit Card,Paid,8186.38
123549,53549,2026-04-25,Credit Card,Paid,24241.23
123550,53550,2026-03-03,Credit Card,Failed,21743.6
123551,53551,2024-04-05,Upi,Paid,12470.69
123552,53552,2024-03-07,Upi,Paid,7085.18
123553,53553,2024-02-21,Upi,Paid,27985.29
123554,53554,2026-06-21,Credit Card,Paid,16908.54
123555,53555,2026-04-19,Upi,Paid,1466.33
123556,53556,2024-08-01,Credit Card,Paid,16984.95
123557,53557,2026-06-07,Credit Card,Paid,3904.2
123558,53558,2025-04-30,Net Banking,Paid,24673.06
123559,53559,2024-10-30,Upi,Paid,19341.45
123560,53560,2025-12-14,Wallet,Paid,4174.46
123561,53561,2024-03-09,Debit Card,Paid,16947.87
123562,53562,2024-05-02,Upi,Paid,7257.62
123563,53563,2024-09-07,Cash On Delivery,Paid,23924.42
123564,53564,2025-08-15,Cash On Delivery,Paid,13534.5
123565,53565,2026-03-26,Debit Card,Paid,26990.34
123566,53566,2025-05-18,Upi,Paid,29509.78
123567,53567,2025-03-03,Upi,Paid,15102.56
123568,53568,2025-07-22,Net Banking,Paid,29013.12
123569,53569,2024-01-15,Credit Card,Paid,3407.18
123570,53570,2025-10-06,Cash On Delivery,Paid,14611.3
123571,53571,2026-02-21,Credit Card,Paid,15740.99
123572,53572,2025-02-14,Upi,Paid,6705.56
123573,53573,2025-09-23,Cash On Delivery,Paid,12771.54
123574,53574,2024-10-19,Net Banking,Paid,24358.67
123575,53575,2026-06-30,Debit Card,Paid,5624.11
123576,53576,2024-06-29,Net Banking,Paid,15969.27
123577,53577,2024-05-14,Upi,Paid,18954.12
123578,53578,2026-06-30,Upi,Paid,28756.65
123579,53579,2025-05-08,Wallet,Paid,28588.12
123580,53580,2025-01-24,Debit Card,Paid,20936.37
123581,53581,2026-03-03,Net Banking,Paid,12639.12
123582,53582,2024-10-03,Upi,Paid,1804.12
123583,53583,2024-10-14,Cash On Delivery,Paid,7313.41
123584,53584,2024-02-21,Credit Card,Refunded,15337.49
123585,53585,2025-05-19,Net Banking,Paid,12218.66
123586,53586,2025-12-31,Upi,Pending,10290.52
123587,53587,2026-08-14,Credit Card,Paid,5522.36
123588,53588,2025-05-28,Credit Card,Paid,3266.37
123589,53589,2024-03-15,Upi,Paid,25339.21
123590,53590,2024-07-07,Wallet,Paid,9552.58
123591,53591,2024-10-02,Upi,Paid,23289.21
123592,53592,2026-05-19,Upi,Paid,26748.7
123593,53593,2025-07-19,Debit Card,Paid,18282.49
123594,53594,2026-06-27,Debit Card,Paid,7565.87
123595,53595,2026-04-01,Upi,Paid,1589.31
123596,53596,2026-05-07,Upi,Paid,2377.31
123597,53597,2024-09-28,Cash On Delivery,Paid,17702.28
123598,53598,2025-06-29,Cash On Delivery,Paid,14021.87
123599,53599,2024-02-28,Net Banking,Paid,473.83
123600,53600,2024-12-29,Wallet,Paid,18454.99
123601,53601,2024-11-01,Upi,Paid,20829.41
123602,53602,2024-06-07,Credit Card,Failed,29127.21
123603,53603,2024-03-02,Upi,Pending,21808.45
123604,53604,2024-12-31,Net Banking,Paid,27514.21
123605,53605,2024-03-09,Credit Card,Paid,1057.86
123606,53606,2025-08-18,Credit Card,Paid,22369.98
123607,53607,2024-09-26,Debit Card,Paid,29961.41
123608,53608,2024-08-09,Wallet,Paid,21768.11
123609,53609,2024-04-20,Debit Card,Paid,15907.45
123610,53610,2025-03-26,Credit Card,Pending,13242.87
123611,53611,2024-06-14,Wallet,Paid,29290.9
123612,53612,2025-07-11,Debit Card,Paid,455.11
123613,53613,2026-08-15,Wallet,Paid,16777.62
123614,53614,2025-12-13,Wallet,Paid,5032.51
123615,53615,2024-04-23,Credit Card,Paid,24642.42
123616,53616,2024-03-31,Debit Card,Paid,11728.88
123617,53617,2026-04-29,Upi,Paid,6060.71
123618,53618,2026-04-22,Credit Card,Paid,20816.79
123619,53619,2024-12-17,Credit Card,Paid,19908.21
123620,53620,2025-03-19,Credit Card,Paid,20310.69
123621,53621,2025-01-03,Net Banking,Failed,23705.34
123622,53622,2025-07-18,Wallet,Paid,25924.43
123623,53623,2024-07-22,Credit Card,Paid,24233.53
123624,53624,2026-07-04,Net Banking,Paid,1443.68
123625,53625,2025-01-28,Debit Card,Paid,28598.97
123626,53626,2024-06-13,Upi,Paid,735.42
123627,53627,2024-10-18,Net Banking,Paid,13856.67
123628,53628,2026-05-09,Net Banking,Paid,494.34
123629,53629,2024-10-08,Upi,Paid,18551.24
123630,53630,2026-02-21,Net Banking,Pending,7627.34
123631,53631,2026-01-15,Upi,Paid,3886.53
123632,53632,2026-08-22,Debit Card,Paid,11464.75
123633,53633,2024-05-28,Cash On Delivery,Paid,21724.16
123634,53634,2025-01-19,Upi,Paid,21556.64
123635,53635,2026-03-28,Upi,Paid,12935.2
123636,53636,2024-05-03,Net Banking,Paid,27219.21
123637,53637,2024-02-05,Cash On Delivery,Paid,14077.25
123638,53638,2024-01-14,Cash On Delivery,Refunded,1083.88
123639,53639,2024-03-21,Debit Card,Paid,28616.5
123640,53640,2026-02-10,Upi,Paid,16329.25
123641,53641,2024-12-05,Debit Card,Paid,12794.1
123642,53642,2024-05-15,Upi,Paid,21147.75
123643,53643,2025-11-15,Upi,Paid,1012.42
123644,53644,2024-10-24,Upi,Paid,5442.85
123645,53645,2024-05-16,Upi,Paid,20244.02
123646,53646,2026-08-15,Upi,Paid,13567.56
123647,53647,2025-07-22,Wallet,Paid,25612.96
123648,53648,2025-03-05,Cash On Delivery,Refunded,16342.45
123649,53649,2026-06-15,Upi,Paid,6635.97
123650,53650,2024-08-15,Upi,Paid,3637.64
123651,53651,2025-07-26,Upi,Paid,3994.48
123652,53652,2026-01-03,Credit Card,Paid,28517.11
123653,53653,2024-01-06,Upi,Paid,13203.23
123654,53654,2024-09-22,Credit Card,Paid,1875.3
123655,53655,2024-04-05,Net Banking,Paid,10452.04
123656,53656,2025-06-01,Wallet,Paid,8541.42
123657,53657,2025-10-24,Upi,Paid,26399.91
123658,53658,2024-06-02,Upi,Paid,16379.99
123659,53659,2024-05-19,Net Banking,Paid,15895.21
123660,53660,2025-03-24,Upi,Refunded,27270.58
123661,53661,2025-01-20,Net Banking,Paid,651.57
123662,53662,2024-04-15,Net Banking,Paid,2918.94
123663,53663,2025-10-22,Credit Card,Paid,3082.35
123664,53664,2026-01-19,Net Banking,Pending,14979.28
123665,53665,2025-02-22,Wallet,Paid,23929.74
123666,53666,2024-12-23,Cash On Delivery,Refunded,2897.08
123667,53667,2024-06-05,Upi,Paid,13197.24
123668,53668,2024-11-07,Credit Card,Paid,24180.03
123669,53669,2025-05-10,Upi,Paid,14388.75
123670,53670,2026-08-24,Upi,Pending,9198.66
123671,53671,2024-06-30,Cash On Delivery,Paid,18685.83
123672,53672,2026-03-17,Upi,Paid,22992.79
123673,53673,2025-05-03,Debit Card,Paid,9220.05
123674,53674,2025-06-24,Wallet,Paid,25449.43
123675,53675,2024-10-19,Credit Card,Paid,16202.35
123676,53676,2026-07-06,Upi,Paid,9780.3
123677,53677,2024-03-05,Upi,Paid,27323.95
123678,53678,2024-07-27,Cash On Delivery,Paid,2507.74
123679,53679,2024-11-04,Credit Card,Paid,13728.14
123680,53680,2025-07-13,Debit Card,Paid,28927.08
123681,53681,2025-02-15,Upi,Paid,26932.31
123682,53682,2026-06-20,Upi,Paid,8384.81
123683,53683,2024-06-29,Credit Card,Paid,677.87
123684,53684,2025-07-08,Cash On Delivery,Paid,7624.48
123685,53685,2025-04-16,Net Banking,Paid,7384.09
123686,53686,2024-10-28,Credit Card,Paid,13140.95
123687,53687,2024-01-25,Credit Card,Paid,5830.62
123688,53688,2026-02-28,Net Banking,Paid,7610.72
123689,53689,2024-07-15,Upi,Paid,17183.47
123690,53690,2024-05-16,Net Banking,Paid,3928.39
123691,53691,2025-07-07,Upi,Paid,15667.58
123692,53692,2024-05-28,Credit Card,Paid,21391.84
123693,53693,2025-09-13,Debit Card,Paid,21742.37
123694,53694,2025-12-10,Credit Card,Paid,17422.24
123695,53695,2024-08-13,Credit Card,Refunded,7925.16
123696,53696,2024-03-09,Debit Card,Paid,6153.4
123697,53697,2024-04-06,Cash On Delivery,Refunded,26580.73
123698,53698,2024-02-21,Credit Card,Paid,26966.33
123699,53699,2025-04-15,Credit Card,Paid,24930.25
123700,53700,2025-01-04,Credit Card,Paid,23204.04
123701,53701,2026-01-27,Upi,Paid,27234.46
123702,53702,2025-01-21,Cash On Delivery,Paid,10462.65
123703,53703,2025-09-23,Wallet,Failed,8102.5
123704,53704,2025-04-02,Wallet,Paid,29513.29
123705,53705,2025-02-22,Upi,Paid,26531.58
123706,53706,2025-12-20,Debit Card,Paid,22121.37
123707,53707,2025-05-08,Credit Card,Paid,1835.83
123708,53708,2025-07-07,Upi,Paid,3913.02
123709,53709,2025-03-12,Upi,Paid,17560.86
123710,53710,2025-11-26,Debit Card,Failed,20984.72
123711,53711,2024-10-24,Debit Card,Paid,496.72
123712,53712,2024-02-20,Upi,Refunded,3243.05
123713,53713,2025-02-17,Credit Card,Refunded,25103.26
123714,53714,2024-11-04,Net Banking,Paid,5658.29
123715,53715,2026-05-21,Debit Card,Paid,12451.0
123716,53716,2026-07-27,Credit Card,Paid,29420.1
123717,53717,2024-08-02,Net Banking,Paid,16907.7
123718,53718,2025-02-21,Upi,Paid,7625.25
123719,53719,2025-02-24,Cash On Delivery,Failed,9142.98
123720,53720,2024-08-03,Wallet,Paid,26714.74
123721,53721,2024-01-11,Net Banking,Paid,9789.44
123722,53722,2026-08-22,Net Banking,Paid,10803.71
123723,53723,2025-09-26,Cash On Delivery,Paid,15485.43
123724,53724,2025-02-03,Credit Card,Paid,28902.88
123725,53725,2024-06-28,Upi,Paid,4538.38
123726,53726,2025-04-11,Credit Card,Paid,13658.12
123727,53727,2024-09-24,Debit Card,Paid,20993.31
123728,53728,2024-08-05,Cash On Delivery,Paid,26806.8
123729,53729,2026-07-19,Net Banking,Paid,18620.7
123730,53730,2025-10-01,Upi,Paid,6922.41
123731,53731,2024-10-26,Cash On Delivery,Paid,8115.14
123732,53732,2024-07-22,Upi,Paid,2564.98
123733,53733,2026-01-15,Credit Card,Paid,20658.42
123734,53734,2025-08-15,Upi,Refunded,7781.71
123735,53735,2026-04-12,Upi,Refunded,24971.87
123736,53736,2026-01-06,Upi,Paid,23617.02
123737,53737,2025-01-28,Credit Card,Paid,19091.07
123738,53738,2025-09-26,Cash On Delivery,Paid,5830.66
123739,53739,2025-01-06,Upi,Paid,5124.49
123740,53740,2024-03-28,Wallet,Pending,6549.53
123741,53741,2024-01-31,Wallet,Paid,20619.8
123742,53742,2024-03-20,Net Banking,Paid,12764.31
123743,53743,2026-06-12,Upi,Paid,4474.4
123744,53744,2026-03-28,Credit Card,Paid,16661.62
123745,53745,2025-01-17,Wallet,Paid,20378.78
123746,53746,2026-05-29,Upi,Refunded,11549.57
123747,53747,2025-12-17,Credit Card,Refunded,13206.5
123748,53748,2024-05-12,Credit Card,Paid,10679.41
123749,53749,2024-08-09,Upi,Paid,14886.99
123750,53750,2024-12-30,Upi,Paid,7132.22
123751,53751,2026-02-19,Upi,Failed,11339.2
123752,53752,2025-09-29,Net Banking,Paid,28851.82
123753,53753,2025-01-17,Upi,Paid,29694.68
123754,53754,2026-03-24,Credit Card,Paid,12306.74
123755,53755,2024-11-13,Debit Card,Paid,994.96
123756,53756,2026-06-02,Upi,Paid,6778.31
123757,53757,2025-11-30,Cash On Delivery,Paid,7943.68
123758,53758,2025-11-10,Net Banking,Paid,6730.91
123759,53759,2024-03-29,Cash On Delivery,Paid,1495.0
123760,53760,2024-05-23,Cash On Delivery,Paid,3688.94
123761,53761,2026-08-11,Credit Card,Paid,6580.56
123762,53762,2026-01-15,Debit Card,Paid,28175.32
123763,53763,2024-09-07,Credit Card,Paid,2796.66
123764,53764,2026-04-14,Wallet,Paid,14401.53
123765,53765,2024-10-28,Credit Card,Paid,27181.22
123766,53766,2024-12-09,Net Banking,Paid,15476.17
123767,53767,2024-10-24,Net Banking,Paid,3162.44
123768,53768,2025-04-24,Cash On Delivery,Paid,3593.5
123769,53769,2026-01-10,Cash On Delivery,Paid,20659.64
123770,53770,2024-06-10,Upi,Paid,1226.97
123771,53771,2026-07-30,Credit Card,Paid,22657.45
123772,53772,2024-10-24,Upi,Paid,17238.06
123773,53773,2026-07-30,Wallet,Failed,15738.49
123774,53774,2026-04-24,Debit Card,Paid,4194.49
123775,53775,2025-06-18,Credit Card,Paid,4399.9
123776,53776,2024-03-28,Upi,Pending,26777.71
123777,53777,2025-07-10,Upi,Paid,8988.41
123778,53778,2026-01-09,Upi,Paid,5950.8
123779,53779,2026-08-10,Net Banking,Paid,18650.5
123780,53780,2024-04-06,Upi,Paid,20415.01
123781,53781,2025-12-26,Wallet,Failed,6905.96
123782,53782,2024-10-11,Upi,Paid,19215.48
123783,53783,2025-12-31,Upi,Paid,5358.49
123784,53784,2025-07-21,Credit Card,Paid,21567.97
123785,53785,2026-04-22,Net Banking,Paid,27909.66
123786,53786,2024-01-07,Upi,Paid,10443.62
123787,53787,2025-05-05,Debit Card,Paid,14634.52
123788,53788,2025-10-20,Debit Card,Paid,11986.27
123789,53789,2025-01-02,Cash On Delivery,Paid,16840.16
123790,53790,2024-11-03,Credit Card,Paid,20329.21
123791,53791,2024-11-14,Net Banking,Refunded,21738.24
123792,53792,2025-12-30,Net Banking,Paid,27345.44
123793,53793,2024-07-20,Cash On Delivery,Paid,26864.82
123794,53794,2026-08-05,Wallet,Paid,21146.9
123795,53795,2024-07-24,Upi,Paid,15525.97
123796,53796,2025-02-08,Wallet,Paid,13451.0
123797,53797,2026-08-21,Net Banking,Paid,24748.85
123798,53798,2024-01-30,Upi,Paid,18949.41
123799,53799,2024-11-23,Cash On Delivery,Paid,26368.28
123800,53800,2026-04-04,Cash On Delivery,Paid,28032.03
123801,53801,2024-11-04,Upi,Paid,1130.4
123802,53802,2024-09-26,Cash On Delivery,Paid,1134.0
123803,53803,2024-01-03,Upi,Paid,16512.78
123804,53804,2024-05-26,Upi,Paid,4769.2
123805,53805,2024-07-10,Debit Card,Paid,23044.54
123806,53806,2026-05-02,Upi,Refunded,22344.85
123807,53807,2025-06-16,Net Banking,Paid,8675.34
123808,53808,2024-08-16,Cash On Delivery,Paid,17531.49
123809,53809,2026-02-25,Debit Card,Paid,13629.75
123810,53810,2025-08-13,Net Banking,Paid,16769.27
123811,53811,2024-11-04,Upi,Paid,4972.78
123812,53812,2024-09-05,Credit Card,Paid,23308.86
123813,53813,2024-08-02,Upi,Paid,9332.1
123814,53814,2025-11-25,Upi,Paid,25743.11
123815,53815,2025-11-28,Credit Card,Paid,21720.81
123816,53816,2025-09-24,Wallet,Paid,16520.37
123817,53817,2025-03-12,Credit Card,Paid,1518.44
123818,53818,2025-05-10,Debit Card,Paid,3094.73
123819,53819,2026-05-23,Upi,Paid,16644.16
123820,53820,2025-06-22,Credit Card,Paid,8911.98
123821,53821,2025-08-18,Cash On Delivery,Refunded,21959.89
123822,53822,2024-08-09,Upi,Paid,20115.08
123823,53823,2025-03-20,Credit Card,Paid,28180.84
123824,53824,2024-01-22,Cash On Delivery,Paid,10449.3
123825,53825,2025-03-23,Net Banking,Pending,16809.34
123826,53826,2026-02-16,Upi,Paid,13578.68
123827,53827,2025-10-14,Upi,Paid,24581.6
123828,53828,2026-05-15,Cash On Delivery,Failed,4136.0
123829,53829,2024-11-29,Upi,Paid,7413.4
123830,53830,2026-01-24,Upi,Paid,7722.07
123831,53831,2025-12-11,Wallet,Paid,4254.03
123832,53832,2025-11-20,Net Banking,Paid,3883.67
123833,53833,2026-02-14,Upi,Paid,21891.11
123834,53834,2025-04-05,Net Banking,Failed,711.87
123835,53835,2024-11-30,Credit Card,Paid,28580.98
123836,53836,2025-07-21,Credit Card,Refunded,23742.85
123837,53837,2025-01-08,Net Banking,Paid,28332.73
123838,53838,2025-11-02,Net Banking,Paid,9366.25
123839,53839,2026-04-20,Credit Card,Paid,14883.27
123840,53840,2024-01-27,Credit Card,Paid,21280.03
123841,53841,2025-08-26,Cash On Delivery,Paid,959.78
123842,53842,2025-02-16,Credit Card,Paid,17379.69
123843,53843,2024-04-14,Upi,Paid,9668.37
123844,53844,2024-08-07,Debit Card,Paid,2660.27
123845,53845,2026-03-14,Cash On Delivery,Paid,18985.74
123846,53846,2024-12-22,Upi,Paid,1603.74
123847,53847,2024-03-28,Net Banking,Failed,11579.27
123848,53848,2025-12-28,Upi,Paid,23420.66
123849,53849,2024-08-19,Upi,Pending,6220.98
123850,53850,2024-12-21,Upi,Paid,17858.9
123851,53851,2024-07-09,Upi,Paid,17026.65
123852,53852,2025-12-19,Credit Card,Paid,11285.34
123853,53853,2026-06-11,Upi,Paid,29434.52
123854,53854,2026-08-02,Net Banking,Failed,23632.9
123855,53855,2024-03-13,Upi,Paid,14306.08
123856,53856,2026-06-17,Debit Card,Paid,26522.66
123857,53857,2025-09-09,Upi,Paid,8624.81
123858,53858,2026-03-13,Net Banking,Paid,4493.41
123859,53859,2024-03-13,Wallet,Paid,4927.83
123860,53860,2026-04-07,Upi,Paid,13085.09
123861,53861,2024-11-14,Net Banking,Paid,29346.05
123862,53862,2025-01-18,Upi,Paid,6976.54
123863,53863,2026-05-20,Cash On Delivery,Failed,10635.52
123864,53864,2025-12-10,Credit Card,Paid,24699.49
123865,53865,2025-05-12,Cash On Delivery,Paid,10259.18
123866,53866,2025-10-09,Credit Card,Paid,16025.37
123867,53867,2024-12-12,Upi,Paid,25037.32
123868,53868,2026-08-11,Net Banking,Paid,19581.93
123869,53869,2024-03-09,Debit Card,Paid,11523.11
123870,53870,2025-07-14,Credit Card,Paid,3021.95
123871,53871,2024-02-14,Upi,Paid,15197.69
123872,53872,2025-02-23,Credit Card,Paid,2604.96
123873,53873,2025-05-11,Upi,Paid,24056.24
123874,53874,2026-03-25,Upi,Paid,13629.15
123875,53875,2026-07-02,Cash On Delivery,Paid,8344.88
123876,53876,2025-12-29,Wallet,Paid,26113.03
123877,53877,2026-07-24,Debit Card,Paid,12675.37
123878,53878,2024-05-04,Upi,Paid,17987.91
123879,53879,2025-05-26,Net Banking,Paid,27933.14
123880,53880,2025-08-04,Upi,Paid,18863.41
123881,53881,2024-03-15,Wallet,Paid,21536.9
123882,53882,2025-07-31,Cash On Delivery,Paid,24579.81
123883,53883,2024-02-13,Cash On Delivery,Paid,7476.86
123884,53884,2025-09-07,Net Banking,Paid,13280.27
123885,53885,2024-08-04,Debit Card,Paid,22052.12
123886,53886,2026-07-05,Credit Card,Paid,12864.18
123887,53887,2024-11-12,Debit Card,Paid,29517.76
123888,53888,2025-08-06,Wallet,Paid,1817.1
123889,53889,2025-08-15,Upi,Refunded,22261.93
123890,53890,2026-04-26,Debit Card,Paid,21992.96
123891,53891,2024-11-23,Upi,Paid,7079.28
123892,53892,2024-12-16,Upi,Paid,23793.39
123893,53893,2025-10-27,Cash On Delivery,Paid,18080.51
123894,53894,2024-02-25,Net Banking,Paid,9931.07
123895,53895,2025-06-23,Debit Card,Paid,5737.05
123896,53896,2024-12-31,Upi,Paid,18655.21
123897,53897,2026-08-09,Cash On Delivery,Paid,14624.27
123898,53898,2025-06-03,Wallet,Paid,17131.29
123899,53899,2026-01-21,Upi,Paid,23643.2
123900,53900,2026-03-19,Upi,Paid,3731.69
123901,53901,2024-05-24,Upi,Paid,24171.9
123902,53902,2025-09-06,Credit Card,Refunded,26303.27
123903,53903,2025-10-22,Wallet,Paid,3056.25
123904,53904,2025-03-05,Net Banking,Paid,13425.39
123905,53905,2024-07-14,Upi,Paid,3606.39
123906,53906,2025-03-24,Upi,Paid,16651.43
123907,53907,2024-02-20,Wallet,Paid,17637.47
123908,53908,2026-08-24,Upi,Paid,13598.18
123909,53909,2024-03-29,Upi,Paid,15157.53
123910,53910,2024-05-18,Credit Card,Paid,14167.88
123911,53911,2024-05-14,Credit Card,Refunded,10261.71
123912,53912,2024-07-18,Upi,Paid,13589.01
123913,53913,2024-06-29,Wallet,Paid,3739.57
123914,53914,2025-09-01,Wallet,Paid,10113.15
123915,53915,2024-04-21,Credit Card,Paid,650.25
123916,53916,2025-11-11,Upi,Paid,10482.47
123917,53917,2025-01-31,Upi,Paid,27098.87
123918,53918,2025-01-21,Upi,Paid,6320.13
123919,53919,2025-05-12,Upi,Paid,20494.79
123920,53920,2024-02-03,Cash On Delivery,Paid,23412.72
123921,53921,2025-05-01,Debit Card,Paid,6077.74
123922,53922,2025-05-22,Cash On Delivery,Paid,21764.22
123923,53923,2025-12-29,Cash On Delivery,Failed,22548.12
123924,53924,2024-05-20,Upi,Paid,23326.26
123925,53925,2024-02-22,Upi,Paid,17001.99
123926,53926,2024-02-26,Debit Card,Paid,11550.52
123927,53927,2026-07-21,Cash On Delivery,Paid,21769.16
123928,53928,2024-12-01,Upi,Paid,2441.21
123929,53929,2024-08-17,Upi,Paid,13340.66
123930,53930,2024-05-13,Credit Card,Paid,25702.08
123931,53931,2024-09-08,Wallet,Refunded,7202.06
123932,53932,2025-03-03,Debit Card,Paid,14538.69
123933,53933,2026-08-01,Credit Card,Paid,11097.35
123934,53934,2026-01-08,Debit Card,Paid,7207.37
123935,53935,2026-04-08,Credit Card,Paid,8811.34
123936,53936,2024-02-16,Debit Card,Paid,20835.71
123937,53937,2025-07-14,Cash On Delivery,Paid,17753.88
123938,53938,2025-05-01,Cash On Delivery,Paid,29897.52
123939,53939,2024-07-08,Cash On Delivery,Paid,28240.49
123940,53940,2025-04-27,Wallet,Paid,6926.08
123941,53941,2025-07-21,Wallet,Paid,29176.36
123942,53942,2024-01-05,Credit Card,Paid,21122.19
123943,53943,2026-08-09,Upi,Refunded,14282.74
123944,53944,2025-12-19,Credit Card,Paid,10611.22
123945,53945,2026-06-17,Upi,Paid,22715.63
123946,53946,2024-03-31,Debit Card,Paid,7541.18
123947,53947,2024-02-29,Debit Card,Paid,2392.77
123948,53948,2026-06-25,Cash On Delivery,Paid,10282.6
123949,53949,2026-06-24,Credit Card,Paid,19775.93
123950,53950,2025-09-15,Credit Card,Paid,25240.69
123951,53951,2024-07-13,Wallet,Paid,17705.55
123952,53952,2024-10-09,Upi,Paid,10656.11
123953,53953,2026-02-10,Wallet,Paid,18825.29
123954,53954,2026-06-17,Debit Card,Paid,23101.17
123955,53955,2025-10-15,Debit Card,Paid,27824.35
123956,53956,2025-01-24,Net Banking,Paid,23122.43
123957,53957,2026-03-08,Net Banking,Paid,11807.15
123958,53958,2024-09-09,Debit Card,Paid,22325.54
123959,53959,2024-05-06,Upi,Paid,25313.98
123960,53960,2025-01-08,Cash On Delivery,Failed,5614.66
123961,53961,2025-04-01,Debit Card,Paid,9999.43
123962,53962,2025-08-17,Upi,Pending,10406.9
123963,53963,2025-10-29,Upi,Paid,29146.9
123964,53964,2025-12-02,Upi,Paid,17557.65
123965,53965,2024-07-18,Upi,Paid,8087.87
123966,53966,2025-10-03,Upi,Paid,11188.77
123967,53967,2024-02-16,Upi,Paid,25356.6
123968,53968,2026-06-15,Wallet,Paid,676.34
123969,53969,2025-03-07,Upi,Paid,15985.72
123970,53970,2026-07-18,Cash On Delivery,Paid,23018.0
123971,53971,2026-04-24,Cash On Delivery,Paid,22679.62
123972,53972,2024-07-10,Upi,Paid,8970.26
123973,53973,2024-04-18,Upi,Paid,26822.07
123974,53974,2026-06-04,Upi,Paid,23929.12
123975,53975,2025-04-23,Wallet,Paid,19180.05
123976,53976,2024-04-15,Debit Card,Paid,10536.95
123977,53977,2025-08-16,Upi,Paid,16086.48
123978,53978,2026-07-19,Upi,Paid,6500.78
123979,53979,2025-08-07,Credit Card,Paid,875.7
123980,53980,2024-09-10,Debit Card,Pending,29349.39
123981,53981,2024-11-23,Net Banking,Pending,15666.91
123982,53982,2024-09-16,Upi,Paid,28707.56
123983,53983,2025-06-08,Upi,Paid,25638.63
123984,53984,2025-02-13,Credit Card,Paid,13190.84
123985,53985,2024-11-28,Upi,Paid,8123.48
123986,53986,2024-06-25,Credit Card,Pending,1402.49
123987,53987,2024-01-31,Wallet,Paid,17120.87
123988,53988,2026-03-15,Cash On Delivery,Paid,6707.91
123989,53989,2026-02-19,Upi,Paid,534.44
123990,53990,2024-05-01,Cash On Delivery,Paid,29979.92
123991,53991,2024-08-10,Upi,Paid,5426.22
123992,53992,2025-03-03,Credit Card,Paid,17378.35
123993,53993,2025-08-03,Upi,Paid,8410.47
123994,53994,2026-05-31,Cash On Delivery,Paid,11105.99
123995,53995,2025-11-09,Upi,Paid,25179.08
123996,53996,2025-09-09,Upi,Paid,13786.54
123997,53997,2025-12-25,Wallet,Paid,15615.6
123998,53998,2025-08-11,Upi,Paid,6723.64
123999,53999,2026-06-21,Debit Card,Paid,17544.2
124000,54000,2026-08-23,Net Banking,Paid,8218.44
124001,54001,2025-03-14,Cash On Delivery,Paid,4514.32
124002,54002,2024-01-23,Wallet,Paid,11654.55
124003,54003,2026-08-24,Net Banking,Paid,2525.66
124004,54004,2024-11-07,Cash On Delivery,Refunded,2418.47
124005,54005,2024-09-18,Debit Card,Paid,4424.49
124006,54006,2024-05-04,Net Banking,Paid,14627.07
124007,54007,2026-01-10,Upi,Paid,5696.53
124008,54008,2024-06-28,Credit Card,Paid,21868.51
124009,54009,2026-07-27,Upi,Paid,13775.03
124010,54010,2024-07-28,Credit Card,Paid,10705.38
124011,54011,2024-03-14,Upi,Refunded,20360.59
124012,54012,2025-08-31,Cash On Delivery,Paid,20379.83
124013,54013,2024-07-21,Net Banking,Paid,1250.09
124014,54014,2024-09-21,Debit Card,Paid,9420.45
124015,54015,2024-04-15,Cash On Delivery,Paid,23367.03
124016,54016,2025-10-09,Cash On Delivery,Paid,15823.51
124017,54017,2024-08-04,Credit Card,Paid,25430.45
124018,54018,2025-12-18,Credit Card,Paid,2911.9
124019,54019,2024-09-10,Upi,Paid,791.96
124020,54020,2025-01-27,Upi,Paid,18783.82
124021,54021,2025-04-24,Upi,Paid,27630.19
124022,54022,2025-06-06,Net Banking,Paid,2133.73
124023,54023,2026-03-14,Wallet,Paid,28877.59
124024,54024,2024-05-09,Upi,Paid,26041.36
124025,54025,2024-08-12,Net Banking,Paid,17471.45
124026,54026,2025-12-31,Wallet,Paid,27592.01
124027,54027,2026-04-11,Cash On Delivery,Paid,19325.44
124028,54028,2025-02-10,Net Banking,Paid,23629.49
124029,54029,2024-01-07,Upi,Paid,7203.73
124030,54030,2026-03-23,Upi,Pending,29930.57
124031,54031,2025-08-17,Net Banking,Paid,21380.09
124032,54032,2025-05-28,Upi,Paid,26081.01
124033,54033,2025-01-12,Upi,Failed,11444.82
124034,54034,2025-11-06,Upi,Paid,17572.76
124035,54035,2024-10-06,Cash On Delivery,Paid,12914.77
124036,54036,2024-12-16,Upi,Paid,11838.83
124037,54037,2026-01-17,Credit Card,Paid,15247.1
124038,54038,2024-12-26,Upi,Failed,27650.4
124039,54039,2026-07-07,Credit Card,Paid,17090.91
124040,54040,2025-03-02,Credit Card,Paid,28257.96
124041,54041,2025-07-01,Cash On Delivery,Paid,15058.75
124042,54042,2025-09-08,Debit Card,Paid,19525.18
124043,54043,2025-11-11,Net Banking,Paid,1368.82
124044,54044,2025-05-09,Credit Card,Paid,8089.69
124045,54045,2024-12-20,Upi,Paid,24186.41
124046,54046,2026-02-19,Cash On Delivery,Paid,7118.17
124047,54047,2025-11-28,Credit Card,Paid,12349.48
124048,54048,2024-02-25,Upi,Paid,14019.76
124049,54049,2025-09-01,Cash On Delivery,Paid,11027.33
124050,54050,2026-05-25,Net Banking,Failed,28026.45
124051,54051,2025-06-30,Net Banking,Paid,823.93
124052,54052,2026-06-18,Upi,Paid,16527.75
124053,54053,2025-01-16,Upi,Paid,23011.82
124054,54054,2024-08-26,Upi,Paid,16693.53
124055,54055,2025-04-28,Net Banking,Paid,659.81
124056,54056,2024-04-09,Net Banking,Paid,26494.51
124057,54057,2024-03-04,Credit Card,Paid,7255.41
124058,54058,2025-07-11,Upi,Paid,1510.58
124059,54059,2024-02-01,Debit Card,Failed,4450.43
124060,54060,2024-03-06,Net Banking,Paid,2112.51
124061,54061,2025-03-19,Upi,Pending,5805.77
124062,54062,2024-08-11,Upi,Paid,16114.09
124063,54063,2024-06-24,Upi,Paid,19109.81
124064,54064,2025-05-09,Credit Card,Paid,16727.84
124065,54065,2024-11-16,Debit Card,Paid,28113.41
124066,54066,2025-08-18,Upi,Paid,10667.31
124067,54067,2025-02-16,Upi,Paid,17528.15
124068,54068,2024-07-09,Cash On Delivery,Pending,1167.24
124069,54069,2025-11-17,Cash On Delivery,Failed,27154.79
124070,54070,2026-06-24,Credit Card,Paid,3913.14
124071,54071,2025-12-06,Debit Card,Paid,24659.14
124072,54072,2024-06-27,Wallet,Paid,11628.31
124073,54073,2025-06-26,Upi,Paid,19787.27
124074,54074,2024-05-30,Credit Card,Paid,13127.22
124075,54075,2024-01-28,Cash On Delivery,Paid,7863.24
124076,54076,2024-06-06,Cash On Delivery,Paid,21883.4
124077,54077,2026-02-27,Upi,Paid,9661.76
124078,54078,2026-06-22,Cash On Delivery,Paid,29303.34
124079,54079,2025-08-05,Upi,Paid,24530.4
124080,54080,2026-05-03,Upi,Paid,27532.5
124081,54081,2025-02-01,Credit Card,Paid,15859.37
124082,54082,2024-02-03,Cash On Delivery,Paid,7896.88
124083,54083,2026-05-29,Upi,Paid,21557.26
124084,54084,2025-12-07,Credit Card,Paid,6303.9
124085,54085,2025-10-02,Upi,Paid,11732.72
124086,54086,2024-03-12,Upi,Paid,5523.58
124087,54087,2026-07-25,Wallet,Paid,25234.15
124088,54088,2024-03-16,Upi,Paid,20005.17
124089,54089,2024-01-17,Upi,Paid,16388.46
124090,54090,2024-03-15,Upi,Paid,19199.66
124091,54091,2026-07-03,Upi,Paid,398.82
124092,54092,2026-03-15,Credit Card,Paid,27316.31
124093,54093,2024-04-22,Cash On Delivery,Paid,15466.23
124094,54094,2025-02-21,Upi,Paid,15168.96
124095,54095,2025-05-30,Upi,Paid,19715.82
124096,54096,2025-06-25,Net Banking,Paid,17183.24
124097,54097,2024-07-17,Upi,Paid,9023.69
124098,54098,2024-01-30,Net Banking,Paid,28870.88
124099,54099,2024-02-01,Net Banking,Refunded,28493.33
124100,54100,2026-05-23,Upi,Paid,13603.14
124101,54101,2025-08-27,Credit Card,Paid,2048.9
124102,54102,2026-08-10,Upi,Paid,3479.33
124103,54103,2026-04-17,Credit Card,Paid,3485.55
124104,54104,2024-08-16,Wallet,Pending,3710.41
124105,54105,2024-03-30,Cash On Delivery,Paid,24364.97
124106,54106,2025-09-30,Debit Card,Paid,514.61
124107,54107,2024-08-08,Cash On Delivery,Paid,21911.11
124108,54108,2025-10-20,Net Banking,Paid,3825.67
124109,54109,2026-07-28,Cash On Delivery,Paid,5276.9
124110,54110,2026-07-27,Credit Card,Paid,29683.14
124111,54111,2024-08-31,Debit Card,Paid,2880.72
124112,54112,2025-04-14,Debit Card,Paid,7506.23
124113,54113,2025-11-20,Upi,Paid,21870.6
124114,54114,2024-08-20,Debit Card,Paid,17853.16
124115,54115,2025-07-02,Net Banking,Paid,24632.17
124116,54116,2024-12-15,Credit Card,Failed,26711.03
124117,54117,2025-07-13,Upi,Paid,12356.4
124118,54118,2025-09-15,Upi,Refunded,7899.31
124119,54119,2026-04-30,Credit Card,Paid,12518.89
124120,54120,2025-04-05,Cash On Delivery,Paid,21997.14
124121,54121,2024-10-06,Upi,Paid,26466.67
124122,54122,2024-03-19,Debit Card,Paid,9034.14
124123,54123,2025-11-12,Upi,Paid,28813.13
124124,54124,2026-02-24,Net Banking,Paid,15516.62
124125,54125,2025-02-04,Wallet,Paid,492.48
124126,54126,2026-04-20,Upi,Paid,4766.97
124127,54127,2025-04-07,Cash On Delivery,Paid,9827.36
124128,54128,2025-04-08,Debit Card,Paid,23441.78
124129,54129,2024-02-16,Credit Card,Paid,2558.31
124130,54130,2025-05-25,Upi,Paid,10830.37
124131,54131,2025-08-01,Upi,Paid,25635.14
124132,54132,2025-04-21,Net Banking,Paid,28268.69
124133,54133,2025-06-08,Cash On Delivery,Paid,22798.13
124134,54134,2025-05-28,Debit Card,Paid,9438.96
124135,54135,2025-11-12,Credit Card,Paid,4147.53
124136,54136,2024-04-11,Credit Card,Paid,4681.24
124137,54137,2025-05-30,Upi,Paid,12116.14
124138,54138,2025-02-27,Cash On Delivery,Paid,433.02
124139,54139,2024-12-02,Net Banking,Paid,12746.39
124140,54140,2025-03-12,Net Banking,Paid,18225.12
124141,54141,2025-10-22,Net Banking,Paid,13300.5
124142,54142,2026-08-25,Net Banking,Paid,21821.66
124143,54143,2024-08-02,Upi,Paid,766.12
124144,54144,2024-02-20,Upi,Paid,29456.4
124145,54145,2024-12-04,Cash On Delivery,Paid,760.62
124146,54146,2024-10-29,Credit Card,Paid,6333.63
124147,54147,2024-03-09,Credit Card,Paid,5176.95
124148,54148,2025-04-28,Net Banking,Paid,26928.5
124149,54149,2025-05-20,Cash On Delivery,Paid,4512.61
124150,54150,2026-04-04,Cash On Delivery,Paid,21918.46
124151,54151,2025-11-11,Credit Card,Paid,11564.15
124152,54152,2025-03-24,Upi,Paid,21999.64
124153,54153,2025-09-30,Cash On Delivery,Refunded,22771.47
124154,54154,2024-10-10,Upi,Paid,12863.39
124155,54155,2024-06-03,Debit Card,Failed,15267.94
124156,54156,2025-06-06,Debit Card,Paid,28109.19
124157,54157,2025-04-26,Debit Card,Paid,11349.86
124158,54158,2024-10-15,Upi,Failed,19354.91
124159,54159,2026-05-24,Debit Card,Paid,355.42
124160,54160,2025-06-18,Upi,Refunded,6099.14
124161,54161,2025-07-07,Net Banking,Paid,16783.74
124162,54162,2025-10-31,Upi,Failed,5079.03
124163,54163,2024-10-08,Credit Card,Paid,29756.82
124164,54164,2025-06-01,Credit Card,Paid,18706.16
124165,54165,2026-05-21,Cash On Delivery,Paid,7988.04
124166,54166,2025-08-14,Credit Card,Paid,23630.18
124167,54167,2026-04-07,Cash On Delivery,Failed,23828.92
124168,54168,2024-02-10,Debit Card,Paid,21541.58
124169,54169,2025-11-30,Cash On Delivery,Paid,7747.57
124170,54170,2025-10-02,Debit Card,Paid,2732.24
124171,54171,2026-05-21,Upi,Paid,22963.61
124172,54172,2026-08-01,Upi,Paid,18803.91
124173,54173,2024-05-15,Upi,Paid,29947.0
124174,54174,2025-04-23,Debit Card,Paid,12747.42
124175,54175,2026-06-24,Credit Card,Paid,25906.5
124176,54176,2026-02-19,Upi,Paid,5862.94
124177,54177,2024-04-10,Credit Card,Paid,24833.06
124178,54178,2025-06-18,Cash On Delivery,Paid,20491.13
124179,54179,2024-12-06,Upi,Paid,21842.93
124180,54180,2025-11-13,Net Banking,Paid,4145.27
124181,54181,2025-05-13,Wallet,Paid,20506.11
124182,54182,2024-10-29,Debit Card,Paid,14596.5
124183,54183,2025-02-11,Upi,Paid,17330.71
124184,54184,2026-07-29,Cash On Delivery,Paid,8728.15
124185,54185,2024-12-22,Upi,Paid,4087.79
124186,54186,2024-07-29,Upi,Paid,18646.56
124187,54187,2024-04-19,Debit Card,Paid,4143.92
124188,54188,2024-06-04,Upi,Paid,11198.88
124189,54189,2024-02-22,Upi,Paid,2228.51
124190,54190,2024-02-17,Wallet,Paid,17022.48
124191,54191,2025-06-01,Upi,Paid,2581.66
124192,54192,2025-06-10,Credit Card,Paid,7698.92
124193,54193,2026-02-10,Net Banking,Paid,19319.25
124194,54194,2025-08-26,Wallet,Paid,25662.06
124195,54195,2024-07-07,Credit Card,Paid,18234.33
124196,54196,2025-09-24,Upi,Paid,14054.0
124197,54197,2025-03-09,Upi,Paid,23025.11
124198,54198,2024-06-18,Cash On Delivery,Pending,5521.07
124199,54199,2025-09-25,Net Banking,Paid,18502.47
124200,54200,2025-09-24,Cash On Delivery,Paid,3257.25
124201,54201,2025-02-17,Upi,Paid,23922.14
124202,54202,2024-06-11,Debit Card,Paid,27590.53
124203,54203,2024-02-01,Upi,Paid,28458.54
124204,54204,2026-01-04,Credit Card,Paid,16895.34
124205,54205,2024-06-01,Upi,Paid,23143.11
124206,54206,2024-09-25,Upi,Pending,29091.08
124207,54207,2025-10-17,Wallet,Paid,26264.97
124208,54208,2025-02-14,Upi,Paid,3470.9
124209,54209,2026-03-09,Debit Card,Refunded,6036.05
124210,54210,2024-12-23,Wallet,Paid,11259.5
124211,54211,2026-05-18,Upi,Failed,23533.48
124212,54212,2024-12-22,Upi,Paid,17246.75
124213,54213,2024-03-24,Upi,Paid,4932.0
124214,54214,2025-11-30,Cash On Delivery,Paid,22967.16
124215,54215,2025-10-05,Net Banking,Paid,29743.61
124216,54216,2026-08-28,Net Banking,Paid,8575.0
124217,54217,2024-04-07,Net Banking,Paid,9046.74
124218,54218,2025-05-28,Upi,Paid,5858.87
124219,54219,2025-11-21,Upi,Paid,18909.59
124220,54220,2025-01-25,Credit Card,Paid,16185.28
124221,54221,2024-09-14,Cash On Delivery,Paid,4256.76
124222,54222,2024-10-12,Upi,Paid,28183.46
124223,54223,2024-01-14,Debit Card,Failed,14403.63
124224,54224,2025-08-29,Upi,Paid,27585.9
124225,54225,2026-01-26,Net Banking,Paid,18730.08
124226,54226,2025-03-15,Upi,Paid,17971.51
124227,54227,2024-02-10,Credit Card,Paid,18038.69
124228,54228,2026-01-22,Upi,Refunded,15790.74
124229,54229,2026-05-31,Upi,Paid,28497.91
124230,54230,2025-08-11,Net Banking,Failed,28920.24
124231,54231,2024-03-26,Upi,Paid,23264.75
124232,54232,2025-02-03,Upi,Paid,5762.35
124233,54233,2025-07-07,Net Banking,Paid,25220.73
124234,54234,2026-07-15,Upi,Paid,1196.12
124235,54235,2025-04-29,Net Banking,Paid,28960.45
124236,54236,2024-01-12,Upi,Paid,7553.41
124237,54237,2025-11-17,Debit Card,Paid,11162.11
124238,54238,2025-11-02,Upi,Paid,14857.31
124239,54239,2024-08-19,Credit Card,Paid,28249.79
124240,54240,2025-02-02,Upi,Paid,11699.92
124241,54241,2024-02-13,Upi,Pending,3268.58
124242,54242,2024-04-28,Wallet,Paid,20881.85
124243,54243,2024-10-29,Credit Card,Paid,23264.74
124244,54244,2024-03-30,Upi,Paid,18953.98
124245,54245,2024-09-25,Upi,Paid,1208.34
124246,54246,2025-09-21,Upi,Paid,27777.22
124247,54247,2025-01-08,Upi,Paid,17013.13
124248,54248,2024-05-23,Cash On Delivery,Paid,26717.57
124249,54249,2025-08-29,Upi,Paid,24483.01
124250,54250,2026-04-10,Debit Card,Paid,29017.35
124251,54251,2025-07-27,Credit Card,Paid,28344.06
124252,54252,2024-10-28,Upi,Paid,3782.02
124253,54253,2026-02-24,Credit Card,Paid,28497.17
124254,54254,2024-12-02,Credit Card,Paid,3370.47
124255,54255,2024-01-17,Cash On Delivery,Paid,11654.55
124256,54256,2025-10-03,Credit Card,Paid,23617.96
124257,54257,2025-12-01,Upi,Paid,22248.72
124258,54258,2024-08-03,Upi,Paid,8743.06
124259,54259,2025-01-03,Upi,Paid,8967.34
124260,54260,2024-01-10,Wallet,Paid,24870.08
124261,54261,2025-04-03,Cash On Delivery,Refunded,3598.03
124262,54262,2025-03-11,Upi,Paid,16779.15
124263,54263,2024-09-09,Upi,Failed,29068.73
124264,54264,2025-05-28,Credit Card,Paid,23487.64
124265,54265,2025-10-20,Debit Card,Pending,10973.59
124266,54266,2025-03-11,Credit Card,Paid,24409.52
124267,54267,2026-02-10,Credit Card,Paid,26673.15
124268,54268,2025-03-23,Credit Card,Paid,15496.7
124269,54269,2025-02-01,Debit Card,Paid,23359.54
124270,54270,2025-10-08,Upi,Paid,3557.79
124271,54271,2024-06-17,Credit Card,Paid,20799.65
124272,54272,2026-04-03,Net Banking,Paid,24350.0
124273,54273,2025-08-10,Upi,Paid,7981.36
124274,54274,2024-12-22,Wallet,Paid,4972.68
124275,54275,2024-08-17,Wallet,Paid,5796.26
124276,54276,2026-02-07,Debit Card,Paid,8832.82
124277,54277,2024-01-14,Debit Card,Paid,14584.23
124278,54278,2024-03-02,Upi,Paid,25830.18
124279,54279,2025-08-12,Net Banking,Paid,15750.9
124280,54280,2025-04-12,Cash On Delivery,Failed,4142.35
124281,54281,2024-06-16,Wallet,Paid,24424.05
124282,54282,2024-12-31,Upi,Paid,5450.62
124283,54283,2026-01-30,Credit Card,Paid,6564.62
124284,54284,2025-03-27,Credit Card,Paid,27079.86
124285,54285,2025-05-30,Upi,Failed,11157.0
124286,54286,2024-03-30,Cash On Delivery,Paid,15611.02
124287,54287,2025-12-03,Upi,Paid,12267.82
124288,54288,2024-05-15,Cash On Delivery,Paid,24232.53
124289,54289,2024-08-16,Upi,Refunded,19543.72
124290,54290,2024-10-14,Net Banking,Paid,5475.66
124291,54291,2025-02-23,Debit Card,Paid,21544.26
124292,54292,2024-09-23,Upi,Failed,23066.16
124293,54293,2026-03-04,Cash On Delivery,Paid,21145.87
124294,54294,2025-01-08,Debit Card,Paid,11703.49
124295,54295,2024-02-04,Upi,Paid,13329.44
124296,54296,2025-03-20,Cash On Delivery,Paid,2189.17
124297,54297,2024-04-30,Cash On Delivery,Paid,15203.21
124298,54298,2024-08-02,Upi,Paid,24661.43
124299,54299,2025-07-28,Cash On Delivery,Paid,24861.63
124300,54300,2025-08-24,Credit Card,Paid,18156.11
124301,54301,2025-10-09,Net Banking,Paid,17027.25
124302,54302,2025-01-01,Wallet,Failed,26014.57
124303,54303,2026-03-26,Cash On Delivery,Paid,26273.62
124304,54304,2024-02-29,Debit Card,Paid,18546.64
124305,54305,2025-01-04,Credit Card,Paid,6546.51
124306,54306,2024-08-27,Debit Card,Paid,17168.53
124307,54307,2024-02-10,Debit Card,Paid,15881.11
124308,54308,2025-06-27,Upi,Paid,20193.85
124309,54309,2024-02-26,Debit Card,Failed,23416.44
124310,54310,2025-08-11,Credit Card,Paid,27184.55
124311,54311,2026-04-12,Credit Card,Paid,21682.81
124312,54312,2026-02-17,Net Banking,Paid,10870.34
124313,54313,2025-10-25,Upi,Paid,7649.2
124314,54314,2024-08-28,Debit Card,Paid,26328.8
124315,54315,2025-09-26,Cash On Delivery,Paid,17910.94
124316,54316,2025-07-02,Credit Card,Paid,20792.64
124317,54317,2025-04-24,Credit Card,Paid,23691.71
124318,54318,2025-04-09,Wallet,Paid,15993.21
124319,54319,2024-05-17,Upi,Paid,7134.15
124320,54320,2026-04-04,Net Banking,Paid,23022.01
124321,54321,2026-03-25,Credit Card,Paid,9138.77
124322,54322,2025-12-10,Debit Card,Failed,15899.66
124323,54323,2025-06-18,Upi,Paid,8817.6
124324,54324,2024-05-11,Debit Card,Paid,29534.13
124325,54325,2025-09-08,Debit Card,Paid,26234.38
124326,54326,2026-07-20,Net Banking,Paid,29141.54
124327,54327,2024-05-09,Upi,Refunded,20283.5
124328,54328,2024-12-11,Net Banking,Paid,855.52
124329,54329,2026-05-28,Cash On Delivery,Paid,20582.62
124330,54330,2026-07-14,Wallet,Paid,8336.31
124331,54331,2025-03-09,Net Banking,Paid,24398.73
124332,54332,2024-10-03,Net Banking,Paid,26942.36
124333,54333,2024-10-05,Credit Card,Paid,20250.43
124334,54334,2025-03-31,Credit Card,Paid,19993.21
124335,54335,2024-11-07,Upi,Paid,5518.51
124336,54336,2025-06-18,Upi,Paid,27635.87
124337,54337,2024-03-20,Cash On Delivery,Refunded,28833.53
124338,54338,2024-03-05,Upi,Paid,18460.56
124339,54339,2024-01-07,Upi,Paid,27637.74
124340,54340,2025-11-26,Upi,Paid,5962.78
124341,54341,2026-06-17,Upi,Paid,13976.12
124342,54342,2024-04-14,Upi,Paid,21268.35
124343,54343,2026-06-09,Upi,Refunded,2541.63
124344,54344,2024-06-09,Debit Card,Paid,1639.46
124345,54345,2024-02-17,Net Banking,Paid,4300.52
124346,54346,2024-10-09,Upi,Paid,10941.57
124347,54347,2024-10-13,Cash On Delivery,Paid,26839.63
124348,54348,2026-07-21,Credit Card,Paid,22050.41
124349,54349,2024-04-21,Credit Card,Paid,10232.52
124350,54350,2026-08-04,Credit Card,Paid,2919.25
124351,54351,2026-04-17,Credit Card,Paid,1087.56
124352,54352,2025-04-19,Credit Card,Paid,13939.6
124353,54353,2025-10-14,Upi,Paid,24366.21
124354,54354,2025-06-04,Net Banking,Paid,15344.23
124355,54355,2026-06-01,Credit Card,Paid,20890.73
124356,54356,2024-07-27,Credit Card,Paid,26205.33
124357,54357,2026-07-17,Upi,Failed,6623.41
124358,54358,2025-02-09,Credit Card,Refunded,6553.39
124359,54359,2026-06-25,Upi,Paid,11097.78
124360,54360,2026-08-12,Upi,Paid,12241.34
124361,54361,2026-04-03,Upi,Paid,15891.91
124362,54362,2026-02-06,Credit Card,Paid,19663.75
124363,54363,2025-02-26,Debit Card,Paid,24675.38
124364,54364,2025-11-10,Debit Card,Paid,20904.23
124365,54365,2024-08-25,Upi,Paid,6401.89
124366,54366,2024-09-27,Upi,Paid,18897.37
124367,54367,2025-12-21,Credit Card,Paid,25780.93
124368,54368,2026-01-13,Upi,Paid,4393.01
124369,54369,2024-09-11,Upi,Paid,19620.47
124370,54370,2026-07-29,Upi,Paid,20665.64
124371,54371,2025-10-23,Cash On Delivery,Paid,25714.35
124372,54372,2026-08-18,Credit Card,Paid,20680.42
124373,54373,2025-04-11,Credit Card,Paid,3672.74
124374,54374,2025-08-04,Net Banking,Paid,29046.69
124375,54375,2025-09-24,Debit Card,Paid,24206.17
124376,54376,2024-06-04,Debit Card,Paid,2982.15
124377,54377,2024-09-29,Credit Card,Paid,17436.03
124378,54378,2026-07-27,Debit Card,Paid,7441.46
124379,54379,2025-10-18,Wallet,Paid,20545.29
124380,54380,2025-06-09,Wallet,Paid,15956.0
124381,54381,2024-01-03,Net Banking,Paid,16992.23
124382,54382,2024-02-07,Credit Card,Paid,19217.75
124383,54383,2025-06-26,Upi,Paid,1772.76
124384,54384,2024-03-20,Upi,Paid,14238.17
124385,54385,2024-05-18,Debit Card,Paid,14803.97
124386,54386,2025-07-16,Debit Card,Paid,3339.43
124387,54387,2026-07-21,Upi,Paid,10673.62
124388,54388,2026-03-24,Net Banking,Paid,20658.84
124389,54389,2025-03-30,Cash On Delivery,Paid,11204.94
124390,54390,2026-07-03,Upi,Paid,27900.71
124391,54391,2025-08-10,Net Banking,Paid,25913.73
124392,54392,2026-07-05,Upi,Paid,17895.91
124393,54393,2024-08-19,Cash On Delivery,Paid,20590.13
124394,54394,2025-07-16,Upi,Failed,19226.94
124395,54395,2026-06-15,Upi,Paid,26458.25
124396,54396,2026-08-10,Upi,Paid,27862.29
124397,54397,2026-04-17,Upi,Paid,2669.65
124398,54398,2024-05-27,Debit Card,Paid,14507.98
124399,54399,2025-08-26,Cash On Delivery,Paid,14931.44
124400,54400,2024-04-02,Cash On Delivery,Paid,18300.15
124401,54401,2025-01-09,Debit Card,Paid,15540.24
124402,54402,2024-01-31,Credit Card,Paid,448.48
124403,54403,2026-01-08,Net Banking,Paid,13238.19
124404,54404,2026-01-21,Upi,Paid,6997.93
124405,54405,2024-03-30,Cash On Delivery,Paid,19034.52
124406,54406,2026-06-09,Debit Card,Failed,27850.54
124407,54407,2026-03-26,Credit Card,Paid,25618.42
124408,54408,2026-03-26,Debit Card,Paid,20419.41
124409,54409,2025-03-09,Wallet,Paid,1535.66
124410,54410,2026-07-03,Wallet,Paid,16733.12
124411,54411,2026-08-14,Credit Card,Paid,17324.75
124412,54412,2025-06-18,Upi,Paid,6125.24
124413,54413,2025-01-02,Cash On Delivery,Paid,4211.09
124414,54414,2026-01-10,Upi,Paid,17025.69
124415,54415,2024-02-12,Debit Card,Pending,29865.21
124416,54416,2024-11-24,Credit Card,Paid,13917.18
124417,54417,2024-01-05,Upi,Paid,28302.94
124418,54418,2026-01-13,Upi,Paid,15269.18
124419,54419,2024-02-13,Upi,Paid,7454.77
124420,54420,2026-01-03,Cash On Delivery,Paid,7802.26
124421,54421,2025-07-02,Upi,Paid,6222.02
124422,54422,2025-02-27,Credit Card,Paid,1591.38
124423,54423,2025-09-07,Credit Card,Paid,6449.52
124424,54424,2024-02-15,Upi,Paid,23560.27
124425,54425,2026-02-26,Credit Card,Paid,6988.14
124426,54426,2024-09-17,Net Banking,Pending,1433.83
124427,54427,2026-03-31,Credit Card,Paid,4146.18
124428,54428,2026-05-10,Upi,Paid,10343.13
124429,54429,2025-06-18,Upi,Paid,12489.7
124430,54430,2025-07-25,Credit Card,Refunded,12172.33
124431,54431,2026-06-15,Debit Card,Paid,15968.15
124432,54432,2025-01-28,Upi,Paid,14693.65
124433,54433,2025-01-20,Wallet,Paid,7498.18
124434,54434,2026-07-08,Wallet,Paid,3459.77
124435,54435,2025-01-27,Cash On Delivery,Paid,351.33
124436,54436,2024-12-22,Debit Card,Paid,20538.29
124437,54437,2024-01-07,Debit Card,Paid,15440.1
124438,54438,2024-11-15,Debit Card,Refunded,24308.93
124439,54439,2024-09-02,Upi,Pending,12586.35
124440,54440,2026-01-20,Upi,Paid,10655.47
124441,54441,2025-05-03,Upi,Paid,14642.55
124442,54442,2024-12-13,Upi,Pending,3633.4
124443,54443,2026-06-24,Credit Card,Paid,13229.05
124444,54444,2025-03-09,Upi,Paid,14847.07
124445,54445,2025-02-08,Wallet,Paid,14851.54
124446,54446,2025-12-02,Credit Card,Paid,18686.45
124447,54447,2024-09-11,Upi,Paid,5758.64
124448,54448,2025-02-24,Debit Card,Paid,2768.16
124449,54449,2025-11-18,Cash On Delivery,Paid,22452.05
124450,54450,2024-11-10,Upi,Paid,24700.67
124451,54451,2025-02-21,Credit Card,Paid,8947.49
124452,54452,2024-01-17,Upi,Failed,17177.98
124453,54453,2026-02-12,Upi,Paid,15970.91
124454,54454,2026-04-14,Credit Card,Paid,13037.18
124455,54455,2025-10-11,Wallet,Paid,22522.91
124456,54456,2025-05-27,Net Banking,Paid,28662.37
124457,54457,2026-05-17,Cash On Delivery,Paid,13771.37
124458,54458,2026-04-07,Debit Card,Paid,21838.24
124459,54459,2025-04-02,Upi,Paid,15716.19
124460,54460,2025-08-22,Credit Card,Paid,28539.12
124461,54461,2026-06-29,Upi,Paid,28635.52
124462,54462,2024-07-13,Upi,Paid,13353.97
124463,54463,2026-01-26,Net Banking,Paid,15268.55
124464,54464,2024-12-18,Cash On Delivery,Paid,9137.83
124465,54465,2024-04-01,Net Banking,Paid,2422.88
124466,54466,2025-02-10,Upi,Paid,26886.84
124467,54467,2025-05-17,Upi,Paid,4026.99
124468,54468,2025-12-19,Net Banking,Paid,29928.45
124469,54469,2024-05-29,Upi,Paid,23747.96
124470,54470,2025-06-16,Upi,Paid,12148.5
124471,54471,2025-10-03,Upi,Paid,20548.6
124472,54472,2025-09-09,Debit Card,Paid,25747.21
124473,54473,2026-03-21,Credit Card,Paid,11244.53
124474,54474,2026-01-02,Credit Card,Paid,24584.19
124475,54475,2025-03-28,Upi,Paid,6730.07
124476,54476,2024-09-22,Upi,Paid,25698.91
124477,54477,2026-05-07,Upi,Paid,27364.16
124478,54478,2026-05-05,Upi,Failed,24164.78
124479,54479,2024-05-05,Debit Card,Paid,14446.42
124480,54480,2025-03-16,Upi,Paid,25907.91
124481,54481,2026-01-01,Net Banking,Paid,8710.57
124482,54482,2025-10-03,Credit Card,Refunded,25346.35
124483,54483,2026-04-30,Net Banking,Paid,17196.22
124484,54484,2024-07-30,Net Banking,Paid,13857.59
124485,54485,2026-07-04,Cash On Delivery,Paid,6248.63
124486,54486,2024-08-17,Net Banking,Paid,8639.93
124487,54487,2024-04-03,Debit Card,Paid,6260.48
124488,54488,2025-12-13,Debit Card,Pending,17904.78
124489,54489,2026-06-22,Upi,Paid,28928.91
124490,54490,2024-12-05,Cash On Delivery,Paid,15519.41
124491,54491,2024-06-06,Upi,Paid,26416.37
124492,54492,2026-05-01,Upi,Paid,21518.62
124493,54493,2024-04-03,Upi,Paid,3050.89
124494,54494,2025-10-06,Upi,Paid,11457.13
124495,54495,2024-05-02,Credit Card,Paid,15459.44
124496,54496,2025-10-09,Wallet,Paid,25996.15
124497,54497,2024-04-20,Upi,Paid,7470.2
124498,54498,2025-01-05,Cash On Delivery,Paid,19571.55
124499,54499,2025-03-29,Credit Card,Refunded,11089.57
124500,54500,2026-05-27,Upi,Paid,3410.8
124501,54501,2025-11-23,Debit Card,Paid,10833.61
124502,54502,2026-07-08,Wallet,Paid,12728.41
124503,54503,2025-06-09,Net Banking,Paid,12332.25
124504,54504,2024-09-10,Net Banking,Refunded,27399.0
124505,54505,2025-02-18,Upi,Paid,9581.69
124506,54506,2025-05-16,Debit Card,Paid,18113.29
124507,54507,2025-07-01,Upi,Refunded,12139.78
124508,54508,2026-06-01,Upi,Paid,22809.95
124509,54509,2026-05-20,Net Banking,Refunded,29033.9
124510,54510,2024-04-08,Cash On Delivery,Paid,20055.71
124511,54511,2026-02-12,Net Banking,Paid,11011.11
124512,54512,2024-10-18,Upi,Paid,7758.03
124513,54513,2025-07-23,Wallet,Paid,12828.82
124514,54514,2026-07-15,Debit Card,Paid,16780.99
124515,54515,2026-05-07,Upi,Paid,17141.85
124516,54516,2025-04-15,Upi,Failed,25557.35
124517,54517,2024-02-16,Net Banking,Paid,18044.38
124518,54518,2026-07-12,Debit Card,Paid,8597.18
124519,54519,2026-06-01,Wallet,Paid,24360.82
124520,54520,2025-01-03,Wallet,Paid,14709.13
124521,54521,2024-05-14,Upi,Paid,24972.14
124522,54522,2025-05-26,Debit Card,Paid,2854.99
124523,54523,2026-02-18,Upi,Paid,4903.87
124524,54524,2025-03-17,Debit Card,Paid,23560.91
124525,54525,2024-01-24,Net Banking,Paid,29121.2
124526,54526,2025-03-22,Credit Card,Paid,23049.37
124527,54527,2025-05-17,Upi,Paid,25581.75
124528,54528,2026-06-12,Upi,Paid,23406.97
124529,54529,2026-02-23,Upi,Paid,10538.58
124530,54530,2025-11-06,Upi,Paid,22064.83
124531,54531,2025-01-28,Cash On Delivery,Paid,10141.13
124532,54532,2026-07-09,Credit Card,Failed,11599.87
124533,54533,2024-08-12,Debit Card,Paid,11055.88
124534,54534,2024-11-16,Credit Card,Pending,14773.38
124535,54535,2026-04-03,Debit Card,Paid,23927.38
124536,54536,2026-08-25,Upi,Paid,18067.28
124537,54537,2026-03-04,Cash On Delivery,Paid,923.9
124538,54538,2025-11-17,Credit Card,Paid,8729.25
124539,54539,2026-06-29,Credit Card,Paid,14640.18
124540,54540,2024-05-08,Credit Card,Failed,8356.64
124541,54541,2025-10-12,Credit Card,Refunded,24427.76
124542,54542,2025-02-04,Credit Card,Paid,16357.32
124543,54543,2025-08-04,Cash On Delivery,Paid,19619.1
124544,54544,2024-08-30,Cash On Delivery,Paid,18002.39
124545,54545,2025-04-21,Cash On Delivery,Paid,23986.4
124546,54546,2024-08-16,Net Banking,Paid,10308.13
124547,54547,2025-09-16,Upi,Paid,17796.8
124548,54548,2026-06-23,Upi,Refunded,2511.68
124549,54549,2024-02-29,Credit Card,Paid,28863.9
124550,54550,2026-07-21,Credit Card,Paid,25864.24
124551,54551,2025-10-04,Cash On Delivery,Paid,2712.41
124552,54552,2024-01-14,Cash On Delivery,Paid,8815.86
124553,54553,2025-07-16,Net Banking,Paid,9439.04
124554,54554,2024-05-16,Cash On Delivery,Paid,18150.17
124555,54555,2026-02-17,Credit Card,Paid,475.47
124556,54556,2024-09-27,Upi,Paid,19422.93
124557,54557,2024-02-28,Cash On Delivery,Paid,11468.11
124558,54558,2026-04-03,Upi,Paid,26819.15
124559,54559,2025-06-07,Upi,Paid,16022.23
124560,54560,2025-08-15,Credit Card,Paid,650.09
124561,54561,2026-03-20,Debit Card,Paid,7523.98
124562,54562,2025-07-02,Wallet,Paid,18220.59
124563,54563,2026-02-14,Upi,Paid,6557.18
124564,54564,2025-08-06,Upi,Paid,16269.58
124565,54565,2024-01-30,Credit Card,Paid,20298.54
124566,54566,2026-07-12,Wallet,Paid,8501.33
124567,54567,2026-07-20,Debit Card,Paid,29645.39
124568,54568,2024-09-27,Net Banking,Paid,600.08
124569,54569,2025-09-24,Cash On Delivery,Paid,1269.42
124570,54570,2024-05-01,Credit Card,Paid,1930.56
124571,54571,2024-10-04,Upi,Paid,23887.3
124572,54572,2025-08-15,Upi,Paid,29952.9
124573,54573,2024-12-04,Net Banking,Paid,13975.24
124574,54574,2026-07-28,Upi,Paid,17339.89
124575,54575,2024-03-20,Wallet,Paid,5493.46
124576,54576,2025-11-21,Wallet,Paid,4751.36
124577,54577,2025-08-17,Debit Card,Paid,5176.19
124578,54578,2026-05-16,Upi,Failed,29348.53
124579,54579,2026-02-24,Upi,Paid,23585.6
124580,54580,2026-05-19,Wallet,Paid,2195.45
124581,54581,2026-02-12,Credit Card,Failed,28215.11
124582,54582,2024-08-01,Wallet,Paid,12079.33
124583,54583,2025-02-18,Credit Card,Failed,15505.55
124584,54584,2025-10-28,Upi,Paid,16524.22
124585,54585,2026-08-30,Upi,Paid,5795.54
124586,54586,2026-04-18,Credit Card,Paid,23638.93
124587,54587,2025-09-22,Cash On Delivery,Paid,4156.72
124588,54588,2024-04-10,Upi,Paid,24448.92
124589,54589,2025-02-14,Cash On Delivery,Paid,477.51
124590,54590,2025-09-25,Net Banking,Paid,4960.62
124591,54591,2026-01-19,Net Banking,Paid,10605.85
124592,54592,2024-09-22,Upi,Paid,12765.64
124593,54593,2025-03-31,Upi,Paid,27745.59
124594,54594,2026-03-09,Cash On Delivery,Paid,22062.58
124595,54595,2026-03-19,Upi,Paid,7566.05
124596,54596,2024-08-07,Credit Card,Paid,16906.96
124597,54597,2024-09-06,Upi,Refunded,10011.01
124598,54598,2024-12-31,Debit Card,Paid,1851.57
124599,54599,2025-09-17,Upi,Failed,21136.79
124600,54600,2025-10-21,Net Banking,Paid,23218.55
124601,54601,2026-01-07,Debit Card,Paid,4581.16
124602,54602,2025-06-24,Wallet,Paid,28654.72
124603,54603,2026-06-12,Credit Card,Paid,16138.46
124604,54604,2024-04-26,Upi,Paid,10223.2
124605,54605,2025-05-25,Upi,Paid,19252.14
124606,54606,2024-08-08,Credit Card,Paid,5023.67
124607,54607,2025-06-08,Debit Card,Paid,18033.19
124608,54608,2026-05-09,Cash On Delivery,Refunded,10042.88
124609,54609,2026-05-09,Credit Card,Paid,19158.42
124610,54610,2026-08-19,Upi,Paid,15660.97
124611,54611,2025-04-20,Wallet,Paid,9191.22
124612,54612,2025-11-05,Upi,Paid,5335.94
124613,54613,2025-04-07,Upi,Paid,6268.38
124614,54614,2024-01-10,Upi,Paid,28665.3
124615,54615,2024-10-01,Upi,Paid,8682.13
124616,54616,2025-12-25,Upi,Paid,8606.09
124617,54617,2024-02-22,Net Banking,Paid,22688.45
124618,54618,2025-09-15,Cash On Delivery,Paid,17943.33
124619,54619,2025-03-20,Credit Card,Paid,20601.82
124620,54620,2025-02-03,Wallet,Paid,11701.51
124621,54621,2025-12-15,Credit Card,Paid,19146.08
124622,54622,2024-08-12,Upi,Paid,16181.81
124623,54623,2024-09-10,Upi,Paid,16015.99
124624,54624,2024-06-10,Upi,Paid,17097.16
124625,54625,2024-04-17,Debit Card,Paid,9623.0
124626,54626,2024-03-24,Upi,Paid,9601.09
124627,54627,2024-04-13,Debit Card,Refunded,25500.21
124628,54628,2025-09-15,Debit Card,Paid,28529.08
124629,54629,2024-10-17,Net Banking,Failed,7204.41
124630,54630,2024-11-23,Credit Card,Paid,23847.68
124631,54631,2026-01-02,Wallet,Paid,22775.52
124632,54632,2025-05-20,Net Banking,Paid,11687.4
124633,54633,2024-03-16,Upi,Paid,12295.16
124634,54634,2025-05-26,Credit Card,Paid,24395.05
124635,54635,2025-10-04,Cash On Delivery,Paid,2028.98
124636,54636,2025-08-12,Upi,Paid,8292.44
124637,54637,2026-04-25,Upi,Failed,25636.68
124638,54638,2025-07-31,Cash On Delivery,Paid,15666.5
124639,54639,2026-02-28,Cash On Delivery,Paid,11078.71
124640,54640,2025-05-18,Net Banking,Paid,26509.42
124641,54641,2025-09-10,Upi,Paid,23015.43
124642,54642,2024-05-31,Credit Card,Paid,2235.25
124643,54643,2026-08-20,Upi,Paid,19530.05
124644,54644,2024-01-27,Upi,Paid,29374.35
124645,54645,2026-07-30,Credit Card,Paid,26945.4
124646,54646,2025-07-14,Wallet,Paid,14674.55
124647,54647,2024-11-25,Upi,Paid,23150.22
124648,54648,2025-02-16,Credit Card,Paid,5699.28
124649,54649,2024-03-16,Wallet,Paid,10502.34
124650,54650,2025-02-02,Upi,Paid,742.37
124651,54651,2024-03-12,Upi,Paid,3532.56
124652,54652,2025-02-24,Upi,Paid,25974.45
124653,54653,2024-05-14,Debit Card,Paid,7458.17
124654,54654,2024-04-22,Net Banking,Refunded,4474.14
124655,54655,2025-11-23,Debit Card,Paid,18180.45
124656,54656,2024-06-23,Upi,Paid,10302.77
124657,54657,2024-11-23,Upi,Paid,6038.73
124658,54658,2025-10-06,Credit Card,Paid,3053.85
124659,54659,2025-05-07,Upi,Paid,29707.96
124660,54660,2025-05-16,Upi,Paid,27461.61
124661,54661,2025-03-04,Credit Card,Paid,4811.97
124662,54662,2025-08-15,Net Banking,Paid,10754.84
124663,54663,2025-09-28,Upi,Paid,1909.68
124664,54664,2024-05-05,Credit Card,Paid,14890.01
124665,54665,2026-07-24,Credit Card,Paid,24062.09
124666,54666,2026-03-02,Upi,Paid,4526.36
124667,54667,2025-02-16,Upi,Paid,17667.15
124668,54668,2024-12-27,Debit Card,Paid,2251.13
124669,54669,2025-12-08,Credit Card,Paid,17516.24
124670,54670,2025-08-17,Upi,Paid,10613.14
124671,54671,2026-02-18,Wallet,Failed,18178.14
124672,54672,2025-03-27,Credit Card,Paid,9927.65
124673,54673,2025-03-06,Credit Card,Paid,11456.74
124674,54674,2025-04-02,Upi,Paid,7805.22
124675,54675,2024-10-16,Cash On Delivery,Refunded,8998.01
124676,54676,2026-01-25,Credit Card,Failed,5550.31
124677,54677,2026-02-12,Wallet,Paid,24353.01
124678,54678,2024-04-18,Credit Card,Paid,27697.15
124679,54679,2024-03-31,Upi,Paid,24968.66
124680,54680,2024-03-16,Credit Card,Paid,17257.33
124681,54681,2024-11-15,Debit Card,Paid,18414.91
124682,54682,2024-04-11,Wallet,Paid,20790.95
124683,54683,2025-07-07,Upi,Paid,448.09
124684,54684,2026-08-26,Credit Card,Paid,374.1
124685,54685,2025-11-16,Credit Card,Paid,10830.49
124686,54686,2026-06-21,Credit Card,Paid,12223.36
124687,54687,2024-05-26,Credit Card,Paid,19650.08
124688,54688,2025-11-10,Upi,Paid,16793.79
124689,54689,2025-12-09,Credit Card,Paid,22127.56
124690,54690,2025-03-11,Upi,Refunded,28822.88
124691,54691,2025-12-25,Debit Card,Failed,22184.51
124692,54692,2024-03-25,Net Banking,Paid,14284.68
124693,54693,2025-08-21,Credit Card,Paid,21920.11
124694,54694,2026-03-08,Credit Card,Paid,11342.78
124695,54695,2025-01-19,Upi,Paid,16016.02
124696,54696,2024-07-03,Credit Card,Paid,4363.89
124697,54697,2024-01-11,Upi,Paid,10388.97
124698,54698,2024-09-23,Upi,Paid,20865.64
124699,54699,2026-03-09,Upi,Paid,22943.22
124700,54700,2026-03-29,Cash On Delivery,Paid,10779.19
124701,54701,2025-08-24,Wallet,Paid,16976.34
124702,54702,2024-09-08,Debit Card,Paid,18026.53
124703,54703,2024-09-12,Upi,Paid,25969.62
124704,54704,2026-03-30,Debit Card,Paid,3649.63
124705,54705,2025-07-22,Upi,Paid,7741.51
124706,54706,2026-02-01,Credit Card,Paid,27395.02
124707,54707,2024-12-27,Credit Card,Paid,9842.48
124708,54708,2026-03-25,Upi,Paid,11042.18
124709,54709,2025-04-01,Credit Card,Paid,29287.19
124710,54710,2025-10-18,Upi,Paid,15103.37
124711,54711,2026-04-06,Credit Card,Paid,8463.06
124712,54712,2024-12-07,Wallet,Paid,13261.37
124713,54713,2026-02-03,Upi,Paid,19127.37
124714,54714,2025-09-27,Net Banking,Paid,6544.39
124715,54715,2025-04-29,Net Banking,Refunded,25158.22
124716,54716,2026-03-15,Cash On Delivery,Pending,14163.37
124717,54717,2025-03-03,Upi,Paid,7363.46
124718,54718,2025-12-29,Credit Card,Refunded,27977.47
124719,54719,2024-03-15,Credit Card,Paid,12079.46
124720,54720,2026-04-16,Cash On Delivery,Paid,5777.49
124721,54721,2026-07-27,Upi,Paid,9563.43
124722,54722,2026-08-13,Upi,Paid,20067.74
124723,54723,2026-04-01,Credit Card,Paid,6613.22
124724,54724,2025-11-03,Cash On Delivery,Paid,16056.24
124725,54725,2025-12-22,Upi,Paid,10650.88
124726,54726,2026-06-19,Upi,Paid,5317.82
124727,54727,2025-12-09,Upi,Paid,5209.44
124728,54728,2024-09-21,Credit Card,Paid,10971.58
124729,54729,2024-06-03,Debit Card,Paid,16285.88
124730,54730,2026-08-03,Credit Card,Pending,22379.16
124731,54731,2024-05-17,Upi,Paid,7893.28
124732,54732,2026-06-04,Upi,Paid,370.27
124733,54733,2026-06-29,Upi,Refunded,4127.96
124734,54734,2024-02-11,Net Banking,Paid,24196.68
124735,54735,2026-02-23,Upi,Paid,19483.69
124736,54736,2025-07-29,Cash On Delivery,Paid,7208.26
124737,54737,2025-01-15,Cash On Delivery,Paid,421.41
124738,54738,2025-05-03,Credit Card,Paid,17071.4
124739,54739,2025-02-21,Credit Card,Paid,28147.04
124740,54740,2026-03-04,Credit Card,Paid,13053.57
124741,54741,2025-02-03,Debit Card,Paid,415.63
124742,54742,2024-05-03,Debit Card,Paid,6635.49
124743,54743,2025-01-21,Net Banking,Refunded,11636.63
124744,54744,2025-05-29,Credit Card,Failed,21478.02
124745,54745,2025-03-15,Cash On Delivery,Paid,14299.68
124746,54746,2025-05-04,Credit Card,Paid,8000.39
124747,54747,2026-08-17,Upi,Paid,19982.9
124748,54748,2025-01-21,Net Banking,Paid,10519.09
124749,54749,2026-03-04,Cash On Delivery,Failed,12093.21
124750,54750,2026-08-20,Debit Card,Paid,9134.52
124751,54751,2026-03-19,Upi,Paid,2370.02
124752,54752,2025-06-09,Upi,Paid,13960.55
124753,54753,2026-08-18,Debit Card,Paid,19274.79
124754,54754,2025-02-05,Net Banking,Pending,10008.2
124755,54755,2024-09-28,Net Banking,Paid,14405.26
124756,54756,2026-04-12,Upi,Paid,4844.12
124757,54757,2026-06-12,Wallet,Paid,5542.16
124758,54758,2024-05-14,Credit Card,Paid,401.19
124759,54759,2024-11-07,Debit Card,Paid,2714.82
124760,54760,2024-10-07,Cash On Delivery,Paid,6405.59
124761,54761,2026-03-09,Upi,Paid,3146.49
124762,54762,2024-09-28,Cash On Delivery,Paid,17980.36
124763,54763,2025-10-08,Net Banking,Pending,3642.9
124764,54764,2026-06-25,Upi,Paid,25401.67
124765,54765,2026-06-01,Credit Card,Failed,27988.76
124766,54766,2026-05-05,Debit Card,Paid,24130.01
124767,54767,2025-05-30,Upi,Paid,2203.94
124768,54768,2025-08-14,Wallet,Paid,26518.57
124769,54769,2025-12-07,Upi,Paid,15334.42
124770,54770,2024-11-09,Credit Card,Paid,13473.71
124771,54771,2025-05-04,Debit Card,Paid,21982.75
124772,54772,2025-03-30,Credit Card,Paid,20994.49
124773,54773,2026-02-17,Net Banking,Paid,22009.56
124774,54774,2025-07-11,Wallet,Paid,9225.5
124775,54775,2025-03-09,Upi,Paid,27802.16
124776,54776,2025-06-10,Credit Card,Paid,11566.73
124777,54777,2024-06-17,Credit Card,Paid,18576.64
124778,54778,2024-09-06,Debit Card,Paid,22074.07
124779,54779,2026-02-15,Upi,Paid,15526.83
124780,54780,2024-05-07,Credit Card,Paid,22704.35
124781,54781,2025-10-25,Debit Card,Paid,29720.16
124782,54782,2026-05-31,Debit Card,Paid,6998.68
124783,54783,2025-10-28,Credit Card,Paid,22059.34
124784,54784,2025-09-15,Net Banking,Paid,5931.11
124785,54785,2025-11-27,Upi,Paid,27953.62
124786,54786,2024-05-23,Upi,Paid,3152.21
124787,54787,2024-05-14,Net Banking,Failed,6072.53
124788,54788,2026-08-20,Credit Card,Paid,9862.97
124789,54789,2025-02-17,Debit Card,Paid,27483.46
124790,54790,2025-02-05,Net Banking,Pending,10331.44
124791,54791,2024-06-02,Upi,Failed,23660.92
124792,54792,2025-12-11,Upi,Paid,20176.83
124793,54793,2024-02-03,Upi,Paid,5597.14
124794,54794,2024-06-23,Upi,Paid,18065.01
124795,54795,2024-08-06,Net Banking,Paid,7310.18
124796,54796,2026-06-26,Upi,Paid,13652.27
124797,54797,2026-07-12,Debit Card,Paid,2895.14
124798,54798,2024-03-17,Net Banking,Paid,13030.36
124799,54799,2024-05-16,Upi,Paid,15914.23
124800,54800,2026-07-18,Cash On Delivery,Paid,4279.28
124801,54801,2025-09-09,Debit Card,Paid,3111.91
124802,54802,2025-12-09,Credit Card,Paid,21363.91
124803,54803,2025-07-07,Upi,Paid,15352.51
124804,54804,2024-08-11,Credit Card,Paid,18259.19
124805,54805,2025-12-12,Upi,Paid,27163.28
124806,54806,2024-06-25,Wallet,Paid,2123.6
124807,54807,2024-01-31,Cash On Delivery,Paid,13546.42
124808,54808,2026-03-23,Cash On Delivery,Paid,8473.19
124809,54809,2025-01-03,Debit Card,Paid,8498.38
124810,54810,2024-02-09,Net Banking,Paid,4426.5
124811,54811,2025-02-28,Upi,Paid,18879.87
124812,54812,2024-04-20,Upi,Paid,9914.34
124813,54813,2025-04-04,Upi,Paid,20835.21
124814,54814,2025-10-15,Upi,Paid,7173.53
124815,54815,2024-11-25,Upi,Paid,13093.73
124816,54816,2024-03-19,Cash On Delivery,Paid,11432.12
124817,54817,2026-05-16,Wallet,Paid,26957.32
124818,54818,2025-06-10,Debit Card,Paid,5407.01
124819,54819,2024-01-24,Debit Card,Paid,13077.58
124820,54820,2025-07-12,Upi,Paid,5194.86
124821,54821,2026-06-16,Net Banking,Paid,21956.41
124822,54822,2024-01-19,Credit Card,Failed,14412.25
124823,54823,2026-02-05,Upi,Paid,28502.48
124824,54824,2024-12-31,Upi,Paid,14013.73
124825,54825,2025-11-17,Upi,Paid,26060.54
124826,54826,2024-01-28,Debit Card,Refunded,11608.56
124827,54827,2026-06-01,Debit Card,Paid,15657.12
124828,54828,2026-07-26,Debit Card,Paid,19314.8
124829,54829,2025-06-20,Debit Card,Paid,20478.63
124830,54830,2024-07-29,Upi,Paid,20073.69
124831,54831,2024-05-27,Credit Card,Paid,4217.22
124832,54832,2025-10-31,Net Banking,Paid,28457.79
124833,54833,2026-02-09,Upi,Refunded,12078.75
124834,54834,2025-10-18,Upi,Paid,28852.59
124835,54835,2025-04-25,Credit Card,Paid,18422.02
124836,54836,2026-01-22,Upi,Paid,27505.58
124837,54837,2025-12-18,Debit Card,Paid,6558.27
124838,54838,2024-11-21,Upi,Paid,13254.1
124839,54839,2026-01-25,Credit Card,Pending,5979.97
124840,54840,2024-06-29,Debit Card,Paid,5289.23
124841,54841,2026-03-09,Upi,Refunded,492.36
124842,54842,2025-05-31,Upi,Paid,795.55
124843,54843,2025-12-25,Credit Card,Refunded,8683.44
124844,54844,2025-11-06,Wallet,Paid,19640.49
124845,54845,2024-04-05,Debit Card,Paid,13322.9
124846,54846,2026-01-03,Upi,Paid,29758.54
124847,54847,2026-02-02,Cash On Delivery,Paid,10923.61
124848,54848,2024-02-17,Upi,Refunded,904.66
124849,54849,2024-08-07,Cash On Delivery,Paid,28388.86
124850,54850,2026-01-02,Credit Card,Paid,14724.18
124851,54851,2024-12-18,Credit Card,Paid,14425.62
124852,54852,2024-04-19,Credit Card,Paid,6220.27
124853,54853,2026-04-11,Wallet,Paid,8095.65
124854,54854,2025-05-26,Upi,Paid,12922.35
124855,54855,2025-01-17,Upi,Paid,10334.79
124856,54856,2025-06-23,Credit Card,Paid,3303.53
124857,54857,2025-01-23,Upi,Paid,14736.45
124858,54858,2024-05-03,Net Banking,Paid,14925.52
124859,54859,2025-06-28,Cash On Delivery,Paid,21731.79
124860,54860,2026-07-24,Credit Card,Paid,15808.84
124861,54861,2026-07-15,Cash On Delivery,Paid,26578.26
124862,54862,2025-09-12,Debit Card,Paid,15168.11
124863,54863,2024-06-06,Debit Card,Paid,13860.8
124864,54864,2024-08-08,Debit Card,Paid,8729.95
124865,54865,2024-11-04,Wallet,Paid,29184.18
124866,54866,2024-02-20,Upi,Paid,10728.69
124867,54867,2024-05-15,Net Banking,Paid,23607.47
124868,54868,2026-01-22,Debit Card,Paid,12007.55
124869,54869,2025-02-22,Net Banking,Paid,21107.97
124870,54870,2026-03-28,Cash On Delivery,Paid,3926.75
124871,54871,2024-02-29,Net Banking,Paid,22240.31
124872,54872,2024-03-30,Upi,Paid,27139.88
124873,54873,2025-11-01,Credit Card,Refunded,16450.79
124874,54874,2024-09-06,Upi,Paid,3009.29
124875,54875,2024-08-09,Upi,Paid,15156.37
124876,54876,2025-09-17,Upi,Failed,14062.19
124877,54877,2026-06-05,Upi,Failed,29154.37
124878,54878,2025-02-13,Debit Card,Paid,22413.6
124879,54879,2026-01-12,Debit Card,Paid,1908.18
124880,54880,2024-11-29,Debit Card,Paid,785.83
124881,54881,2026-03-24,Wallet,Paid,11968.8
124882,54882,2025-02-15,Credit Card,Paid,22683.23
124883,54883,2024-05-28,Debit Card,Paid,19105.09
124884,54884,2025-05-07,Debit Card,Paid,19443.16
124885,54885,2024-10-13,Cash On Delivery,Paid,6375.04
124886,54886,2024-06-28,Wallet,Paid,27006.68
124887,54887,2024-06-29,Debit Card,Paid,2079.93
124888,54888,2025-01-11,Debit Card,Paid,14132.31
124889,54889,2024-01-10,Credit Card,Paid,21162.44
124890,54890,2024-03-08,Credit Card,Paid,11770.53
124891,54891,2025-07-26,Net Banking,Paid,19334.57
124892,54892,2024-01-06,Upi,Paid,13504.49
124893,54893,2026-01-21,Debit Card,Paid,26380.87
124894,54894,2026-08-04,Upi,Failed,7636.29
124895,54895,2024-06-30,Credit Card,Paid,7470.14
124896,54896,2024-02-25,Upi,Paid,24342.76
124897,54897,2024-07-24,Debit Card,Paid,5773.64
124898,54898,2024-02-12,Debit Card,Pending,8094.24
124899,54899,2024-09-21,Cash On Delivery,Paid,7376.85
124900,54900,2026-05-13,Credit Card,Failed,28304.16
124901,54901,2026-03-06,Debit Card,Pending,27751.98
124902,54902,2026-08-06,Net Banking,Paid,2399.99
124903,54903,2026-02-26,Upi,Failed,9547.85
124904,54904,2026-03-31,Cash On Delivery,Paid,14906.06
124905,54905,2025-07-30,Upi,Paid,3285.18
124906,54906,2024-05-16,Upi,Paid,10713.26
124907,54907,2026-01-16,Upi,Refunded,24627.44
124908,54908,2025-09-13,Debit Card,Paid,20762.98
124909,54909,2026-07-24,Upi,Paid,8390.28
124910,54910,2025-11-10,Upi,Paid,24285.96
124911,54911,2025-06-15,Upi,Paid,1411.89
124912,54912,2026-01-21,Net Banking,Paid,19460.73
124913,54913,2025-10-01,Credit Card,Paid,28925.44
124914,54914,2024-04-22,Debit Card,Paid,28213.16
124915,54915,2025-08-18,Upi,Paid,16411.57
124916,54916,2025-01-15,Debit Card,Paid,19731.67
124917,54917,2024-06-08,Wallet,Paid,7904.11
124918,54918,2024-09-27,Debit Card,Paid,16255.05
124919,54919,2026-03-20,Credit Card,Paid,2243.8
124920,54920,2025-09-26,Debit Card,Failed,7893.91
124921,54921,2024-02-28,Cash On Delivery,Paid,27647.08
124922,54922,2024-12-02,Cash On Delivery,Paid,29136.54
124923,54923,2025-10-28,Upi,Paid,20655.15
124924,54924,2025-05-10,Credit Card,Paid,14286.4
124925,54925,2026-01-24,Cash On Delivery,Paid,29828.48
124926,54926,2025-09-02,Upi,Paid,21632.69
124927,54927,2024-02-09,Credit Card,Paid,7863.55
124928,54928,2026-04-22,Upi,Paid,10748.84
124929,54929,2025-07-10,Debit Card,Pending,23894.21
124930,54930,2026-06-12,Debit Card,Paid,7381.11
124931,54931,2024-08-01,Cash On Delivery,Failed,21625.69
124932,54932,2025-11-06,Cash On Delivery,Paid,3524.6
124933,54933,2024-02-01,Cash On Delivery,Paid,29742.25
124934,54934,2024-06-03,Credit Card,Paid,29295.06
124935,54935,2026-05-07,Upi,Paid,23903.79
124936,54936,2026-05-12,Net Banking,Paid,21667.08
124937,54937,2026-07-14,Upi,Paid,15617.56
124938,54938,2024-07-17,Net Banking,Pending,12995.21
124939,54939,2026-05-18,Debit Card,Paid,430.19
124940,54940,2024-02-23,Upi,Paid,15358.54
124941,54941,2025-01-23,Debit Card,Paid,14532.38
124942,54942,2025-03-01,Cash On Delivery,Paid,10145.04
124943,54943,2026-02-09,Net Banking,Paid,3472.27
124944,54944,2025-10-26,Upi,Paid,21122.98
124945,54945,2024-12-15,Debit Card,Failed,29093.75
124946,54946,2024-05-25,Credit Card,Refunded,11410.94
124947,54947,2024-12-22,Wallet,Paid,23840.14
124948,54948,2024-10-20,Net Banking,Paid,25823.81
124949,54949,2025-10-14,Cash On Delivery,Paid,22624.89
124950,54950,2024-03-21,Net Banking,Paid,29800.77
124951,54951,2025-02-05,Credit Card,Paid,7558.9
124952,54952,2025-08-22,Debit Card,Paid,4323.65
124953,54953,2025-09-20,Upi,Paid,26810.92
124954,54954,2025-11-17,Upi,Refunded,6520.97
124955,54955,2024-10-06,Cash On Delivery,Paid,7992.44
124956,54956,2025-05-20,Upi,Paid,10874.01
124957,54957,2024-04-06,Upi,Paid,12237.74
124958,54958,2025-03-07,Credit Card,Paid,15748.56
124959,54959,2026-08-10,Credit Card,Failed,4530.17
124960,54960,2026-04-05,Credit Card,Paid,5739.46
124961,54961,2025-08-28,Debit Card,Paid,14656.35
124962,54962,2025-02-12,Upi,Failed,12561.98
124963,54963,2026-05-25,Cash On Delivery,Paid,19941.31
124964,54964,2025-03-06,Upi,Paid,15889.09
124965,54965,2026-01-13,Upi,Paid,7108.87
124966,54966,2025-07-14,Upi,Paid,16556.17
124967,54967,2024-01-23,Credit Card,Paid,15749.47
124968,54968,2025-11-16,Upi,Paid,29584.36
124969,54969,2026-05-19,Net Banking,Failed,12895.2
124970,54970,2026-01-26,Credit Card,Refunded,7932.4
124971,54971,2025-08-22,Cash On Delivery,Paid,16224.27
124972,54972,2024-02-11,Wallet,Paid,11551.69
124973,54973,2024-01-26,Credit Card,Paid,26764.6
124974,54974,2026-04-06,Upi,Paid,7612.59
124975,54975,2025-04-08,Net Banking,Paid,9672.26
124976,54976,2025-03-14,Debit Card,Paid,15056.49
124977,54977,2025-09-14,Credit Card,Paid,24965.07
124978,54978,2026-05-30,Cash On Delivery,Pending,15750.6
124979,54979,2025-02-27,Upi,Paid,23104.51
124980,54980,2025-06-04,Debit Card,Paid,21253.51
124981,54981,2025-06-26,Net Banking,Paid,11546.58
124982,54982,2025-04-08,Credit Card,Paid,9901.65
124983,54983,2025-09-30,Upi,Paid,20081.36
124984,54984,2024-07-11,Debit Card,Paid,5194.88
124985,54985,2024-12-27,Debit Card,Paid,9051.34
124986,54986,2025-03-31,Upi,Paid,1160.55
124987,54987,2025-05-19,Upi,Paid,19743.19
124988,54988,2025-04-23,Debit Card,Paid,22520.29
124989,54989,2025-02-09,Credit Card,Paid,28982.75
124990,54990,2026-05-20,Net Banking,Paid,6275.15
124991,54991,2026-02-15,Credit Card,Paid,2785.07
124992,54992,2026-05-10,Credit Card,Paid,6444.92
124993,54993,2025-08-01,Debit Card,Paid,7520.71
124994,54994,2025-04-16,Debit Card,Paid,25002.71
124995,54995,2025-02-21,Debit Card,Failed,1495.53
124996,54996,2026-04-21,Upi,Paid,21375.88
124997,54997,2025-10-10,Net Banking,Paid,17570.28
124998,54998,2026-04-08,Upi,Paid,6992.32
124999,54999,2026-04-06,Debit Card,Failed,23614.79
125000,55000,2026-07-09,Upi,Paid,1432.47
125001,55001,2025-06-12,Credit Card,Paid,9461.98
125002,55002,2024-12-19,Upi,Paid,16164.23
125003,55003,2026-06-03,Net Banking,Paid,17341.3
125004,55004,2024-07-27,Debit Card,Paid,17383.87
125005,55005,2024-11-09,Upi,Paid,14632.71
125006,55006,2026-07-07,Cash On Delivery,Paid,18114.9
125007,55007,2025-11-26,Debit Card,Paid,23521.09
125008,55008,2025-07-21,Credit Card,Paid,5196.76
125009,55009,2025-05-29,Credit Card,Failed,22079.43
125010,55010,2025-03-30,Credit Card,Paid,16584.51
125011,55011,2026-05-19,Upi,Paid,20071.7
125012,55012,2025-02-04,Net Banking,Paid,9690.29
125013,55013,2025-04-11,Wallet,Paid,20211.49
125014,55014,2024-03-24,Debit Card,Paid,21734.97
125015,55015,2024-04-24,Debit Card,Paid,7905.74
125016,55016,2024-07-17,Net Banking,Paid,22994.65
125017,55017,2024-10-17,Cash On Delivery,Paid,9361.4
125018,55018,2024-10-11,Debit Card,Paid,22565.21
125019,55019,2025-10-11,Cash On Delivery,Paid,11197.14
125020,55020,2025-06-20,Upi,Paid,25980.81
125021,55021,2024-01-05,Upi,Paid,16598.68
125022,55022,2025-05-16,Cash On Delivery,Paid,22527.05
125023,55023,2024-03-23,Upi,Paid,24781.55
125024,55024,2025-06-11,Debit Card,Paid,13576.27
125025,55025,2024-02-19,Credit Card,Paid,1918.09
125026,55026,2024-03-16,Upi,Paid,2313.53
125027,55027,2026-03-14,Credit Card,Paid,5629.63
125028,55028,2024-01-11,Debit Card,Paid,4652.17
125029,55029,2026-08-04,Cash On Delivery,Paid,25985.89
125030,55030,2025-03-26,Cash On Delivery,Pending,22644.18
125031,55031,2026-03-13,Credit Card,Paid,27114.12
125032,55032,2024-07-06,Upi,Paid,5382.56
125033,55033,2025-03-29,Upi,Paid,3088.04
125034,55034,2026-05-16,Upi,Paid,11284.19
125035,55035,2024-03-16,Net Banking,Paid,23112.94
125036,55036,2025-02-21,Cash On Delivery,Failed,25888.16
125037,55037,2024-05-02,Upi,Paid,10365.3
125038,55038,2024-12-08,Credit Card,Paid,7608.22
125039,55039,2026-07-30,Debit Card,Paid,4025.25
125040,55040,2025-06-11,Cash On Delivery,Paid,5486.52
125041,55041,2024-11-21,Debit Card,Failed,29582.21
125042,55042,2025-09-01,Credit Card,Paid,13695.73
125043,55043,2024-10-01,Upi,Paid,17414.12
125044,55044,2024-03-21,Upi,Paid,3663.19
125045,55045,2025-07-02,Debit Card,Paid,404.49
125046,55046,2025-12-22,Cash On Delivery,Paid,26184.77
125047,55047,2024-06-24,Upi,Paid,4391.23
125048,55048,2024-05-15,Upi,Failed,1422.38
125049,55049,2025-08-04,Cash On Delivery,Paid,20201.49
125050,55050,2025-01-10,Credit Card,Paid,6947.97
125051,55051,2026-06-29,Cash On Delivery,Paid,27182.07
125052,55052,2024-12-13,Net Banking,Paid,14109.19
125053,55053,2025-01-17,Net Banking,Paid,24481.82
125054,55054,2025-07-07,Upi,Paid,1639.61
125055,55055,2026-08-08,Upi,Paid,11954.65
125056,55056,2025-10-31,Net Banking,Paid,29746.22
125057,55057,2025-10-11,Cash On Delivery,Paid,2865.39
125058,55058,2026-02-17,Debit Card,Paid,24459.59
125059,55059,2026-03-04,Credit Card,Paid,5733.6
125060,55060,2025-05-27,Debit Card,Paid,27652.06
125061,55061,2024-10-07,Credit Card,Paid,7832.65
125062,55062,2024-05-31,Net Banking,Paid,479.33
125063,55063,2025-07-04,Upi,Paid,22705.51
125064,55064,2025-11-09,Upi,Paid,4493.49
125065,55065,2024-12-22,Upi,Paid,26177.9
125066,55066,2025-04-09,Cash On Delivery,Paid,4008.08
125067,55067,2025-03-11,Upi,Paid,11594.32
125068,55068,2025-07-26,Credit Card,Paid,6893.85
125069,55069,2026-03-07,Cash On Delivery,Paid,3072.46
125070,55070,2025-03-08,Net Banking,Paid,9964.74
125071,55071,2025-05-18,Upi,Paid,5297.29
125072,55072,2025-02-10,Credit Card,Paid,2249.46
125073,55073,2024-10-21,Wallet,Paid,13349.64
125074,55074,2025-11-14,Upi,Paid,5427.66
125075,55075,2025-08-21,Cash On Delivery,Paid,29211.19
125076,55076,2025-05-26,Cash On Delivery,Paid,20364.48
125077,55077,2024-10-14,Net Banking,Paid,23289.45
125078,55078,2026-04-21,Credit Card,Pending,12796.79
125079,55079,2026-02-19,Debit Card,Paid,17004.65
125080,55080,2025-12-23,Credit Card,Paid,20244.62
125081,55081,2026-03-03,Upi,Paid,14045.97
125082,55082,2025-04-07,Debit Card,Paid,9644.88
125083,55083,2025-09-04,Credit Card,Paid,7209.87
125084,55084,2024-07-28,Upi,Paid,6614.91
125085,55085,2026-02-01,Credit Card,Paid,20611.65
125086,55086,2024-01-20,Cash On Delivery,Failed,21926.2
125087,55087,2025-05-10,Upi,Paid,3323.68
125088,55088,2024-07-20,Upi,Paid,24356.99
125089,55089,2025-08-02,Upi,Paid,19330.62
125090,55090,2024-09-29,Cash On Delivery,Paid,7953.04
125091,55091,2026-07-27,Upi,Paid,26788.87
125092,55092,2024-04-27,Credit Card,Paid,22183.97
125093,55093,2026-03-08,Upi,Pending,5921.39
125094,55094,2025-10-13,Cash On Delivery,Paid,28052.02
125095,55095,2026-08-25,Upi,Paid,8769.28
125096,55096,2024-11-14,Upi,Paid,26749.74
125097,55097,2025-11-15,Credit Card,Failed,21610.07
125098,55098,2024-01-31,Debit Card,Paid,5217.89
125099,55099,2025-10-18,Upi,Paid,25989.21
125100,55100,2025-03-02,Upi,Paid,4014.03
125101,55101,2025-12-07,Upi,Paid,8391.46
125102,55102,2026-02-01,Net Banking,Paid,12456.65
125103,55103,2025-04-19,Credit Card,Paid,5073.15
125104,55104,2024-11-25,Debit Card,Paid,6957.37
125105,55105,2025-11-25,Upi,Paid,13417.9
125106,55106,2026-05-25,Upi,Paid,27066.98
125107,55107,2024-12-17,Wallet,Paid,16647.59
125108,55108,2026-04-09,Upi,Paid,3989.75
125109,55109,2025-03-08,Debit Card,Paid,15589.23
125110,55110,2026-05-13,Upi,Paid,25916.14
125111,55111,2025-09-23,Upi,Failed,22347.02
125112,55112,2025-10-11,Upi,Paid,20474.34
125113,55113,2025-10-30,Credit Card,Paid,13578.24
125114,55114,2026-02-23,Upi,Paid,6218.46
125115,55115,2026-04-17,Upi,Paid,22666.23
125116,55116,2025-01-14,Debit Card,Refunded,14192.73
125117,55117,2025-12-27,Debit Card,Paid,17168.95
125118,55118,2025-11-04,Wallet,Refunded,27467.01
125119,55119,2025-07-29,Upi,Paid,14771.76
125120,55120,2024-08-05,Debit Card,Paid,15230.6
125121,55121,2025-03-30,Cash On Delivery,Paid,6411.6
125122,55122,2024-07-17,Credit Card,Paid,5811.0
125123,55123,2024-05-15,Debit Card,Paid,12593.52
125124,55124,2026-07-06,Credit Card,Paid,29642.69
125125,55125,2025-12-06,Debit Card,Paid,6237.65
125126,55126,2025-06-17,Debit Card,Paid,5363.58
125127,55127,2025-03-05,Upi,Paid,7011.79
125128,55128,2024-03-12,Debit Card,Paid,4192.73
125129,55129,2024-12-06,Upi,Paid,13753.77
125130,55130,2024-07-13,Wallet,Paid,23529.07
125131,55131,2025-06-07,Net Banking,Pending,29273.74
125132,55132,2025-03-26,Debit Card,Paid,22537.67
125133,55133,2026-07-26,Debit Card,Pending,28575.96
125134,55134,2026-04-02,Upi,Paid,1182.5
125135,55135,2025-08-05,Cash On Delivery,Paid,15189.55
125136,55136,2026-05-22,Upi,Paid,25510.65
125137,55137,2024-11-16,Cash On Delivery,Paid,5764.36
125138,55138,2024-04-22,Debit Card,Failed,15315.51
125139,55139,2025-06-30,Debit Card,Paid,29889.53
125140,55140,2024-03-01,Net Banking,Paid,29136.39
125141,55141,2026-07-06,Upi,Paid,29923.86
125142,55142,2024-05-01,Upi,Paid,807.62
125143,55143,2026-04-10,Upi,Paid,13859.89
125144,55144,2025-10-16,Debit Card,Paid,19189.88
125145,55145,2024-08-28,Debit Card,Paid,2765.24
125146,55146,2025-05-31,Cash On Delivery,Paid,1115.6
125147,55147,2025-06-14,Net Banking,Paid,19539.18
125148,55148,2025-12-17,Net Banking,Paid,18822.44
125149,55149,2025-02-21,Credit Card,Paid,2745.35
125150,55150,2025-07-29,Upi,Paid,7607.99
125151,55151,2025-02-08,Debit Card,Paid,21314.69
125152,55152,2024-04-03,Upi,Paid,19254.63
125153,55153,2025-11-20,Cash On Delivery,Paid,11350.21
125154,55154,2024-09-06,Wallet,Paid,25947.63
125155,55155,2024-09-29,Cash On Delivery,Paid,1647.58
125156,55156,2024-11-19,Credit Card,Paid,11311.48
125157,55157,2025-07-06,Upi,Paid,5561.6
125158,55158,2025-11-18,Wallet,Failed,27810.83
125159,55159,2026-03-03,Upi,Paid,17881.21
125160,55160,2025-08-03,Upi,Paid,9023.0
125161,55161,2025-01-20,Credit Card,Paid,27677.87
125162,55162,2026-07-08,Cash On Delivery,Paid,20283.41
125163,55163,2025-04-06,Net Banking,Paid,28490.77
125164,55164,2024-05-22,Upi,Paid,10395.9
125165,55165,2026-02-19,Debit Card,Paid,25682.63
125166,55166,2026-07-01,Upi,Paid,19251.69
125167,55167,2024-10-11,Upi,Paid,3449.53
125168,55168,2024-08-03,Net Banking,Paid,8517.98
125169,55169,2024-12-08,Upi,Paid,27711.4
125170,55170,2024-12-01,Wallet,Paid,14521.26
125171,55171,2024-07-08,Cash On Delivery,Pending,25792.79
125172,55172,2024-02-03,Wallet,Paid,24533.1
125173,55173,2024-07-02,Net Banking,Paid,17450.46
125174,55174,2024-10-14,Upi,Paid,28916.12
125175,55175,2024-07-04,Cash On Delivery,Paid,2951.28
125176,55176,2024-07-12,Upi,Paid,4523.05
125177,55177,2026-07-06,Upi,Paid,29986.61
125178,55178,2024-07-30,Net Banking,Paid,29535.87
125179,55179,2026-03-08,Credit Card,Paid,11389.01
125180,55180,2025-07-12,Net Banking,Paid,13248.6
125181,55181,2025-02-28,Credit Card,Paid,25338.33
125182,55182,2026-01-30,Net Banking,Paid,8815.25
125183,55183,2024-01-17,Upi,Paid,2830.07
125184,55184,2025-12-26,Upi,Paid,18129.89
125185,55185,2025-02-10,Cash On Delivery,Paid,17145.97
125186,55186,2026-03-16,Debit Card,Paid,22144.92
125187,55187,2026-07-23,Debit Card,Failed,20695.15
125188,55188,2025-12-12,Net Banking,Paid,13510.84
125189,55189,2024-04-23,Upi,Paid,8970.08
125190,55190,2026-08-05,Credit Card,Paid,16639.21
125191,55191,2026-01-07,Upi,Failed,16282.1
125192,55192,2024-01-19,Credit Card,Paid,26718.05
125193,55193,2024-07-06,Wallet,Paid,19634.55
125194,55194,2026-08-17,Net Banking,Failed,9877.12
125195,55195,2026-03-22,Credit Card,Paid,17023.2
125196,55196,2025-02-03,Upi,Paid,14737.5
125197,55197,2026-07-17,Wallet,Paid,22918.09
125198,55198,2025-04-08,Wallet,Paid,17940.74
125199,55199,2026-04-21,Debit Card,Failed,10454.2
125200,55200,2025-07-17,Credit Card,Failed,1331.62
125201,55201,2025-10-04,Credit Card,Refunded,5168.76
125202,55202,2024-01-09,Wallet,Paid,18841.4
125203,55203,2026-07-30,Wallet,Paid,10897.25
125204,55204,2024-06-28,Upi,Paid,13202.01
125205,55205,2024-07-27,Net Banking,Paid,7710.94
125206,55206,2025-03-09,Cash On Delivery,Paid,16548.13
125207,55207,2026-01-02,Credit Card,Paid,19235.04
125208,55208,2026-01-17,Net Banking,Refunded,22196.09
125209,55209,2025-08-30,Cash On Delivery,Paid,2713.2
125210,55210,2026-04-25,Net Banking,Paid,874.7
125211,55211,2025-11-03,Upi,Paid,25137.16
125212,55212,2024-05-25,Net Banking,Paid,3078.37
125213,55213,2026-02-02,Upi,Paid,2971.44
125214,55214,2024-09-12,Wallet,Paid,20561.14
125215,55215,2025-05-21,Net Banking,Paid,27457.86
125216,55216,2025-08-12,Upi,Pending,7698.23
125217,55217,2025-01-18,Upi,Paid,21069.54
125218,55218,2024-12-19,Credit Card,Paid,21960.56
125219,55219,2024-09-19,Upi,Paid,3259.93
125220,55220,2024-10-17,Wallet,Failed,6299.1
125221,55221,2026-08-15,Net Banking,Paid,23313.06
125222,55222,2025-01-08,Credit Card,Paid,16116.62
125223,55223,2025-04-04,Debit Card,Paid,26740.83
125224,55224,2025-11-13,Debit Card,Paid,28439.63
125225,55225,2024-08-29,Net Banking,Paid,1235.81
125226,55226,2024-07-11,Net Banking,Paid,23966.86
125227,55227,2024-07-25,Net Banking,Paid,11546.96
125228,55228,2024-03-01,Upi,Failed,4003.08
125229,55229,2025-03-15,Credit Card,Paid,15580.97
125230,55230,2024-01-07,Cash On Delivery,Paid,16486.07
125231,55231,2025-01-04,Upi,Paid,17295.19
125232,55232,2025-05-27,Cash On Delivery,Paid,10399.13
125233,55233,2024-09-10,Upi,Failed,12824.77
125234,55234,2024-09-01,Net Banking,Paid,29767.18
125235,55235,2025-08-06,Credit Card,Paid,9791.58
125236,55236,2025-06-28,Credit Card,Failed,1196.67
125237,55237,2026-02-05,Credit Card,Paid,22628.65
125238,55238,2026-05-07,Credit Card,Paid,15079.16
125239,55239,2024-08-28,Debit Card,Paid,23697.23
125240,55240,2024-10-12,Upi,Paid,14797.04
125241,55241,2025-05-26,Debit Card,Paid,22145.58
125242,55242,2024-06-28,Debit Card,Paid,7149.02
125243,55243,2025-12-07,Upi,Paid,26634.9
125244,55244,2024-01-04,Credit Card,Refunded,18008.42
125245,55245,2024-12-23,Cash On Delivery,Paid,28570.84
125246,55246,2026-08-10,Cash On Delivery,Paid,10079.87
125247,55247,2025-12-14,Upi,Paid,5479.04
125248,55248,2025-05-16,Debit Card,Paid,23366.64
125249,55249,2024-01-04,Credit Card,Paid,23019.12
125250,55250,2026-02-17,Net Banking,Failed,24251.11
125251,55251,2025-03-08,Credit Card,Paid,2867.24
125252,55252,2026-04-12,Upi,Paid,15655.77
125253,55253,2026-02-02,Upi,Paid,15509.11
125254,55254,2026-08-23,Upi,Paid,23710.89
125255,55255,2024-04-26,Debit Card,Paid,4180.79
125256,55256,2026-04-15,Net Banking,Paid,26432.5
125257,55257,2025-11-22,Credit Card,Paid,4837.25
125258,55258,2024-10-14,Cash On Delivery,Paid,18619.66
125259,55259,2026-03-30,Cash On Delivery,Paid,10027.74
125260,55260,2025-07-02,Cash On Delivery,Paid,19086.59
125261,55261,2025-10-04,Credit Card,Paid,11635.5
125262,55262,2026-07-24,Upi,Paid,5413.47
125263,55263,2025-07-10,Credit Card,Paid,23727.57
125264,55264,2025-09-07,Upi,Paid,29183.25
125265,55265,2026-04-22,Credit Card,Failed,3050.17
125266,55266,2026-01-16,Debit Card,Paid,2487.03
125267,55267,2025-09-15,Debit Card,Paid,18974.57
125268,55268,2026-05-31,Upi,Paid,1230.98
125269,55269,2026-06-03,Net Banking,Paid,20033.87
125270,55270,2025-08-19,Upi,Paid,4481.47
125271,55271,2024-04-07,Upi,Paid,3845.81
125272,55272,2025-11-05,Credit Card,Paid,21453.47
125273,55273,2024-11-21,Credit Card,Paid,4883.68
125274,55274,2025-07-24,Cash On Delivery,Paid,5433.71
125275,55275,2025-01-01,Net Banking,Pending,29899.04
125276,55276,2024-11-26,Debit Card,Paid,7388.0
125277,55277,2026-08-05,Net Banking,Paid,21954.6
125278,55278,2024-08-29,Credit Card,Paid,23684.01
125279,55279,2024-06-07,Upi,Paid,12116.48
125280,55280,2025-09-06,Cash On Delivery,Paid,22809.14
125281,55281,2025-09-17,Upi,Paid,383.24
125282,55282,2026-08-10,Net Banking,Paid,28152.56
125283,55283,2024-02-26,Credit Card,Paid,6748.52
125284,55284,2026-06-09,Upi,Paid,26318.43
125285,55285,2026-03-26,Debit Card,Paid,9891.99
125286,55286,2024-07-25,Upi,Paid,2495.29
125287,55287,2026-03-08,Credit Card,Paid,25637.71
125288,55288,2026-03-31,Debit Card,Pending,27095.14
125289,55289,2024-04-23,Credit Card,Paid,4238.04
125290,55290,2024-01-21,Upi,Paid,24252.75
125291,55291,2025-10-05,Cash On Delivery,Paid,24474.29
125292,55292,2025-07-28,Cash On Delivery,Paid,19530.06
125293,55293,2026-04-20,Net Banking,Paid,16655.34
125294,55294,2026-06-22,Cash On Delivery,Paid,25336.1
125295,55295,2024-04-12,Credit Card,Paid,25087.59
125296,55296,2026-07-20,Credit Card,Paid,5890.97
125297,55297,2026-04-09,Credit Card,Paid,18749.33
125298,55298,2025-08-08,Debit Card,Paid,11896.79
125299,55299,2024-12-18,Credit Card,Paid,24689.49
125300,55300,2025-09-05,Upi,Paid,14930.18
125301,55301,2025-07-04,Upi,Paid,20600.75
125302,55302,2025-01-15,Upi,Paid,6244.46
125303,55303,2024-03-18,Upi,Paid,16770.4
125304,55304,2025-12-05,Net Banking,Paid,10047.23
125305,55305,2024-10-23,Debit Card,Paid,24707.99
125306,55306,2024-08-29,Cash On Delivery,Paid,2111.46
125307,55307,2024-12-29,Upi,Paid,27691.76
125308,55308,2024-02-05,Upi,Paid,17457.67
125309,55309,2025-01-17,Debit Card,Paid,1067.12
125310,55310,2026-03-22,Credit Card,Paid,26308.23
125311,55311,2025-12-13,Upi,Paid,14316.56
125312,55312,2024-03-02,Net Banking,Paid,24411.66
125313,55313,2024-11-17,Net Banking,Paid,16956.5
125314,55314,2025-10-09,Credit Card,Paid,2059.02
125315,55315,2026-06-24,Credit Card,Paid,14728.45
125316,55316,2025-02-28,Debit Card,Refunded,28957.95
125317,55317,2026-08-18,Upi,Paid,15988.58
125318,55318,2024-02-13,Upi,Paid,28049.66
125319,55319,2026-06-02,Upi,Paid,933.9
125320,55320,2024-06-07,Credit Card,Paid,27021.93
125321,55321,2025-12-08,Debit Card,Paid,24106.96
125322,55322,2024-04-09,Upi,Paid,12995.97
125323,55323,2026-08-18,Upi,Paid,6872.01
125324,55324,2024-07-29,Credit Card,Paid,2581.66
125325,55325,2024-12-25,Cash On Delivery,Paid,9525.41
125326,55326,2025-09-09,Upi,Paid,20834.16
125327,55327,2024-02-21,Net Banking,Paid,25739.84
125328,55328,2025-07-07,Cash On Delivery,Pending,11683.48
125329,55329,2024-10-12,Net Banking,Paid,18676.13
125330,55330,2025-02-23,Credit Card,Paid,7818.13
125331,55331,2024-11-18,Upi,Paid,9147.55
125332,55332,2026-03-30,Net Banking,Paid,17897.4
125333,55333,2025-03-21,Upi,Paid,14483.49
125334,55334,2026-01-03,Upi,Paid,6230.03
125335,55335,2024-02-11,Upi,Paid,25778.01
125336,55336,2025-10-25,Upi,Paid,25495.46
125337,55337,2025-01-07,Credit Card,Paid,2060.24
125338,55338,2025-08-05,Credit Card,Paid,1790.17
125339,55339,2026-04-01,Upi,Paid,6913.19
125340,55340,2025-11-09,Upi,Paid,8252.5
125341,55341,2024-12-09,Upi,Paid,13902.03
125342,55342,2024-08-08,Debit Card,Paid,14902.13
125343,55343,2026-05-11,Upi,Paid,6663.13
125344,55344,2024-09-12,Wallet,Paid,20292.78
125345,55345,2024-02-04,Upi,Paid,16389.14
125346,55346,2024-10-18,Net Banking,Refunded,6967.01
125347,55347,2024-01-11,Debit Card,Paid,11936.42
125348,55348,2025-12-21,Debit Card,Paid,1577.31
125349,55349,2026-05-14,Upi,Paid,21951.51
125350,55350,2025-02-23,Upi,Paid,4953.25
125351,55351,2025-08-21,Credit Card,Paid,28153.28
125352,55352,2026-07-20,Debit Card,Paid,13081.38
125353,55353,2026-06-19,Debit Card,Pending,22984.13
125354,55354,2024-02-08,Upi,Paid,21579.17
125355,55355,2024-03-10,Credit Card,Paid,11023.13
125356,55356,2025-01-08,Upi,Pending,2569.74
125357,55357,2024-09-30,Credit Card,Paid,15546.4
125358,55358,2024-06-01,Credit Card,Paid,13599.37
125359,55359,2024-05-28,Credit Card,Pending,3043.82
125360,55360,2026-03-02,Debit Card,Paid,15861.91
125361,55361,2024-07-08,Net Banking,Paid,11696.24
125362,55362,2025-04-13,Net Banking,Paid,16868.17
125363,55363,2024-02-16,Upi,Paid,13050.99
125364,55364,2025-08-25,Credit Card,Paid,28190.71
125365,55365,2025-12-22,Upi,Paid,2033.39
125366,55366,2025-08-03,Upi,Paid,3088.24
125367,55367,2024-10-03,Credit Card,Paid,14877.33
125368,55368,2024-03-19,Credit Card,Paid,25617.38
125369,55369,2025-01-24,Net Banking,Paid,20821.66
125370,55370,2026-02-01,Debit Card,Paid,25046.43
125371,55371,2024-04-29,Cash On Delivery,Paid,5580.32
125372,55372,2026-03-08,Upi,Paid,21813.43
125373,55373,2026-06-07,Net Banking,Paid,6478.91
125374,55374,2025-08-12,Upi,Paid,18280.66
125375,55375,2026-03-29,Upi,Paid,27388.22
125376,55376,2024-09-29,Upi,Paid,3432.39
125377,55377,2025-08-27,Cash On Delivery,Paid,24843.02
125378,55378,2025-12-04,Debit Card,Paid,19777.02
125379,55379,2025-11-26,Debit Card,Paid,4854.32
125380,55380,2025-11-13,Upi,Paid,28511.92
125381,55381,2024-07-09,Credit Card,Paid,17867.13
125382,55382,2026-06-04,Upi,Paid,20828.76
125383,55383,2025-10-25,Debit Card,Refunded,6161.27
125384,55384,2024-04-25,Credit Card,Pending,15153.03
125385,55385,2025-09-15,Debit Card,Paid,14597.28
125386,55386,2026-06-01,Upi,Paid,5630.25
125387,55387,2024-01-26,Credit Card,Paid,6856.74
125388,55388,2026-05-11,Upi,Paid,6607.01
125389,55389,2024-11-17,Net Banking,Paid,21556.3
125390,55390,2024-10-16,Upi,Paid,11015.5
125391,55391,2025-04-17,Credit Card,Pending,893.66
125392,55392,2025-11-27,Cash On Delivery,Paid,29622.7
125393,55393,2024-04-11,Net Banking,Paid,20440.31
125394,55394,2024-09-15,Debit Card,Paid,16661.1
125395,55395,2026-02-23,Cash On Delivery,Paid,10576.82
125396,55396,2024-08-19,Credit Card,Paid,7021.56
125397,55397,2024-12-06,Cash On Delivery,Refunded,6505.32
125398,55398,2025-09-16,Cash On Delivery,Paid,14816.01
125399,55399,2024-09-03,Upi,Paid,17896.75
125400,55400,2024-02-18,Cash On Delivery,Paid,3063.34
125401,55401,2025-05-26,Credit Card,Paid,9050.39
125402,55402,2024-04-06,Wallet,Paid,10035.22
125403,55403,2025-01-12,Cash On Delivery,Paid,24216.08
125404,55404,2025-10-04,Wallet,Paid,15075.63
125405,55405,2025-12-18,Upi,Paid,24656.37
125406,55406,2026-07-13,Credit Card,Pending,12185.18
125407,55407,2026-04-26,Cash On Delivery,Paid,15549.19
125408,55408,2024-02-03,Upi,Paid,23004.66
125409,55409,2025-04-16,Net Banking,Paid,4476.33
125410,55410,2024-01-24,Cash On Delivery,Paid,9931.1
125411,55411,2026-02-19,Debit Card,Paid,18609.76
125412,55412,2024-03-16,Upi,Paid,20639.72
125413,55413,2026-01-25,Debit Card,Paid,20766.99
125414,55414,2024-01-03,Credit Card,Paid,435.25
125415,55415,2024-04-19,Debit Card,Paid,15410.58
125416,55416,2026-06-19,Debit Card,Paid,9415.29
125417,55417,2024-07-02,Debit Card,Paid,16636.92
125418,55418,2025-04-06,Cash On Delivery,Paid,24863.01
125419,55419,2025-05-21,Upi,Paid,14180.81
125420,55420,2025-11-04,Cash On Delivery,Paid,15116.18
125421,55421,2026-06-27,Debit Card,Paid,4299.33
125422,55422,2025-02-07,Debit Card,Paid,11905.57
125423,55423,2025-08-10,Upi,Paid,19275.77
125424,55424,2026-08-26,Upi,Paid,7210.1
125425,55425,2024-04-15,Wallet,Pending,6226.98
125426,55426,2025-04-10,Cash On Delivery,Paid,19683.15
125427,55427,2024-10-22,Upi,Paid,4285.49
125428,55428,2026-07-01,Wallet,Paid,1442.76
125429,55429,2025-08-20,Cash On Delivery,Paid,1608.36
125430,55430,2025-09-24,Credit Card,Pending,14289.68
125431,55431,2024-06-30,Credit Card,Paid,6601.76
125432,55432,2026-07-10,Credit Card,Paid,13839.79
125433,55433,2024-03-09,Upi,Paid,25210.72
125434,55434,2025-04-28,Upi,Paid,2655.21
125435,55435,2025-11-09,Upi,Paid,23195.29
125436,55436,2026-05-03,Cash On Delivery,Paid,22608.97
125437,55437,2024-09-25,Upi,Paid,19215.55
125438,55438,2024-11-22,Wallet,Failed,17488.37
125439,55439,2024-02-09,Upi,Paid,17109.45
125440,55440,2025-10-05,Upi,Paid,20247.37
125441,55441,2024-07-11,Cash On Delivery,Paid,24589.82
125442,55442,2025-08-24,Upi,Paid,9229.48
125443,55443,2024-03-25,Upi,Paid,24611.31
125444,55444,2025-04-20,Credit Card,Paid,5425.93
125445,55445,2025-04-09,Debit Card,Paid,10448.35
125446,55446,2025-05-03,Upi,Paid,20341.97
125447,55447,2024-10-29,Upi,Paid,17464.19
125448,55448,2024-06-17,Wallet,Paid,8336.4
125449,55449,2026-01-22,Credit Card,Paid,18342.46
125450,55450,2026-05-29,Upi,Paid,14431.89
125451,55451,2024-09-27,Cash On Delivery,Pending,10991.12
125452,55452,2025-03-18,Credit Card,Paid,21317.63
125453,55453,2024-04-15,Upi,Paid,18105.37
125454,55454,2024-05-28,Upi,Paid,3249.56
125455,55455,2024-12-07,Debit Card,Paid,895.79
125456,55456,2025-11-15,Upi,Paid,29006.48
125457,55457,2025-10-14,Credit Card,Paid,10255.03
125458,55458,2025-12-09,Wallet,Paid,27787.39
125459,55459,2024-03-28,Upi,Paid,24309.14
125460,55460,2024-02-16,Credit Card,Failed,6166.69
125461,55461,2024-09-26,Credit Card,Paid,1043.81
125462,55462,2024-11-21,Upi,Paid,7739.74
125463,55463,2025-05-16,Upi,Paid,28174.98
125464,55464,2025-07-22,Upi,Paid,21960.77
125465,55465,2024-07-02,Upi,Paid,21287.42
125466,55466,2026-03-07,Credit Card,Paid,10688.56
125467,55467,2025-12-27,Upi,Paid,24347.75
125468,55468,2024-10-30,Credit Card,Paid,26467.39
125469,55469,2025-09-18,Cash On Delivery,Refunded,17842.35
125470,55470,2024-10-17,Credit Card,Paid,5739.8
125471,55471,2024-03-02,Credit Card,Pending,5875.5
125472,55472,2025-12-17,Upi,Paid,5079.1
125473,55473,2024-03-24,Upi,Paid,14421.44
125474,55474,2024-07-31,Net Banking,Paid,26573.06
125475,55475,2024-10-20,Upi,Paid,15993.97
125476,55476,2026-05-22,Upi,Paid,27866.99
125477,55477,2025-07-25,Wallet,Paid,28912.25
125478,55478,2026-02-07,Cash On Delivery,Paid,27331.27
125479,55479,2026-06-02,Debit Card,Paid,28000.0
125480,55480,2026-05-17,Credit Card,Paid,20024.69
125481,55481,2025-08-16,Wallet,Paid,15645.74
125482,55482,2024-12-10,Net Banking,Paid,24893.19
125483,55483,2025-01-28,Upi,Paid,14056.07
125484,55484,2024-06-12,Upi,Paid,5894.48
125485,55485,2025-07-25,Wallet,Paid,8010.88
125486,55486,2025-07-21,Credit Card,Paid,27215.81
125487,55487,2026-08-03,Net Banking,Paid,6924.29
125488,55488,2024-07-05,Cash On Delivery,Paid,10898.26
125489,55489,2026-01-04,Net Banking,Paid,24979.87
125490,55490,2024-09-18,Upi,Refunded,1310.59
125491,55491,2024-03-19,Upi,Paid,27674.0
125492,55492,2025-01-23,Cash On Delivery,Refunded,26941.87
125493,55493,2026-07-23,Credit Card,Failed,13017.84
125494,55494,2025-03-27,Net Banking,Paid,28623.5
125495,55495,2024-07-01,Net Banking,Paid,19890.59
125496,55496,2024-11-08,Net Banking,Paid,27740.0
125497,55497,2025-11-06,Upi,Paid,16895.06
125498,55498,2024-10-03,Wallet,Paid,14554.3
125499,55499,2024-08-13,Upi,Paid,24645.64
125500,55500,2024-08-30,Credit Card,Paid,29012.28
125501,55501,2024-03-23,Credit Card,Paid,12327.84
125502,55502,2025-10-31,Wallet,Failed,25824.47
125503,55503,2024-11-09,Upi,Paid,4445.06
125504,55504,2024-10-23,Upi,Paid,23603.52
125505,55505,2024-11-15,Upi,Paid,26354.91
125506,55506,2025-11-04,Upi,Paid,26936.28
125507,55507,2026-04-29,Cash On Delivery,Paid,9809.19
125508,55508,2025-12-24,Upi,Paid,3525.25
125509,55509,2025-07-05,Credit Card,Pending,14557.12
125510,55510,2025-11-26,Credit Card,Paid,12523.22
125511,55511,2024-08-08,Credit Card,Paid,630.72
125512,55512,2026-06-07,Credit Card,Paid,4025.69
125513,55513,2025-08-18,Debit Card,Paid,28365.64
125514,55514,2026-07-15,Upi,Paid,21588.39
125515,55515,2024-09-19,Upi,Paid,5161.68
125516,55516,2024-05-25,Cash On Delivery,Paid,1307.97
125517,55517,2025-11-25,Debit Card,Paid,10861.74
125518,55518,2024-11-06,Upi,Paid,9353.85
125519,55519,2024-07-23,Upi,Failed,25151.61
125520,55520,2026-02-06,Debit Card,Paid,12349.6
125521,55521,2025-06-03,Net Banking,Paid,6587.15
125522,55522,2026-01-29,Debit Card,Paid,24798.01
125523,55523,2024-08-27,Wallet,Paid,24451.5
125524,55524,2024-03-09,Upi,Paid,5851.27
125525,55525,2025-02-03,Cash On Delivery,Paid,14876.24
125526,55526,2026-07-23,Upi,Paid,18413.43
125527,55527,2025-07-22,Debit Card,Paid,26446.31
125528,55528,2026-04-10,Credit Card,Refunded,16910.87
125529,55529,2026-03-28,Upi,Failed,18392.9
125530,55530,2026-05-23,Upi,Paid,15057.77
125531,55531,2025-03-23,Debit Card,Paid,17751.44
125532,55532,2024-07-19,Cash On Delivery,Paid,25120.51
125533,55533,2026-05-23,Cash On Delivery,Pending,20741.13
125534,55534,2025-05-03,Debit Card,Paid,21591.51
125535,55535,2024-11-07,Upi,Paid,26139.88
125536,55536,2025-03-06,Net Banking,Pending,1067.78
125537,55537,2026-02-01,Net Banking,Paid,28795.4
125538,55538,2024-12-15,Net Banking,Paid,14271.17
125539,55539,2026-03-18,Net Banking,Paid,18493.2
125540,55540,2024-08-09,Credit Card,Paid,13904.85
125541,55541,2024-11-05,Upi,Paid,11711.91
125542,55542,2024-05-16,Upi,Paid,21268.44
125543,55543,2026-04-25,Cash On Delivery,Failed,16063.26
125544,55544,2026-04-24,Debit Card,Paid,1916.21
125545,55545,2024-07-22,Credit Card,Paid,10095.05
125546,55546,2025-06-01,Debit Card,Paid,24127.09
125547,55547,2026-02-08,Upi,Paid,7474.67
125548,55548,2025-08-07,Upi,Paid,10517.02
125549,55549,2025-09-20,Debit Card,Paid,11119.62
125550,55550,2024-09-12,Wallet,Refunded,27746.39
125551,55551,2024-01-30,Net Banking,Paid,16248.51
125552,55552,2026-06-28,Credit Card,Paid,8692.49
125553,55553,2026-06-05,Upi,Paid,12452.51
125554,55554,2026-06-28,Upi,Failed,5818.53
125555,55555,2024-02-12,Cash On Delivery,Paid,10985.57
125556,55556,2025-10-15,Upi,Paid,6148.68
125557,55557,2024-08-31,Upi,Paid,24185.18
125558,55558,2024-11-08,Upi,Paid,17430.79
125559,55559,2025-02-06,Credit Card,Paid,9911.42
125560,55560,2024-08-16,Upi,Paid,25550.6
125561,55561,2025-07-31,Upi,Refunded,27573.8
125562,55562,2025-08-02,Credit Card,Paid,18042.18
125563,55563,2026-06-20,Credit Card,Paid,12828.05
125564,55564,2026-03-18,Debit Card,Pending,29907.52
125565,55565,2025-11-12,Net Banking,Paid,12249.18
125566,55566,2026-07-27,Debit Card,Paid,9512.34
125567,55567,2025-02-22,Upi,Paid,9602.93
125568,55568,2024-03-07,Credit Card,Refunded,3393.37
125569,55569,2026-05-02,Cash On Delivery,Paid,10661.93
125570,55570,2024-11-21,Upi,Failed,5578.43
125571,55571,2025-03-10,Credit Card,Paid,17976.27
125572,55572,2025-01-17,Wallet,Pending,1526.51
125573,55573,2026-06-04,Credit Card,Failed,7364.08
125574,55574,2024-12-26,Credit Card,Paid,3669.32
125575,55575,2025-10-25,Upi,Failed,15299.67
125576,55576,2025-10-12,Debit Card,Paid,21105.44
125577,55577,2025-06-24,Cash On Delivery,Paid,23099.38
125578,55578,2025-06-16,Upi,Failed,3567.17
125579,55579,2024-03-12,Debit Card,Paid,18564.34
125580,55580,2026-05-17,Upi,Paid,8139.67
125581,55581,2024-11-20,Wallet,Failed,20099.59
125582,55582,2024-08-03,Wallet,Pending,26093.81
125583,55583,2024-08-02,Upi,Paid,14666.07
125584,55584,2025-01-23,Debit Card,Pending,23050.84
125585,55585,2025-08-30,Credit Card,Paid,28989.83
125586,55586,2025-06-08,Upi,Paid,5159.69
125587,55587,2026-03-21,Upi,Failed,12215.07
125588,55588,2026-03-03,Upi,Paid,26750.27
125589,55589,2024-11-23,Credit Card,Paid,3305.09
125590,55590,2026-03-09,Credit Card,Paid,13228.81
125591,55591,2025-10-24,Debit Card,Paid,13483.2
125592,55592,2026-04-16,Credit Card,Pending,27995.04
125593,55593,2024-01-02,Debit Card,Refunded,13221.4
125594,55594,2025-05-20,Wallet,Paid,1653.37
125595,55595,2025-08-30,Debit Card,Paid,27134.29
125596,55596,2024-08-23,Wallet,Paid,2552.48
125597,55597,2025-09-27,Cash On Delivery,Paid,18470.95
125598,55598,2025-12-08,Wallet,Paid,11011.55
125599,55599,2024-05-15,Upi,Paid,20107.85
125600,55600,2026-07-18,Upi,Paid,22526.64
125601,55601,2026-07-07,Net Banking,Paid,13635.98
125602,55602,2024-10-03,Upi,Paid,24290.65
125603,55603,2024-07-12,Debit Card,Paid,9621.18
125604,55604,2024-07-12,Net Banking,Paid,1190.56
125605,55605,2024-02-07,Upi,Failed,29021.83
125606,55606,2024-01-25,Upi,Paid,14990.26
125607,55607,2024-10-31,Debit Card,Paid,28717.43
125608,55608,2025-10-11,Credit Card,Paid,12930.86
125609,55609,2025-10-24,Debit Card,Paid,18510.56
125610,55610,2025-06-12,Upi,Paid,5715.28
125611,55611,2025-09-22,Wallet,Paid,20390.52
125612,55612,2024-05-12,Upi,Refunded,19577.52
125613,55613,2026-08-23,Credit Card,Failed,29161.6
125614,55614,2024-07-12,Credit Card,Failed,14286.45
125615,55615,2024-12-23,Wallet,Paid,24937.01
125616,55616,2025-10-07,Upi,Paid,6159.64
125617,55617,2024-05-04,Credit Card,Paid,8239.99
125618,55618,2025-02-26,Net Banking,Paid,16496.18
125619,55619,2026-06-27,Upi,Failed,22885.66
125620,55620,2024-08-14,Credit Card,Paid,2947.55
125621,55621,2025-08-27,Credit Card,Paid,20700.65
125622,55622,2025-08-10,Net Banking,Paid,19881.16
125623,55623,2024-03-18,Wallet,Paid,573.86
125624,55624,2024-02-24,Upi,Paid,6952.11
125625,55625,2024-05-24,Upi,Paid,10000.68
125626,55626,2024-01-19,Upi,Paid,19718.34
125627,55627,2025-05-30,Wallet,Paid,22587.01
125628,55628,2024-09-13,Upi,Paid,12525.9
125629,55629,2025-08-05,Upi,Paid,13693.33
125630,55630,2024-10-08,Net Banking,Paid,8224.33
125631,55631,2024-12-07,Net Banking,Paid,25155.18
125632,55632,2024-04-12,Upi,Paid,20451.89
125633,55633,2026-02-13,Upi,Paid,1257.48
125634,55634,2024-04-21,Net Banking,Paid,21445.78
125635,55635,2026-06-07,Upi,Paid,4245.46
125636,55636,2024-06-11,Upi,Paid,11489.27
125637,55637,2026-08-21,Debit Card,Paid,29755.33
125638,55638,2025-12-04,Upi,Paid,24552.25
125639,55639,2026-03-11,Upi,Paid,3788.73
125640,55640,2026-02-20,Debit Card,Paid,20400.15
125641,55641,2025-03-10,Upi,Paid,3763.13
125642,55642,2024-06-27,Upi,Paid,29993.19
125643,55643,2025-10-20,Upi,Paid,6778.92
125644,55644,2025-10-02,Debit Card,Paid,29763.86
125645,55645,2026-02-24,Upi,Paid,15996.16
125646,55646,2024-08-15,Cash On Delivery,Paid,19236.09
125647,55647,2026-03-08,Cash On Delivery,Paid,3992.39
125648,55648,2026-05-06,Upi,Paid,2275.18
125649,55649,2025-12-13,Wallet,Paid,21572.37
125650,55650,2024-09-20,Upi,Paid,2221.86
125651,55651,2024-08-27,Upi,Paid,28862.06
125652,55652,2024-05-06,Wallet,Paid,4429.1
125653,55653,2026-03-18,Net Banking,Paid,27685.59
125654,55654,2025-03-03,Credit Card,Paid,28061.57
125655,55655,2024-10-25,Upi,Paid,24364.15
125656,55656,2024-05-30,Net Banking,Paid,25117.68
125657,55657,2025-04-26,Upi,Paid,1181.08
125658,55658,2024-07-11,Upi,Paid,24560.02
125659,55659,2026-03-21,Credit Card,Failed,13254.43
125660,55660,2024-11-26,Cash On Delivery,Paid,6775.86
125661,55661,2025-03-10,Debit Card,Paid,26155.54
125662,55662,2025-10-05,Debit Card,Paid,23546.06
125663,55663,2025-11-12,Upi,Paid,23130.95
125664,55664,2024-04-23,Cash On Delivery,Paid,16943.55
125665,55665,2024-03-16,Upi,Paid,27148.53
125666,55666,2024-10-04,Debit Card,Paid,1597.63
125667,55667,2025-12-27,Debit Card,Paid,19504.09
125668,55668,2026-04-14,Wallet,Paid,6753.04
125669,55669,2026-08-02,Upi,Paid,15433.88
125670,55670,2024-09-25,Net Banking,Paid,24772.78
125671,55671,2026-01-12,Upi,Paid,21276.27
125672,55672,2024-06-13,Upi,Paid,594.8
125673,55673,2024-07-04,Net Banking,Paid,18818.12
125674,55674,2025-06-02,Upi,Paid,23807.93
125675,55675,2024-04-04,Credit Card,Paid,3358.73
125676,55676,2024-02-03,Credit Card,Paid,14630.61
125677,55677,2026-08-24,Debit Card,Paid,19166.0
125678,55678,2026-02-19,Upi,Paid,10681.8
125679,55679,2025-10-18,Cash On Delivery,Pending,28140.59
125680,55680,2024-08-05,Upi,Paid,6485.34
125681,55681,2024-03-16,Upi,Failed,2955.89
125682,55682,2024-05-09,Credit Card,Paid,23148.35
125683,55683,2025-02-14,Cash On Delivery,Paid,2747.95
125684,55684,2026-02-25,Debit Card,Paid,8675.97
125685,55685,2025-08-01,Credit Card,Paid,10405.8
125686,55686,2026-03-28,Upi,Pending,8099.91
125687,55687,2026-05-31,Debit Card,Paid,1216.7
125688,55688,2025-12-14,Credit Card,Paid,16405.29
125689,55689,2024-04-07,Credit Card,Paid,25132.24
125690,55690,2024-08-15,Debit Card,Paid,14802.65
125691,55691,2024-11-24,Net Banking,Paid,11883.78
125692,55692,2025-05-28,Upi,Paid,3238.25
125693,55693,2026-02-11,Net Banking,Paid,3247.67
125694,55694,2026-07-31,Credit Card,Paid,10439.14
125695,55695,2026-08-14,Credit Card,Refunded,7103.16
125696,55696,2025-04-10,Upi,Paid,646.27
125697,55697,2026-08-21,Cash On Delivery,Paid,16886.11
125698,55698,2026-07-12,Upi,Paid,5644.05
125699,55699,2024-06-13,Net Banking,Paid,9351.01
125700,55700,2025-10-21,Debit Card,Paid,25693.98
125701,55701,2025-03-01,Debit Card,Paid,2188.33
125702,55702,2026-03-31,Debit Card,Paid,7968.38
125703,55703,2026-04-23,Credit Card,Paid,16672.49
125704,55704,2024-07-06,Upi,Paid,3114.74
125705,55705,2025-08-10,Credit Card,Paid,25972.19
125706,55706,2026-06-20,Debit Card,Paid,12735.63
125707,55707,2025-10-10,Debit Card,Paid,5828.6
125708,55708,2026-04-08,Credit Card,Paid,11473.8
125709,55709,2025-12-05,Upi,Paid,19695.08
125710,55710,2026-02-02,Wallet,Paid,22065.54
125711,55711,2026-04-04,Net Banking,Paid,27387.81
125712,55712,2026-07-02,Upi,Paid,12933.53
125713,55713,2024-07-14,Cash On Delivery,Paid,12268.13
125714,55714,2026-02-04,Upi,Paid,1329.55
125715,55715,2025-01-08,Upi,Paid,11399.62
125716,55716,2025-07-15,Debit Card,Failed,2682.86
125717,55717,2025-09-30,Cash On Delivery,Paid,4035.85
125718,55718,2025-09-21,Debit Card,Paid,21741.92
125719,55719,2024-07-09,Credit Card,Failed,23565.06
125720,55720,2026-03-10,Upi,Paid,25507.32
125721,55721,2025-11-26,Upi,Paid,26226.25
125722,55722,2025-12-29,Upi,Paid,29253.52
125723,55723,2025-08-21,Credit Card,Paid,19767.76
125724,55724,2025-07-30,Debit Card,Paid,3933.98
125725,55725,2024-09-26,Upi,Paid,18849.31
125726,55726,2025-08-06,Credit Card,Paid,4775.0
125727,55727,2024-10-02,Credit Card,Paid,21314.23
125728,55728,2026-05-03,Credit Card,Paid,21929.69
125729,55729,2024-02-18,Upi,Paid,14745.24
125730,55730,2024-01-11,Credit Card,Paid,26699.26
125731,55731,2025-12-10,Credit Card,Failed,17369.81
125732,55732,2025-11-28,Upi,Paid,23796.68
125733,55733,2025-06-28,Cash On Delivery,Paid,26401.0
125734,55734,2025-07-02,Upi,Pending,12155.35
125735,55735,2024-02-06,Upi,Paid,3035.06
125736,55736,2026-03-26,Cash On Delivery,Paid,24661.95
125737,55737,2026-04-03,Debit Card,Paid,596.11
125738,55738,2024-07-21,Upi,Paid,28458.85
125739,55739,2024-01-19,Upi,Pending,12260.82
125740,55740,2025-05-24,Credit Card,Paid,11392.96
125741,55741,2024-09-05,Credit Card,Paid,1426.78
125742,55742,2024-05-06,Credit Card,Paid,19666.27
125743,55743,2024-04-19,Upi,Paid,5638.58
125744,55744,2025-10-03,Cash On Delivery,Paid,8136.81
125745,55745,2024-12-15,Credit Card,Paid,29148.7
125746,55746,2026-01-11,Debit Card,Refunded,6553.2
125747,55747,2024-10-31,Credit Card,Paid,1830.82
125748,55748,2025-08-30,Net Banking,Paid,22773.74
125749,55749,2024-09-23,Cash On Delivery,Paid,29567.35
125750,55750,2025-06-25,Wallet,Paid,10692.53
125751,55751,2025-11-08,Credit Card,Paid,1897.68
125752,55752,2024-11-29,Upi,Failed,19258.79
125753,55753,2026-05-12,Credit Card,Paid,7715.13
125754,55754,2025-09-13,Debit Card,Paid,4346.49
125755,55755,2024-07-15,Net Banking,Failed,8472.24
125756,55756,2026-05-22,Debit Card,Paid,3367.08
125757,55757,2025-04-28,Upi,Paid,9646.7
125758,55758,2025-12-03,Debit Card,Paid,720.07
125759,55759,2024-12-02,Debit Card,Paid,27661.05
125760,55760,2024-01-24,Debit Card,Refunded,29174.88
125761,55761,2025-07-03,Upi,Paid,4116.8
125762,55762,2025-05-10,Cash On Delivery,Paid,23423.79
125763,55763,2025-12-03,Debit Card,Paid,8173.89
125764,55764,2025-12-17,Upi,Paid,11777.19
125765,55765,2025-10-31,Debit Card,Paid,14879.64
125766,55766,2025-05-06,Net Banking,Paid,3596.53
125767,55767,2024-01-07,Net Banking,Paid,8935.93
125768,55768,2025-07-27,Upi,Paid,24937.11
125769,55769,2026-07-13,Upi,Paid,2672.88
125770,55770,2026-06-03,Upi,Paid,23755.49
125771,55771,2024-03-22,Cash On Delivery,Paid,15476.74
125772,55772,2026-04-27,Upi,Paid,16797.53
125773,55773,2024-05-23,Net Banking,Paid,24258.49
125774,55774,2024-03-20,Upi,Paid,28847.52
125775,55775,2024-01-28,Wallet,Paid,29339.76
125776,55776,2025-05-11,Credit Card,Paid,1008.81
125777,55777,2024-06-20,Cash On Delivery,Paid,27905.28
125778,55778,2025-08-26,Wallet,Failed,17838.91
125779,55779,2025-03-29,Upi,Paid,29246.19
125780,55780,2026-04-08,Net Banking,Paid,10719.41
125781,55781,2024-07-25,Upi,Refunded,21385.75
125782,55782,2024-09-15,Credit Card,Paid,6956.0
125783,55783,2025-05-19,Credit Card,Paid,14885.12
125784,55784,2024-05-17,Credit Card,Paid,29909.53
125785,55785,2025-03-21,Debit Card,Paid,26461.96
125786,55786,2025-08-02,Cash On Delivery,Paid,29722.78
125787,55787,2025-08-21,Credit Card,Paid,4058.91
125788,55788,2025-04-01,Upi,Paid,13592.77
125789,55789,2024-04-08,Debit Card,Paid,16716.12
125790,55790,2024-09-07,Upi,Paid,16306.39
125791,55791,2024-03-11,Upi,Paid,12612.34
125792,55792,2026-07-03,Cash On Delivery,Paid,14540.42
125793,55793,2025-07-17,Upi,Paid,19757.77
125794,55794,2024-11-07,Upi,Paid,12985.72
125795,55795,2024-10-22,Credit Card,Paid,26927.08
125796,55796,2024-02-23,Cash On Delivery,Refunded,24135.2
125797,55797,2025-04-06,Net Banking,Refunded,10976.56
125798,55798,2024-02-27,Cash On Delivery,Paid,2286.13
125799,55799,2025-11-12,Credit Card,Paid,23354.98
125800,55800,2024-07-14,Credit Card,Paid,25883.6
125801,55801,2024-04-08,Net Banking,Paid,10536.07
125802,55802,2024-04-24,Upi,Paid,15574.31
125803,55803,2024-01-28,Credit Card,Paid,23303.12
125804,55804,2025-01-18,Upi,Paid,6380.06
125805,55805,2024-02-27,Wallet,Paid,20713.3
125806,55806,2024-03-22,Upi,Paid,711.55
125807,55807,2024-08-03,Upi,Failed,24191.06
125808,55808,2025-06-30,Debit Card,Paid,5348.28
125809,55809,2024-08-01,Debit Card,Paid,12736.51
125810,55810,2025-02-02,Upi,Paid,7299.05
125811,55811,2025-02-21,Debit Card,Paid,22434.99
125812,55812,2025-08-05,Net Banking,Paid,12046.34
125813,55813,2024-02-18,Credit Card,Paid,25931.89
125814,55814,2026-08-17,Wallet,Paid,12836.92
125815,55815,2024-04-01,Upi,Failed,17512.8
125816,55816,2026-08-23,Debit Card,Paid,15188.52
125817,55817,2024-10-04,Upi,Paid,9439.38
125818,55818,2025-02-11,Upi,Paid,3827.76
125819,55819,2024-03-07,Credit Card,Paid,12354.52
125820,55820,2024-12-24,Cash On Delivery,Paid,22046.39
125821,55821,2026-05-21,Upi,Paid,19974.95
125822,55822,2025-10-23,Cash On Delivery,Paid,21997.24
125823,55823,2025-08-28,Wallet,Paid,16270.72
125824,55824,2024-12-22,Debit Card,Paid,8675.02
125825,55825,2026-06-20,Upi,Paid,9235.06
125826,55826,2026-01-26,Upi,Paid,11054.98
125827,55827,2024-09-01,Credit Card,Paid,11988.0
125828,55828,2025-08-08,Upi,Refunded,1237.79
125829,55829,2025-01-20,Upi,Paid,17768.23
125830,55830,2024-07-12,Debit Card,Paid,7741.51
125831,55831,2025-09-30,Upi,Paid,1874.24
125832,55832,2025-02-09,Cash On Delivery,Paid,26777.63
125833,55833,2024-04-05,Net Banking,Paid,28321.53
125834,55834,2026-04-19,Debit Card,Paid,18439.98
125835,55835,2025-08-11,Cash On Delivery,Paid,25215.4
125836,55836,2025-06-23,Upi,Paid,10880.18
125837,55837,2026-08-29,Debit Card,Paid,22009.9
125838,55838,2025-11-22,Upi,Paid,17642.48
125839,55839,2026-08-09,Net Banking,Paid,4215.04
125840,55840,2025-11-20,Credit Card,Paid,21120.7
125841,55841,2024-06-15,Net Banking,Paid,4125.7
125842,55842,2025-04-13,Cash On Delivery,Paid,26963.75
125843,55843,2025-05-08,Net Banking,Paid,14824.01
125844,55844,2024-10-14,Credit Card,Paid,9085.09
125845,55845,2024-10-29,Net Banking,Paid,8104.72
125846,55846,2025-08-02,Upi,Pending,7550.89
125847,55847,2025-02-06,Cash On Delivery,Paid,3641.25
125848,55848,2024-04-22,Credit Card,Paid,6297.03
125849,55849,2025-07-18,Credit Card,Paid,9248.66
125850,55850,2025-08-02,Upi,Paid,8790.74
125851,55851,2026-03-05,Debit Card,Paid,15601.63
125852,55852,2024-04-09,Credit Card,Paid,551.73
125853,55853,2025-03-20,Wallet,Paid,20137.33
125854,55854,2026-05-27,Debit Card,Paid,9711.18
125855,55855,2024-09-15,Debit Card,Paid,24493.11
125856,55856,2025-12-22,Debit Card,Failed,13195.72
125857,55857,2024-12-01,Upi,Paid,1851.33
125858,55858,2024-06-27,Credit Card,Paid,10773.43
125859,55859,2025-11-23,Upi,Paid,15032.64
125860,55860,2026-02-03,Cash On Delivery,Paid,17629.59
125861,55861,2026-06-08,Upi,Paid,519.4
125862,55862,2025-12-07,Upi,Paid,24826.04
125863,55863,2024-10-26,Debit Card,Paid,354.11
125864,55864,2025-12-10,Debit Card,Paid,28479.12
125865,55865,2024-02-01,Credit Card,Paid,17652.9
125866,55866,2024-11-24,Debit Card,Paid,1722.68
125867,55867,2024-07-27,Upi,Refunded,17982.01
125868,55868,2025-05-25,Upi,Paid,452.72
125869,55869,2025-10-31,Wallet,Paid,27822.28
125870,55870,2025-07-23,Upi,Paid,3412.86
125871,55871,2024-06-24,Upi,Paid,5956.3
125872,55872,2025-01-02,Debit Card,Paid,19030.21
125873,55873,2024-03-31,Credit Card,Paid,6247.54
125874,55874,2025-06-30,Credit Card,Paid,479.18
125875,55875,2025-12-23,Upi,Paid,12676.67
125876,55876,2024-08-26,Wallet,Paid,27298.3
125877,55877,2025-05-29,Credit Card,Paid,27540.26
125878,55878,2026-04-28,Credit Card,Paid,21398.66
125879,55879,2024-04-22,Credit Card,Paid,7282.27
125880,55880,2026-07-23,Upi,Paid,3541.41
125881,55881,2024-11-20,Upi,Paid,25136.83
125882,55882,2024-11-13,Cash On Delivery,Paid,28969.0
125883,55883,2025-11-26,Credit Card,Paid,10114.52
125884,55884,2024-12-01,Credit Card,Paid,10952.31
125885,55885,2025-01-30,Cash On Delivery,Paid,18007.24
125886,55886,2024-07-28,Wallet,Paid,23041.2
125887,55887,2024-05-11,Upi,Paid,20982.36
125888,55888,2026-04-19,Net Banking,Paid,17125.04
125889,55889,2024-04-06,Credit Card,Refunded,15278.21
125890,55890,2024-06-07,Upi,Paid,23450.12
125891,55891,2026-03-14,Upi,Paid,13988.84
125892,55892,2026-02-14,Credit Card,Paid,1181.27
125893,55893,2024-07-30,Credit Card,Paid,28850.76
125894,55894,2026-03-20,Upi,Paid,15481.89
125895,55895,2025-12-04,Wallet,Paid,2668.82
125896,55896,2024-11-05,Debit Card,Paid,19363.96
125897,55897,2024-03-19,Upi,Paid,28878.06
125898,55898,2026-01-25,Upi,Paid,29053.12
125899,55899,2025-10-25,Net Banking,Paid,15997.81
125900,55900,2025-03-18,Net Banking,Paid,4544.05
125901,55901,2024-09-24,Credit Card,Paid,3984.46
125902,55902,2024-12-04,Net Banking,Pending,2594.39
125903,55903,2024-09-21,Upi,Paid,4736.95
125904,55904,2026-05-16,Upi,Paid,25858.53
125905,55905,2024-07-18,Credit Card,Pending,6881.87
125906,55906,2025-03-15,Debit Card,Paid,24007.29
125907,55907,2025-09-15,Upi,Paid,7107.48
125908,55908,2024-02-26,Upi,Paid,23582.08
125909,55909,2025-05-04,Cash On Delivery,Paid,23931.06
125910,55910,2025-09-08,Upi,Pending,20499.91
125911,55911,2025-05-27,Upi,Paid,1792.99
125912,55912,2025-10-02,Upi,Failed,22032.64
125913,55913,2025-04-18,Upi,Paid,28831.7
125914,55914,2025-09-10,Net Banking,Paid,21392.55
125915,55915,2026-08-09,Upi,Paid,14196.75
125916,55916,2024-12-17,Debit Card,Paid,1474.41
125917,55917,2024-12-14,Cash On Delivery,Paid,13507.06
125918,55918,2025-10-23,Debit Card,Paid,17708.64
125919,55919,2024-03-30,Debit Card,Paid,21485.75
125920,55920,2024-10-11,Upi,Paid,19184.01
125921,55921,2024-06-12,Credit Card,Paid,14679.03
125922,55922,2025-03-27,Debit Card,Paid,11993.91
125923,55923,2024-04-30,Upi,Paid,10710.33
125924,55924,2024-07-29,Upi,Paid,21183.75
125925,55925,2025-02-16,Cash On Delivery,Paid,22892.78
125926,55926,2025-08-19,Upi,Paid,29360.82
125927,55927,2025-02-23,Cash On Delivery,Paid,11451.05
125928,55928,2026-02-27,Credit Card,Pending,27991.87
125929,55929,2026-02-16,Upi,Paid,13805.17
125930,55930,2024-04-06,Upi,Paid,4939.59
125931,55931,2025-11-07,Net Banking,Failed,29483.42
125932,55932,2024-01-27,Cash On Delivery,Paid,5160.3
125933,55933,2024-06-19,Cash On Delivery,Paid,20732.2
125934,55934,2026-01-11,Debit Card,Paid,8993.37
125935,55935,2025-07-20,Upi,Paid,27079.23
125936,55936,2024-11-11,Debit Card,Failed,19453.61
125937,55937,2024-05-31,Debit Card,Paid,2712.96
125938,55938,2024-11-11,Upi,Paid,7849.54
125939,55939,2026-01-28,Debit Card,Paid,14506.14
125940,55940,2025-07-01,Credit Card,Paid,19993.99
125941,55941,2024-05-09,Upi,Paid,11117.57
125942,55942,2025-04-20,Net Banking,Refunded,27170.71
125943,55943,2024-07-15,Credit Card,Paid,14961.34
125944,55944,2024-04-27,Debit Card,Paid,24864.62
125945,55945,2024-03-24,Debit Card,Paid,23004.72
125946,55946,2026-01-09,Credit Card,Paid,3457.44
125947,55947,2024-06-07,Wallet,Paid,18483.13
125948,55948,2024-06-20,Upi,Paid,26504.69
125949,55949,2026-04-22,Wallet,Paid,10910.44
125950,55950,2026-03-14,Upi,Paid,21094.5
125951,55951,2025-05-04,Upi,Paid,26285.77
125952,55952,2026-01-14,Debit Card,Paid,3418.06
125953,55953,2024-01-23,Debit Card,Paid,24893.52
125954,55954,2024-06-13,Upi,Paid,8809.52
125955,55955,2024-12-11,Cash On Delivery,Paid,10239.28
125956,55956,2026-01-05,Upi,Paid,19891.19
125957,55957,2024-03-30,Debit Card,Paid,374.85
125958,55958,2025-10-04,Upi,Paid,25205.4
125959,55959,2024-03-12,Debit Card,Paid,23230.51
125960,55960,2026-08-10,Upi,Paid,11974.77
125961,55961,2024-07-22,Upi,Paid,25127.42
125962,55962,2025-11-22,Debit Card,Paid,21963.52
125963,55963,2025-08-29,Credit Card,Failed,21497.04
125964,55964,2025-01-16,Credit Card,Paid,12571.73
125965,55965,2026-01-12,Cash On Delivery,Paid,4694.18
125966,55966,2025-08-26,Credit Card,Paid,28149.13
125967,55967,2025-03-15,Credit Card,Failed,14744.53
125968,55968,2025-10-06,Upi,Paid,6061.29
125969,55969,2024-10-05,Debit Card,Paid,22030.1
125970,55970,2025-12-25,Debit Card,Paid,26305.3
125971,55971,2025-11-13,Credit Card,Paid,28026.36
125972,55972,2025-03-31,Upi,Failed,27553.59
125973,55973,2025-10-03,Net Banking,Paid,4356.11
125974,55974,2026-03-15,Cash On Delivery,Paid,304.92
125975,55975,2025-09-16,Debit Card,Paid,5000.1
125976,55976,2024-10-07,Net Banking,Paid,27646.06
125977,55977,2024-09-25,Upi,Paid,28033.76
125978,55978,2026-07-24,Credit Card,Paid,19524.07
125979,55979,2026-02-24,Upi,Paid,24551.04
125980,55980,2024-10-28,Upi,Paid,21102.76
125981,55981,2025-11-29,Credit Card,Paid,11577.41
125982,55982,2024-02-07,Cash On Delivery,Failed,6685.77
125983,55983,2025-11-04,Wallet,Paid,383.89
125984,55984,2024-07-15,Debit Card,Paid,6336.8
125985,55985,2024-10-31,Credit Card,Paid,16079.73
125986,55986,2026-06-20,Upi,Paid,28650.55
125987,55987,2024-05-15,Upi,Paid,19047.96
125988,55988,2026-02-07,Credit Card,Paid,17575.56
125989,55989,2025-01-27,Credit Card,Paid,6114.24
125990,55990,2025-03-05,Credit Card,Pending,22935.42
125991,55991,2025-03-23,Net Banking,Paid,5632.33
125992,55992,2026-05-29,Credit Card,Paid,16836.02
125993,55993,2025-05-01,Cash On Delivery,Paid,26888.08
125994,55994,2024-08-29,Debit Card,Refunded,29762.27
125995,55995,2024-01-09,Upi,Paid,21098.95
125996,55996,2024-08-16,Upi,Paid,2850.88
125997,55997,2024-06-02,Debit Card,Paid,12135.1
125998,55998,2024-05-08,Debit Card,Paid,13379.63
125999,55999,2026-08-23,Upi,Paid,27555.36
126000,56000,2025-03-08,Wallet,Paid,6857.39
126001,56001,2026-08-30,Upi,Paid,12236.04
126002,56002,2025-05-15,Credit Card,Paid,21424.1
126003,56003,2024-08-02,Upi,Paid,3524.46
126004,56004,2024-05-20,Credit Card,Paid,8311.84
126005,56005,2026-01-08,Debit Card,Paid,5016.63
126006,56006,2024-04-22,Credit Card,Paid,25924.19
126007,56007,2024-02-23,Wallet,Paid,1664.98
126008,56008,2025-01-14,Wallet,Pending,27556.61
126009,56009,2024-11-04,Credit Card,Failed,25520.38
126010,56010,2024-08-14,Credit Card,Paid,16394.91
126011,56011,2025-05-13,Cash On Delivery,Paid,22449.03
126012,56012,2025-07-11,Upi,Paid,7279.72
126013,56013,2025-02-27,Upi,Pending,14188.2
126014,56014,2025-05-25,Upi,Paid,16934.42
126015,56015,2025-10-10,Credit Card,Paid,27448.51
126016,56016,2024-06-06,Upi,Failed,21339.23
126017,56017,2024-12-26,Cash On Delivery,Paid,20583.54
126018,56018,2024-01-16,Debit Card,Paid,22677.95
126019,56019,2026-07-30,Credit Card,Paid,5935.39
126020,56020,2025-09-20,Upi,Paid,4371.34
126021,56021,2026-02-19,Credit Card,Paid,14534.84
126022,56022,2026-01-22,Credit Card,Paid,20805.46
126023,56023,2024-01-08,Upi,Paid,16654.35
126024,56024,2025-04-18,Cash On Delivery,Paid,29764.32
126025,56025,2026-04-26,Upi,Paid,3604.57
126026,56026,2025-07-14,Credit Card,Paid,12346.72
126027,56027,2025-08-03,Net Banking,Paid,11239.57
126028,56028,2026-07-24,Net Banking,Failed,14789.7
126029,56029,2025-12-31,Upi,Paid,10673.57
126030,56030,2026-01-14,Net Banking,Paid,11358.86
126031,56031,2026-02-14,Credit Card,Paid,19457.98
126032,56032,2024-11-21,Upi,Paid,22006.75
126033,56033,2026-08-05,Cash On Delivery,Failed,8133.9
126034,56034,2026-04-05,Upi,Paid,13026.68
126035,56035,2024-02-01,Credit Card,Paid,2059.99
126036,56036,2025-06-19,Debit Card,Paid,21860.88
126037,56037,2024-08-30,Debit Card,Paid,9099.72
126038,56038,2025-05-23,Upi,Paid,24509.07
126039,56039,2026-02-23,Debit Card,Paid,17616.97
126040,56040,2025-11-02,Debit Card,Paid,3135.27
126041,56041,2026-02-17,Credit Card,Paid,2730.39
126042,56042,2025-02-21,Upi,Paid,22036.46
126043,56043,2024-03-18,Net Banking,Paid,15947.58
126044,56044,2026-05-05,Net Banking,Paid,1715.64
126045,56045,2024-03-17,Credit Card,Paid,18849.92
126046,56046,2024-06-12,Credit Card,Paid,19196.93
126047,56047,2025-12-02,Upi,Paid,24494.16
126048,56048,2025-02-16,Upi,Paid,28891.07
126049,56049,2025-04-07,Net Banking,Paid,2405.62
126050,56050,2024-03-06,Upi,Paid,6778.08
126051,56051,2024-06-16,Upi,Paid,14190.82
126052,56052,2025-11-16,Net Banking,Pending,22162.19
126053,56053,2025-07-04,Credit Card,Paid,26293.31
126054,56054,2024-09-20,Upi,Refunded,1872.52
126055,56055,2025-01-23,Wallet,Failed,10221.6
126056,56056,2025-02-18,Debit Card,Paid,15661.42
126057,56057,2026-06-16,Debit Card,Paid,1146.72
126058,56058,2026-05-12,Wallet,Paid,7276.83
126059,56059,2025-04-10,Upi,Paid,28379.64
126060,56060,2024-07-01,Upi,Paid,1468.35
126061,56061,2025-07-06,Credit Card,Paid,12847.43
126062,56062,2024-01-03,Credit Card,Paid,13603.62
126063,56063,2025-09-22,Upi,Paid,9706.66
126064,56064,2025-07-14,Credit Card,Paid,1287.53
126065,56065,2026-05-24,Cash On Delivery,Paid,12598.09
126066,56066,2025-02-28,Upi,Paid,13639.63
126067,56067,2025-06-29,Credit Card,Paid,556.63
126068,56068,2024-02-25,Credit Card,Paid,22709.72
126069,56069,2026-03-11,Upi,Paid,11392.82
126070,56070,2024-10-16,Cash On Delivery,Paid,1113.52
126071,56071,2026-01-04,Wallet,Paid,9432.13
126072,56072,2024-08-20,Net Banking,Paid,14390.18
126073,56073,2024-12-03,Net Banking,Paid,9712.38
126074,56074,2024-09-10,Wallet,Paid,17245.86
126075,56075,2026-05-23,Debit Card,Paid,11795.05
126076,56076,2026-02-06,Credit Card,Paid,19793.5
126077,56077,2025-11-15,Upi,Paid,9806.38
126078,56078,2024-10-23,Net Banking,Paid,28412.87
126079,56079,2025-12-13,Credit Card,Paid,9836.1
126080,56080,2025-04-19,Cash On Delivery,Failed,16255.49
126081,56081,2025-11-25,Cash On Delivery,Refunded,1081.19
126082,56082,2024-09-14,Cash On Delivery,Failed,21784.1
126083,56083,2025-06-09,Net Banking,Paid,19748.33
126084,56084,2026-07-13,Net Banking,Paid,13089.06
126085,56085,2024-03-18,Net Banking,Paid,17520.86
126086,56086,2026-01-21,Debit Card,Paid,16096.64
126087,56087,2025-11-10,Cash On Delivery,Paid,2402.46
126088,56088,2025-02-17,Upi,Pending,10484.3
126089,56089,2026-06-02,Debit Card,Paid,21286.64
126090,56090,2025-12-09,Cash On Delivery,Paid,18357.84
126091,56091,2025-05-26,Credit Card,Paid,29536.61
126092,56092,2024-11-03,Upi,Paid,23574.85
126093,56093,2025-10-29,Upi,Paid,28534.08
126094,56094,2024-03-20,Upi,Paid,14778.39
126095,56095,2024-09-07,Debit Card,Paid,19095.71
126096,56096,2025-02-24,Debit Card,Paid,20998.85
126097,56097,2024-08-08,Credit Card,Paid,14164.31
126098,56098,2025-07-01,Upi,Paid,21973.27
126099,56099,2026-04-26,Debit Card,Paid,12218.44
126100,56100,2024-12-04,Net Banking,Pending,5260.94
126101,56101,2025-01-29,Debit Card,Paid,28490.84
126102,56102,2025-01-25,Credit Card,Paid,12312.66
126103,56103,2025-12-03,Upi,Failed,5392.23
126104,56104,2025-11-24,Upi,Paid,4898.04
126105,56105,2024-08-15,Debit Card,Paid,7541.94
126106,56106,2026-05-19,Cash On Delivery,Paid,28150.42
126107,56107,2025-09-21,Cash On Delivery,Paid,25376.25
126108,56108,2026-05-18,Cash On Delivery,Paid,5967.45
126109,56109,2026-04-29,Upi,Paid,7541.33
126110,56110,2025-07-13,Upi,Paid,12226.05
126111,56111,2025-11-14,Upi,Paid,5518.39
126112,56112,2025-09-02,Upi,Paid,4134.25
126113,56113,2025-08-14,Credit Card,Paid,4493.43
126114,56114,2025-06-03,Upi,Pending,11798.2
126115,56115,2024-08-14,Net Banking,Paid,3527.43
126116,56116,2024-12-27,Upi,Paid,5993.85
126117,56117,2025-11-15,Upi,Paid,17008.77
126118,56118,2025-12-18,Upi,Paid,16360.73
126119,56119,2025-03-30,Upi,Paid,20567.06
126120,56120,2024-04-18,Net Banking,Paid,27852.33
126121,56121,2024-05-13,Credit Card,Paid,17001.93
126122,56122,2026-05-20,Credit Card,Refunded,4224.3
126123,56123,2024-05-03,Upi,Paid,17320.56
126124,56124,2024-10-02,Cash On Delivery,Paid,29832.08
126125,56125,2024-03-04,Wallet,Paid,23323.64
126126,56126,2024-08-01,Wallet,Paid,27686.99
126127,56127,2026-03-25,Debit Card,Paid,6670.84
126128,56128,2024-09-24,Cash On Delivery,Paid,11168.94
126129,56129,2026-03-23,Debit Card,Paid,2763.1
126130,56130,2026-02-27,Upi,Paid,26539.89
126131,56131,2025-11-12,Credit Card,Paid,28246.38
126132,56132,2024-09-20,Upi,Paid,17720.97
126133,56133,2026-08-27,Credit Card,Paid,3126.74
126134,56134,2025-08-17,Credit Card,Paid,21942.26
126135,56135,2026-01-16,Net Banking,Paid,24442.29
126136,56136,2024-11-28,Upi,Paid,3804.87
126137,56137,2025-10-05,Upi,Paid,26038.37
126138,56138,2025-09-29,Upi,Paid,22358.9
126139,56139,2025-08-04,Net Banking,Paid,5332.45
126140,56140,2025-07-27,Credit Card,Failed,13318.44
126141,56141,2025-11-13,Credit Card,Paid,25067.67
126142,56142,2026-08-25,Wallet,Paid,4065.79
126143,56143,2026-04-24,Upi,Paid,26661.61
126144,56144,2024-10-30,Wallet,Paid,25454.69
126145,56145,2026-05-13,Debit Card,Paid,16975.69
126146,56146,2024-12-07,Net Banking,Paid,13244.27
126147,56147,2024-08-29,Debit Card,Paid,28071.53
126148,56148,2024-07-12,Upi,Paid,20712.8
126149,56149,2025-11-15,Upi,Paid,16660.25
126150,56150,2025-03-28,Credit Card,Refunded,24122.12
126151,56151,2026-03-17,Debit Card,Paid,10545.08
126152,56152,2026-03-23,Credit Card,Paid,9726.03
126153,56153,2025-06-06,Net Banking,Paid,25704.65
126154,56154,2024-07-23,Upi,Paid,2818.34
126155,56155,2024-04-19,Upi,Paid,2967.16
126156,56156,2026-07-22,Credit Card,Paid,4031.12
126157,56157,2024-10-24,Upi,Paid,7037.16
126158,56158,2024-01-15,Upi,Refunded,5668.23
126159,56159,2025-01-21,Credit Card,Paid,14813.86
126160,56160,2026-02-20,Cash On Delivery,Paid,3550.39
126161,56161,2024-04-01,Upi,Paid,4547.5
126162,56162,2025-11-04,Upi,Refunded,7830.59
126163,56163,2025-02-07,Credit Card,Paid,22563.66
126164,56164,2026-05-28,Debit Card,Paid,13095.39
126165,56165,2025-03-11,Net Banking,Paid,8380.47
126166,56166,2025-05-24,Upi,Pending,16097.09
126167,56167,2025-03-22,Upi,Paid,15224.19
126168,56168,2025-10-25,Wallet,Paid,10312.82
126169,56169,2024-03-11,Debit Card,Refunded,23786.79
126170,56170,2024-02-19,Debit Card,Paid,12600.32
126171,56171,2025-07-21,Credit Card,Paid,10554.18
126172,56172,2025-01-17,Debit Card,Paid,23056.07
126173,56173,2024-06-11,Upi,Paid,12582.31
126174,56174,2026-01-20,Cash On Delivery,Paid,4715.48
126175,56175,2025-12-29,Credit Card,Paid,11136.79
126176,56176,2024-04-16,Upi,Pending,20308.2
126177,56177,2024-06-28,Debit Card,Paid,6025.32
126178,56178,2026-01-30,Debit Card,Paid,2720.47
126179,56179,2025-04-09,Credit Card,Paid,20898.01
126180,56180,2024-10-28,Upi,Paid,22939.05
126181,56181,2025-05-30,Upi,Refunded,14366.78
126182,56182,2024-12-11,Net Banking,Paid,4083.47
126183,56183,2024-04-01,Upi,Paid,29189.74
126184,56184,2025-09-19,Upi,Failed,15485.54
126185,56185,2025-11-07,Upi,Paid,24169.36
126186,56186,2024-03-19,Upi,Paid,13444.87
126187,56187,2024-08-29,Credit Card,Paid,11673.79
126188,56188,2025-08-29,Upi,Paid,9709.16
126189,56189,2026-01-07,Cash On Delivery,Paid,14649.4
126190,56190,2026-06-08,Debit Card,Paid,417.36
126191,56191,2025-08-09,Net Banking,Paid,10909.57
126192,56192,2024-04-01,Upi,Paid,5119.18
126193,56193,2024-12-10,Upi,Paid,3912.25
126194,56194,2024-09-02,Credit Card,Paid,12280.85
126195,56195,2026-08-17,Credit Card,Paid,25597.14
126196,56196,2024-01-16,Upi,Paid,18366.44
126197,56197,2024-12-31,Net Banking,Pending,13771.26
126198,56198,2025-05-17,Upi,Paid,9899.0
126199,56199,2024-10-18,Debit Card,Paid,10764.88
126200,56200,2025-12-10,Debit Card,Paid,19142.08
126201,56201,2024-05-09,Debit Card,Paid,10714.48
126202,56202,2026-06-17,Cash On Delivery,Paid,15705.99
126203,56203,2025-01-23,Debit Card,Paid,15707.5
126204,56204,2024-12-23,Cash On Delivery,Paid,11488.83
126205,56205,2026-06-15,Credit Card,Paid,1259.96
126206,56206,2024-05-25,Upi,Paid,5187.82
126207,56207,2025-04-02,Cash On Delivery,Paid,25253.45
126208,56208,2024-01-31,Upi,Paid,14357.27
126209,56209,2025-05-11,Cash On Delivery,Paid,8152.3
126210,56210,2024-11-14,Upi,Paid,8197.29
126211,56211,2025-12-20,Net Banking,Paid,19449.93
126212,56212,2025-05-14,Upi,Paid,21850.56
126213,56213,2025-09-01,Debit Card,Paid,26031.66
126214,56214,2026-05-23,Net Banking,Paid,20366.5
126215,56215,2026-07-11,Net Banking,Paid,2262.76
126216,56216,2024-07-28,Upi,Paid,22417.87
126217,56217,2025-05-01,Debit Card,Paid,9834.79
126218,56218,2026-01-30,Upi,Paid,20552.67
126219,56219,2024-05-06,Credit Card,Paid,5479.08
126220,56220,2025-04-14,Debit Card,Paid,3373.55
126221,56221,2025-06-27,Credit Card,Paid,6862.45
126222,56222,2026-04-22,Debit Card,Paid,29036.31
126223,56223,2024-03-29,Credit Card,Failed,22881.55
126224,56224,2026-04-19,Cash On Delivery,Paid,9718.49
126225,56225,2024-08-20,Cash On Delivery,Paid,29241.84
126226,56226,2026-04-14,Upi,Paid,8319.5
126227,56227,2025-09-29,Debit Card,Paid,10989.56
126228,56228,2025-01-25,Credit Card,Failed,14451.0
126229,56229,2024-05-11,Net Banking,Paid,27597.87
126230,56230,2024-12-01,Net Banking,Paid,12935.03
126231,56231,2025-12-20,Upi,Paid,22867.62
126232,56232,2024-07-21,Credit Card,Pending,29793.65
126233,56233,2025-10-12,Cash On Delivery,Paid,15939.11
126234,56234,2024-08-10,Upi,Pending,22894.29
126235,56235,2024-03-21,Upi,Refunded,336.25
126236,56236,2025-08-23,Upi,Paid,13191.08
126237,56237,2026-02-27,Wallet,Paid,15804.99
126238,56238,2026-07-24,Upi,Paid,24529.53
126239,56239,2025-05-03,Credit Card,Paid,29262.44
126240,56240,2025-08-11,Credit Card,Paid,22510.75
126241,56241,2025-10-25,Debit Card,Paid,8923.0
126242,56242,2025-02-04,Wallet,Paid,4847.27
126243,56243,2024-02-08,Upi,Paid,18873.99
126244,56244,2024-08-23,Net Banking,Paid,29320.55
126245,56245,2025-01-02,Debit Card,Paid,7658.3
126246,56246,2025-09-27,Debit Card,Paid,1643.68
126247,56247,2024-10-22,Credit Card,Paid,8091.04
126248,56248,2024-07-24,Upi,Paid,16861.65
126249,56249,2026-05-29,Upi,Paid,7370.51
126250,56250,2024-03-31,Wallet,Paid,10085.63
126251,56251,2026-02-03,Debit Card,Paid,25270.86
126252,56252,2024-04-01,Upi,Paid,23990.31
126253,56253,2024-11-08,Credit Card,Paid,8138.9
126254,56254,2026-04-07,Debit Card,Paid,22305.22
126255,56255,2026-03-30,Credit Card,Paid,17654.48
126256,56256,2025-01-05,Upi,Paid,7959.7
126257,56257,2024-01-19,Credit Card,Paid,14116.51
126258,56258,2026-07-03,Cash On Delivery,Paid,24297.62
126259,56259,2026-05-11,Cash On Delivery,Pending,25875.4
126260,56260,2025-04-28,Cash On Delivery,Paid,20498.62
126261,56261,2024-01-29,Net Banking,Paid,9015.08
126262,56262,2025-11-04,Upi,Paid,4671.63
126263,56263,2026-01-30,Upi,Paid,21130.4
126264,56264,2026-03-15,Debit Card,Paid,8506.44
126265,56265,2025-12-10,Cash On Delivery,Paid,28646.02
126266,56266,2026-04-29,Upi,Paid,18566.91
126267,56267,2025-05-12,Upi,Paid,16203.47
126268,56268,2024-06-09,Net Banking,Paid,15040.9
126269,56269,2025-10-30,Wallet,Paid,16242.61
126270,56270,2024-07-31,Upi,Paid,14573.86
126271,56271,2025-09-06,Upi,Paid,22547.19
126272,56272,2024-05-27,Credit Card,Paid,4923.67
126273,56273,2024-02-09,Debit Card,Paid,10154.41
126274,56274,2025-03-08,Credit Card,Refunded,2218.05
126275,56275,2025-07-31,Upi,Paid,26398.27
126276,56276,2024-06-02,Upi,Paid,19598.21
126277,56277,2026-02-03,Upi,Refunded,12354.39
126278,56278,2025-09-24,Upi,Paid,20549.51
126279,56279,2026-02-15,Upi,Failed,15494.24
126280,56280,2024-12-18,Credit Card,Pending,9612.35
126281,56281,2025-10-02,Upi,Paid,26214.82
126282,56282,2026-07-26,Debit Card,Paid,1079.01
126283,56283,2024-06-28,Upi,Paid,6573.85
126284,56284,2026-03-04,Debit Card,Paid,15818.33
126285,56285,2025-09-04,Upi,Paid,7623.45
126286,56286,2025-12-06,Debit Card,Paid,21329.91
126287,56287,2025-08-29,Upi,Paid,26782.71
126288,56288,2025-10-31,Debit Card,Paid,23107.11
126289,56289,2026-01-27,Credit Card,Refunded,3016.08
126290,56290,2024-02-08,Upi,Paid,7602.31
126291,56291,2024-02-03,Net Banking,Paid,7615.72
126292,56292,2024-03-23,Debit Card,Paid,1325.8
126293,56293,2026-06-22,Cash On Delivery,Paid,28045.29
126294,56294,2025-02-26,Cash On Delivery,Paid,27138.25
126295,56295,2026-08-22,Net Banking,Paid,10987.53
126296,56296,2026-06-09,Upi,Paid,27406.92
126297,56297,2024-12-03,Cash On Delivery,Refunded,3808.03
126298,56298,2024-04-03,Upi,Paid,10670.45
126299,56299,2026-03-28,Debit Card,Paid,14359.66
126300,56300,2025-02-11,Credit Card,Paid,7526.77
126301,56301,2024-10-17,Net Banking,Failed,24732.71
126302,56302,2026-02-11,Cash On Delivery,Paid,4619.66
126303,56303,2025-04-15,Debit Card,Paid,1647.42
126304,56304,2024-11-06,Credit Card,Paid,9658.59
126305,56305,2025-01-20,Cash On Delivery,Paid,13898.54
126306,56306,2026-06-23,Upi,Failed,12593.51
126307,56307,2024-10-21,Credit Card,Paid,28516.39
126308,56308,2026-06-25,Upi,Paid,14826.4
126309,56309,2025-07-26,Cash On Delivery,Paid,23946.96
126310,56310,2024-02-27,Upi,Failed,20384.99
126311,56311,2024-04-21,Net Banking,Paid,23494.02
126312,56312,2025-08-21,Debit Card,Paid,18344.22
126313,56313,2024-05-15,Debit Card,Paid,3071.38
126314,56314,2024-05-23,Debit Card,Paid,16175.3
126315,56315,2025-03-28,Debit Card,Paid,2757.89
126316,56316,2025-03-06,Upi,Refunded,9135.83
126317,56317,2026-07-04,Upi,Paid,26231.19
126318,56318,2026-05-20,Credit Card,Paid,14482.12
126319,56319,2026-06-21,Debit Card,Paid,29606.35
126320,56320,2024-03-15,Credit Card,Paid,13312.01
126321,56321,2026-02-20,Upi,Paid,26489.64
126322,56322,2026-06-29,Upi,Paid,17197.41
126323,56323,2025-08-16,Upi,Paid,4085.81
126324,56324,2026-08-23,Net Banking,Paid,16889.28
126325,56325,2026-02-18,Cash On Delivery,Failed,21871.69
126326,56326,2025-10-13,Upi,Paid,3219.37
126327,56327,2025-01-30,Upi,Paid,11637.94
126328,56328,2024-12-14,Debit Card,Paid,1737.53
126329,56329,2025-01-18,Net Banking,Paid,29064.46
126330,56330,2024-09-03,Wallet,Paid,20426.16
126331,56331,2025-07-18,Credit Card,Paid,27261.41
126332,56332,2025-02-23,Debit Card,Paid,26570.2
126333,56333,2024-10-18,Credit Card,Paid,23461.71
126334,56334,2024-06-26,Net Banking,Paid,15400.41
126335,56335,2025-05-16,Cash On Delivery,Paid,18381.29
126336,56336,2024-01-22,Credit Card,Failed,28289.38
126337,56337,2024-12-31,Cash On Delivery,Pending,13513.73
126338,56338,2024-03-02,Credit Card,Paid,1968.57
126339,56339,2024-11-24,Credit Card,Paid,20572.85
126340,56340,2025-10-05,Upi,Paid,16894.82
126341,56341,2025-09-10,Debit Card,Paid,20182.53
126342,56342,2024-01-23,Cash On Delivery,Paid,23532.16
126343,56343,2025-11-17,Net Banking,Failed,19780.05
126344,56344,2024-10-22,Net Banking,Refunded,10433.17
126345,56345,2025-04-07,Credit Card,Refunded,2631.65
126346,56346,2025-10-21,Net Banking,Paid,6294.44
126347,56347,2024-02-08,Upi,Paid,22961.24
126348,56348,2024-06-19,Credit Card,Paid,29035.84
126349,56349,2024-06-10,Credit Card,Paid,14817.21
126350,56350,2024-11-19,Net Banking,Paid,28887.86
126351,56351,2024-01-16,Debit Card,Paid,18932.18
126352,56352,2024-02-01,Upi,Paid,1050.7
126353,56353,2025-05-11,Upi,Paid,5608.9
126354,56354,2024-04-21,Credit Card,Paid,19425.95
126355,56355,2025-02-28,Upi,Paid,6778.46
126356,56356,2024-08-09,Credit Card,Paid,26557.37
126357,56357,2026-08-23,Credit Card,Paid,8098.94
126358,56358,2024-05-02,Upi,Paid,28722.71
126359,56359,2025-04-10,Debit Card,Refunded,13199.2
126360,56360,2025-04-03,Debit Card,Paid,24465.25
126361,56361,2025-12-18,Upi,Paid,15418.31
126362,56362,2024-05-05,Upi,Paid,19645.14
126363,56363,2026-07-25,Wallet,Paid,27694.0
126364,56364,2024-10-24,Cash On Delivery,Paid,23865.13
126365,56365,2024-02-05,Credit Card,Paid,16529.3
126366,56366,2025-12-04,Net Banking,Paid,19289.28
126367,56367,2025-06-10,Credit Card,Paid,7508.32
126368,56368,2025-09-26,Credit Card,Paid,2790.79
126369,56369,2026-06-06,Debit Card,Refunded,23361.68
126370,56370,2025-01-07,Upi,Paid,19288.29
126371,56371,2026-05-30,Upi,Pending,391.44
126372,56372,2026-06-22,Debit Card,Paid,18219.87
126373,56373,2025-06-16,Wallet,Paid,16344.14
126374,56374,2026-02-05,Debit Card,Paid,26688.42
126375,56375,2024-02-04,Upi,Paid,18587.55
126376,56376,2025-08-11,Upi,Paid,23016.79
126377,56377,2024-03-20,Upi,Paid,3679.29
126378,56378,2025-02-28,Upi,Paid,2261.72
126379,56379,2025-12-28,Upi,Paid,10143.79
126380,56380,2024-03-02,Wallet,Paid,1759.55
126381,56381,2025-01-29,Credit Card,Paid,13452.01
126382,56382,2025-02-06,Debit Card,Paid,12367.57
126383,56383,2024-08-19,Debit Card,Failed,18111.88
126384,56384,2025-06-15,Upi,Paid,5168.39
126385,56385,2026-02-24,Debit Card,Failed,10227.87
126386,56386,2026-08-19,Upi,Paid,4561.49
126387,56387,2026-05-30,Net Banking,Refunded,3768.87
126388,56388,2026-07-13,Credit Card,Paid,27876.01
126389,56389,2024-07-17,Debit Card,Paid,24568.89
126390,56390,2024-04-18,Debit Card,Paid,25620.6
126391,56391,2024-06-27,Upi,Paid,27321.9
126392,56392,2026-08-08,Credit Card,Paid,17053.06
126393,56393,2024-07-30,Upi,Paid,25566.01
126394,56394,2026-01-04,Credit Card,Paid,25790.84
126395,56395,2025-01-31,Credit Card,Paid,5108.97
126396,56396,2025-10-26,Upi,Paid,18005.83
126397,56397,2026-01-01,Net Banking,Paid,17635.91
126398,56398,2026-05-26,Upi,Paid,3356.15
126399,56399,2024-03-27,Credit Card,Paid,15780.47
126400,56400,2024-11-14,Upi,Paid,26079.97
126401,56401,2024-04-26,Upi,Paid,20363.03
126402,56402,2025-01-22,Wallet,Paid,5354.79
126403,56403,2024-12-22,Credit Card,Paid,6001.77
126404,56404,2026-04-24,Debit Card,Paid,4903.4
126405,56405,2025-11-15,Cash On Delivery,Paid,24449.62
126406,56406,2024-04-13,Upi,Paid,4191.71
126407,56407,2025-03-10,Debit Card,Paid,15116.55
126408,56408,2025-11-20,Cash On Delivery,Paid,8419.01
126409,56409,2025-12-22,Cash On Delivery,Paid,22295.53
126410,56410,2026-02-26,Net Banking,Paid,21995.97
126411,56411,2024-08-07,Upi,Paid,9969.72
126412,56412,2026-05-09,Credit Card,Paid,5338.29
126413,56413,2026-05-26,Credit Card,Paid,17978.54
126414,56414,2024-07-31,Debit Card,Paid,9381.47
126415,56415,2025-10-04,Upi,Paid,27492.87
126416,56416,2025-10-20,Upi,Paid,24253.83
126417,56417,2026-05-04,Wallet,Paid,20535.28
126418,56418,2024-03-26,Debit Card,Paid,18570.26
126419,56419,2024-08-13,Credit Card,Paid,11253.64
126420,56420,2026-04-16,Upi,Paid,24558.25
126421,56421,2024-02-07,Wallet,Paid,9020.56
126422,56422,2025-04-13,Debit Card,Paid,4164.04
126423,56423,2024-10-12,Cash On Delivery,Paid,14206.02
126424,56424,2025-08-30,Net Banking,Paid,20468.93
126425,56425,2025-04-03,Debit Card,Failed,10892.19
126426,56426,2026-04-07,Upi,Paid,24149.22
126427,56427,2024-03-19,Credit Card,Pending,14790.71
126428,56428,2025-05-08,Debit Card,Paid,12034.83
126429,56429,2025-05-20,Debit Card,Paid,14913.8
126430,56430,2025-05-11,Credit Card,Paid,12278.55
126431,56431,2024-03-16,Credit Card,Paid,23060.04
126432,56432,2025-03-26,Credit Card,Paid,25731.62
126433,56433,2026-05-06,Upi,Paid,4699.74
126434,56434,2025-08-07,Upi,Paid,9852.07
126435,56435,2024-04-15,Upi,Paid,21262.95
126436,56436,2025-11-29,Upi,Paid,3598.16
126437,56437,2026-06-20,Upi,Paid,25552.07
126438,56438,2026-02-22,Net Banking,Paid,2276.86
126439,56439,2024-03-31,Upi,Paid,13127.72
126440,56440,2024-01-30,Debit Card,Paid,14883.52
126441,56441,2024-06-22,Credit Card,Paid,13301.99
126442,56442,2024-12-04,Debit Card,Paid,5646.37
126443,56443,2026-06-18,Debit Card,Paid,16238.79
126444,56444,2025-02-26,Debit Card,Paid,7174.56
126445,56445,2026-07-30,Net Banking,Paid,28725.16
126446,56446,2024-04-08,Credit Card,Paid,5626.3
126447,56447,2026-01-08,Debit Card,Paid,28268.31
126448,56448,2026-01-01,Debit Card,Paid,5629.82
126449,56449,2026-07-20,Wallet,Paid,5001.74
126450,56450,2025-05-22,Debit Card,Paid,13185.81
126451,56451,2025-08-11,Upi,Pending,24798.46
126452,56452,2024-01-02,Upi,Paid,15721.72
126453,56453,2026-05-05,Upi,Paid,2391.12
126454,56454,2025-09-05,Upi,Paid,10676.52
126455,56455,2025-11-12,Credit Card,Paid,24589.02
126456,56456,2024-11-27,Upi,Paid,8445.76
126457,56457,2024-03-19,Credit Card,Paid,27042.77
126458,56458,2025-12-08,Cash On Delivery,Refunded,15418.25
126459,56459,2025-12-14,Upi,Paid,623.54
126460,56460,2024-06-23,Cash On Delivery,Paid,11914.17
126461,56461,2026-03-10,Upi,Paid,15661.05
126462,56462,2024-01-03,Cash On Delivery,Paid,3376.21
126463,56463,2025-09-27,Upi,Failed,9278.8
126464,56464,2024-03-28,Debit Card,Paid,3934.05
126465,56465,2026-01-01,Debit Card,Paid,20930.91
126466,56466,2025-03-04,Credit Card,Paid,27711.67
126467,56467,2024-11-13,Upi,Paid,5416.44
126468,56468,2025-12-28,Credit Card,Paid,21879.07
126469,56469,2026-02-21,Credit Card,Paid,28145.74
126470,56470,2025-08-09,Upi,Pending,2164.15
126471,56471,2025-12-14,Net Banking,Paid,14793.14
126472,56472,2024-01-16,Upi,Paid,955.49
126473,56473,2026-03-08,Wallet,Paid,24522.19
126474,56474,2025-07-27,Upi,Paid,19336.1
126475,56475,2024-06-02,Debit Card,Paid,14252.45
126476,56476,2025-04-14,Net Banking,Paid,3470.28
126477,56477,2025-09-03,Cash On Delivery,Paid,1433.32
126478,56478,2026-02-14,Upi,Paid,13424.84
126479,56479,2025-05-20,Upi,Paid,5079.61
126480,56480,2024-09-05,Wallet,Refunded,23609.97
126481,56481,2024-09-03,Debit Card,Paid,21699.88
126482,56482,2025-11-30,Upi,Pending,20494.97
126483,56483,2026-04-16,Upi,Refunded,17297.75
126484,56484,2025-09-04,Debit Card,Paid,25043.9
126485,56485,2026-02-14,Credit Card,Paid,26262.55
126486,56486,2025-08-30,Net Banking,Paid,1748.88
126487,56487,2025-04-21,Credit Card,Pending,4500.93
126488,56488,2025-01-30,Cash On Delivery,Refunded,28305.76
126489,56489,2025-04-20,Debit Card,Paid,20786.53
126490,56490,2024-01-15,Upi,Paid,28565.81
126491,56491,2025-07-18,Net Banking,Paid,7696.62
126492,56492,2024-07-03,Debit Card,Failed,11940.15
126493,56493,2026-05-26,Upi,Paid,1795.56
126494,56494,2026-03-31,Debit Card,Paid,16654.91
126495,56495,2025-04-26,Debit Card,Paid,12773.83
126496,56496,2025-08-23,Debit Card,Paid,1463.48
126497,56497,2024-02-09,Upi,Refunded,2637.06
126498,56498,2025-07-16,Upi,Paid,26169.23
126499,56499,2026-04-04,Net Banking,Paid,4439.5
126500,56500,2025-05-26,Net Banking,Paid,1410.31
126501,56501,2026-04-17,Cash On Delivery,Paid,27264.85
126502,56502,2024-03-17,Cash On Delivery,Paid,18082.13
126503,56503,2026-08-03,Debit Card,Paid,8576.85
126504,56504,2024-12-04,Credit Card,Failed,24798.05
126505,56505,2024-01-29,Credit Card,Paid,13444.28
126506,56506,2025-08-23,Credit Card,Refunded,18830.85
126507,56507,2025-08-19,Upi,Paid,12729.1
126508,56508,2024-05-01,Debit Card,Paid,8513.56
126509,56509,2024-12-05,Credit Card,Paid,26504.86
126510,56510,2026-06-14,Upi,Paid,22399.01
126511,56511,2024-07-04,Net Banking,Paid,13868.83
126512,56512,2024-03-13,Upi,Paid,3494.15
126513,56513,2026-03-09,Cash On Delivery,Paid,27189.32
126514,56514,2025-10-24,Net Banking,Paid,15793.82
126515,56515,2025-04-28,Credit Card,Paid,11800.55
126516,56516,2024-10-20,Upi,Paid,17243.16
126517,56517,2026-04-28,Credit Card,Paid,1978.66
126518,56518,2026-04-19,Cash On Delivery,Paid,19731.88
126519,56519,2024-01-04,Upi,Paid,1303.95
126520,56520,2026-03-15,Net Banking,Failed,22696.25
126521,56521,2025-04-03,Debit Card,Paid,23847.69
126522,56522,2024-11-19,Upi,Paid,12842.75
126523,56523,2024-12-05,Cash On Delivery,Paid,15906.98
126524,56524,2025-03-26,Cash On Delivery,Paid,7956.03
126525,56525,2025-07-12,Cash On Delivery,Paid,5257.94
126526,56526,2026-07-21,Upi,Paid,9548.44
126527,56527,2024-01-27,Cash On Delivery,Paid,20298.34
126528,56528,2025-08-12,Upi,Paid,24805.77
126529,56529,2024-03-07,Cash On Delivery,Paid,6661.64
126530,56530,2024-01-07,Cash On Delivery,Paid,12172.91
126531,56531,2024-10-23,Debit Card,Paid,4026.99
126532,56532,2026-01-25,Debit Card,Failed,13206.78
126533,56533,2024-12-03,Upi,Paid,8422.7
126534,56534,2024-12-18,Upi,Paid,12749.14
126535,56535,2026-05-25,Upi,Paid,7985.78
126536,56536,2024-09-27,Cash On Delivery,Paid,29595.34
126537,56537,2026-01-15,Upi,Pending,16673.07
126538,56538,2026-03-19,Credit Card,Paid,491.78
126539,56539,2025-09-20,Wallet,Paid,1102.88
126540,56540,2026-07-30,Upi,Paid,18371.88
126541,56541,2026-08-14,Cash On Delivery,Paid,9721.87
126542,56542,2024-03-02,Wallet,Paid,7743.42
126543,56543,2024-06-15,Upi,Paid,6575.62
126544,56544,2025-01-15,Credit Card,Paid,917.2
126545,56545,2025-10-10,Upi,Paid,5524.82
126546,56546,2024-09-28,Credit Card,Paid,29201.64
126547,56547,2025-09-13,Credit Card,Paid,1844.35
126548,56548,2026-05-22,Upi,Refunded,4871.98
126549,56549,2024-01-07,Upi,Paid,26695.99
126550,56550,2026-04-22,Upi,Refunded,14584.18
126551,56551,2025-04-16,Cash On Delivery,Paid,10411.61
126552,56552,2026-05-26,Credit Card,Paid,8038.67
126553,56553,2025-10-21,Upi,Paid,25861.35
126554,56554,2024-02-14,Credit Card,Paid,1564.19
126555,56555,2026-05-27,Credit Card,Paid,13566.92
126556,56556,2024-02-20,Upi,Paid,8543.0
126557,56557,2024-09-02,Debit Card,Paid,19914.81
126558,56558,2025-06-20,Credit Card,Paid,15531.69
126559,56559,2026-05-29,Cash On Delivery,Paid,20030.88
126560,56560,2024-06-13,Credit Card,Pending,2754.08
126561,56561,2025-06-07,Debit Card,Failed,26712.83
126562,56562,2024-04-19,Net Banking,Paid,9549.91
126563,56563,2024-11-26,Upi,Pending,29112.42
126564,56564,2024-09-10,Debit Card,Paid,2473.39
126565,56565,2025-02-19,Credit Card,Paid,26348.24
126566,56566,2025-11-22,Net Banking,Paid,27993.01
126567,56567,2025-11-30,Credit Card,Paid,6220.2
126568,56568,2025-10-13,Credit Card,Paid,25774.31
126569,56569,2024-01-28,Debit Card,Paid,16722.27
126570,56570,2026-02-01,Credit Card,Refunded,16573.27
126571,56571,2025-09-22,Credit Card,Paid,22309.17
126572,56572,2024-03-01,Debit Card,Paid,17308.3
126573,56573,2026-07-09,Wallet,Paid,11775.3
126574,56574,2026-01-13,Cash On Delivery,Paid,15165.04
126575,56575,2025-11-04,Upi,Paid,27870.77
126576,56576,2025-04-21,Upi,Paid,13001.61
126577,56577,2026-02-11,Net Banking,Paid,14332.8
126578,56578,2024-10-30,Wallet,Paid,25897.88
126579,56579,2025-12-05,Wallet,Paid,23466.61
126580,56580,2025-08-14,Wallet,Failed,8886.9
126581,56581,2025-08-14,Credit Card,Paid,9294.36
126582,56582,2026-02-17,Upi,Paid,23630.77
126583,56583,2024-06-20,Upi,Paid,17311.17
126584,56584,2024-04-13,Cash On Delivery,Paid,28302.16
126585,56585,2025-06-25,Debit Card,Paid,6378.87
126586,56586,2026-02-23,Credit Card,Refunded,7276.37
126587,56587,2024-09-03,Debit Card,Paid,11402.46
126588,56588,2025-07-08,Debit Card,Paid,13455.45
126589,56589,2026-07-19,Credit Card,Paid,13827.43
126590,56590,2025-08-24,Debit Card,Paid,9651.41
126591,56591,2024-03-17,Debit Card,Paid,12916.98
126592,56592,2026-05-03,Upi,Paid,28266.98
126593,56593,2026-08-04,Debit Card,Paid,2243.51
126594,56594,2025-11-19,Debit Card,Paid,20506.17
126595,56595,2025-08-17,Debit Card,Paid,17953.95
126596,56596,2025-07-23,Debit Card,Paid,16462.51
126597,56597,2025-08-27,Wallet,Paid,20966.99
126598,56598,2024-11-23,Credit Card,Paid,11480.88
126599,56599,2025-09-19,Debit Card,Paid,14708.74
126600,56600,2025-05-11,Net Banking,Failed,10730.51
126601,56601,2026-02-10,Upi,Pending,15789.2
126602,56602,2026-03-23,Debit Card,Paid,16750.27
126603,56603,2025-11-21,Cash On Delivery,Paid,24313.2
126604,56604,2026-08-24,Upi,Paid,8596.2
126605,56605,2025-03-14,Net Banking,Paid,2198.15
126606,56606,2026-01-06,Debit Card,Pending,23287.82
126607,56607,2024-11-29,Wallet,Paid,17132.95
126608,56608,2026-02-08,Cash On Delivery,Paid,4589.27
126609,56609,2024-09-16,Net Banking,Paid,17468.27
126610,56610,2025-11-12,Credit Card,Pending,19513.44
126611,56611,2024-01-16,Credit Card,Paid,14211.72
126612,56612,2026-01-13,Debit Card,Failed,8729.36
126613,56613,2024-10-09,Cash On Delivery,Paid,21404.78
126614,56614,2024-08-24,Upi,Paid,28742.05
126615,56615,2024-11-22,Cash On Delivery,Paid,27287.28
126616,56616,2025-02-18,Wallet,Paid,12093.05
126617,56617,2024-05-04,Upi,Paid,14535.69
126618,56618,2025-06-24,Debit Card,Paid,11218.2
126619,56619,2024-05-01,Upi,Paid,2819.26
126620,56620,2025-06-18,Cash On Delivery,Paid,11057.75
126621,56621,2024-12-23,Upi,Refunded,22460.96
126622,56622,2025-08-05,Credit Card,Paid,14706.62
126623,56623,2024-05-27,Debit Card,Paid,20216.47
126624,56624,2026-08-03,Debit Card,Paid,11169.73
126625,56625,2024-01-17,Cash On Delivery,Paid,17335.6
126626,56626,2026-04-09,Cash On Delivery,Failed,23790.97
126627,56627,2024-12-08,Debit Card,Paid,12618.06
126628,56628,2026-03-16,Credit Card,Paid,18670.97
126629,56629,2025-08-01,Upi,Paid,8264.78
126630,56630,2026-03-17,Upi,Pending,16315.9
126631,56631,2025-06-23,Upi,Paid,5850.16
126632,56632,2026-02-08,Debit Card,Paid,28980.63
126633,56633,2025-09-29,Wallet,Paid,22324.59
126634,56634,2025-10-22,Cash On Delivery,Paid,17311.31
126635,56635,2025-07-09,Wallet,Paid,27126.16
126636,56636,2024-09-05,Cash On Delivery,Paid,12700.83
126637,56637,2026-04-03,Upi,Paid,18992.93
126638,56638,2026-04-10,Net Banking,Paid,14121.73
126639,56639,2025-12-03,Debit Card,Paid,19677.47
126640,56640,2024-09-28,Cash On Delivery,Paid,27425.95
126641,56641,2025-01-31,Upi,Paid,28401.34
126642,56642,2025-12-07,Net Banking,Paid,8099.39
126643,56643,2024-07-02,Upi,Paid,4731.94
126644,56644,2024-04-19,Credit Card,Paid,12752.76
126645,56645,2025-01-27,Upi,Paid,23619.77
126646,56646,2025-06-17,Upi,Paid,23991.49
126647,56647,2026-05-17,Upi,Paid,18521.22
126648,56648,2024-11-08,Net Banking,Paid,3471.37
126649,56649,2024-07-30,Net Banking,Paid,9666.05
126650,56650,2025-11-16,Credit Card,Paid,13849.37
126651,56651,2026-04-29,Upi,Paid,21021.96
126652,56652,2026-04-09,Upi,Paid,24533.84
126653,56653,2025-09-06,Wallet,Paid,23416.44
126654,56654,2024-01-16,Debit Card,Paid,14735.92
126655,56655,2025-09-26,Debit Card,Paid,2782.37
126656,56656,2024-04-22,Upi,Paid,3018.27
126657,56657,2026-02-02,Upi,Refunded,28961.85
126658,56658,2026-06-18,Wallet,Paid,17759.16
126659,56659,2025-08-17,Credit Card,Paid,15409.21
126660,56660,2024-08-22,Net Banking,Paid,12350.54
126661,56661,2024-10-16,Credit Card,Paid,11306.14
126662,56662,2025-12-11,Upi,Paid,22019.49
126663,56663,2026-01-10,Debit Card,Paid,7456.43
126664,56664,2026-02-27,Upi,Paid,11737.48
126665,56665,2024-04-11,Debit Card,Paid,20756.37
126666,56666,2025-12-19,Upi,Refunded,20645.8
126667,56667,2026-07-23,Credit Card,Paid,29549.26
126668,56668,2024-02-03,Upi,Paid,29716.12
126669,56669,2025-02-22,Upi,Paid,6374.71
126670,56670,2025-12-17,Debit Card,Paid,26869.64
126671,56671,2025-05-31,Debit Card,Paid,26949.58
126672,56672,2026-07-23,Credit Card,Paid,13046.33
126673,56673,2025-10-20,Upi,Paid,2315.54
126674,56674,2024-12-24,Upi,Paid,8601.67
126675,56675,2025-08-27,Upi,Paid,10818.74
126676,56676,2025-11-22,Cash On Delivery,Paid,7207.75
126677,56677,2026-01-31,Debit Card,Paid,26690.85
126678,56678,2024-09-26,Debit Card,Paid,18439.36
126679,56679,2026-06-08,Debit Card,Paid,27553.86
126680,56680,2026-08-28,Debit Card,Paid,22264.67
126681,56681,2024-07-30,Net Banking,Paid,25615.67
126682,56682,2024-07-24,Wallet,Paid,4939.58
126683,56683,2025-01-09,Net Banking,Paid,28950.17
126684,56684,2024-10-23,Upi,Paid,2032.5
126685,56685,2024-07-01,Cash On Delivery,Paid,10096.61
126686,56686,2024-06-11,Debit Card,Paid,429.4
126687,56687,2025-11-19,Credit Card,Paid,3237.54
126688,56688,2026-07-18,Net Banking,Paid,17260.35
126689,56689,2024-04-04,Upi,Paid,3889.87
126690,56690,2025-07-10,Upi,Paid,9663.98
126691,56691,2024-09-30,Upi,Paid,11369.64
126692,56692,2024-08-29,Debit Card,Paid,20556.44
126693,56693,2025-07-10,Wallet,Paid,27947.66
126694,56694,2024-05-12,Debit Card,Paid,12508.79
126695,56695,2024-03-24,Debit Card,Paid,15311.46
126696,56696,2026-04-28,Debit Card,Paid,13675.37
126697,56697,2025-03-10,Credit Card,Paid,27447.33
126698,56698,2024-03-04,Upi,Pending,18785.15
126699,56699,2026-05-03,Upi,Paid,17400.95
126700,56700,2025-09-16,Upi,Pending,21549.98
126701,56701,2025-12-18,Debit Card,Paid,3685.13
126702,56702,2025-08-14,Net Banking,Paid,15841.68
126703,56703,2025-04-04,Upi,Paid,3201.26
126704,56704,2026-01-19,Wallet,Paid,13877.75
126705,56705,2024-12-02,Cash On Delivery,Paid,10062.2
126706,56706,2025-10-23,Upi,Failed,25499.46
126707,56707,2026-05-05,Wallet,Paid,7225.43
126708,56708,2026-03-24,Cash On Delivery,Paid,14340.83
126709,56709,2025-06-22,Upi,Paid,6053.28
126710,56710,2024-02-07,Wallet,Paid,22201.74
126711,56711,2024-01-16,Credit Card,Paid,29446.92
126712,56712,2025-02-24,Upi,Paid,727.07
126713,56713,2025-10-06,Wallet,Paid,2159.86
126714,56714,2024-03-19,Upi,Refunded,1768.13
126715,56715,2025-02-04,Debit Card,Paid,6086.47
126716,56716,2025-01-28,Debit Card,Paid,13443.33
126717,56717,2025-03-23,Debit Card,Paid,12276.19
126718,56718,2025-06-29,Upi,Paid,4860.96
126719,56719,2024-09-30,Wallet,Pending,20767.64
126720,56720,2025-08-01,Upi,Paid,19756.96
126721,56721,2025-03-16,Credit Card,Failed,27659.8
126722,56722,2026-06-16,Net Banking,Paid,5747.35
126723,56723,2024-11-12,Upi,Paid,17110.9
126724,56724,2026-06-16,Debit Card,Paid,18202.95
126725,56725,2026-07-25,Credit Card,Pending,2752.76
126726,56726,2024-10-28,Upi,Paid,22468.91
126727,56727,2025-01-31,Upi,Paid,19887.2
126728,56728,2025-11-12,Wallet,Failed,20184.07
126729,56729,2025-03-20,Upi,Paid,24509.01
126730,56730,2025-11-22,Upi,Paid,16166.63
126731,56731,2024-09-09,Upi,Paid,23100.22
126732,56732,2026-07-17,Credit Card,Paid,29862.07
126733,56733,2025-11-11,Upi,Paid,1740.11
126734,56734,2024-03-22,Credit Card,Paid,12934.25
126735,56735,2024-08-26,Cash On Delivery,Failed,17966.52
126736,56736,2025-08-22,Credit Card,Paid,10106.78
126737,56737,2024-10-12,Upi,Paid,6559.63
126738,56738,2025-01-30,Upi,Paid,17844.03
126739,56739,2025-09-22,Net Banking,Paid,6969.35
126740,56740,2024-12-02,Upi,Refunded,4634.48
126741,56741,2026-05-30,Upi,Failed,21498.09
126742,56742,2025-08-23,Debit Card,Paid,3890.03
126743,56743,2025-02-12,Cash On Delivery,Paid,9330.29
126744,56744,2024-10-01,Credit Card,Paid,3111.91
126745,56745,2024-10-16,Debit Card,Paid,13375.44
126746,56746,2024-02-05,Debit Card,Refunded,14358.61
126747,56747,2024-03-25,Debit Card,Paid,5934.02
126748,56748,2026-01-25,Wallet,Refunded,5998.85
126749,56749,2026-01-15,Wallet,Paid,1535.57
126750,56750,2024-03-26,Credit Card,Paid,17384.48
126751,56751,2025-06-20,Upi,Paid,4590.22
126752,56752,2024-11-17,Debit Card,Paid,20858.33
126753,56753,2025-11-08,Cash On Delivery,Paid,24838.01
126754,56754,2025-08-01,Cash On Delivery,Paid,17446.41
126755,56755,2026-02-14,Upi,Paid,28353.73
126756,56756,2025-08-31,Debit Card,Paid,11112.03
126757,56757,2024-07-15,Upi,Refunded,5281.98
126758,56758,2025-10-11,Upi,Paid,4441.14
126759,56759,2026-03-23,Credit Card,Paid,17965.97
126760,56760,2026-08-22,Upi,Paid,6375.74
126761,56761,2025-11-15,Cash On Delivery,Refunded,2822.67
126762,56762,2025-01-24,Upi,Failed,23021.09
126763,56763,2025-05-11,Debit Card,Paid,6399.25
126764,56764,2024-05-13,Wallet,Paid,3117.75
126765,56765,2025-09-11,Net Banking,Paid,28200.99
126766,56766,2024-05-14,Debit Card,Paid,16979.89
126767,56767,2024-09-10,Upi,Paid,29942.04
126768,56768,2025-05-12,Debit Card,Paid,25704.69
126769,56769,2025-04-10,Cash On Delivery,Paid,17609.97
126770,56770,2025-01-10,Upi,Paid,17421.61
126771,56771,2025-09-20,Cash On Delivery,Paid,2131.74
126772,56772,2026-06-07,Cash On Delivery,Paid,24865.06
126773,56773,2026-06-14,Credit Card,Refunded,28111.22
126774,56774,2025-05-12,Upi,Paid,7302.66
126775,56775,2025-06-22,Cash On Delivery,Paid,7219.66
126776,56776,2025-03-14,Credit Card,Paid,13929.03
126777,56777,2026-05-23,Cash On Delivery,Paid,4541.97
126778,56778,2026-04-17,Cash On Delivery,Failed,11391.44
126779,56779,2024-02-23,Upi,Paid,4490.08
126780,56780,2026-02-11,Upi,Paid,13895.43
126781,56781,2024-02-02,Net Banking,Paid,14800.16
126782,56782,2025-11-23,Upi,Paid,28600.71
126783,56783,2024-11-24,Credit Card,Paid,9159.44
126784,56784,2025-05-26,Cash On Delivery,Paid,20997.2
126785,56785,2026-01-30,Debit Card,Paid,6960.16
126786,56786,2024-08-15,Upi,Paid,29538.23
126787,56787,2024-05-10,Credit Card,Paid,8438.78
126788,56788,2025-07-07,Credit Card,Paid,2117.08
126789,56789,2026-03-24,Credit Card,Paid,5936.28
126790,56790,2024-04-24,Debit Card,Paid,26439.16
126791,56791,2025-01-13,Credit Card,Paid,17141.01
126792,56792,2025-06-05,Credit Card,Paid,2321.08
126793,56793,2024-08-08,Upi,Paid,26699.72
126794,56794,2026-04-06,Upi,Paid,25729.8
126795,56795,2025-08-04,Upi,Paid,27175.07
126796,56796,2025-05-16,Wallet,Refunded,8606.35
126797,56797,2024-05-14,Wallet,Paid,16524.39
126798,56798,2024-03-08,Credit Card,Paid,9387.89
126799,56799,2024-06-09,Upi,Refunded,1130.95
126800,56800,2024-02-02,Credit Card,Paid,10267.71
126801,56801,2025-06-04,Cash On Delivery,Paid,5413.64
126802,56802,2026-04-16,Cash On Delivery,Paid,28158.21
126803,56803,2026-01-08,Cash On Delivery,Paid,15105.62
126804,56804,2024-08-08,Upi,Paid,4386.97
126805,56805,2024-07-10,Cash On Delivery,Paid,6871.46
126806,56806,2025-05-27,Upi,Failed,29631.35
126807,56807,2026-01-24,Debit Card,Paid,7748.21
126808,56808,2026-01-26,Credit Card,Failed,29752.91
126809,56809,2025-05-24,Upi,Paid,29163.72
126810,56810,2024-09-02,Debit Card,Paid,20017.58
126811,56811,2025-04-15,Upi,Failed,5057.3
126812,56812,2025-12-18,Upi,Failed,23048.21
126813,56813,2026-05-03,Credit Card,Paid,19147.64
126814,56814,2024-03-16,Upi,Failed,24152.72
126815,56815,2026-01-21,Upi,Paid,19752.0
126816,56816,2025-12-30,Debit Card,Paid,10842.18
126817,56817,2024-07-25,Wallet,Paid,7871.1
126818,56818,2024-03-03,Upi,Paid,21865.71
126819,56819,2024-10-26,Credit Card,Paid,23325.02
126820,56820,2024-09-25,Upi,Paid,10811.13
126821,56821,2024-04-19,Cash On Delivery,Paid,16810.53
126822,56822,2024-09-08,Net Banking,Failed,20095.76
126823,56823,2024-07-08,Upi,Paid,4265.0
126824,56824,2026-05-17,Upi,Paid,26347.11
126825,56825,2024-03-26,Wallet,Paid,11512.99
126826,56826,2025-06-04,Wallet,Paid,18412.7
126827,56827,2024-11-15,Upi,Paid,13497.07
126828,56828,2026-03-28,Upi,Paid,6620.58
126829,56829,2025-04-05,Wallet,Paid,26022.56
126830,56830,2025-07-21,Upi,Paid,25854.25
126831,56831,2025-01-20,Upi,Paid,22527.56
126832,56832,2026-02-23,Upi,Paid,20299.76
126833,56833,2025-10-11,Upi,Paid,4695.7
126834,56834,2025-06-18,Upi,Paid,20640.03
126835,56835,2025-01-19,Debit Card,Paid,6495.51
126836,56836,2025-03-12,Upi,Failed,16532.44
126837,56837,2024-09-05,Upi,Paid,16682.54
126838,56838,2025-09-30,Net Banking,Paid,8546.99
126839,56839,2024-10-16,Upi,Refunded,14458.66
126840,56840,2024-10-07,Credit Card,Paid,6945.57
126841,56841,2025-03-31,Upi,Paid,4909.71
126842,56842,2026-06-11,Debit Card,Paid,457.47
126843,56843,2025-03-02,Cash On Delivery,Paid,20260.57
126844,56844,2026-06-02,Debit Card,Failed,9852.12
126845,56845,2025-05-25,Net Banking,Paid,28300.54
126846,56846,2024-03-11,Credit Card,Paid,14476.4
126847,56847,2025-07-22,Credit Card,Paid,19830.67
126848,56848,2026-06-10,Credit Card,Paid,29251.25
126849,56849,2026-05-06,Upi,Paid,9210.37
126850,56850,2024-06-25,Upi,Failed,12565.81
126851,56851,2024-09-17,Credit Card,Paid,8284.37
126852,56852,2025-10-22,Debit Card,Paid,12460.91
126853,56853,2025-03-02,Credit Card,Paid,27789.94
126854,56854,2026-03-09,Debit Card,Paid,22805.6
126855,56855,2025-05-21,Credit Card,Paid,17209.57
126856,56856,2024-08-23,Credit Card,Pending,5227.22
126857,56857,2024-11-20,Upi,Paid,6179.14
126858,56858,2024-04-19,Wallet,Paid,15665.29
126859,56859,2024-10-04,Cash On Delivery,Paid,3469.75
126860,56860,2026-01-05,Upi,Paid,24843.2
126861,56861,2024-08-04,Credit Card,Paid,3710.91
126862,56862,2025-03-05,Credit Card,Paid,25718.46
126863,56863,2024-06-26,Credit Card,Paid,27400.09
126864,56864,2025-04-20,Wallet,Paid,1250.69
126865,56865,2026-07-28,Net Banking,Failed,28505.07
126866,56866,2026-01-09,Wallet,Paid,28648.1
126867,56867,2026-01-13,Wallet,Paid,27808.71
126868,56868,2024-09-03,Upi,Paid,16264.34
126869,56869,2024-10-27,Credit Card,Paid,5966.19
126870,56870,2024-04-07,Cash On Delivery,Paid,7140.2
126871,56871,2026-06-14,Credit Card,Paid,10478.13
126872,56872,2026-07-20,Upi,Paid,5124.12
126873,56873,2024-11-26,Upi,Paid,24326.33
126874,56874,2025-11-09,Upi,Paid,562.04
126875,56875,2024-07-24,Upi,Paid,1136.32
126876,56876,2025-09-26,Credit Card,Pending,12582.37
126877,56877,2024-04-02,Debit Card,Paid,19041.76
126878,56878,2024-11-21,Debit Card,Paid,5892.02
126879,56879,2025-01-18,Upi,Paid,6810.73
126880,56880,2026-08-23,Credit Card,Paid,977.18
126881,56881,2025-03-29,Upi,Paid,4218.0
126882,56882,2024-08-06,Credit Card,Paid,14192.98
126883,56883,2024-02-18,Upi,Failed,13474.14
126884,56884,2024-06-22,Debit Card,Paid,15570.43
126885,56885,2024-08-26,Net Banking,Paid,17886.46
126886,56886,2024-11-07,Upi,Paid,18801.01
126887,56887,2024-05-14,Upi,Paid,17724.06
126888,56888,2025-12-17,Upi,Paid,5530.67
126889,56889,2025-01-13,Debit Card,Paid,14509.53
126890,56890,2024-08-17,Debit Card,Paid,28613.03
126891,56891,2025-05-25,Cash On Delivery,Paid,16344.03
126892,56892,2024-10-30,Debit Card,Paid,9198.34
126893,56893,2025-10-25,Upi,Paid,25716.53
126894,56894,2025-05-28,Credit Card,Paid,1953.75
126895,56895,2026-06-23,Debit Card,Paid,11274.67
126896,56896,2025-09-24,Upi,Paid,26287.44
126897,56897,2024-12-22,Upi,Paid,7037.28
126898,56898,2024-05-26,Cash On Delivery,Paid,25397.05
126899,56899,2024-04-10,Upi,Paid,7900.34
126900,56900,2025-09-29,Upi,Refunded,21039.06
126901,56901,2024-02-03,Debit Card,Paid,24489.14
126902,56902,2025-01-07,Wallet,Failed,18033.97
126903,56903,2024-01-22,Debit Card,Paid,26659.07
126904,56904,2024-12-04,Wallet,Paid,29242.13
126905,56905,2026-05-08,Credit Card,Failed,18197.17
126906,56906,2024-03-20,Cash On Delivery,Paid,8695.15
126907,56907,2026-08-03,Credit Card,Paid,27639.32
126908,56908,2026-08-02,Net Banking,Paid,23687.03
126909,56909,2026-04-17,Wallet,Paid,12060.17
126910,56910,2025-11-05,Upi,Paid,5374.15
126911,56911,2024-06-25,Credit Card,Paid,10429.35
126912,56912,2024-04-06,Wallet,Paid,4903.11
126913,56913,2026-06-12,Credit Card,Paid,22351.56
126914,56914,2024-12-23,Credit Card,Paid,18864.11
126915,56915,2025-03-14,Upi,Paid,28761.96
126916,56916,2024-03-21,Net Banking,Paid,24194.47
126917,56917,2024-02-28,Upi,Paid,20803.96
126918,56918,2025-06-10,Net Banking,Paid,3215.57
126919,56919,2025-01-28,Upi,Refunded,17562.56
126920,56920,2025-11-11,Cash On Delivery,Paid,9933.45
126921,56921,2026-03-23,Debit Card,Paid,4713.17
126922,56922,2024-02-24,Credit Card,Paid,18293.35
126923,56923,2026-08-01,Upi,Paid,16676.06
126924,56924,2026-06-13,Upi,Paid,28721.95
126925,56925,2025-07-12,Cash On Delivery,Paid,6924.17
126926,56926,2024-12-30,Cash On Delivery,Paid,23504.46
126927,56927,2024-06-11,Credit Card,Paid,5781.67
126928,56928,2024-08-18,Cash On Delivery,Refunded,7940.11
126929,56929,2025-11-14,Credit Card,Paid,23104.04
126930,56930,2024-05-08,Wallet,Paid,28583.67
126931,56931,2026-07-28,Cash On Delivery,Paid,25613.97
126932,56932,2024-05-22,Wallet,Paid,13881.8
126933,56933,2026-01-04,Debit Card,Paid,3845.5
126934,56934,2026-04-07,Upi,Paid,23507.52
126935,56935,2024-10-15,Debit Card,Paid,26382.8
126936,56936,2025-04-13,Net Banking,Paid,22528.32
126937,56937,2025-07-13,Net Banking,Paid,11071.39
126938,56938,2026-02-14,Upi,Refunded,12016.33
126939,56939,2024-02-21,Debit Card,Paid,18055.55
126940,56940,2024-08-10,Credit Card,Paid,19282.03
126941,56941,2024-05-27,Upi,Paid,8707.96
126942,56942,2024-11-06,Upi,Paid,21120.37
126943,56943,2025-10-16,Debit Card,Paid,21733.49
126944,56944,2025-02-06,Upi,Paid,17649.78
126945,56945,2025-04-24,Upi,Paid,20344.24
126946,56946,2025-03-18,Debit Card,Paid,21438.45
126947,56947,2024-01-06,Credit Card,Paid,4371.07
126948,56948,2024-04-04,Upi,Failed,26828.32
126949,56949,2024-08-08,Debit Card,Paid,11383.03
126950,56950,2024-02-13,Debit Card,Paid,27594.66
126951,56951,2026-03-09,Upi,Paid,22290.93
126952,56952,2026-08-27,Net Banking,Paid,6212.7
126953,56953,2025-04-17,Upi,Paid,3441.43
126954,56954,2025-10-11,Net Banking,Paid,27772.05
126955,56955,2024-02-27,Upi,Paid,7923.2
126956,56956,2024-02-25,Debit Card,Paid,23274.1
126957,56957,2025-08-12,Cash On Delivery,Paid,9463.04
126958,56958,2026-01-20,Credit Card,Paid,21091.59
126959,56959,2026-06-20,Upi,Paid,27887.89
126960,56960,2024-12-16,Cash On Delivery,Failed,6014.06
126961,56961,2025-02-09,Upi,Paid,4353.66
126962,56962,2026-02-12,Credit Card,Paid,21287.43
126963,56963,2024-05-16,Upi,Refunded,23448.59
126964,56964,2026-07-11,Credit Card,Paid,10256.68
126965,56965,2024-10-15,Cash On Delivery,Refunded,4704.27
126966,56966,2024-01-28,Credit Card,Paid,19126.79
126967,56967,2026-02-08,Net Banking,Paid,1810.64
126968,56968,2026-07-24,Upi,Paid,8647.81
126969,56969,2025-04-12,Cash On Delivery,Paid,28755.6
126970,56970,2024-06-10,Credit Card,Paid,27025.8
126971,56971,2024-05-27,Credit Card,Refunded,13182.81
126972,56972,2024-10-15,Upi,Paid,19476.98
126973,56973,2025-06-03,Net Banking,Paid,6802.34
126974,56974,2025-09-03,Debit Card,Failed,28348.12
126975,56975,2025-11-11,Debit Card,Paid,12117.78
126976,56976,2025-11-26,Cash On Delivery,Paid,25811.52
126977,56977,2024-08-22,Upi,Paid,23847.61
126978,56978,2024-06-15,Upi,Paid,2833.78
126979,56979,2026-07-11,Net Banking,Pending,4088.67
126980,56980,2024-05-12,Upi,Paid,14701.58
126981,56981,2025-05-11,Upi,Paid,24948.93
126982,56982,2024-10-06,Upi,Paid,23089.38
126983,56983,2025-12-12,Net Banking,Paid,8348.23
126984,56984,2024-11-14,Upi,Paid,28941.06
126985,56985,2024-04-09,Debit Card,Failed,11605.35
126986,56986,2024-11-05,Credit Card,Paid,26161.42
126987,56987,2024-04-10,Upi,Paid,995.55
126988,56988,2024-06-15,Credit Card,Paid,2798.54
126989,56989,2025-04-06,Upi,Paid,5107.77
126990,56990,2026-07-31,Net Banking,Paid,27543.22
126991,56991,2024-07-18,Credit Card,Pending,13841.98
126992,56992,2026-02-14,Net Banking,Paid,4835.05
126993,56993,2025-05-19,Net Banking,Paid,870.44
126994,56994,2026-08-09,Upi,Paid,19545.08
126995,56995,2025-05-19,Upi,Failed,13931.92
126996,56996,2024-04-10,Wallet,Paid,26471.73
126997,56997,2025-02-01,Debit Card,Paid,4192.27
126998,56998,2024-03-17,Credit Card,Paid,18894.8
126999,56999,2024-08-03,Debit Card,Paid,1714.02
127000,57000,2025-06-05,Upi,Paid,13114.29
127001,57001,2026-05-24,Upi,Paid,27868.34
127002,57002,2025-08-21,Credit Card,Paid,14542.5
127003,57003,2024-12-20,Debit Card,Paid,15718.94
127004,57004,2025-09-08,Wallet,Paid,22618.13
127005,57005,2024-08-26,Debit Card,Paid,24308.08
127006,57006,2024-04-01,Cash On Delivery,Paid,25205.11
127007,57007,2025-12-14,Cash On Delivery,Refunded,17748.48
127008,57008,2026-04-01,Debit Card,Paid,29326.18
127009,57009,2025-08-19,Credit Card,Paid,28904.07
127010,57010,2025-04-23,Cash On Delivery,Paid,17802.87
127011,57011,2025-03-20,Credit Card,Paid,3292.87
127012,57012,2024-12-23,Debit Card,Paid,1958.57
127013,57013,2026-07-29,Debit Card,Paid,8509.86
127014,57014,2025-05-05,Credit Card,Paid,28238.44
127015,57015,2026-04-27,Upi,Paid,27800.53
127016,57016,2024-02-10,Upi,Paid,10508.19
127017,57017,2024-12-07,Credit Card,Paid,19149.23
127018,57018,2024-07-29,Credit Card,Paid,9042.51
127019,57019,2024-04-22,Cash On Delivery,Paid,18580.11
127020,57020,2026-08-26,Cash On Delivery,Paid,19519.76
127021,57021,2024-02-20,Credit Card,Paid,13630.21
127022,57022,2025-06-22,Debit Card,Paid,22939.62
127023,57023,2024-08-01,Debit Card,Paid,14844.27
127024,57024,2024-03-18,Upi,Paid,10602.96
127025,57025,2026-08-11,Debit Card,Paid,28401.82
127026,57026,2024-10-12,Credit Card,Paid,17207.6
127027,57027,2024-12-06,Upi,Paid,8546.58
127028,57028,2024-06-28,Credit Card,Paid,29792.62
127029,57029,2025-10-28,Upi,Paid,17293.64
127030,57030,2026-06-18,Net Banking,Paid,20480.6
127031,57031,2024-11-26,Upi,Paid,17126.86
127032,57032,2026-02-24,Credit Card,Paid,26698.64
127033,57033,2025-02-02,Debit Card,Paid,1911.01
127034,57034,2025-06-15,Credit Card,Paid,27551.55
127035,57035,2026-02-18,Debit Card,Paid,16102.69
127036,57036,2026-07-14,Upi,Paid,27735.44
127037,57037,2025-08-13,Cash On Delivery,Paid,8311.78
127038,57038,2024-12-27,Upi,Paid,29960.91
127039,57039,2025-03-31,Credit Card,Paid,14501.92
127040,57040,2026-04-20,Cash On Delivery,Pending,12292.74
127041,57041,2024-12-11,Cash On Delivery,Paid,25763.55
127042,57042,2025-03-31,Net Banking,Paid,10373.12
127043,57043,2026-01-22,Upi,Paid,20364.64
127044,57044,2026-04-03,Credit Card,Pending,18842.69
127045,57045,2025-03-11,Upi,Paid,20825.79
127046,57046,2026-05-24,Wallet,Failed,19210.01
127047,57047,2026-04-19,Net Banking,Paid,15293.86
127048,57048,2025-03-28,Upi,Paid,3019.39
127049,57049,2024-09-26,Credit Card,Paid,21032.46
127050,57050,2024-06-22,Upi,Paid,24129.41
127051,57051,2024-04-30,Upi,Paid,12074.92
127052,57052,2024-07-05,Credit Card,Paid,21417.85
127053,57053,2024-03-09,Net Banking,Paid,24573.02
127054,57054,2024-10-07,Upi,Paid,4197.17
127055,57055,2026-08-20,Upi,Paid,3418.63
127056,57056,2024-08-05,Debit Card,Paid,3858.91
127057,57057,2025-01-08,Debit Card,Failed,21977.2
127058,57058,2025-01-13,Cash On Delivery,Paid,22154.63
127059,57059,2025-05-21,Cash On Delivery,Paid,13990.72
127060,57060,2025-05-09,Credit Card,Paid,27851.81
127061,57061,2025-07-20,Upi,Paid,8434.1
127062,57062,2024-03-25,Debit Card,Paid,26491.82
127063,57063,2024-11-08,Debit Card,Paid,29085.25
127064,57064,2026-06-04,Net Banking,Paid,7526.57
127065,57065,2026-08-05,Debit Card,Paid,10713.22
127066,57066,2024-01-04,Credit Card,Paid,10353.77
127067,57067,2025-09-04,Credit Card,Refunded,22169.81
127068,57068,2024-05-14,Upi,Paid,5843.95
127069,57069,2025-06-04,Debit Card,Paid,19336.73
127070,57070,2024-01-11,Cash On Delivery,Paid,24355.39
127071,57071,2026-01-03,Credit Card,Refunded,22836.15
127072,57072,2026-08-16,Upi,Paid,6832.57
127073,57073,2024-05-01,Debit Card,Paid,6111.88
127074,57074,2025-02-02,Upi,Paid,5704.87
127075,57075,2024-07-10,Upi,Paid,7120.45
127076,57076,2024-07-11,Cash On Delivery,Paid,5662.77
127077,57077,2026-02-10,Upi,Paid,27597.15
127078,57078,2024-04-25,Wallet,Paid,13003.75
127079,57079,2024-05-02,Upi,Paid,22623.7
127080,57080,2024-12-28,Upi,Failed,23851.16
127081,57081,2024-10-29,Cash On Delivery,Failed,12963.23
127082,57082,2026-08-07,Upi,Paid,12567.94
127083,57083,2025-01-20,Upi,Paid,10525.77
127084,57084,2025-06-19,Net Banking,Paid,23893.73
127085,57085,2024-04-10,Net Banking,Paid,11316.15
127086,57086,2024-12-11,Debit Card,Failed,7517.46
127087,57087,2024-07-21,Upi,Paid,28700.86
127088,57088,2024-12-21,Credit Card,Paid,19738.31
127089,57089,2024-10-22,Debit Card,Paid,16906.22
127090,57090,2024-04-24,Credit Card,Paid,27168.42
127091,57091,2025-06-24,Upi,Paid,18106.71
127092,57092,2025-05-17,Debit Card,Paid,18354.42
127093,57093,2025-05-20,Credit Card,Paid,19124.62
127094,57094,2025-02-17,Upi,Paid,14584.12
127095,57095,2025-05-26,Wallet,Paid,28410.55
127096,57096,2025-12-10,Upi,Paid,10391.2
127097,57097,2024-09-10,Upi,Paid,12551.61
127098,57098,2024-07-05,Cash On Delivery,Refunded,12763.43
127099,57099,2025-10-19,Net Banking,Paid,15236.0
127100,57100,2024-05-13,Debit Card,Paid,9553.74
127101,57101,2024-12-09,Cash On Delivery,Paid,7736.42
127102,57102,2025-07-18,Upi,Paid,25593.91
127103,57103,2025-07-21,Credit Card,Paid,15893.8
127104,57104,2025-12-20,Upi,Paid,20069.96
127105,57105,2025-04-03,Upi,Paid,5945.16
127106,57106,2025-04-29,Net Banking,Paid,9229.25
127107,57107,2024-02-13,Cash On Delivery,Paid,29576.63
127108,57108,2026-02-07,Cash On Delivery,Paid,661.98
127109,57109,2024-08-20,Net Banking,Paid,9458.89
127110,57110,2026-03-29,Upi,Paid,16319.81
127111,57111,2025-09-18,Upi,Paid,9487.82
127112,57112,2026-06-09,Upi,Paid,6526.72
127113,57113,2026-05-01,Upi,Paid,23278.5
127114,57114,2025-01-02,Debit Card,Paid,25557.4
127115,57115,2025-01-18,Credit Card,Paid,25467.75
127116,57116,2026-05-28,Debit Card,Paid,474.48
127117,57117,2026-05-07,Credit Card,Paid,12050.33
127118,57118,2025-11-20,Wallet,Paid,10174.24
127119,57119,2026-06-14,Credit Card,Paid,10875.8
127120,57120,2025-08-30,Debit Card,Paid,25509.41
127121,57121,2024-01-25,Credit Card,Paid,4651.53
127122,57122,2025-06-23,Credit Card,Paid,3838.54
127123,57123,2024-12-26,Debit Card,Paid,28241.75
127124,57124,2024-01-20,Upi,Paid,25760.22
127125,57125,2025-06-24,Upi,Pending,6369.15
127126,57126,2025-06-29,Upi,Paid,2631.89
127127,57127,2025-12-13,Net Banking,Paid,7633.44
127128,57128,2026-01-26,Upi,Paid,9476.37
127129,57129,2024-11-09,Wallet,Paid,1105.87
127130,57130,2026-08-17,Wallet,Paid,2745.21
127131,57131,2025-03-06,Net Banking,Paid,10367.52
127132,57132,2025-02-24,Credit Card,Paid,8431.18
127133,57133,2024-06-26,Wallet,Paid,11881.91
127134,57134,2026-08-18,Upi,Paid,26430.73
127135,57135,2025-01-17,Cash On Delivery,Paid,556.57
127136,57136,2024-06-14,Upi,Failed,20530.28
127137,57137,2026-04-03,Debit Card,Paid,28792.81
127138,57138,2026-07-20,Credit Card,Paid,18335.06
127139,57139,2024-07-29,Debit Card,Paid,22427.06
127140,57140,2025-07-28,Credit Card,Paid,13083.64
127141,57141,2026-05-30,Cash On Delivery,Refunded,9169.86
127142,57142,2025-10-05,Upi,Failed,4886.22
127143,57143,2025-03-02,Upi,Paid,21932.79
127144,57144,2025-07-10,Upi,Failed,4563.21
127145,57145,2024-04-10,Upi,Paid,12278.71
127146,57146,2026-08-12,Credit Card,Paid,16535.43
127147,57147,2025-05-12,Net Banking,Refunded,10180.82
127148,57148,2024-02-14,Net Banking,Paid,6272.99
127149,57149,2024-11-24,Upi,Refunded,22269.28
127150,57150,2025-02-04,Cash On Delivery,Paid,393.72
127151,57151,2026-08-24,Credit Card,Paid,7624.11
127152,57152,2026-04-29,Upi,Paid,28141.34
127153,57153,2024-10-21,Debit Card,Paid,15134.24
127154,57154,2024-06-11,Net Banking,Pending,13070.21
127155,57155,2024-02-12,Credit Card,Paid,901.58
127156,57156,2025-07-07,Credit Card,Paid,24442.33
127157,57157,2025-03-08,Upi,Paid,28389.06
127158,57158,2025-05-25,Upi,Paid,26730.53
127159,57159,2024-09-24,Wallet,Paid,12260.15
127160,57160,2026-02-23,Upi,Paid,10755.36
127161,57161,2025-05-18,Upi,Paid,14520.36
127162,57162,2026-06-12,Cash On Delivery,Paid,21892.3
127163,57163,2024-08-20,Upi,Paid,15668.84
127164,57164,2024-09-10,Upi,Paid,23871.96
127165,57165,2025-07-23,Cash On Delivery,Paid,10487.65
127166,57166,2025-11-04,Net Banking,Paid,13476.74
127167,57167,2024-10-16,Upi,Paid,25166.69
127168,57168,2025-06-16,Upi,Paid,16659.55
127169,57169,2025-05-12,Upi,Paid,12175.77
127170,57170,2025-10-06,Debit Card,Paid,10604.4
127171,57171,2025-09-10,Debit Card,Paid,2722.33
127172,57172,2024-07-15,Cash On Delivery,Paid,11392.47
127173,57173,2024-04-22,Credit Card,Paid,9719.09
127174,57174,2024-09-24,Debit Card,Paid,4350.6
127175,57175,2024-05-05,Wallet,Paid,18120.88
127176,57176,2025-06-17,Debit Card,Paid,24004.8
127177,57177,2025-05-11,Cash On Delivery,Paid,29640.22
127178,57178,2024-01-03,Upi,Paid,3645.92
127179,57179,2026-03-13,Debit Card,Paid,20885.13
127180,57180,2025-11-27,Cash On Delivery,Paid,8576.29
127181,57181,2025-03-30,Upi,Paid,27304.64
127182,57182,2024-06-05,Credit Card,Pending,10502.83
127183,57183,2024-06-05,Upi,Paid,10518.73
127184,57184,2026-06-25,Credit Card,Paid,28501.65
127185,57185,2024-08-17,Cash On Delivery,Paid,26705.31
127186,57186,2026-04-15,Upi,Paid,17628.89
127187,57187,2025-10-06,Upi,Paid,25338.26
127188,57188,2025-08-30,Upi,Paid,17190.54
127189,57189,2026-03-24,Debit Card,Paid,25723.92
127190,57190,2026-05-15,Debit Card,Paid,14435.15
127191,57191,2024-09-21,Net Banking,Paid,26646.26
127192,57192,2026-08-15,Debit Card,Paid,21862.53
127193,57193,2024-05-07,Credit Card,Paid,6063.17
127194,57194,2026-01-21,Wallet,Failed,19159.56
127195,57195,2025-01-09,Credit Card,Paid,3566.55
127196,57196,2025-08-31,Wallet,Paid,2314.26
127197,57197,2026-03-22,Credit Card,Paid,14687.18
127198,57198,2025-03-12,Net Banking,Paid,21219.62
127199,57199,2024-03-23,Upi,Paid,5278.93
127200,57200,2026-02-28,Debit Card,Paid,8143.87
127201,57201,2024-05-10,Net Banking,Paid,20001.04
127202,57202,2025-11-17,Credit Card,Paid,20818.93
127203,57203,2025-03-02,Credit Card,Failed,14927.82
127204,57204,2025-04-05,Debit Card,Paid,29817.11
127205,57205,2024-09-14,Net Banking,Paid,17628.59
127206,57206,2025-05-02,Wallet,Paid,7874.05
127207,57207,2024-07-03,Net Banking,Paid,18682.54
127208,57208,2024-08-13,Net Banking,Paid,28074.47
127209,57209,2025-04-04,Wallet,Paid,1410.15
127210,57210,2026-02-04,Upi,Paid,9795.37
127211,57211,2025-05-14,Debit Card,Refunded,5830.93
127212,57212,2026-05-04,Cash On Delivery,Paid,875.02
127213,57213,2024-09-25,Upi,Paid,19042.1
127214,57214,2024-01-17,Upi,Paid,28995.86
127215,57215,2024-10-27,Net Banking,Failed,8704.33
127216,57216,2024-04-20,Debit Card,Paid,21290.14
127217,57217,2025-05-25,Net Banking,Paid,24025.72
127218,57218,2026-08-22,Upi,Paid,4469.49
127219,57219,2025-04-19,Upi,Paid,3826.45
127220,57220,2024-06-21,Credit Card,Paid,28571.05
127221,57221,2025-07-21,Wallet,Paid,12397.55
127222,57222,2025-12-18,Upi,Paid,1229.8
127223,57223,2026-04-24,Net Banking,Pending,16017.81
127224,57224,2025-04-12,Upi,Paid,15611.26
127225,57225,2025-02-15,Debit Card,Pending,1064.01
127226,57226,2025-05-23,Wallet,Paid,8527.6
127227,57227,2024-07-26,Cash On Delivery,Paid,11626.16
127228,57228,2024-04-16,Debit Card,Paid,24402.89
127229,57229,2026-01-19,Credit Card,Paid,20464.43
127230,57230,2024-05-13,Upi,Paid,18872.24
127231,57231,2025-10-30,Upi,Paid,17994.18
127232,57232,2025-07-16,Upi,Paid,20708.88
127233,57233,2025-04-02,Debit Card,Paid,18372.87
127234,57234,2025-01-03,Upi,Paid,4064.63
127235,57235,2026-08-15,Upi,Paid,22939.36
127236,57236,2026-02-14,Wallet,Paid,8513.64
127237,57237,2024-06-09,Credit Card,Paid,15546.39
127238,57238,2026-08-01,Net Banking,Pending,29502.16
127239,57239,2024-05-06,Credit Card,Paid,19160.38
127240,57240,2026-02-26,Wallet,Paid,12621.3
127241,57241,2025-02-19,Net Banking,Pending,3819.08
127242,57242,2025-01-31,Cash On Delivery,Paid,6226.26
127243,57243,2025-05-05,Upi,Paid,3856.84
127244,57244,2025-04-15,Debit Card,Paid,1607.77
127245,57245,2024-05-05,Net Banking,Paid,9919.7
127246,57246,2024-06-01,Credit Card,Paid,9439.47
127247,57247,2025-12-17,Cash On Delivery,Paid,2135.67
127248,57248,2025-11-08,Debit Card,Paid,7514.37
127249,57249,2025-01-17,Debit Card,Paid,29584.62
127250,57250,2025-03-11,Debit Card,Paid,20836.41
127251,57251,2025-01-07,Upi,Paid,9827.83
127252,57252,2026-04-11,Debit Card,Paid,28711.49
127253,57253,2024-03-11,Credit Card,Paid,27704.7
127254,57254,2025-09-27,Net Banking,Paid,23812.82
127255,57255,2024-10-27,Upi,Paid,21936.21
127256,57256,2024-06-15,Upi,Paid,24952.8
127257,57257,2024-06-04,Net Banking,Paid,20651.69
127258,57258,2025-02-03,Net Banking,Paid,16537.06
127259,57259,2024-05-23,Credit Card,Paid,24372.31
127260,57260,2025-10-18,Upi,Paid,17282.15
127261,57261,2024-11-16,Upi,Paid,12604.54
127262,57262,2026-04-14,Net Banking,Paid,24559.54
127263,57263,2024-05-23,Cash On Delivery,Paid,8206.91
127264,57264,2024-12-09,Debit Card,Paid,6300.85
127265,57265,2025-01-08,Credit Card,Paid,3422.38
127266,57266,2025-10-11,Credit Card,Paid,20113.82
127267,57267,2024-10-15,Debit Card,Paid,29818.27
127268,57268,2024-06-18,Credit Card,Paid,22049.85
127269,57269,2025-01-31,Cash On Delivery,Paid,7262.99
127270,57270,2026-05-29,Wallet,Paid,13284.14
127271,57271,2026-02-28,Upi,Paid,28262.28
127272,57272,2025-07-12,Upi,Failed,19365.38
127273,57273,2026-08-26,Upi,Paid,16413.58
127274,57274,2026-01-16,Credit Card,Refunded,5977.55
127275,57275,2026-01-13,Net Banking,Paid,542.91
127276,57276,2025-01-22,Wallet,Paid,27235.72
127277,57277,2025-04-27,Cash On Delivery,Paid,12588.46
127278,57278,2026-07-04,Debit Card,Paid,1090.16
127279,57279,2026-06-17,Upi,Paid,16184.04
127280,57280,2025-12-02,Wallet,Paid,9220.15
127281,57281,2024-04-05,Cash On Delivery,Paid,26918.75
127282,57282,2024-05-31,Wallet,Paid,22657.67
127283,57283,2025-03-21,Cash On Delivery,Paid,5101.76
127284,57284,2025-06-19,Upi,Paid,18597.71
127285,57285,2025-08-27,Upi,Paid,7905.3
127286,57286,2024-09-21,Net Banking,Paid,24139.89
127287,57287,2026-01-26,Net Banking,Refunded,9481.79
127288,57288,2026-03-22,Upi,Paid,25392.49
127289,57289,2024-07-21,Net Banking,Paid,11555.52
127290,57290,2026-02-01,Net Banking,Paid,17834.84
127291,57291,2024-05-26,Upi,Failed,11536.4
127292,57292,2025-04-24,Upi,Paid,7356.31
127293,57293,2026-05-03,Wallet,Paid,13665.75
127294,57294,2024-10-22,Upi,Paid,18699.03
127295,57295,2025-10-28,Upi,Paid,2158.6
127296,57296,2026-04-10,Cash On Delivery,Paid,19070.01
127297,57297,2025-04-24,Debit Card,Paid,11408.89
127298,57298,2026-04-06,Upi,Paid,8201.92
127299,57299,2025-09-12,Upi,Paid,21397.47
127300,57300,2025-05-08,Debit Card,Paid,5320.29
127301,57301,2024-04-24,Upi,Paid,8986.86
127302,57302,2025-11-26,Credit Card,Paid,28320.26
127303,57303,2024-10-29,Credit Card,Paid,28750.96
127304,57304,2024-10-06,Cash On Delivery,Paid,21042.89
127305,57305,2026-06-11,Credit Card,Refunded,3580.0
127306,57306,2024-12-06,Credit Card,Paid,11229.87
127307,57307,2024-12-14,Credit Card,Paid,27121.52
127308,57308,2026-07-07,Net Banking,Paid,7236.3
127309,57309,2024-10-09,Credit Card,Failed,11811.07
127310,57310,2025-12-17,Cash On Delivery,Paid,20426.49
127311,57311,2025-05-20,Wallet,Paid,2989.55
127312,57312,2024-03-10,Cash On Delivery,Paid,946.94
127313,57313,2025-07-21,Cash On Delivery,Paid,4361.92
127314,57314,2025-03-20,Upi,Paid,577.15
127315,57315,2025-12-05,Credit Card,Paid,13767.45
127316,57316,2025-01-20,Debit Card,Paid,1487.74
127317,57317,2024-08-23,Upi,Pending,25663.29
127318,57318,2024-08-14,Net Banking,Paid,11567.97
127319,57319,2025-05-29,Debit Card,Refunded,16102.59
127320,57320,2026-08-26,Credit Card,Paid,10850.82
127321,57321,2025-03-13,Wallet,Paid,13090.08
127322,57322,2024-05-13,Upi,Paid,11806.99
127323,57323,2026-03-08,Upi,Paid,18113.92
127324,57324,2024-11-02,Credit Card,Paid,2392.77
127325,57325,2025-02-16,Debit Card,Paid,2337.01
127326,57326,2026-04-05,Debit Card,Paid,24481.02
127327,57327,2024-04-18,Cash On Delivery,Paid,12702.34
127328,57328,2024-05-09,Upi,Pending,26369.31
127329,57329,2024-07-14,Wallet,Paid,26859.5
127330,57330,2025-01-02,Upi,Paid,12641.12
127331,57331,2026-04-14,Cash On Delivery,Paid,21165.89
127332,57332,2025-09-08,Debit Card,Paid,11893.86
127333,57333,2026-01-22,Cash On Delivery,Paid,12669.16
127334,57334,2024-11-24,Credit Card,Paid,21349.41
127335,57335,2025-02-05,Upi,Paid,14023.27
127336,57336,2025-02-01,Upi,Paid,28523.08
127337,57337,2024-04-23,Net Banking,Paid,20058.25
127338,57338,2025-06-19,Net Banking,Paid,23408.98
127339,57339,2024-11-18,Net Banking,Paid,19336.68
127340,57340,2026-07-16,Net Banking,Paid,17701.75
127341,57341,2025-11-04,Upi,Paid,29392.11
127342,57342,2026-04-27,Wallet,Paid,22896.17
127343,57343,2024-07-09,Credit Card,Pending,1601.44
127344,57344,2024-04-20,Debit Card,Paid,8228.38
127345,57345,2025-03-01,Debit Card,Paid,25548.23
127346,57346,2025-07-07,Wallet,Paid,24931.52
127347,57347,2025-06-27,Upi,Paid,2923.34
127348,57348,2025-09-26,Credit Card,Paid,5109.81
127349,57349,2026-03-21,Upi,Paid,19334.49
127350,57350,2024-11-13,Wallet,Paid,11949.38
127351,57351,2024-10-10,Credit Card,Paid,29482.62
127352,57352,2024-09-13,Cash On Delivery,Paid,26790.32
127353,57353,2024-12-19,Upi,Paid,21333.46
127354,57354,2025-08-03,Debit Card,Paid,18471.93
127355,57355,2026-02-18,Cash On Delivery,Paid,366.56
127356,57356,2025-02-06,Upi,Paid,10656.49
127357,57357,2025-02-10,Upi,Paid,20330.37
127358,57358,2026-05-30,Debit Card,Pending,14078.61
127359,57359,2024-11-29,Upi,Paid,28432.32
127360,57360,2024-06-08,Net Banking,Paid,15832.29
127361,57361,2024-12-02,Upi,Refunded,18868.06
127362,57362,2024-02-10,Debit Card,Paid,4379.19
127363,57363,2024-12-23,Upi,Paid,13851.24
127364,57364,2026-05-24,Debit Card,Paid,7227.07
127365,57365,2026-02-25,Credit Card,Paid,22830.59
127366,57366,2026-05-22,Wallet,Paid,26388.1
127367,57367,2024-10-21,Cash On Delivery,Pending,13473.59
127368,57368,2025-02-08,Upi,Paid,4264.65
127369,57369,2026-04-05,Upi,Paid,1738.58
127370,57370,2026-01-02,Upi,Paid,9644.85
127371,57371,2024-06-30,Wallet,Paid,28007.1
127372,57372,2026-04-02,Credit Card,Paid,9911.0
127373,57373,2024-04-12,Net Banking,Paid,18177.89
127374,57374,2024-09-07,Upi,Paid,15335.17
127375,57375,2025-06-02,Cash On Delivery,Paid,6345.46
127376,57376,2025-09-26,Net Banking,Paid,28325.64
127377,57377,2026-02-13,Credit Card,Paid,5625.2
127378,57378,2025-12-18,Upi,Paid,3056.02
127379,57379,2024-10-03,Upi,Paid,28063.55
127380,57380,2024-12-15,Credit Card,Paid,10472.28
127381,57381,2025-12-03,Wallet,Paid,22218.73
127382,57382,2026-07-06,Credit Card,Paid,28330.44
127383,57383,2026-04-22,Upi,Paid,2908.59
127384,57384,2026-07-27,Net Banking,Paid,15142.19
127385,57385,2025-10-17,Net Banking,Paid,6597.6
127386,57386,2025-04-20,Upi,Paid,14841.88
127387,57387,2026-01-13,Cash On Delivery,Paid,16525.3
127388,57388,2024-03-14,Debit Card,Refunded,27314.25
127389,57389,2026-06-27,Cash On Delivery,Paid,19001.74
127390,57390,2026-06-10,Upi,Paid,1829.01
127391,57391,2025-05-05,Upi,Paid,22919.82
127392,57392,2025-05-23,Net Banking,Refunded,7208.41
127393,57393,2025-05-28,Net Banking,Paid,13332.62
127394,57394,2024-05-17,Upi,Paid,22294.11
127395,57395,2024-07-20,Upi,Refunded,3556.49
127396,57396,2025-12-14,Cash On Delivery,Paid,28566.43
127397,57397,2024-02-01,Debit Card,Paid,1485.44
127398,57398,2025-10-28,Credit Card,Paid,8570.05
127399,57399,2024-10-25,Debit Card,Failed,14145.7
127400,57400,2024-05-17,Upi,Paid,16552.57
127401,57401,2025-08-04,Upi,Paid,21297.96
127402,57402,2024-09-23,Cash On Delivery,Paid,2413.51
127403,57403,2025-03-09,Upi,Paid,16353.55
127404,57404,2026-04-21,Debit Card,Paid,28194.02
127405,57405,2025-11-07,Cash On Delivery,Paid,13826.76
127406,57406,2026-08-01,Wallet,Paid,6903.94
127407,57407,2025-01-21,Upi,Paid,20961.12
127408,57408,2025-01-28,Net Banking,Paid,25404.9
127409,57409,2025-10-29,Upi,Paid,12813.49
127410,57410,2024-05-13,Wallet,Paid,1139.64
127411,57411,2026-04-14,Upi,Paid,3325.63
127412,57412,2024-12-08,Wallet,Paid,16923.45
127413,57413,2025-04-01,Upi,Paid,8838.54
127414,57414,2025-05-10,Net Banking,Paid,12573.28
127415,57415,2024-03-06,Upi,Paid,20191.34
127416,57416,2024-10-18,Net Banking,Paid,19465.69
127417,57417,2024-05-15,Net Banking,Paid,28599.87
127418,57418,2025-08-17,Upi,Paid,1925.54
127419,57419,2025-11-18,Upi,Paid,6652.55
127420,57420,2024-01-09,Cash On Delivery,Refunded,19594.63
127421,57421,2024-01-08,Cash On Delivery,Paid,21778.42
127422,57422,2026-03-03,Upi,Refunded,25230.86
127423,57423,2024-11-21,Credit Card,Paid,25593.82
127424,57424,2026-03-30,Debit Card,Paid,19160.61
127425,57425,2025-10-02,Cash On Delivery,Paid,14380.78
127426,57426,2026-01-31,Upi,Paid,11822.62
127427,57427,2025-01-08,Credit Card,Paid,17945.58
127428,57428,2024-10-24,Upi,Refunded,8709.36
127429,57429,2025-12-03,Upi,Paid,22477.22
127430,57430,2025-09-08,Debit Card,Paid,3685.68
127431,57431,2025-07-07,Net Banking,Paid,10140.88
127432,57432,2024-12-21,Debit Card,Paid,5139.89
127433,57433,2025-08-21,Upi,Paid,3646.45
127434,57434,2025-01-14,Upi,Paid,17836.09
127435,57435,2026-05-16,Upi,Paid,10356.14
127436,57436,2025-11-21,Debit Card,Failed,10555.25
127437,57437,2025-01-21,Debit Card,Paid,10696.61
127438,57438,2026-04-01,Upi,Refunded,13130.39
127439,57439,2024-03-11,Upi,Paid,27982.3
127440,57440,2026-03-17,Upi,Paid,15356.93
127441,57441,2025-02-07,Credit Card,Paid,28495.27
127442,57442,2024-08-13,Credit Card,Paid,15323.07
127443,57443,2026-03-17,Wallet,Paid,29259.2
127444,57444,2025-10-01,Upi,Paid,8309.59
127445,57445,2024-03-15,Upi,Paid,15505.28
127446,57446,2024-09-17,Net Banking,Paid,24561.31
127447,57447,2025-03-16,Cash On Delivery,Paid,17633.07
127448,57448,2025-09-03,Upi,Paid,14861.7
127449,57449,2026-02-24,Credit Card,Paid,2707.47
127450,57450,2024-12-25,Wallet,Paid,679.59
127451,57451,2026-02-23,Upi,Paid,459.54
127452,57452,2026-02-08,Debit Card,Paid,8067.37
127453,57453,2025-01-02,Net Banking,Paid,19529.95
127454,57454,2026-06-28,Cash On Delivery,Paid,14401.46
127455,57455,2026-07-05,Upi,Paid,5373.6
127456,57456,2024-10-09,Cash On Delivery,Paid,14242.88
127457,57457,2025-06-23,Wallet,Paid,2165.92
127458,57458,2026-04-25,Net Banking,Paid,4516.71
127459,57459,2025-06-07,Upi,Paid,12841.29
127460,57460,2025-12-21,Upi,Paid,13030.29
127461,57461,2026-02-14,Net Banking,Paid,22032.88
127462,57462,2025-07-05,Credit Card,Paid,15845.57
127463,57463,2024-12-14,Credit Card,Paid,18077.44
127464,57464,2025-05-24,Upi,Paid,15000.43
127465,57465,2026-03-18,Upi,Paid,21339.25
127466,57466,2024-11-06,Upi,Paid,14012.62
127467,57467,2026-03-31,Upi,Paid,10016.86
127468,57468,2024-07-19,Net Banking,Paid,25098.46
127469,57469,2025-03-25,Cash On Delivery,Paid,21604.79
127470,57470,2024-03-23,Upi,Paid,7184.64
127471,57471,2026-04-10,Upi,Paid,14939.73
127472,57472,2025-11-25,Upi,Paid,6427.41
127473,57473,2024-04-26,Debit Card,Paid,29095.3
127474,57474,2024-08-06,Upi,Failed,12604.77
127475,57475,2025-05-27,Upi,Paid,24585.52
127476,57476,2025-04-26,Upi,Paid,23659.97
127477,57477,2024-04-21,Debit Card,Paid,17998.22
127478,57478,2026-05-14,Debit Card,Paid,15395.05
127479,57479,2025-03-26,Cash On Delivery,Paid,22502.27
127480,57480,2025-10-14,Net Banking,Paid,19162.87
127481,57481,2026-01-03,Credit Card,Paid,8996.4
127482,57482,2024-06-14,Net Banking,Paid,7279.55
127483,57483,2024-11-19,Upi,Paid,26288.33
127484,57484,2025-12-13,Upi,Paid,3617.37
127485,57485,2026-01-23,Credit Card,Paid,19387.71
127486,57486,2024-07-27,Debit Card,Paid,1153.34
127487,57487,2024-11-06,Debit Card,Paid,4836.99
127488,57488,2026-01-28,Upi,Paid,595.25
127489,57489,2024-12-01,Cash On Delivery,Paid,27215.37
127490,57490,2024-03-18,Upi,Paid,12354.3
127491,57491,2025-04-27,Credit Card,Paid,20330.99
127492,57492,2024-05-17,Cash On Delivery,Paid,10586.59
127493,57493,2025-08-02,Upi,Paid,8746.41
127494,57494,2026-06-28,Net Banking,Refunded,21454.44
127495,57495,2024-04-08,Upi,Paid,15505.32
127496,57496,2024-09-30,Upi,Paid,13852.86
127497,57497,2025-07-04,Cash On Delivery,Paid,6772.26
127498,57498,2024-05-26,Credit Card,Paid,23193.11
127499,57499,2025-06-04,Debit Card,Paid,6188.16
127500,57500,2024-07-27,Debit Card,Paid,28881.36
127501,57501,2025-09-11,Net Banking,Paid,24775.78
127502,57502,2024-12-19,Upi,Paid,21892.69
127503,57503,2026-06-16,Upi,Paid,3495.05
127504,57504,2026-03-24,Debit Card,Paid,11131.39
127505,57505,2026-08-23,Upi,Paid,15698.29
127506,57506,2024-05-28,Wallet,Paid,18743.98
127507,57507,2026-07-08,Upi,Pending,9139.72
127508,57508,2024-01-19,Upi,Paid,19058.88
127509,57509,2024-08-02,Debit Card,Paid,22514.4
127510,57510,2026-04-22,Upi,Paid,25114.73
127511,57511,2026-04-19,Cash On Delivery,Paid,29536.29
127512,57512,2024-10-19,Upi,Paid,22977.3
127513,57513,2026-03-28,Upi,Paid,6627.16
127514,57514,2024-03-18,Net Banking,Paid,6617.09
127515,57515,2024-11-24,Upi,Paid,24531.14
127516,57516,2024-01-29,Upi,Paid,24706.81
127517,57517,2025-05-19,Upi,Paid,29414.95
127518,57518,2026-05-24,Wallet,Paid,10893.4
127519,57519,2025-08-19,Upi,Paid,1631.6
127520,57520,2025-05-24,Upi,Paid,4952.85
127521,57521,2024-07-12,Upi,Paid,19245.54
127522,57522,2025-08-15,Net Banking,Paid,29283.21
127523,57523,2024-11-12,Upi,Paid,5417.6
127524,57524,2025-08-23,Credit Card,Paid,26749.03
127525,57525,2024-05-09,Cash On Delivery,Paid,12740.38
127526,57526,2025-05-22,Debit Card,Paid,2999.72
127527,57527,2025-04-29,Upi,Paid,1508.99
127528,57528,2026-01-19,Debit Card,Paid,3093.05
127529,57529,2026-05-31,Upi,Paid,1633.29
127530,57530,2026-05-31,Net Banking,Paid,4973.66
127531,57531,2024-11-27,Upi,Paid,25982.57
127532,57532,2025-09-16,Net Banking,Paid,24758.88
127533,57533,2025-09-25,Credit Card,Refunded,12410.36
127534,57534,2026-03-30,Debit Card,Paid,13167.06
127535,57535,2026-02-24,Debit Card,Paid,6675.17
127536,57536,2024-01-11,Credit Card,Failed,11310.32
127537,57537,2026-02-18,Credit Card,Paid,9527.33
127538,57538,2025-04-11,Net Banking,Paid,26603.65
127539,57539,2026-07-13,Debit Card,Paid,10916.24
127540,57540,2025-08-09,Credit Card,Paid,6509.99
127541,57541,2025-01-13,Credit Card,Pending,11106.42
127542,57542,2024-07-15,Upi,Paid,16616.89
127543,57543,2026-07-10,Upi,Paid,11241.84
127544,57544,2024-06-05,Upi,Paid,3998.03
127545,57545,2024-03-28,Debit Card,Paid,7535.68
127546,57546,2024-05-13,Upi,Paid,4121.29
127547,57547,2025-06-20,Debit Card,Paid,12138.22
127548,57548,2024-10-04,Upi,Failed,3093.74
127549,57549,2025-07-17,Upi,Paid,7468.25
127550,57550,2026-03-11,Credit Card,Paid,24869.53
127551,57551,2024-10-12,Wallet,Paid,16701.63
127552,57552,2024-01-28,Net Banking,Paid,29896.62
127553,57553,2024-12-16,Upi,Paid,6080.56
127554,57554,2025-08-10,Upi,Paid,1164.16
127555,57555,2025-12-08,Net Banking,Paid,28635.58
127556,57556,2024-03-08,Debit Card,Paid,1160.01
127557,57557,2026-05-04,Upi,Paid,17522.38
127558,57558,2025-08-01,Upi,Paid,13993.36
127559,57559,2025-04-15,Cash On Delivery,Paid,12708.96
127560,57560,2024-09-02,Debit Card,Paid,19291.84
127561,57561,2026-07-22,Upi,Paid,12654.41
127562,57562,2024-06-04,Cash On Delivery,Paid,17503.17
127563,57563,2025-03-11,Upi,Pending,6497.63
127564,57564,2025-03-27,Debit Card,Paid,13251.36
127565,57565,2025-06-16,Credit Card,Paid,12636.6
127566,57566,2024-08-14,Upi,Paid,2422.35
127567,57567,2026-07-04,Upi,Paid,12501.97
127568,57568,2025-01-03,Credit Card,Paid,21765.68
127569,57569,2025-11-22,Debit Card,Paid,5429.6
127570,57570,2025-09-06,Upi,Paid,11452.16
127571,57571,2024-07-18,Upi,Paid,6239.47
127572,57572,2026-06-30,Net Banking,Paid,22421.07
127573,57573,2025-03-23,Credit Card,Paid,14806.76
127574,57574,2025-08-22,Debit Card,Paid,9609.85
127575,57575,2025-09-20,Net Banking,Paid,12271.21
127576,57576,2025-05-07,Wallet,Paid,1820.92
127577,57577,2025-09-13,Upi,Paid,27325.54
127578,57578,2025-06-27,Debit Card,Paid,27752.34
127579,57579,2025-12-19,Upi,Paid,521.86
127580,57580,2025-04-02,Credit Card,Paid,9561.15
127581,57581,2026-03-02,Upi,Paid,19343.37
127582,57582,2025-06-29,Wallet,Pending,11815.53
127583,57583,2026-08-27,Credit Card,Paid,19294.53
127584,57584,2025-07-07,Upi,Paid,21666.19
127585,57585,2025-07-26,Upi,Paid,25066.41
127586,57586,2025-04-23,Cash On Delivery,Paid,1538.06
127587,57587,2025-01-22,Credit Card,Refunded,12553.11
127588,57588,2026-02-03,Wallet,Paid,10500.97
127589,57589,2025-09-10,Upi,Paid,17698.01
127590,57590,2025-01-14,Upi,Paid,22381.26
127591,57591,2026-02-22,Upi,Paid,13926.17
127592,57592,2024-04-15,Debit Card,Paid,12643.12
127593,57593,2024-03-02,Upi,Paid,21837.29
127594,57594,2025-09-16,Net Banking,Paid,26676.0
127595,57595,2025-03-21,Wallet,Paid,3168.51
127596,57596,2026-02-13,Upi,Pending,12614.3
127597,57597,2025-10-07,Upi,Paid,6831.47
127598,57598,2026-01-27,Upi,Paid,4325.47
127599,57599,2024-09-17,Credit Card,Paid,16271.21
127600,57600,2024-09-02,Upi,Paid,2336.01
127601,57601,2024-09-01,Credit Card,Paid,26210.55
127602,57602,2025-09-22,Cash On Delivery,Paid,24665.84
127603,57603,2025-10-18,Wallet,Paid,26327.07
127604,57604,2026-08-28,Upi,Failed,4251.88
127605,57605,2024-08-01,Debit Card,Paid,20617.6
127606,57606,2024-04-13,Credit Card,Paid,26731.68
127607,57607,2026-07-21,Cash On Delivery,Paid,24183.63
127608,57608,2025-05-24,Upi,Paid,23142.04
127609,57609,2024-12-22,Net Banking,Paid,26198.7
127610,57610,2024-10-23,Credit Card,Paid,22923.01
127611,57611,2026-05-07,Upi,Failed,23782.43
127612,57612,2026-02-08,Debit Card,Paid,11538.14
127613,57613,2024-06-20,Upi,Paid,3871.36
127614,57614,2024-11-12,Debit Card,Paid,3705.08
127615,57615,2026-04-27,Upi,Paid,13991.5
127616,57616,2025-12-15,Upi,Paid,16467.55
127617,57617,2026-03-02,Credit Card,Paid,5439.15
127618,57618,2024-06-04,Upi,Paid,20001.06
127619,57619,2025-07-16,Debit Card,Paid,25700.48
127620,57620,2024-03-07,Debit Card,Paid,12269.98
127621,57621,2025-03-15,Credit Card,Paid,27342.34
127622,57622,2024-04-13,Wallet,Paid,22715.94
127623,57623,2024-09-18,Upi,Paid,6652.47
127624,57624,2024-09-11,Cash On Delivery,Paid,29269.67
127625,57625,2024-07-01,Cash On Delivery,Paid,12974.18
127626,57626,2026-04-05,Upi,Paid,14824.71
127627,57627,2024-12-27,Upi,Paid,16799.69
127628,57628,2024-05-27,Debit Card,Paid,12080.12
127629,57629,2026-08-17,Credit Card,Paid,27293.89
127630,57630,2024-02-03,Upi,Paid,17104.34
127631,57631,2024-05-25,Credit Card,Paid,18720.19
127632,57632,2026-04-08,Upi,Paid,16966.15
127633,57633,2025-03-13,Credit Card,Paid,21819.14
127634,57634,2024-12-30,Upi,Paid,10009.19
127635,57635,2024-10-24,Upi,Paid,27552.05
127636,57636,2025-07-28,Upi,Paid,12509.36
127637,57637,2024-12-17,Debit Card,Pending,1190.43
127638,57638,2024-03-22,Upi,Paid,18132.37
127639,57639,2026-07-26,Credit Card,Paid,20932.95
127640,57640,2026-05-31,Debit Card,Paid,4041.9
127641,57641,2024-06-19,Debit Card,Paid,19706.15
127642,57642,2025-05-04,Credit Card,Paid,26763.41
127643,57643,2025-03-16,Credit Card,Paid,16486.78
127644,57644,2024-03-27,Credit Card,Paid,4733.74
127645,57645,2025-01-23,Cash On Delivery,Paid,18698.57
127646,57646,2025-09-06,Upi,Paid,9772.93
127647,57647,2024-04-13,Upi,Paid,3298.74
127648,57648,2024-12-21,Credit Card,Paid,6183.15
127649,57649,2024-09-01,Credit Card,Paid,28306.98
127650,57650,2024-12-10,Net Banking,Paid,26471.92
127651,57651,2025-09-05,Net Banking,Paid,23052.52
127652,57652,2025-02-01,Debit Card,Paid,27526.71
127653,57653,2026-01-15,Wallet,Paid,27408.54
127654,57654,2025-05-07,Credit Card,Paid,9246.01
127655,57655,2025-11-04,Debit Card,Refunded,6574.68
127656,57656,2025-08-26,Debit Card,Paid,3732.89
127657,57657,2026-03-04,Upi,Paid,10759.94
127658,57658,2024-05-23,Credit Card,Pending,22340.48
127659,57659,2026-08-20,Cash On Delivery,Paid,29993.29
127660,57660,2026-01-01,Upi,Paid,8136.81
127661,57661,2024-07-11,Cash On Delivery,Paid,26640.7
127662,57662,2024-01-30,Upi,Paid,11811.34
127663,57663,2024-01-26,Credit Card,Paid,25478.18
127664,57664,2025-11-09,Debit Card,Paid,4240.31
127665,57665,2025-02-17,Credit Card,Paid,2994.67
127666,57666,2024-06-28,Debit Card,Paid,28284.45
127667,57667,2024-11-05,Upi,Refunded,29681.87
127668,57668,2025-03-11,Debit Card,Paid,18765.31
127669,57669,2024-02-13,Credit Card,Paid,2764.53
127670,57670,2025-07-01,Credit Card,Paid,18094.32
127671,57671,2024-02-08,Net Banking,Paid,19385.51
127672,57672,2025-09-19,Net Banking,Paid,19344.49
127673,57673,2024-02-29,Upi,Failed,24747.78
127674,57674,2026-02-09,Upi,Paid,17601.12
127675,57675,2024-09-04,Upi,Failed,29473.88
127676,57676,2025-05-15,Upi,Paid,29759.34
127677,57677,2025-01-10,Upi,Paid,2526.84
127678,57678,2026-05-05,Debit Card,Paid,19616.66
127679,57679,2026-02-10,Upi,Paid,5941.96
127680,57680,2026-07-17,Credit Card,Paid,17112.46
127681,57681,2025-11-25,Wallet,Paid,16157.87
127682,57682,2026-08-06,Wallet,Paid,22307.35
127683,57683,2024-08-07,Cash On Delivery,Paid,7909.87
127684,57684,2024-11-06,Net Banking,Pending,27538.65
127685,57685,2026-02-26,Debit Card,Paid,10341.07
127686,57686,2024-02-03,Net Banking,Paid,22516.33
127687,57687,2024-06-23,Net Banking,Pending,2114.44
127688,57688,2025-11-26,Credit Card,Pending,6841.83
127689,57689,2025-01-23,Cash On Delivery,Paid,25507.9
127690,57690,2024-09-03,Wallet,Paid,5300.43
127691,57691,2024-10-23,Debit Card,Paid,21992.55
127692,57692,2026-01-16,Net Banking,Paid,19054.0
127693,57693,2025-04-10,Net Banking,Paid,1790.28
127694,57694,2024-01-08,Credit Card,Paid,2268.17
127695,57695,2025-05-16,Credit Card,Paid,19775.57
127696,57696,2026-01-25,Wallet,Paid,9319.63
127697,57697,2024-06-10,Cash On Delivery,Paid,13600.42
127698,57698,2024-03-10,Net Banking,Paid,7963.5
127699,57699,2025-09-03,Upi,Paid,26515.65
127700,57700,2026-05-05,Upi,Paid,334.16
127701,57701,2024-03-09,Credit Card,Paid,3816.97
127702,57702,2025-09-26,Net Banking,Paid,7132.68
127703,57703,2026-01-26,Upi,Paid,14174.97
127704,57704,2024-06-07,Upi,Paid,26756.83
127705,57705,2024-09-11,Credit Card,Paid,11855.16
127706,57706,2025-05-08,Net Banking,Paid,13579.73
127707,57707,2025-08-17,Cash On Delivery,Paid,6256.73
127708,57708,2025-05-07,Credit Card,Paid,25620.65
127709,57709,2024-06-30,Debit Card,Failed,28628.57
127710,57710,2026-05-05,Net Banking,Paid,9036.15
127711,57711,2025-02-13,Upi,Paid,14295.93
127712,57712,2025-06-03,Cash On Delivery,Paid,16911.04
127713,57713,2025-06-03,Upi,Paid,14524.55
127714,57714,2025-06-18,Upi,Paid,23606.73
127715,57715,2024-10-09,Debit Card,Paid,9717.51
127716,57716,2024-11-08,Net Banking,Paid,10823.21
127717,57717,2024-05-16,Upi,Paid,24915.99
127718,57718,2025-12-10,Upi,Paid,10093.38
127719,57719,2024-11-03,Net Banking,Paid,27719.48
127720,57720,2024-02-20,Cash On Delivery,Paid,7520.43
127721,57721,2024-02-17,Upi,Paid,3603.57
127722,57722,2026-07-29,Credit Card,Paid,17017.38
127723,57723,2025-02-21,Upi,Paid,25832.62
127724,57724,2025-08-13,Upi,Paid,21207.88
127725,57725,2025-06-04,Net Banking,Paid,14272.31
127726,57726,2026-04-02,Wallet,Paid,16575.95
127727,57727,2026-05-12,Credit Card,Paid,9938.34
127728,57728,2026-01-28,Upi,Paid,3718.94
127729,57729,2026-08-11,Upi,Refunded,8680.6
127730,57730,2024-07-31,Upi,Paid,23911.22
127731,57731,2025-03-14,Upi,Paid,2242.27
127732,57732,2024-10-07,Upi,Paid,1958.33
127733,57733,2026-03-19,Upi,Paid,10378.27
127734,57734,2024-09-28,Upi,Paid,3578.73
127735,57735,2026-02-12,Upi,Failed,12888.07
127736,57736,2024-08-07,Upi,Paid,2734.49
127737,57737,2025-11-06,Debit Card,Paid,7531.75
127738,57738,2024-01-16,Net Banking,Paid,24171.52
127739,57739,2026-02-07,Upi,Paid,12170.35
127740,57740,2026-03-16,Credit Card,Paid,14004.24
127741,57741,2025-07-03,Cash On Delivery,Paid,29271.66
127742,57742,2025-06-06,Credit Card,Paid,1121.98
127743,57743,2025-03-21,Debit Card,Paid,15599.03
127744,57744,2025-07-30,Upi,Paid,19089.4
127745,57745,2025-07-04,Net Banking,Paid,20006.72
127746,57746,2025-04-22,Upi,Paid,11500.99
127747,57747,2025-05-22,Credit Card,Paid,14032.41
127748,57748,2024-05-02,Upi,Failed,6221.85
127749,57749,2025-03-30,Net Banking,Paid,29528.32
127750,57750,2025-03-01,Credit Card,Paid,8978.37
127751,57751,2026-05-19,Upi,Paid,2343.48
127752,57752,2024-10-14,Net Banking,Paid,13571.87
127753,57753,2026-07-28,Upi,Paid,15504.66
127754,57754,2026-05-18,Net Banking,Paid,15966.17
127755,57755,2026-01-30,Upi,Paid,11319.29
127756,57756,2025-11-14,Net Banking,Paid,25821.06
127757,57757,2024-11-06,Net Banking,Paid,26024.08
127758,57758,2024-06-06,Upi,Paid,20633.15
127759,57759,2026-02-06,Upi,Paid,11148.99
127760,57760,2025-11-11,Upi,Paid,28766.21
127761,57761,2026-03-17,Cash On Delivery,Paid,20641.33
127762,57762,2025-06-18,Upi,Paid,20761.4
127763,57763,2026-05-23,Credit Card,Paid,19151.65
127764,57764,2024-03-21,Upi,Refunded,14872.28
127765,57765,2024-04-16,Wallet,Paid,24046.49
127766,57766,2024-03-09,Cash On Delivery,Paid,3793.45
127767,57767,2024-11-09,Credit Card,Paid,14679.66
127768,57768,2024-05-23,Credit Card,Paid,15017.18
127769,57769,2024-02-12,Wallet,Paid,23926.72
127770,57770,2026-02-25,Net Banking,Paid,20198.67
127771,57771,2024-06-02,Cash On Delivery,Paid,22234.05
127772,57772,2026-03-16,Credit Card,Paid,3362.94
127773,57773,2025-09-15,Upi,Paid,15466.28
127774,57774,2025-08-12,Debit Card,Paid,24774.73
127775,57775,2024-04-23,Net Banking,Paid,12043.67
127776,57776,2024-01-16,Upi,Paid,725.92
127777,57777,2024-05-15,Upi,Paid,20148.81
127778,57778,2024-11-04,Cash On Delivery,Paid,12011.34
127779,57779,2026-07-17,Wallet,Paid,29301.48
127780,57780,2025-01-23,Wallet,Paid,784.63
127781,57781,2024-08-15,Upi,Paid,7184.98
127782,57782,2024-10-03,Credit Card,Failed,3714.45
127783,57783,2024-11-20,Upi,Paid,22008.94
127784,57784,2025-07-17,Cash On Delivery,Paid,14307.33
127785,57785,2026-02-24,Upi,Paid,25610.2
127786,57786,2024-03-04,Net Banking,Paid,23495.37
127787,57787,2026-01-24,Upi,Paid,1994.36
127788,57788,2024-01-21,Wallet,Paid,9870.61
127789,57789,2024-11-08,Credit Card,Paid,18381.88
127790,57790,2025-07-26,Cash On Delivery,Paid,14766.89
127791,57791,2024-04-12,Upi,Failed,7725.04
127792,57792,2024-09-13,Cash On Delivery,Paid,18892.52
127793,57793,2025-09-11,Cash On Delivery,Paid,11360.8
127794,57794,2025-10-29,Upi,Paid,25359.82
127795,57795,2024-03-23,Debit Card,Paid,6781.06
127796,57796,2026-01-27,Cash On Delivery,Paid,20752.0
127797,57797,2025-01-31,Upi,Paid,28123.51
127798,57798,2025-08-15,Upi,Paid,28082.22
127799,57799,2024-07-26,Credit Card,Paid,28040.2
127800,57800,2026-08-19,Upi,Paid,5498.98
127801,57801,2026-01-11,Net Banking,Pending,13597.49
127802,57802,2025-09-18,Upi,Paid,8301.08
127803,57803,2024-06-29,Wallet,Paid,26369.47
127804,57804,2026-01-19,Net Banking,Refunded,17252.1
127805,57805,2025-01-01,Cash On Delivery,Paid,18043.8
127806,57806,2025-09-14,Upi,Paid,4244.15
127807,57807,2025-09-22,Upi,Paid,6189.87
127808,57808,2026-02-22,Upi,Paid,15198.76
127809,57809,2026-03-24,Credit Card,Paid,29118.44
127810,57810,2025-01-16,Upi,Paid,4128.32
127811,57811,2024-03-19,Upi,Paid,4898.66
127812,57812,2025-02-25,Debit Card,Paid,26032.51
127813,57813,2025-01-23,Upi,Paid,756.9
127814,57814,2024-11-22,Cash On Delivery,Paid,9464.47
127815,57815,2025-04-20,Debit Card,Paid,23406.04
127816,57816,2025-07-14,Upi,Paid,14381.3
127817,57817,2025-08-27,Upi,Paid,1702.56
127818,57818,2024-12-31,Credit Card,Paid,3236.83
127819,57819,2025-08-23,Debit Card,Refunded,7541.21
127820,57820,2026-08-16,Upi,Paid,22676.08
127821,57821,2025-09-23,Wallet,Paid,1115.12
127822,57822,2025-08-07,Credit Card,Paid,2145.04
127823,57823,2024-10-07,Cash On Delivery,Paid,24618.31
127824,57824,2024-11-23,Debit Card,Paid,5730.16
127825,57825,2024-02-21,Wallet,Paid,3078.1
127826,57826,2025-05-08,Upi,Paid,21694.2
127827,57827,2024-03-15,Wallet,Paid,20950.46
127828,57828,2026-01-29,Debit Card,Paid,5876.65
127829,57829,2026-07-18,Upi,Paid,15850.93
127830,57830,2026-02-22,Upi,Refunded,9302.5
127831,57831,2024-06-01,Debit Card,Paid,27115.92
127832,57832,2025-09-11,Debit Card,Paid,15795.06
127833,57833,2025-02-22,Upi,Paid,6783.91
127834,57834,2024-01-06,Credit Card,Paid,20876.8
127835,57835,2025-11-28,Cash On Delivery,Failed,16904.48
127836,57836,2026-04-25,Debit Card,Paid,17523.8
127837,57837,2025-03-24,Upi,Failed,8312.93
127838,57838,2026-06-01,Wallet,Paid,22057.87
127839,57839,2024-02-24,Cash On Delivery,Paid,7444.17
127840,57840,2026-04-28,Cash On Delivery,Paid,29569.69
127841,57841,2025-10-24,Upi,Paid,2223.03
127842,57842,2025-10-13,Net Banking,Paid,20685.63
127843,57843,2025-05-02,Debit Card,Paid,20915.44
127844,57844,2024-01-29,Debit Card,Paid,20997.4
127845,57845,2025-03-16,Upi,Paid,27418.52
127846,57846,2026-07-11,Credit Card,Paid,8325.99
127847,57847,2025-03-25,Upi,Failed,7791.8
127848,57848,2024-03-09,Upi,Pending,29375.57
127849,57849,2025-04-24,Credit Card,Paid,17709.89
127850,57850,2024-05-27,Credit Card,Paid,29167.66
127851,57851,2025-02-12,Net Banking,Paid,5919.9
127852,57852,2025-09-03,Debit Card,Paid,16852.7
127853,57853,2024-03-06,Credit Card,Paid,462.35
127854,57854,2025-03-23,Net Banking,Paid,13215.84
127855,57855,2025-05-07,Cash On Delivery,Paid,3356.23
127856,57856,2026-01-02,Credit Card,Paid,15226.55
127857,57857,2024-03-08,Upi,Paid,8593.08
127858,57858,2025-09-06,Cash On Delivery,Paid,26182.37
127859,57859,2025-08-26,Upi,Paid,11506.98
127860,57860,2024-01-07,Debit Card,Paid,3784.79
127861,57861,2024-04-28,Debit Card,Failed,9165.66
127862,57862,2025-09-17,Credit Card,Paid,3678.4
127863,57863,2026-04-14,Upi,Failed,11612.66
127864,57864,2026-04-12,Upi,Paid,26708.6
127865,57865,2026-01-16,Upi,Paid,11093.93
127866,57866,2026-04-07,Upi,Paid,29854.2
127867,57867,2025-08-12,Net Banking,Paid,2405.48
127868,57868,2024-06-02,Upi,Paid,23375.7
127869,57869,2025-06-01,Upi,Pending,7999.41
127870,57870,2024-12-02,Credit Card,Paid,7881.7
127871,57871,2024-09-05,Upi,Paid,15371.29
127872,57872,2024-04-27,Cash On Delivery,Paid,6994.18
127873,57873,2024-01-20,Debit Card,Paid,25243.44
127874,57874,2025-12-29,Upi,Paid,19657.85
127875,57875,2024-06-16,Net Banking,Paid,28341.09
127876,57876,2025-09-01,Wallet,Paid,22716.52
127877,57877,2024-10-21,Upi,Paid,29905.22
127878,57878,2025-04-16,Upi,Paid,28749.29
127879,57879,2025-01-20,Upi,Failed,7221.59
127880,57880,2024-10-19,Cash On Delivery,Paid,28806.16
127881,57881,2025-04-11,Upi,Paid,26982.56
127882,57882,2026-02-04,Upi,Paid,6275.5
127883,57883,2025-05-03,Credit Card,Refunded,12799.84
127884,57884,2026-02-09,Upi,Paid,17894.73
127885,57885,2026-06-02,Net Banking,Paid,12399.56
127886,57886,2025-04-24,Debit Card,Paid,19686.84
127887,57887,2026-02-20,Credit Card,Paid,19251.8
127888,57888,2024-05-02,Cash On Delivery,Paid,20771.65
127889,57889,2025-07-04,Credit Card,Paid,20537.74
127890,57890,2025-03-28,Upi,Pending,16831.89
127891,57891,2024-01-06,Debit Card,Paid,13238.93
127892,57892,2026-05-22,Credit Card,Paid,456.12
127893,57893,2025-12-23,Credit Card,Paid,19558.19
127894,57894,2025-07-20,Cash On Delivery,Paid,7735.36
127895,57895,2025-11-05,Net Banking,Paid,13553.18
127896,57896,2026-01-01,Upi,Paid,15494.01
127897,57897,2026-01-24,Upi,Pending,22798.13
127898,57898,2024-10-15,Cash On Delivery,Paid,11420.89
127899,57899,2025-02-11,Credit Card,Paid,14667.7
127900,57900,2024-11-29,Debit Card,Paid,28919.64
127901,57901,2026-06-05,Upi,Paid,9961.05
127902,57902,2024-04-25,Credit Card,Paid,3298.85
127903,57903,2026-06-01,Cash On Delivery,Pending,22176.82
127904,57904,2024-11-29,Debit Card,Paid,21043.82
127905,57905,2026-01-28,Debit Card,Failed,12209.87
127906,57906,2024-06-13,Credit Card,Paid,16754.28
127907,57907,2026-04-01,Cash On Delivery,Paid,25915.64
127908,57908,2025-06-07,Upi,Paid,29927.03
127909,57909,2026-08-16,Upi,Paid,8064.99
127910,57910,2025-01-19,Debit Card,Paid,16934.69
127911,57911,2026-08-22,Cash On Delivery,Paid,1242.39
127912,57912,2026-03-24,Upi,Paid,26854.97
127913,57913,2024-01-11,Upi,Paid,19697.67
127914,57914,2025-01-06,Cash On Delivery,Failed,18618.14
127915,57915,2025-01-28,Upi,Paid,17687.93
127916,57916,2024-07-25,Credit Card,Paid,28037.41
127917,57917,2026-05-04,Upi,Paid,29372.32
127918,57918,2024-03-25,Cash On Delivery,Paid,8259.23
127919,57919,2024-09-09,Credit Card,Paid,13539.74
127920,57920,2024-09-01,Credit Card,Paid,27358.0
127921,57921,2025-02-09,Upi,Paid,8580.96
127922,57922,2025-11-09,Credit Card,Failed,2052.12
127923,57923,2024-01-09,Upi,Paid,11968.72
127924,57924,2025-08-30,Upi,Paid,13467.06
127925,57925,2025-01-30,Debit Card,Paid,14866.83
127926,57926,2025-08-27,Debit Card,Paid,15451.68
127927,57927,2024-02-29,Upi,Refunded,6921.52
127928,57928,2026-04-15,Credit Card,Refunded,23660.81
127929,57929,2025-07-14,Wallet,Paid,26374.29
127930,57930,2024-09-05,Upi,Failed,24684.59
127931,57931,2026-02-06,Credit Card,Paid,16496.55
127932,57932,2025-04-03,Cash On Delivery,Paid,14653.24
127933,57933,2025-01-15,Debit Card,Paid,4085.87
127934,57934,2024-06-15,Upi,Paid,17403.54
127935,57935,2025-04-22,Upi,Paid,20267.4
127936,57936,2024-08-03,Upi,Paid,6433.92
127937,57937,2025-12-14,Credit Card,Paid,9832.3
127938,57938,2024-12-26,Credit Card,Paid,22803.62
127939,57939,2024-04-25,Net Banking,Paid,22350.54
127940,57940,2025-11-18,Upi,Paid,11300.39
127941,57941,2026-03-30,Upi,Paid,28465.63
127942,57942,2026-03-20,Debit Card,Paid,14133.11
127943,57943,2025-04-18,Cash On Delivery,Paid,6291.95
127944,57944,2024-10-27,Debit Card,Paid,11951.68
127945,57945,2024-08-02,Credit Card,Paid,3470.92
127946,57946,2025-01-22,Wallet,Paid,21586.6
127947,57947,2024-04-10,Cash On Delivery,Paid,23354.94
127948,57948,2026-05-13,Cash On Delivery,Paid,22744.51
127949,57949,2024-08-29,Credit Card,Paid,11799.91
127950,57950,2026-01-26,Upi,Paid,21033.96
127951,57951,2025-01-08,Net Banking,Paid,1347.84
127952,57952,2025-11-02,Credit Card,Paid,14407.06
127953,57953,2026-06-03,Credit Card,Refunded,5782.37
127954,57954,2025-02-01,Credit Card,Paid,16344.27
127955,57955,2026-07-25,Upi,Paid,12725.55
127956,57956,2024-11-28,Upi,Paid,3204.78
127957,57957,2024-09-06,Upi,Failed,11171.03
127958,57958,2025-12-04,Debit Card,Paid,11229.58
127959,57959,2024-05-17,Upi,Paid,16624.02
127960,57960,2024-03-31,Net Banking,Refunded,20087.0
127961,57961,2024-12-25,Credit Card,Paid,22696.89
127962,57962,2025-06-13,Credit Card,Paid,6993.66
127963,57963,2025-03-30,Credit Card,Paid,23849.89
127964,57964,2024-03-01,Cash On Delivery,Paid,4646.52
127965,57965,2025-06-15,Credit Card,Failed,8185.17
127966,57966,2025-08-27,Upi,Paid,14796.23
127967,57967,2024-10-05,Upi,Paid,2647.6
127968,57968,2025-07-06,Upi,Failed,25254.67
127969,57969,2024-12-12,Net Banking,Paid,6148.35
127970,57970,2024-02-27,Upi,Paid,22539.22
127971,57971,2025-12-23,Debit Card,Paid,25568.55
127972,57972,2025-02-14,Wallet,Paid,23486.97
127973,57973,2026-08-12,Net Banking,Paid,14360.58
127974,57974,2024-07-05,Debit Card,Paid,14637.22
127975,57975,2024-01-08,Debit Card,Paid,18749.73
127976,57976,2026-02-13,Credit Card,Paid,21537.45
127977,57977,2026-04-19,Upi,Paid,21845.89
127978,57978,2026-06-04,Cash On Delivery,Paid,10704.68
127979,57979,2026-08-17,Credit Card,Refunded,6797.2
127980,57980,2024-11-01,Net Banking,Paid,1481.51
127981,57981,2025-10-22,Credit Card,Paid,20996.9
127982,57982,2024-02-01,Upi,Paid,3796.69
127983,57983,2025-02-11,Wallet,Paid,10949.52
127984,57984,2026-05-22,Debit Card,Paid,23410.2
127985,57985,2025-09-07,Debit Card,Paid,19654.92
127986,57986,2026-04-02,Credit Card,Paid,5014.58
127987,57987,2026-07-09,Credit Card,Paid,9171.12
127988,57988,2026-02-11,Debit Card,Paid,9675.27
127989,57989,2025-10-28,Debit Card,Paid,10229.07
127990,57990,2024-12-12,Cash On Delivery,Paid,3820.33
127991,57991,2025-05-31,Upi,Paid,18701.06
127992,57992,2024-03-21,Upi,Failed,13609.71
127993,57993,2025-07-15,Cash On Delivery,Paid,29048.78
127994,57994,2026-08-04,Credit Card,Paid,9495.28
127995,57995,2024-05-24,Credit Card,Paid,27364.19
127996,57996,2025-04-26,Upi,Paid,20742.36
127997,57997,2026-05-25,Upi,Paid,16669.95
127998,57998,2024-12-14,Wallet,Paid,14543.87
127999,57999,2025-07-28,Cash On Delivery,Paid,8812.29
128000,58000,2026-01-24,Cash On Delivery,Failed,21888.27
128001,58001,2026-02-03,Upi,Paid,28350.52
128002,58002,2025-10-14,Upi,Paid,23411.44
128003,58003,2024-03-02,Net Banking,Pending,24181.03
128004,58004,2024-02-11,Upi,Paid,21470.89
128005,58005,2026-01-04,Credit Card,Paid,13085.13
128006,58006,2026-07-19,Debit Card,Paid,4131.75
128007,58007,2024-09-17,Wallet,Paid,9495.75
128008,58008,2025-06-25,Debit Card,Paid,28408.33
128009,58009,2024-03-10,Upi,Paid,1648.96
128010,58010,2024-07-04,Wallet,Paid,20202.72
128011,58011,2025-04-18,Debit Card,Paid,10441.96
128012,58012,2024-01-16,Net Banking,Paid,3950.41
128013,58013,2025-07-27,Credit Card,Paid,24368.71
128014,58014,2025-06-21,Upi,Paid,19169.02
128015,58015,2024-04-02,Net Banking,Paid,10442.8
128016,58016,2025-07-31,Cash On Delivery,Paid,393.01
128017,58017,2025-03-17,Cash On Delivery,Failed,24741.92
128018,58018,2024-04-08,Upi,Paid,11324.29
128019,58019,2024-08-02,Credit Card,Paid,19609.8
128020,58020,2025-06-13,Wallet,Pending,23186.84
128021,58021,2026-02-25,Cash On Delivery,Paid,25683.41
128022,58022,2025-02-22,Credit Card,Refunded,19250.85
128023,58023,2025-09-06,Upi,Pending,23556.44
128024,58024,2025-03-03,Cash On Delivery,Paid,24152.81
128025,58025,2026-04-15,Net Banking,Failed,3197.04
128026,58026,2026-08-07,Credit Card,Refunded,25542.19
128027,58027,2025-02-16,Credit Card,Failed,2484.35
128028,58028,2024-10-16,Wallet,Paid,10916.9
128029,58029,2025-07-14,Debit Card,Paid,23347.37
128030,58030,2026-05-07,Wallet,Paid,26592.72
128031,58031,2025-08-06,Net Banking,Refunded,21431.16
128032,58032,2024-12-02,Net Banking,Paid,17208.37
128033,58033,2026-01-25,Upi,Paid,21526.21
128034,58034,2024-06-25,Upi,Paid,8926.96
128035,58035,2024-09-24,Upi,Paid,2011.2
128036,58036,2024-05-29,Upi,Paid,24405.16
128037,58037,2026-06-05,Upi,Paid,3260.46
128038,58038,2026-07-03,Upi,Paid,7852.65
128039,58039,2026-07-18,Wallet,Paid,8391.41
128040,58040,2024-01-26,Net Banking,Paid,15104.93
128041,58041,2026-05-24,Debit Card,Paid,28075.79
128042,58042,2024-08-03,Upi,Paid,26932.27
128043,58043,2026-07-14,Upi,Paid,18860.27
128044,58044,2024-11-29,Upi,Paid,23796.71
128045,58045,2024-10-26,Net Banking,Paid,22937.33
128046,58046,2025-10-02,Upi,Paid,11969.05
128047,58047,2026-02-08,Debit Card,Paid,22545.01
128048,58048,2025-01-02,Net Banking,Paid,3266.34
128049,58049,2026-03-13,Upi,Paid,22581.68
128050,58050,2024-01-21,Credit Card,Paid,6078.62
128051,58051,2026-05-21,Upi,Paid,17944.73
128052,58052,2025-05-18,Debit Card,Paid,24528.34
128053,58053,2025-06-05,Net Banking,Paid,29732.99
128054,58054,2026-05-10,Upi,Paid,11590.98
128055,58055,2024-02-23,Cash On Delivery,Paid,27985.97
128056,58056,2026-05-09,Upi,Paid,17693.26
128057,58057,2024-07-17,Upi,Paid,7091.79
128058,58058,2026-08-20,Cash On Delivery,Paid,20720.38
128059,58059,2025-11-30,Wallet,Paid,24617.82
128060,58060,2024-12-01,Credit Card,Paid,20583.53
128061,58061,2024-03-08,Cash On Delivery,Paid,1200.39
128062,58062,2024-05-01,Debit Card,Failed,15036.95
128063,58063,2024-04-28,Debit Card,Paid,17276.59
128064,58064,2024-03-10,Wallet,Paid,28027.11
128065,58065,2025-08-22,Net Banking,Paid,13305.15
128066,58066,2026-04-22,Upi,Paid,18698.32
128067,58067,2026-02-14,Upi,Paid,29463.26
128068,58068,2025-12-27,Upi,Paid,25141.87
128069,58069,2026-08-12,Upi,Paid,1479.89
128070,58070,2025-09-03,Net Banking,Paid,6733.05
128071,58071,2024-04-04,Credit Card,Paid,24173.82
128072,58072,2025-04-26,Upi,Paid,617.49
128073,58073,2026-01-05,Credit Card,Paid,11197.61
128074,58074,2025-03-22,Credit Card,Paid,11266.08
128075,58075,2024-10-27,Upi,Paid,21452.32
128076,58076,2025-04-24,Upi,Paid,22055.52
128077,58077,2026-01-30,Debit Card,Paid,345.56
128078,58078,2024-12-18,Upi,Paid,21934.67
128079,58079,2024-12-11,Upi,Paid,20609.63
128080,58080,2025-04-08,Upi,Paid,7243.87
128081,58081,2025-02-10,Cash On Delivery,Paid,4203.84
128082,58082,2024-07-25,Credit Card,Failed,10151.75
128083,58083,2024-09-28,Net Banking,Paid,16821.94
128084,58084,2024-04-24,Cash On Delivery,Paid,25109.47
128085,58085,2025-12-29,Upi,Paid,20409.52
128086,58086,2024-07-24,Upi,Paid,7390.73
128087,58087,2026-08-07,Wallet,Paid,1471.14
128088,58088,2026-08-01,Net Banking,Paid,17990.45
128089,58089,2025-10-15,Credit Card,Paid,21787.81
128090,58090,2026-08-21,Credit Card,Paid,28965.76
128091,58091,2026-04-17,Upi,Paid,13375.03
128092,58092,2025-12-29,Cash On Delivery,Paid,3306.26
128093,58093,2024-12-13,Wallet,Paid,24353.54
128094,58094,2026-03-26,Debit Card,Paid,530.93
128095,58095,2024-11-26,Upi,Paid,6830.54
128096,58096,2024-04-13,Wallet,Paid,17993.96
128097,58097,2025-07-05,Upi,Paid,12305.51
128098,58098,2024-05-02,Credit Card,Paid,330.3
128099,58099,2024-04-02,Net Banking,Paid,14672.32
128100,58100,2024-04-01,Debit Card,Refunded,7698.65
128101,58101,2026-06-03,Upi,Paid,22977.33
128102,58102,2024-03-03,Wallet,Paid,4363.27
128103,58103,2025-01-19,Upi,Paid,7876.89
128104,58104,2025-12-27,Credit Card,Paid,4643.84
128105,58105,2026-02-17,Upi,Paid,25343.29
128106,58106,2024-02-25,Debit Card,Paid,21799.31
128107,58107,2026-05-19,Upi,Paid,28804.86
128108,58108,2026-07-10,Debit Card,Paid,24110.41
128109,58109,2026-08-01,Cash On Delivery,Paid,16575.49
128110,58110,2025-09-27,Wallet,Paid,15552.94
128111,58111,2025-05-11,Net Banking,Paid,18226.49
128112,58112,2024-06-17,Upi,Paid,26799.65
128113,58113,2024-04-30,Cash On Delivery,Paid,22400.87
128114,58114,2026-03-04,Wallet,Pending,7591.47
128115,58115,2026-04-04,Cash On Delivery,Paid,24607.42
128116,58116,2026-03-12,Upi,Paid,19868.64
128117,58117,2025-08-23,Wallet,Paid,14686.12
128118,58118,2025-07-01,Net Banking,Paid,20999.3
128119,58119,2024-07-06,Credit Card,Paid,20285.0
128120,58120,2024-03-30,Debit Card,Paid,28455.86
128121,58121,2024-07-14,Wallet,Paid,5416.13
128122,58122,2025-01-26,Upi,Paid,7043.68
128123,58123,2024-10-21,Upi,Paid,11815.93
128124,58124,2025-06-18,Cash On Delivery,Paid,19915.37
128125,58125,2026-01-28,Debit Card,Paid,10195.72
128126,58126,2025-12-24,Cash On Delivery,Paid,27237.23
128127,58127,2026-03-15,Credit Card,Paid,11464.8
128128,58128,2024-10-16,Net Banking,Paid,18571.71
128129,58129,2026-06-29,Net Banking,Paid,2825.83
128130,58130,2026-04-29,Upi,Paid,12342.91
128131,58131,2024-12-06,Credit Card,Paid,17034.21
128132,58132,2024-09-01,Upi,Paid,1686.52
128133,58133,2026-05-14,Credit Card,Paid,7789.27
128134,58134,2026-08-27,Upi,Paid,22353.16
128135,58135,2025-03-29,Upi,Paid,6354.1
128136,58136,2024-04-23,Credit Card,Paid,4735.57
128137,58137,2025-08-11,Cash On Delivery,Paid,12604.65
128138,58138,2026-03-18,Credit Card,Paid,3280.19
128139,58139,2025-03-30,Credit Card,Paid,28414.61
128140,58140,2024-05-09,Net Banking,Paid,27264.6
128141,58141,2025-12-15,Upi,Paid,10357.87
128142,58142,2026-01-06,Debit Card,Paid,7548.72
128143,58143,2026-04-29,Upi,Paid,2062.14
128144,58144,2026-04-18,Cash On Delivery,Paid,4683.89
128145,58145,2025-04-08,Debit Card,Paid,4205.63
128146,58146,2024-11-01,Debit Card,Failed,8786.58
128147,58147,2024-06-12,Credit Card,Pending,3875.63
128148,58148,2024-04-09,Upi,Failed,2086.26
128149,58149,2026-03-14,Net Banking,Paid,18468.12
128150,58150,2026-08-29,Upi,Paid,4658.81
128151,58151,2025-09-18,Credit Card,Paid,13640.46
128152,58152,2026-08-01,Upi,Paid,3891.17
128153,58153,2024-10-27,Upi,Paid,11012.04
128154,58154,2026-01-05,Debit Card,Paid,8792.63
128155,58155,2025-01-20,Net Banking,Paid,12236.69
128156,58156,2025-01-11,Upi,Paid,27988.19
128157,58157,2025-09-12,Credit Card,Paid,24593.41
128158,58158,2024-05-11,Net Banking,Paid,8205.16
128159,58159,2025-02-03,Upi,Paid,3998.62
128160,58160,2025-02-11,Upi,Paid,13169.44
128161,58161,2025-02-24,Net Banking,Paid,6519.26
128162,58162,2025-12-02,Credit Card,Failed,24680.94
128163,58163,2024-09-27,Upi,Paid,22571.68
128164,58164,2024-05-30,Net Banking,Paid,4133.29
128165,58165,2025-08-17,Upi,Paid,6130.04
128166,58166,2024-01-20,Upi,Paid,2140.69
128167,58167,2026-08-17,Debit Card,Paid,29557.54
128168,58168,2026-05-28,Upi,Paid,22688.42
128169,58169,2025-01-07,Debit Card,Refunded,15629.04
128170,58170,2025-11-10,Wallet,Paid,2249.93
128171,58171,2025-05-19,Cash On Delivery,Paid,16524.64
128172,58172,2025-11-06,Debit Card,Paid,27821.94
128173,58173,2024-08-03,Upi,Paid,17859.26
128174,58174,2026-07-10,Net Banking,Paid,19821.12
128175,58175,2026-05-07,Credit Card,Paid,29463.61
128176,58176,2025-05-20,Credit Card,Paid,3949.99
128177,58177,2026-05-04,Credit Card,Paid,17359.82
128178,58178,2024-11-04,Cash On Delivery,Paid,4240.59
128179,58179,2026-02-02,Upi,Paid,12324.67
128180,58180,2026-06-03,Credit Card,Pending,1824.84
128181,58181,2025-11-09,Net Banking,Pending,12351.89
128182,58182,2026-08-17,Wallet,Paid,21003.01
128183,58183,2024-07-27,Upi,Paid,5896.49
128184,58184,2024-01-21,Wallet,Paid,12209.07
128185,58185,2025-05-25,Debit Card,Paid,13723.27
128186,58186,2024-11-18,Upi,Paid,6284.2
128187,58187,2025-09-13,Debit Card,Paid,18601.42
128188,58188,2024-12-18,Debit Card,Paid,24476.83
128189,58189,2026-04-22,Credit Card,Refunded,5277.8
128190,58190,2024-04-19,Upi,Failed,11679.47
128191,58191,2026-07-26,Debit Card,Paid,9351.1
128192,58192,2024-08-05,Credit Card,Paid,20808.11
128193,58193,2024-11-14,Credit Card,Paid,9749.21
128194,58194,2024-01-25,Net Banking,Paid,28310.47
128195,58195,2025-10-21,Upi,Paid,17790.59
128196,58196,2025-11-06,Credit Card,Paid,5239.82
128197,58197,2026-06-22,Upi,Refunded,7638.99
128198,58198,2024-04-13,Credit Card,Failed,22629.83
128199,58199,2025-04-14,Wallet,Paid,10195.31
128200,58200,2026-05-11,Upi,Paid,3541.86
128201,58201,2024-01-30,Credit Card,Paid,632.69
128202,58202,2025-07-20,Debit Card,Paid,29777.68
128203,58203,2024-08-11,Upi,Paid,14201.38
128204,58204,2024-12-12,Cash On Delivery,Failed,8644.88
128205,58205,2026-01-06,Cash On Delivery,Paid,1219.1
128206,58206,2026-02-26,Upi,Paid,25462.88
128207,58207,2024-01-08,Upi,Pending,8996.11
128208,58208,2025-09-23,Cash On Delivery,Paid,5003.56
128209,58209,2025-01-19,Upi,Pending,4389.88
128210,58210,2026-01-02,Upi,Refunded,18879.33
128211,58211,2026-03-27,Wallet,Paid,22800.76
128212,58212,2026-05-04,Upi,Paid,4287.03
128213,58213,2024-04-11,Net Banking,Failed,2668.86
128214,58214,2026-02-22,Credit Card,Paid,14750.89
128215,58215,2026-07-27,Credit Card,Paid,29871.47
128216,58216,2026-01-25,Upi,Paid,10324.14
128217,58217,2025-01-02,Upi,Paid,15095.33
128218,58218,2025-12-10,Credit Card,Paid,7546.39
128219,58219,2024-03-09,Upi,Paid,5327.92
128220,58220,2025-01-01,Debit Card,Paid,25702.42
128221,58221,2026-03-10,Upi,Paid,3008.72
128222,58222,2025-09-25,Credit Card,Paid,5224.37
128223,58223,2024-09-14,Wallet,Paid,7567.45
128224,58224,2025-07-05,Wallet,Paid,22064.68
128225,58225,2024-01-05,Debit Card,Pending,7094.02
128226,58226,2026-07-26,Credit Card,Paid,24923.62
128227,58227,2025-06-18,Wallet,Paid,2925.3
128228,58228,2025-05-03,Wallet,Paid,17464.54
128229,58229,2024-11-22,Upi,Paid,20269.22
128230,58230,2024-08-06,Upi,Paid,1229.39
128231,58231,2024-11-17,Wallet,Paid,25095.08
128232,58232,2025-03-21,Net Banking,Paid,19711.56
128233,58233,2025-02-17,Net Banking,Paid,11874.78
128234,58234,2025-02-07,Net Banking,Paid,13360.65
128235,58235,2025-05-10,Debit Card,Pending,12271.68
128236,58236,2025-04-01,Net Banking,Paid,12368.48
128237,58237,2024-10-30,Net Banking,Failed,20990.2
128238,58238,2025-07-18,Debit Card,Paid,6872.45
128239,58239,2024-08-26,Credit Card,Failed,3497.78
128240,58240,2026-07-09,Upi,Paid,27352.37
128241,58241,2025-10-10,Credit Card,Paid,10471.02
128242,58242,2024-09-30,Cash On Delivery,Pending,19942.86
128243,58243,2025-11-03,Net Banking,Paid,21087.3
128244,58244,2026-07-31,Upi,Paid,12873.51
128245,58245,2026-01-13,Cash On Delivery,Paid,6382.48
128246,58246,2026-01-27,Net Banking,Paid,18995.83
128247,58247,2024-08-02,Credit Card,Paid,17930.97
128248,58248,2024-06-29,Credit Card,Paid,13732.17
128249,58249,2025-06-30,Cash On Delivery,Paid,19290.56
128250,58250,2024-10-02,Upi,Paid,22876.13
128251,58251,2024-04-27,Upi,Paid,9848.39
128252,58252,2026-06-03,Upi,Paid,12891.42
128253,58253,2024-12-03,Credit Card,Paid,17809.14
128254,58254,2026-02-19,Credit Card,Paid,14451.17
128255,58255,2025-12-13,Cash On Delivery,Paid,19685.43
128256,58256,2024-05-20,Wallet,Paid,9679.65
128257,58257,2024-07-02,Cash On Delivery,Paid,16136.26
128258,58258,2025-07-23,Credit Card,Paid,4512.08
128259,58259,2025-08-29,Upi,Paid,23390.19
128260,58260,2024-09-25,Upi,Failed,20071.68
128261,58261,2024-05-31,Credit Card,Pending,27316.75
128262,58262,2025-09-05,Upi,Paid,8582.68
128263,58263,2024-08-17,Upi,Paid,23601.14
128264,58264,2024-06-19,Net Banking,Paid,24968.16
128265,58265,2025-01-02,Debit Card,Paid,1785.94
128266,58266,2024-12-09,Upi,Paid,22345.18
128267,58267,2025-01-28,Upi,Paid,3651.78
128268,58268,2025-01-14,Net Banking,Paid,23314.69
128269,58269,2025-07-02,Debit Card,Refunded,7815.17
128270,58270,2025-06-06,Upi,Paid,3413.12
128271,58271,2024-02-07,Cash On Delivery,Paid,12062.29
128272,58272,2024-08-21,Credit Card,Paid,20918.47
128273,58273,2025-05-06,Credit Card,Paid,22342.73
128274,58274,2025-12-06,Credit Card,Paid,15185.09
128275,58275,2024-02-02,Upi,Paid,8004.86
128276,58276,2026-02-25,Upi,Paid,14264.72
128277,58277,2024-04-04,Debit Card,Paid,9354.56
128278,58278,2025-09-15,Debit Card,Paid,6281.01
128279,58279,2024-08-02,Upi,Paid,16245.88
128280,58280,2026-05-26,Upi,Paid,14817.96
128281,58281,2025-11-05,Wallet,Paid,22901.32
128282,58282,2026-02-07,Credit Card,Paid,25876.73
128283,58283,2026-02-27,Credit Card,Paid,4707.47
128284,58284,2024-02-15,Wallet,Refunded,7944.69
128285,58285,2026-04-04,Cash On Delivery,Paid,14048.08
128286,58286,2024-03-24,Upi,Failed,7384.95
128287,58287,2025-06-12,Net Banking,Paid,28730.48
128288,58288,2025-10-04,Debit Card,Paid,18557.47
128289,58289,2026-05-22,Debit Card,Paid,14212.08
128290,58290,2025-12-03,Upi,Paid,1257.9
128291,58291,2025-11-21,Upi,Paid,27115.82
128292,58292,2026-07-28,Cash On Delivery,Paid,10265.22
128293,58293,2024-01-18,Debit Card,Paid,26315.84
128294,58294,2024-01-07,Upi,Paid,8437.07
128295,58295,2024-07-03,Debit Card,Paid,1214.09
128296,58296,2024-08-18,Upi,Paid,25486.19
128297,58297,2025-04-30,Upi,Paid,12212.78
128298,58298,2026-03-18,Credit Card,Paid,8559.86
128299,58299,2025-01-16,Upi,Paid,22930.91
128300,58300,2026-05-17,Cash On Delivery,Paid,2596.85
128301,58301,2025-09-16,Debit Card,Paid,18012.05
128302,58302,2025-03-29,Upi,Paid,11409.43
128303,58303,2026-02-09,Credit Card,Paid,13407.34
128304,58304,2025-04-17,Debit Card,Paid,23470.61
128305,58305,2024-02-12,Debit Card,Failed,14525.28
128306,58306,2026-04-09,Credit Card,Failed,17515.1
128307,58307,2024-05-08,Credit Card,Paid,3475.89
128308,58308,2025-03-23,Net Banking,Paid,24632.9
128309,58309,2024-06-01,Debit Card,Paid,21769.4
128310,58310,2026-02-03,Debit Card,Paid,25580.96
128311,58311,2025-09-12,Upi,Paid,11585.64
128312,58312,2026-07-11,Upi,Paid,23061.57
128313,58313,2026-04-22,Upi,Paid,17537.34
128314,58314,2024-09-11,Cash On Delivery,Paid,2733.61
128315,58315,2024-09-03,Wallet,Paid,15869.63
128316,58316,2024-09-24,Upi,Paid,12462.18
128317,58317,2024-06-01,Credit Card,Failed,17993.63
128318,58318,2026-06-29,Credit Card,Paid,26913.63
128319,58319,2024-03-23,Debit Card,Paid,18756.1
128320,58320,2025-02-16,Credit Card,Paid,7215.74
128321,58321,2024-10-02,Upi,Paid,15693.33
128322,58322,2024-01-18,Credit Card,Paid,18386.75
128323,58323,2026-03-16,Debit Card,Paid,12554.99
128324,58324,2025-05-03,Debit Card,Paid,18228.06
128325,58325,2026-05-01,Upi,Paid,19858.25
128326,58326,2025-08-21,Credit Card,Failed,27330.02
128327,58327,2025-04-28,Upi,Paid,2513.32
128328,58328,2024-08-25,Debit Card,Failed,20019.52
128329,58329,2025-07-27,Cash On Delivery,Paid,6579.16
128330,58330,2025-12-09,Cash On Delivery,Paid,2090.96
128331,58331,2024-01-29,Credit Card,Paid,24155.81
128332,58332,2024-08-14,Upi,Pending,22824.54
128333,58333,2024-12-18,Cash On Delivery,Paid,456.67
128334,58334,2024-04-27,Wallet,Paid,28913.28
128335,58335,2024-03-25,Cash On Delivery,Paid,4883.18
128336,58336,2024-08-29,Credit Card,Paid,24407.09
128337,58337,2024-11-28,Debit Card,Paid,12007.54
128338,58338,2025-06-01,Debit Card,Paid,29564.08
128339,58339,2026-03-01,Upi,Paid,21559.1
128340,58340,2026-04-10,Credit Card,Paid,13116.47
128341,58341,2025-01-08,Upi,Refunded,26571.26
128342,58342,2025-05-29,Credit Card,Pending,29579.17
128343,58343,2024-01-14,Upi,Paid,21856.61
128344,58344,2026-04-05,Credit Card,Paid,5342.94
128345,58345,2024-08-16,Wallet,Paid,26826.97
128346,58346,2024-03-03,Upi,Paid,10482.03
128347,58347,2025-08-07,Upi,Paid,29761.41
128348,58348,2024-12-27,Cash On Delivery,Paid,17117.85
128349,58349,2025-02-05,Credit Card,Paid,22768.12
128350,58350,2025-02-27,Net Banking,Paid,19235.25
128351,58351,2025-09-03,Upi,Paid,28485.43
128352,58352,2026-02-16,Upi,Paid,22764.75
128353,58353,2025-07-11,Net Banking,Paid,1764.75
128354,58354,2025-08-15,Cash On Delivery,Paid,17424.08
128355,58355,2026-02-26,Upi,Paid,5583.45
128356,58356,2026-02-02,Debit Card,Paid,9499.91
128357,58357,2024-06-16,Upi,Paid,23940.73
128358,58358,2024-11-26,Upi,Paid,17132.98
128359,58359,2025-04-23,Net Banking,Paid,15487.6
128360,58360,2026-06-25,Cash On Delivery,Paid,13209.61
128361,58361,2025-08-12,Debit Card,Paid,21209.65
128362,58362,2026-03-03,Upi,Paid,26745.3
128363,58363,2026-02-11,Wallet,Paid,27914.12
128364,58364,2026-06-07,Debit Card,Paid,28955.26
128365,58365,2025-05-17,Cash On Delivery,Paid,25152.37
128366,58366,2024-09-13,Wallet,Paid,6407.01
128367,58367,2025-02-05,Wallet,Paid,25273.43
128368,58368,2024-01-10,Debit Card,Paid,28604.29
128369,58369,2025-10-26,Upi,Paid,26877.46
128370,58370,2025-08-22,Credit Card,Paid,13372.78
128371,58371,2024-06-11,Debit Card,Paid,25394.53
128372,58372,2025-04-22,Debit Card,Paid,28149.18
128373,58373,2025-11-25,Net Banking,Paid,445.26
128374,58374,2026-01-27,Net Banking,Paid,17506.55
128375,58375,2026-01-23,Upi,Paid,16947.37
128376,58376,2024-04-04,Upi,Paid,9511.94
128377,58377,2024-12-31,Wallet,Paid,5698.33
128378,58378,2025-08-01,Upi,Paid,3385.65
128379,58379,2024-04-13,Debit Card,Paid,8103.54
128380,58380,2024-07-13,Cash On Delivery,Failed,8013.88
128381,58381,2026-07-04,Cash On Delivery,Paid,17624.87
128382,58382,2025-05-16,Net Banking,Paid,28448.5
128383,58383,2025-07-17,Upi,Failed,1339.26
128384,58384,2024-06-04,Upi,Paid,18400.29
128385,58385,2025-09-07,Net Banking,Paid,16334.7
128386,58386,2026-06-05,Wallet,Paid,28813.34
128387,58387,2026-07-23,Cash On Delivery,Paid,12905.36
128388,58388,2024-06-28,Net Banking,Paid,29848.02
128389,58389,2024-08-05,Upi,Paid,5785.88
128390,58390,2025-07-14,Credit Card,Paid,18870.28
128391,58391,2026-05-11,Debit Card,Paid,26402.62
128392,58392,2024-01-08,Upi,Paid,15946.73
128393,58393,2024-08-07,Debit Card,Paid,608.61
128394,58394,2024-06-02,Upi,Paid,26173.81
128395,58395,2026-02-06,Credit Card,Paid,28309.55
128396,58396,2025-04-29,Cash On Delivery,Paid,21187.41
128397,58397,2025-11-25,Debit Card,Paid,5566.23
128398,58398,2024-02-09,Debit Card,Paid,941.96
128399,58399,2024-05-11,Credit Card,Paid,2276.21
128400,58400,2025-06-12,Debit Card,Failed,17696.0
128401,58401,2025-02-12,Credit Card,Paid,25559.08
128402,58402,2024-06-27,Credit Card,Paid,22316.02
128403,58403,2024-09-13,Debit Card,Paid,2612.43
128404,58404,2025-12-07,Upi,Refunded,24990.15
128405,58405,2024-01-15,Wallet,Paid,16504.85
128406,58406,2026-04-24,Credit Card,Paid,5115.8
128407,58407,2024-06-04,Upi,Pending,8973.28
128408,58408,2026-01-07,Upi,Paid,4119.22
128409,58409,2025-09-03,Credit Card,Paid,6895.54
128410,58410,2024-03-04,Net Banking,Pending,21381.87
128411,58411,2026-01-14,Debit Card,Paid,20798.87
128412,58412,2025-04-29,Debit Card,Paid,11146.16
128413,58413,2024-10-19,Wallet,Paid,20141.69
128414,58414,2024-04-18,Credit Card,Paid,16861.71
128415,58415,2024-04-22,Credit Card,Paid,24054.23
128416,58416,2025-02-03,Cash On Delivery,Paid,22058.17
128417,58417,2024-10-13,Debit Card,Paid,20254.53
128418,58418,2026-03-27,Credit Card,Paid,7542.32
128419,58419,2025-06-12,Credit Card,Paid,28547.76
128420,58420,2024-02-10,Net Banking,Paid,11766.86
128421,58421,2026-05-02,Wallet,Failed,12903.36
128422,58422,2024-09-02,Credit Card,Paid,11372.49
128423,58423,2025-08-12,Upi,Paid,22368.19
128424,58424,2026-03-15,Debit Card,Paid,29213.77
128425,58425,2025-10-12,Debit Card,Paid,15733.16
128426,58426,2025-01-28,Net Banking,Paid,22985.91
128427,58427,2024-01-10,Wallet,Paid,18388.84
128428,58428,2024-08-19,Wallet,Paid,15478.66
128429,58429,2025-07-08,Upi,Paid,5326.7
128430,58430,2026-07-09,Upi,Paid,26756.08
128431,58431,2024-02-06,Credit Card,Paid,4553.0
128432,58432,2024-06-01,Credit Card,Paid,19050.78
128433,58433,2024-12-15,Upi,Paid,18900.88
128434,58434,2026-02-06,Cash On Delivery,Paid,19575.64
128435,58435,2026-07-11,Credit Card,Failed,5029.38
128436,58436,2024-06-21,Upi,Paid,25160.85
128437,58437,2025-07-19,Debit Card,Paid,25858.28
128438,58438,2026-07-24,Net Banking,Paid,18529.39
128439,58439,2026-08-26,Wallet,Paid,8005.85
128440,58440,2026-02-04,Debit Card,Paid,11756.08
128441,58441,2026-01-27,Net Banking,Paid,21343.36
128442,58442,2024-09-28,Wallet,Paid,3554.69
128443,58443,2024-10-30,Debit Card,Paid,9240.59
128444,58444,2026-08-13,Upi,Paid,5668.09
128445,58445,2025-08-28,Debit Card,Paid,26905.26
128446,58446,2024-04-24,Credit Card,Pending,7359.35
128447,58447,2024-03-11,Upi,Paid,28644.88
128448,58448,2026-04-16,Credit Card,Paid,3542.57
128449,58449,2024-05-05,Debit Card,Paid,16423.59
128450,58450,2025-11-09,Upi,Paid,5445.47
128451,58451,2024-11-10,Net Banking,Paid,5912.11
128452,58452,2024-06-17,Credit Card,Paid,11149.66
128453,58453,2024-04-20,Upi,Paid,6963.86
128454,58454,2025-06-15,Wallet,Refunded,1772.15
128455,58455,2026-02-18,Upi,Paid,20755.47
128456,58456,2024-01-15,Credit Card,Paid,7278.51
128457,58457,2025-11-15,Credit Card,Paid,9164.7
128458,58458,2025-07-10,Upi,Paid,13132.24
128459,58459,2026-02-12,Credit Card,Paid,2130.74
128460,58460,2025-07-21,Cash On Delivery,Paid,24406.28
128461,58461,2024-05-05,Net Banking,Paid,7129.46
128462,58462,2025-02-01,Credit Card,Paid,6876.55
128463,58463,2026-08-15,Cash On Delivery,Paid,11767.99
128464,58464,2026-03-11,Cash On Delivery,Paid,15707.44
128465,58465,2024-12-08,Cash On Delivery,Paid,1228.43
128466,58466,2026-06-23,Debit Card,Paid,21972.46
128467,58467,2024-01-10,Cash On Delivery,Refunded,28380.78
128468,58468,2025-06-01,Upi,Paid,27504.19
128469,58469,2026-01-21,Credit Card,Paid,11322.1
128470,58470,2025-10-18,Upi,Paid,25302.12
128471,58471,2024-06-25,Debit Card,Paid,1905.07
128472,58472,2024-05-24,Cash On Delivery,Paid,19020.34
128473,58473,2025-12-25,Upi,Failed,17968.67
128474,58474,2026-08-26,Upi,Paid,8217.96
128475,58475,2026-01-14,Debit Card,Paid,10708.21
128476,58476,2026-04-14,Upi,Paid,29058.44
128477,58477,2026-06-02,Upi,Paid,15685.96
128478,58478,2026-07-11,Debit Card,Paid,18797.7
128479,58479,2026-02-07,Credit Card,Paid,4879.99
128480,58480,2026-01-26,Credit Card,Paid,27916.02
128481,58481,2026-02-07,Upi,Paid,7466.72
128482,58482,2024-11-11,Credit Card,Failed,22554.62
128483,58483,2025-06-09,Credit Card,Paid,6699.59
128484,58484,2024-08-06,Cash On Delivery,Paid,10033.11
128485,58485,2025-05-31,Cash On Delivery,Paid,29315.98
128486,58486,2025-05-10,Upi,Paid,17533.25
128487,58487,2024-03-08,Upi,Paid,19114.77
128488,58488,2024-03-22,Upi,Paid,22326.4
128489,58489,2026-07-14,Upi,Paid,21535.37
128490,58490,2025-06-19,Cash On Delivery,Paid,20971.88
128491,58491,2024-02-02,Cash On Delivery,Paid,5167.41
128492,58492,2024-12-26,Upi,Paid,25066.08
128493,58493,2026-05-14,Credit Card,Paid,7014.58
128494,58494,2025-12-08,Cash On Delivery,Paid,2827.58
128495,58495,2026-03-11,Upi,Paid,29689.75
128496,58496,2025-08-30,Credit Card,Paid,3488.72
128497,58497,2025-11-11,Cash On Delivery,Paid,21599.93
128498,58498,2024-08-27,Upi,Paid,17744.74
128499,58499,2026-03-27,Upi,Paid,14251.29
128500,58500,2025-12-15,Upi,Paid,24197.95
128501,58501,2024-08-23,Credit Card,Paid,15312.73
128502,58502,2024-10-28,Upi,Paid,9207.5
128503,58503,2026-01-15,Debit Card,Paid,27003.56
128504,58504,2024-09-01,Cash On Delivery,Paid,5366.53
128505,58505,2025-10-13,Upi,Paid,29651.4
128506,58506,2025-02-09,Upi,Paid,21280.62
128507,58507,2024-10-06,Credit Card,Paid,17629.8
128508,58508,2024-06-04,Debit Card,Paid,8560.93
128509,58509,2025-12-03,Cash On Delivery,Paid,25021.44
128510,58510,2024-11-12,Net Banking,Paid,17602.1
128511,58511,2025-06-25,Debit Card,Paid,11046.03
128512,58512,2024-09-09,Credit Card,Paid,27977.02
128513,58513,2024-05-24,Net Banking,Paid,7480.91
128514,58514,2024-01-24,Credit Card,Paid,17854.38
128515,58515,2026-07-01,Cash On Delivery,Paid,17880.58
128516,58516,2024-10-18,Upi,Paid,24785.22
128517,58517,2025-07-13,Upi,Paid,22602.02
128518,58518,2025-03-30,Upi,Paid,20226.92
128519,58519,2024-12-24,Net Banking,Paid,27715.9
128520,58520,2026-03-15,Wallet,Paid,29013.13
128521,58521,2026-06-02,Upi,Paid,10066.88
128522,58522,2024-06-26,Upi,Paid,7032.84
128523,58523,2024-02-02,Upi,Failed,5127.72
128524,58524,2024-11-16,Net Banking,Paid,4097.83
128525,58525,2024-04-09,Net Banking,Failed,8127.22
128526,58526,2024-01-31,Upi,Paid,15348.09
128527,58527,2026-02-22,Debit Card,Paid,13396.14
128528,58528,2024-03-16,Wallet,Paid,26866.62
128529,58529,2024-03-09,Upi,Paid,10431.41
128530,58530,2024-12-11,Credit Card,Paid,2137.51
128531,58531,2025-07-07,Upi,Paid,29977.02
128532,58532,2025-04-30,Debit Card,Paid,26612.81
128533,58533,2025-12-24,Credit Card,Paid,332.66
128534,58534,2025-12-27,Credit Card,Paid,10466.11
128535,58535,2024-01-17,Debit Card,Paid,19924.95
128536,58536,2026-01-11,Cash On Delivery,Paid,25282.82
128537,58537,2024-02-12,Upi,Paid,15009.97
128538,58538,2026-06-08,Credit Card,Paid,19751.57
128539,58539,2024-10-26,Upi,Paid,14189.06
128540,58540,2026-05-30,Credit Card,Paid,935.42
128541,58541,2026-08-29,Wallet,Paid,14327.65
128542,58542,2024-04-08,Credit Card,Paid,24793.44
128543,58543,2025-01-07,Debit Card,Failed,10721.84
128544,58544,2024-04-21,Credit Card,Paid,2816.71
128545,58545,2026-07-28,Upi,Paid,5144.78
128546,58546,2025-04-27,Cash On Delivery,Refunded,4790.03
128547,58547,2026-03-26,Credit Card,Paid,5479.04
128548,58548,2025-07-27,Upi,Paid,11658.22
128549,58549,2026-04-02,Credit Card,Paid,11834.63
128550,58550,2025-08-05,Upi,Paid,19452.47
128551,58551,2024-02-17,Wallet,Pending,4007.69
128552,58552,2025-04-16,Credit Card,Paid,7964.0
128553,58553,2025-09-27,Upi,Paid,8665.16
128554,58554,2026-08-09,Upi,Paid,20142.55
128555,58555,2026-03-18,Upi,Failed,12040.21
128556,58556,2025-05-09,Wallet,Failed,8187.01
128557,58557,2026-02-20,Upi,Paid,11355.48
128558,58558,2026-06-27,Upi,Paid,25850.23
128559,58559,2026-04-30,Upi,Paid,12430.66
128560,58560,2026-08-18,Credit Card,Paid,13036.94
128561,58561,2024-12-14,Credit Card,Paid,10634.82
128562,58562,2025-03-06,Upi,Paid,13339.88
128563,58563,2024-01-14,Net Banking,Paid,19051.56
128564,58564,2024-05-09,Wallet,Paid,27339.26
128565,58565,2026-03-06,Credit Card,Pending,13457.3
128566,58566,2024-11-13,Credit Card,Paid,26338.58
128567,58567,2025-03-03,Net Banking,Paid,4138.69
128568,58568,2024-12-16,Upi,Failed,4557.94
128569,58569,2026-06-17,Net Banking,Paid,11268.23
128570,58570,2026-05-14,Credit Card,Paid,5453.61
128571,58571,2025-12-18,Credit Card,Paid,7868.52
128572,58572,2026-07-22,Upi,Paid,6449.29
128573,58573,2025-06-14,Net Banking,Paid,2975.1
128574,58574,2024-06-14,Upi,Paid,10827.82
128575,58575,2025-09-10,Net Banking,Paid,24744.24
128576,58576,2024-01-20,Upi,Paid,13131.29
128577,58577,2025-02-14,Net Banking,Paid,16914.81
128578,58578,2026-03-17,Upi,Paid,28521.25
128579,58579,2024-06-23,Debit Card,Failed,29446.22
128580,58580,2025-06-26,Credit Card,Paid,29513.69
128581,58581,2026-01-25,Credit Card,Paid,5550.05
128582,58582,2025-12-30,Upi,Paid,13971.62
128583,58583,2025-07-29,Cash On Delivery,Paid,8839.02
128584,58584,2024-11-20,Upi,Paid,4815.06
128585,58585,2024-08-25,Cash On Delivery,Paid,24496.41
128586,58586,2024-06-03,Upi,Paid,24126.56
128587,58587,2025-12-17,Net Banking,Paid,10242.63
128588,58588,2024-09-14,Upi,Paid,12571.01
128589,58589,2025-09-22,Cash On Delivery,Paid,28670.85
128590,58590,2024-02-19,Upi,Paid,8235.18
128591,58591,2024-10-10,Credit Card,Paid,25809.07
128592,58592,2025-01-11,Upi,Paid,19111.93
128593,58593,2026-01-20,Cash On Delivery,Paid,16783.39
128594,58594,2024-04-08,Upi,Failed,3226.35
128595,58595,2025-04-04,Upi,Paid,18827.34
128596,58596,2025-03-26,Upi,Pending,28035.25
128597,58597,2024-11-09,Credit Card,Paid,24747.69
128598,58598,2026-02-16,Net Banking,Paid,8082.8
128599,58599,2026-08-09,Upi,Paid,9520.06
128600,58600,2024-02-17,Upi,Pending,23558.25
128601,58601,2026-06-26,Credit Card,Paid,22967.32
128602,58602,2026-05-19,Cash On Delivery,Paid,11940.29
128603,58603,2026-03-28,Debit Card,Paid,1738.55
128604,58604,2024-05-02,Cash On Delivery,Paid,26688.63
128605,58605,2025-01-13,Debit Card,Paid,21042.48
128606,58606,2025-09-28,Upi,Paid,4067.39
128607,58607,2024-07-18,Credit Card,Paid,7821.97
128608,58608,2024-08-21,Net Banking,Paid,16140.46
128609,58609,2025-07-03,Upi,Paid,8928.04
128610,58610,2026-03-30,Wallet,Paid,1968.19
128611,58611,2024-06-07,Upi,Paid,7505.38
128612,58612,2024-01-12,Debit Card,Paid,12696.25
128613,58613,2026-08-24,Upi,Paid,19855.49
128614,58614,2025-02-12,Net Banking,Paid,10044.02
128615,58615,2024-03-15,Upi,Paid,19462.11
128616,58616,2026-07-22,Upi,Paid,19315.68
128617,58617,2024-09-25,Debit Card,Paid,3554.78
128618,58618,2024-04-21,Upi,Paid,22879.66
128619,58619,2025-10-10,Credit Card,Paid,26795.93
128620,58620,2026-01-08,Upi,Paid,4518.72
128621,58621,2024-05-05,Debit Card,Failed,23496.38
128622,58622,2025-12-06,Debit Card,Paid,9305.54
128623,58623,2025-01-03,Upi,Paid,29660.01
128624,58624,2024-11-08,Debit Card,Paid,9758.95
128625,58625,2025-10-08,Credit Card,Paid,26102.12
128626,58626,2024-02-29,Wallet,Paid,1358.05
128627,58627,2024-06-15,Upi,Refunded,2253.26
128628,58628,2026-03-21,Upi,Paid,1023.41
128629,58629,2026-08-14,Credit Card,Paid,20823.1
128630,58630,2026-05-29,Upi,Paid,29610.54
128631,58631,2026-01-30,Upi,Paid,20796.82
128632,58632,2024-05-03,Upi,Paid,1320.79
128633,58633,2024-10-29,Cash On Delivery,Paid,19762.57
128634,58634,2026-04-04,Upi,Paid,26386.41
128635,58635,2025-11-25,Upi,Paid,21944.76
128636,58636,2026-03-19,Upi,Paid,18630.67
128637,58637,2025-02-03,Upi,Paid,6257.62
128638,58638,2025-07-13,Net Banking,Paid,28391.26
128639,58639,2025-12-16,Debit Card,Paid,25495.24
128640,58640,2026-02-02,Cash On Delivery,Paid,3007.76
128641,58641,2025-12-04,Credit Card,Paid,29868.86
128642,58642,2024-02-10,Debit Card,Paid,19965.64
128643,58643,2024-07-15,Upi,Paid,2838.41
128644,58644,2025-04-29,Net Banking,Paid,26197.98
128645,58645,2025-11-09,Upi,Paid,17939.32
128646,58646,2026-07-26,Cash On Delivery,Paid,2548.69
128647,58647,2024-10-20,Cash On Delivery,Refunded,405.31
128648,58648,2026-01-23,Upi,Failed,9089.91
128649,58649,2025-10-09,Debit Card,Paid,15894.82
128650,58650,2024-09-20,Credit Card,Paid,9483.22
128651,58651,2024-06-16,Cash On Delivery,Failed,27387.31
128652,58652,2025-08-29,Upi,Paid,22364.89
128653,58653,2024-11-17,Wallet,Paid,29818.55
128654,58654,2024-07-25,Wallet,Paid,26347.77
128655,58655,2024-07-31,Cash On Delivery,Paid,10983.23
128656,58656,2024-08-04,Upi,Paid,24155.59
128657,58657,2024-04-01,Wallet,Paid,11318.45
128658,58658,2024-07-03,Debit Card,Paid,14896.7
128659,58659,2026-08-04,Net Banking,Paid,10577.39
128660,58660,2024-07-03,Credit Card,Paid,15894.02
128661,58661,2025-02-01,Net Banking,Paid,1569.18
128662,58662,2025-05-01,Upi,Paid,16536.81
128663,58663,2025-11-14,Upi,Paid,4617.39
128664,58664,2024-10-28,Upi,Paid,11151.45
128665,58665,2026-03-16,Wallet,Paid,15183.07
128666,58666,2026-01-27,Credit Card,Paid,17010.22
128667,58667,2025-05-09,Upi,Paid,7660.95
128668,58668,2026-05-19,Upi,Paid,1868.7
128669,58669,2024-12-04,Credit Card,Paid,5860.47
128670,58670,2025-04-17,Cash On Delivery,Paid,22199.27
128671,58671,2025-08-04,Credit Card,Paid,6777.1
128672,58672,2024-07-04,Upi,Paid,11165.88
128673,58673,2024-03-22,Credit Card,Pending,16026.29
128674,58674,2026-08-29,Credit Card,Paid,3919.81
128675,58675,2024-02-17,Cash On Delivery,Refunded,6074.81
128676,58676,2024-02-18,Credit Card,Paid,16569.83
128677,58677,2024-04-09,Debit Card,Paid,7461.78
128678,58678,2025-06-18,Upi,Paid,12791.92
128679,58679,2024-09-20,Cash On Delivery,Refunded,19636.8
128680,58680,2024-08-03,Net Banking,Paid,12406.72
128681,58681,2026-04-16,Credit Card,Paid,6285.19
128682,58682,2026-06-29,Cash On Delivery,Paid,3207.78
128683,58683,2026-05-02,Upi,Paid,27142.48
128684,58684,2024-11-12,Upi,Paid,10471.77
128685,58685,2024-03-23,Debit Card,Paid,23130.7
128686,58686,2026-07-19,Upi,Paid,6170.32
128687,58687,2025-06-16,Debit Card,Refunded,20694.43
128688,58688,2026-08-03,Upi,Paid,29241.56
128689,58689,2024-06-13,Upi,Paid,15828.31
128690,58690,2026-07-04,Net Banking,Failed,10946.32
128691,58691,2024-10-30,Upi,Paid,6896.43
128692,58692,2026-02-08,Credit Card,Paid,27174.31
128693,58693,2024-04-17,Wallet,Paid,22674.1
128694,58694,2025-12-20,Upi,Paid,7152.34
128695,58695,2025-04-04,Credit Card,Paid,10789.01
128696,58696,2026-07-16,Upi,Paid,25798.44
128697,58697,2024-05-25,Cash On Delivery,Paid,17504.1
128698,58698,2024-08-07,Net Banking,Paid,26743.08
128699,58699,2025-09-10,Net Banking,Failed,17339.09
128700,58700,2026-02-26,Debit Card,Paid,1324.52
128701,58701,2026-05-11,Wallet,Paid,12047.53
128702,58702,2024-04-21,Debit Card,Paid,13899.69
128703,58703,2024-01-07,Upi,Paid,3015.34
128704,58704,2024-12-18,Debit Card,Pending,2042.44
128705,58705,2024-04-04,Debit Card,Paid,20498.69
128706,58706,2025-01-27,Credit Card,Paid,16524.95
128707,58707,2025-04-10,Credit Card,Paid,2542.06
128708,58708,2026-08-23,Net Banking,Paid,12793.7
128709,58709,2024-02-05,Upi,Paid,28174.13
128710,58710,2024-11-10,Cash On Delivery,Paid,15879.03
128711,58711,2024-11-27,Wallet,Paid,16028.65
128712,58712,2025-06-22,Upi,Paid,28502.26
128713,58713,2024-11-06,Debit Card,Paid,17724.12
128714,58714,2025-09-06,Credit Card,Paid,15360.14
128715,58715,2026-04-06,Upi,Paid,29774.87
128716,58716,2025-10-19,Cash On Delivery,Refunded,26232.97
128717,58717,2025-10-02,Credit Card,Paid,23679.33
128718,58718,2024-04-26,Cash On Delivery,Paid,9263.08
128719,58719,2026-05-11,Wallet,Paid,16180.29
128720,58720,2025-06-29,Upi,Paid,19801.28
128721,58721,2024-06-11,Debit Card,Paid,22982.69
128722,58722,2025-09-08,Upi,Paid,6467.47
128723,58723,2025-04-17,Upi,Paid,7018.26
128724,58724,2026-05-29,Upi,Paid,3595.46
128725,58725,2025-09-23,Upi,Pending,18854.84
128726,58726,2026-07-19,Upi,Paid,23433.66
128727,58727,2026-08-03,Credit Card,Paid,15037.64
128728,58728,2024-08-17,Upi,Paid,20237.77
128729,58729,2024-10-11,Net Banking,Paid,9938.27
128730,58730,2024-07-24,Net Banking,Paid,14221.73
128731,58731,2024-08-12,Upi,Paid,26496.81
128732,58732,2025-10-28,Upi,Paid,20200.83
128733,58733,2026-07-10,Upi,Pending,794.92
128734,58734,2025-04-21,Upi,Paid,23300.92
128735,58735,2026-02-23,Upi,Paid,20672.3
128736,58736,2025-12-24,Debit Card,Pending,10990.92
128737,58737,2024-09-11,Upi,Paid,18717.91
128738,58738,2026-04-06,Debit Card,Paid,13901.8
128739,58739,2025-04-09,Cash On Delivery,Paid,28783.19
128740,58740,2024-01-13,Debit Card,Paid,5069.25
128741,58741,2025-11-25,Debit Card,Paid,29232.83
128742,58742,2026-05-05,Credit Card,Paid,4269.02
128743,58743,2024-08-28,Upi,Paid,7795.48
128744,58744,2024-09-15,Upi,Paid,4090.9
128745,58745,2025-12-14,Net Banking,Pending,5455.2
128746,58746,2026-07-30,Wallet,Paid,1614.78
128747,58747,2024-09-12,Upi,Paid,25338.94
128748,58748,2025-02-22,Credit Card,Paid,12850.77
128749,58749,2025-10-21,Credit Card,Paid,15478.95
128750,58750,2026-04-07,Upi,Paid,352.64
128751,58751,2024-02-05,Upi,Paid,25437.69
128752,58752,2024-07-15,Upi,Paid,18554.72
128753,58753,2026-05-17,Credit Card,Paid,24966.0
128754,58754,2025-05-25,Debit Card,Paid,9003.24
128755,58755,2026-01-05,Credit Card,Paid,18999.48
128756,58756,2024-03-02,Net Banking,Pending,5264.45
128757,58757,2024-03-30,Upi,Paid,2082.44
128758,58758,2025-12-15,Upi,Paid,24663.19
128759,58759,2025-01-02,Net Banking,Refunded,26368.66
128760,58760,2026-07-05,Wallet,Paid,6523.51
128761,58761,2025-02-23,Debit Card,Paid,18388.94
128762,58762,2026-03-29,Net Banking,Paid,8202.66
128763,58763,2025-06-12,Upi,Refunded,26088.79
128764,58764,2025-10-21,Debit Card,Paid,11699.84
128765,58765,2025-09-27,Credit Card,Paid,15241.21
128766,58766,2024-04-28,Cash On Delivery,Paid,27700.14
128767,58767,2026-02-12,Upi,Paid,21318.73
128768,58768,2026-08-13,Upi,Paid,26294.77
128769,58769,2025-01-13,Upi,Paid,27324.06
128770,58770,2024-12-02,Net Banking,Paid,12149.03
128771,58771,2025-08-03,Cash On Delivery,Failed,11086.37
128772,58772,2025-09-06,Credit Card,Paid,21666.71
128773,58773,2025-01-07,Net Banking,Paid,14489.33
128774,58774,2024-09-22,Upi,Paid,18648.0
128775,58775,2026-08-02,Wallet,Paid,28801.94
128776,58776,2026-03-15,Net Banking,Paid,15273.79
128777,58777,2025-07-09,Wallet,Paid,29291.55
128778,58778,2025-01-04,Cash On Delivery,Paid,29736.55
128779,58779,2024-12-09,Upi,Paid,29795.97
128780,58780,2025-01-15,Upi,Failed,5782.92
128781,58781,2025-08-01,Upi,Paid,21337.02
128782,58782,2024-01-08,Debit Card,Paid,17962.75
128783,58783,2025-10-01,Upi,Paid,22824.26
128784,58784,2025-07-14,Net Banking,Refunded,25834.94
128785,58785,2024-05-20,Wallet,Failed,6488.36
128786,58786,2024-09-02,Net Banking,Paid,15123.39
128787,58787,2024-09-27,Net Banking,Paid,8547.53
128788,58788,2026-06-15,Upi,Paid,11869.77
128789,58789,2026-06-26,Net Banking,Paid,10150.41
128790,58790,2026-01-29,Debit Card,Paid,551.09
128791,58791,2025-10-26,Cash On Delivery,Refunded,3231.85
128792,58792,2026-07-15,Net Banking,Paid,4943.22
128793,58793,2025-12-16,Cash On Delivery,Paid,25327.16
128794,58794,2025-01-13,Cash On Delivery,Paid,27545.52
128795,58795,2024-12-13,Debit Card,Paid,14893.28
128796,58796,2025-10-05,Wallet,Paid,3332.61
128797,58797,2025-01-31,Debit Card,Paid,29087.81
128798,58798,2025-03-17,Credit Card,Paid,5718.63
128799,58799,2026-08-03,Debit Card,Paid,13652.47
128800,58800,2026-06-04,Upi,Paid,1358.4
128801,58801,2025-08-11,Upi,Paid,12383.67
128802,58802,2024-11-10,Debit Card,Paid,15830.59
128803,58803,2025-03-05,Wallet,Paid,26908.24
128804,58804,2024-11-15,Net Banking,Paid,18590.62
128805,58805,2025-02-12,Upi,Paid,27536.64
128806,58806,2024-12-22,Cash On Delivery,Paid,12099.93
128807,58807,2025-03-08,Upi,Paid,23385.14
128808,58808,2025-04-30,Upi,Paid,13498.78
128809,58809,2025-09-16,Wallet,Paid,29874.12
128810,58810,2026-05-14,Upi,Paid,714.94
128811,58811,2025-05-28,Upi,Paid,7207.89
128812,58812,2024-07-21,Credit Card,Paid,2695.33
128813,58813,2024-06-28,Upi,Paid,20527.42
128814,58814,2025-09-23,Upi,Paid,2938.1
128815,58815,2026-08-27,Debit Card,Paid,20573.97
128816,58816,2024-10-23,Debit Card,Paid,16681.17
128817,58817,2024-03-26,Credit Card,Paid,1765.44
128818,58818,2024-03-23,Cash On Delivery,Pending,7179.64
128819,58819,2024-09-25,Upi,Paid,3334.12
128820,58820,2026-07-17,Debit Card,Paid,5581.46
128821,58821,2026-01-28,Cash On Delivery,Paid,7200.49
128822,58822,2026-02-01,Upi,Paid,26091.44
128823,58823,2024-11-19,Upi,Paid,23117.17
128824,58824,2026-07-12,Upi,Refunded,10278.92
128825,58825,2025-01-30,Credit Card,Paid,5854.33
128826,58826,2025-01-24,Credit Card,Refunded,13959.31
128827,58827,2026-07-01,Net Banking,Paid,23400.97
128828,58828,2026-01-05,Cash On Delivery,Paid,18790.34
128829,58829,2024-10-10,Cash On Delivery,Paid,6928.6
128830,58830,2025-09-25,Debit Card,Paid,19572.94
128831,58831,2024-12-05,Upi,Paid,12923.39
128832,58832,2025-08-26,Net Banking,Paid,1766.73
128833,58833,2024-05-16,Debit Card,Paid,24151.57
128834,58834,2024-02-11,Upi,Paid,23815.6
128835,58835,2026-07-25,Upi,Paid,27940.6
128836,58836,2024-03-13,Credit Card,Paid,2785.79
128837,58837,2025-01-25,Upi,Paid,19168.12
128838,58838,2024-07-10,Upi,Paid,19436.57
128839,58839,2024-01-15,Upi,Paid,14597.79
128840,58840,2025-12-30,Upi,Paid,10729.99
128841,58841,2024-10-04,Credit Card,Paid,19200.14
128842,58842,2026-02-16,Debit Card,Failed,26012.16
128843,58843,2025-06-19,Upi,Pending,10630.43
128844,58844,2025-09-21,Net Banking,Paid,20309.93
128845,58845,2025-10-10,Upi,Paid,19750.1
128846,58846,2024-07-08,Credit Card,Paid,4148.48
128847,58847,2025-03-20,Net Banking,Paid,7033.06
128848,58848,2026-01-25,Debit Card,Paid,22106.6
128849,58849,2024-08-18,Upi,Failed,3499.41
128850,58850,2024-04-21,Upi,Paid,26902.58
128851,58851,2025-02-08,Net Banking,Failed,27220.77
128852,58852,2026-05-20,Credit Card,Paid,24724.19
128853,58853,2024-11-11,Cash On Delivery,Paid,21238.0
128854,58854,2025-01-08,Upi,Paid,27564.36
128855,58855,2024-05-02,Credit Card,Paid,28582.35
128856,58856,2025-12-09,Credit Card,Paid,29348.61
128857,58857,2024-11-25,Credit Card,Paid,3954.98
128858,58858,2024-06-15,Upi,Paid,15600.23
128859,58859,2024-04-09,Debit Card,Paid,4166.36
128860,58860,2024-11-03,Debit Card,Paid,18263.03
128861,58861,2024-07-18,Upi,Paid,8828.09
128862,58862,2025-04-26,Credit Card,Pending,19657.87
128863,58863,2025-02-20,Debit Card,Paid,4758.31
128864,58864,2025-04-26,Cash On Delivery,Paid,28322.15
128865,58865,2024-12-22,Credit Card,Paid,2814.67
128866,58866,2024-04-07,Net Banking,Paid,4516.75
128867,58867,2026-01-25,Net Banking,Paid,2218.86
128868,58868,2025-06-15,Upi,Paid,4646.69
128869,58869,2024-06-29,Debit Card,Paid,9604.67
128870,58870,2024-03-14,Wallet,Paid,10365.39
128871,58871,2026-07-01,Debit Card,Paid,24419.67
128872,58872,2026-06-14,Credit Card,Paid,1882.5
128873,58873,2024-07-05,Upi,Failed,2402.1
128874,58874,2025-02-15,Upi,Paid,23977.15
128875,58875,2025-07-18,Debit Card,Paid,12917.98
128876,58876,2025-03-04,Upi,Paid,7448.18
128877,58877,2026-03-24,Cash On Delivery,Refunded,26989.57
128878,58878,2025-07-15,Upi,Paid,22998.83
128879,58879,2024-09-16,Wallet,Paid,11324.87
128880,58880,2026-01-29,Credit Card,Paid,7756.3
128881,58881,2026-04-30,Upi,Paid,17930.94
128882,58882,2024-03-11,Upi,Paid,26247.45
128883,58883,2026-04-08,Debit Card,Paid,4558.32
128884,58884,2025-11-14,Debit Card,Paid,26970.94
128885,58885,2026-06-09,Upi,Paid,24727.55
128886,58886,2026-06-02,Cash On Delivery,Paid,14043.39
128887,58887,2024-02-21,Net Banking,Paid,19705.05
128888,58888,2025-03-03,Cash On Delivery,Paid,2867.24
128889,58889,2024-03-10,Wallet,Paid,12650.3
128890,58890,2024-01-16,Upi,Paid,27340.43
128891,58891,2026-06-10,Upi,Failed,22063.47
128892,58892,2024-08-27,Upi,Paid,18548.38
128893,58893,2024-02-29,Net Banking,Paid,1505.88
128894,58894,2026-07-01,Wallet,Failed,19521.98
128895,58895,2025-01-30,Cash On Delivery,Failed,16338.74
128896,58896,2024-04-27,Wallet,Paid,17255.07
128897,58897,2024-09-06,Debit Card,Failed,29035.0
128898,58898,2024-01-15,Debit Card,Paid,817.54
128899,58899,2025-10-20,Debit Card,Paid,20066.04
128900,58900,2026-06-26,Upi,Paid,16471.55
128901,58901,2025-01-14,Net Banking,Paid,13299.85
128902,58902,2026-04-18,Net Banking,Paid,9093.89
128903,58903,2024-11-29,Upi,Paid,10673.55
128904,58904,2025-03-23,Debit Card,Paid,23355.46
128905,58905,2024-07-29,Credit Card,Paid,3688.56
128906,58906,2024-01-06,Cash On Delivery,Paid,13985.56
128907,58907,2024-06-08,Wallet,Paid,8669.86
128908,58908,2025-07-21,Upi,Paid,26354.63
128909,58909,2024-04-07,Cash On Delivery,Paid,3846.68
128910,58910,2026-03-05,Debit Card,Paid,26570.61
128911,58911,2026-06-10,Upi,Paid,3747.06
128912,58912,2024-10-05,Wallet,Paid,12811.75
128913,58913,2024-09-22,Credit Card,Refunded,26349.26
128914,58914,2024-06-16,Upi,Failed,7180.13
128915,58915,2025-02-04,Upi,Paid,18945.47
128916,58916,2026-05-29,Upi,Paid,18733.84
128917,58917,2025-01-16,Net Banking,Paid,4205.07
128918,58918,2026-01-16,Upi,Paid,19823.81
128919,58919,2024-11-09,Net Banking,Paid,3879.43
128920,58920,2025-03-13,Upi,Paid,17834.13
128921,58921,2025-04-25,Upi,Paid,12623.68
128922,58922,2026-05-30,Debit Card,Paid,4587.89
128923,58923,2025-04-28,Credit Card,Paid,27656.03
128924,58924,2025-08-14,Upi,Refunded,10822.27
128925,58925,2026-04-09,Debit Card,Paid,26901.19
128926,58926,2026-07-04,Credit Card,Paid,663.79
128927,58927,2026-05-20,Wallet,Paid,12955.64
128928,58928,2024-04-12,Credit Card,Paid,6336.12
128929,58929,2024-04-20,Cash On Delivery,Paid,3985.78
128930,58930,2025-02-28,Credit Card,Paid,12486.21
128931,58931,2024-12-07,Debit Card,Paid,24976.02
128932,58932,2025-10-20,Cash On Delivery,Paid,27613.63
128933,58933,2025-02-25,Debit Card,Paid,17413.59
128934,58934,2025-01-31,Credit Card,Paid,15445.01
128935,58935,2024-03-28,Cash On Delivery,Paid,10637.51
128936,58936,2024-12-06,Cash On Delivery,Refunded,8749.45
128937,58937,2025-07-10,Upi,Failed,28679.76
128938,58938,2025-11-06,Upi,Paid,2967.51
128939,58939,2024-06-15,Credit Card,Paid,23405.83
128940,58940,2025-08-11,Credit Card,Paid,25529.43
128941,58941,2025-07-12,Upi,Paid,1171.91
128942,58942,2024-10-04,Upi,Paid,23395.23
128943,58943,2026-05-13,Upi,Paid,3560.99
128944,58944,2025-03-08,Credit Card,Failed,7771.48
128945,58945,2024-09-16,Cash On Delivery,Paid,22826.03
128946,58946,2025-11-17,Cash On Delivery,Failed,25707.35
128947,58947,2024-07-03,Credit Card,Paid,2223.19
128948,58948,2025-09-02,Cash On Delivery,Refunded,21331.79
128949,58949,2025-10-24,Upi,Pending,3025.31
128950,58950,2025-03-17,Upi,Paid,26342.17
128951,58951,2024-07-17,Debit Card,Paid,2711.34
128952,58952,2024-09-11,Credit Card,Paid,26728.74
128953,58953,2024-08-04,Wallet,Paid,10143.07
128954,58954,2024-04-22,Upi,Paid,17132.95
128955,58955,2026-08-26,Upi,Paid,19948.8
128956,58956,2026-03-27,Wallet,Paid,7701.55
128957,58957,2025-05-23,Upi,Paid,9452.91
128958,58958,2026-03-09,Credit Card,Paid,8544.99
128959,58959,2025-09-30,Upi,Paid,12925.38
128960,58960,2025-08-19,Debit Card,Paid,29251.26
128961,58961,2025-11-29,Credit Card,Paid,593.94
128962,58962,2025-07-10,Debit Card,Paid,12270.75
128963,58963,2025-06-28,Cash On Delivery,Paid,13894.32
128964,58964,2024-05-15,Credit Card,Paid,25613.84
128965,58965,2025-08-18,Credit Card,Paid,3897.97
128966,58966,2025-03-10,Upi,Paid,8823.26
128967,58967,2024-08-28,Upi,Paid,21538.48
128968,58968,2025-04-16,Credit Card,Paid,20587.26
128969,58969,2026-03-19,Upi,Paid,7511.69
128970,58970,2025-03-23,Upi,Paid,2983.22
128971,58971,2025-04-10,Upi,Paid,2502.14
128972,58972,2024-08-24,Upi,Paid,21402.5
128973,58973,2026-02-23,Wallet,Pending,18442.88
128974,58974,2024-05-01,Wallet,Paid,5587.34
128975,58975,2026-03-24,Debit Card,Paid,5435.12
128976,58976,2026-06-23,Upi,Paid,16977.4
128977,58977,2024-06-23,Debit Card,Paid,3215.98
128978,58978,2025-06-24,Credit Card,Paid,13142.16
128979,58979,2025-07-25,Upi,Paid,24685.31
128980,58980,2026-04-17,Credit Card,Paid,29583.35
128981,58981,2024-11-12,Cash On Delivery,Paid,15333.46
128982,58982,2025-10-16,Debit Card,Paid,24531.43
128983,58983,2024-04-08,Upi,Paid,18279.77
128984,58984,2026-03-08,Credit Card,Paid,22523.12
128985,58985,2026-01-07,Debit Card,Paid,29373.49
128986,58986,2024-07-31,Net Banking,Paid,4982.36
128987,58987,2024-05-04,Upi,Paid,15674.48
128988,58988,2024-04-14,Credit Card,Paid,1945.74
128989,58989,2026-03-17,Cash On Delivery,Paid,23351.93
128990,58990,2025-08-21,Wallet,Failed,14618.53
128991,58991,2024-12-28,Debit Card,Paid,26161.62
128992,58992,2025-06-16,Cash On Delivery,Paid,10062.11
128993,58993,2025-06-26,Cash On Delivery,Paid,4220.14
128994,58994,2024-04-04,Upi,Paid,3720.49
128995,58995,2025-03-05,Upi,Paid,19122.01
128996,58996,2025-08-16,Upi,Paid,25776.46
128997,58997,2025-08-12,Wallet,Paid,5722.7
128998,58998,2024-06-26,Cash On Delivery,Paid,11955.01
128999,58999,2026-06-20,Credit Card,Pending,13642.39
129000,59000,2024-04-16,Upi,Paid,25253.26
129001,59001,2026-04-19,Upi,Paid,2771.89
129002,59002,2026-08-16,Debit Card,Paid,24130.19
129003,59003,2025-12-29,Net Banking,Paid,26833.6
129004,59004,2025-06-26,Upi,Paid,11894.0
129005,59005,2024-07-08,Upi,Paid,3048.74
129006,59006,2024-11-16,Wallet,Paid,25733.7
129007,59007,2025-06-16,Credit Card,Paid,11961.65
129008,59008,2024-04-08,Net Banking,Paid,2762.1
129009,59009,2025-11-17,Cash On Delivery,Paid,18440.89
129010,59010,2026-06-11,Net Banking,Paid,16526.67
129011,59011,2025-12-23,Debit Card,Paid,10873.53
129012,59012,2026-07-06,Credit Card,Paid,16877.07
129013,59013,2025-04-07,Upi,Refunded,12956.35
129014,59014,2024-09-06,Upi,Refunded,11548.15
129015,59015,2024-01-19,Upi,Paid,7821.17
129016,59016,2025-02-27,Cash On Delivery,Paid,12422.26
129017,59017,2024-04-22,Upi,Paid,25316.0
129018,59018,2025-09-19,Wallet,Paid,1468.9
129019,59019,2026-02-18,Debit Card,Paid,13299.37
129020,59020,2024-04-18,Debit Card,Paid,5344.25
129021,59021,2025-05-16,Upi,Paid,457.4
129022,59022,2025-06-07,Upi,Paid,2902.91
129023,59023,2024-10-28,Upi,Paid,11110.21
129024,59024,2024-08-01,Credit Card,Paid,749.07
129025,59025,2025-11-25,Net Banking,Paid,23144.61
129026,59026,2024-08-06,Upi,Paid,18342.25
129027,59027,2024-01-31,Wallet,Paid,2975.86
129028,59028,2025-08-10,Upi,Paid,9222.26
129029,59029,2024-03-07,Net Banking,Paid,1221.43
129030,59030,2024-10-27,Wallet,Paid,14365.09
129031,59031,2024-03-25,Net Banking,Paid,1233.62
129032,59032,2025-06-18,Cash On Delivery,Paid,20101.73
129033,59033,2024-07-30,Upi,Paid,15140.36
129034,59034,2024-09-11,Credit Card,Paid,11729.07
129035,59035,2025-01-23,Credit Card,Pending,5214.77
129036,59036,2025-04-19,Upi,Paid,13839.09
129037,59037,2025-11-30,Debit Card,Paid,2326.23
129038,59038,2026-06-24,Credit Card,Paid,12040.4
129039,59039,2025-08-09,Debit Card,Paid,15053.1
129040,59040,2025-04-18,Upi,Paid,12688.91
129041,59041,2025-07-21,Cash On Delivery,Paid,6097.94
129042,59042,2025-05-03,Upi,Paid,7486.7
129043,59043,2024-01-07,Upi,Paid,13065.36
129044,59044,2025-04-23,Debit Card,Paid,9303.28
129045,59045,2025-12-24,Credit Card,Paid,11517.6
129046,59046,2026-04-12,Cash On Delivery,Paid,18494.28
129047,59047,2024-04-02,Credit Card,Paid,24881.21
129048,59048,2025-10-25,Cash On Delivery,Paid,17383.7
129049,59049,2024-04-18,Debit Card,Failed,26940.63
129050,59050,2024-02-02,Upi,Paid,23535.0
129051,59051,2024-02-14,Upi,Pending,4683.9
129052,59052,2024-04-24,Wallet,Paid,7167.57
129053,59053,2024-03-24,Upi,Paid,5152.07
129054,59054,2025-07-16,Debit Card,Paid,14844.47
129055,59055,2026-06-11,Upi,Paid,21285.35
129056,59056,2026-01-08,Credit Card,Paid,19974.34
129057,59057,2025-12-13,Upi,Paid,26854.12
129058,59058,2024-04-23,Net Banking,Paid,28604.49
129059,59059,2026-06-29,Cash On Delivery,Paid,25225.78
129060,59060,2025-05-05,Upi,Paid,22982.22
129061,59061,2024-02-03,Upi,Refunded,13490.35
129062,59062,2025-09-17,Upi,Paid,838.04
129063,59063,2025-11-17,Upi,Paid,21209.23
129064,59064,2025-01-23,Debit Card,Paid,850.88
129065,59065,2025-11-25,Upi,Paid,14947.0
129066,59066,2025-11-03,Net Banking,Paid,12395.93
129067,59067,2025-07-17,Cash On Delivery,Paid,2410.1
129068,59068,2024-12-01,Upi,Paid,22135.42
129069,59069,2026-08-29,Wallet,Failed,20643.94
129070,59070,2025-08-29,Credit Card,Paid,27441.37
129071,59071,2025-03-25,Upi,Paid,7034.42
129072,59072,2026-01-14,Debit Card,Paid,12069.66
129073,59073,2024-08-26,Net Banking,Paid,1837.5
129074,59074,2026-07-18,Credit Card,Paid,29698.34
129075,59075,2025-12-15,Debit Card,Paid,16226.38
129076,59076,2025-09-13,Upi,Paid,2994.5
129077,59077,2024-09-16,Upi,Pending,20672.26
129078,59078,2024-12-10,Wallet,Paid,28489.49
129079,59079,2026-07-12,Upi,Pending,26391.57
129080,59080,2025-12-01,Cash On Delivery,Failed,7185.34
129081,59081,2024-04-19,Credit Card,Paid,3671.53
129082,59082,2026-02-19,Debit Card,Paid,5386.07
129083,59083,2024-04-25,Cash On Delivery,Paid,13422.34
129084,59084,2025-02-07,Cash On Delivery,Paid,20989.95
129085,59085,2025-02-09,Credit Card,Paid,9759.6
129086,59086,2024-12-18,Upi,Paid,13503.49
129087,59087,2025-04-28,Debit Card,Paid,14917.17
129088,59088,2024-05-27,Credit Card,Paid,19964.66
129089,59089,2025-10-06,Upi,Paid,22108.97
129090,59090,2025-10-21,Debit Card,Paid,6083.76
129091,59091,2026-04-07,Upi,Paid,7403.57
129092,59092,2025-03-10,Credit Card,Paid,16272.76
129093,59093,2025-05-30,Upi,Refunded,15163.29
129094,59094,2024-05-10,Upi,Paid,26029.87
129095,59095,2024-12-05,Upi,Paid,23314.21
129096,59096,2025-07-01,Net Banking,Paid,13758.29
129097,59097,2025-02-09,Net Banking,Paid,9080.37
129098,59098,2026-08-20,Upi,Paid,5416.3
129099,59099,2024-09-26,Credit Card,Failed,3088.18
129100,59100,2024-02-19,Upi,Paid,24946.85
129101,59101,2026-04-21,Credit Card,Paid,22362.02
129102,59102,2025-05-15,Upi,Paid,16305.07
129103,59103,2024-03-11,Upi,Paid,10010.12
129104,59104,2026-06-29,Debit Card,Paid,11258.85
129105,59105,2024-07-20,Upi,Paid,27858.47
129106,59106,2026-07-19,Debit Card,Paid,5255.01
129107,59107,2024-11-29,Net Banking,Failed,10476.07
129108,59108,2024-11-30,Upi,Paid,7043.21
129109,59109,2024-07-24,Net Banking,Paid,23170.41
129110,59110,2024-06-16,Cash On Delivery,Refunded,12388.95
129111,59111,2026-02-17,Upi,Paid,9803.81
129112,59112,2025-02-12,Credit Card,Paid,9319.21
129113,59113,2025-06-23,Net Banking,Paid,15015.68
129114,59114,2024-11-07,Upi,Paid,14573.05
129115,59115,2025-02-14,Debit Card,Pending,15875.09
129116,59116,2025-04-15,Net Banking,Paid,13188.48
129117,59117,2024-10-28,Wallet,Paid,24564.43
129118,59118,2025-08-02,Debit Card,Pending,13712.56
129119,59119,2025-03-29,Upi,Paid,5979.75
129120,59120,2026-01-18,Credit Card,Paid,28302.41
129121,59121,2026-01-26,Wallet,Paid,11111.19
129122,59122,2025-09-08,Credit Card,Paid,21222.27
129123,59123,2024-04-13,Debit Card,Paid,29176.12
129124,59124,2026-05-17,Upi,Paid,29256.69
129125,59125,2025-11-06,Credit Card,Paid,13517.49
129126,59126,2025-12-16,Debit Card,Paid,9612.94
129127,59127,2025-09-23,Upi,Paid,23974.3
129128,59128,2025-05-19,Wallet,Paid,20575.98
129129,59129,2025-06-30,Wallet,Paid,27712.15
129130,59130,2024-04-25,Net Banking,Paid,21777.8
129131,59131,2026-06-11,Upi,Paid,3104.18
129132,59132,2026-02-19,Upi,Paid,14767.0
129133,59133,2026-06-03,Credit Card,Paid,13456.48
129134,59134,2025-11-26,Credit Card,Paid,7341.25
129135,59135,2024-09-16,Upi,Paid,23093.95
129136,59136,2024-11-25,Net Banking,Paid,28438.03
129137,59137,2026-04-21,Credit Card,Paid,12728.62
129138,59138,2024-08-15,Cash On Delivery,Paid,13081.11
129139,59139,2025-08-19,Cash On Delivery,Paid,16441.01
129140,59140,2025-10-01,Debit Card,Paid,26214.31
129141,59141,2024-06-28,Upi,Paid,21485.72
129142,59142,2024-03-23,Cash On Delivery,Failed,24369.29
129143,59143,2024-02-02,Cash On Delivery,Paid,10754.75
129144,59144,2026-02-02,Debit Card,Paid,12995.54
129145,59145,2024-10-12,Credit Card,Paid,1359.72
129146,59146,2024-08-09,Debit Card,Paid,377.22
129147,59147,2026-05-31,Upi,Paid,16852.61
129148,59148,2025-07-29,Upi,Failed,3393.22
129149,59149,2024-01-24,Upi,Failed,28747.14
129150,59150,2024-10-23,Wallet,Refunded,15920.62
129151,59151,2025-04-06,Debit Card,Paid,13406.37
129152,59152,2025-04-09,Upi,Paid,10580.96
129153,59153,2026-01-31,Upi,Paid,13696.1
129154,59154,2026-02-16,Net Banking,Refunded,1571.8
129155,59155,2024-02-02,Wallet,Paid,7051.53
129156,59156,2024-10-08,Debit Card,Paid,24224.6
129157,59157,2025-08-08,Upi,Paid,25011.53
129158,59158,2024-02-03,Credit Card,Paid,21262.28
129159,59159,2025-07-08,Upi,Paid,12125.21
129160,59160,2024-03-17,Upi,Paid,21109.01
129161,59161,2025-07-10,Net Banking,Paid,12241.62
129162,59162,2024-03-16,Debit Card,Paid,15314.56
129163,59163,2025-12-20,Wallet,Paid,19156.4
129164,59164,2025-03-23,Upi,Paid,6293.66
129165,59165,2026-07-12,Debit Card,Paid,15450.77
129166,59166,2024-03-24,Net Banking,Paid,29190.72
129167,59167,2026-04-23,Upi,Paid,20369.01
129168,59168,2025-02-07,Debit Card,Paid,7550.17
129169,59169,2025-04-21,Credit Card,Paid,20615.19
129170,59170,2025-11-09,Cash On Delivery,Paid,22207.23
129171,59171,2025-08-28,Net Banking,Paid,657.35
129172,59172,2026-05-06,Debit Card,Paid,25122.23
129173,59173,2026-03-18,Upi,Paid,22460.56
129174,59174,2024-08-05,Upi,Paid,1278.58
129175,59175,2024-09-25,Upi,Refunded,25123.09
129176,59176,2026-04-30,Debit Card,Paid,19196.02
129177,59177,2026-02-25,Wallet,Paid,29323.76
129178,59178,2026-08-09,Upi,Paid,22842.99
129179,59179,2026-06-08,Credit Card,Paid,19711.57
129180,59180,2025-08-31,Upi,Failed,27751.61
129181,59181,2026-07-25,Upi,Paid,2427.91
129182,59182,2025-12-17,Credit Card,Paid,19359.31
129183,59183,2026-05-13,Upi,Paid,4581.31
129184,59184,2025-04-14,Net Banking,Paid,29642.02
129185,59185,2026-07-26,Upi,Paid,19168.55
129186,59186,2024-03-15,Credit Card,Pending,18666.44
129187,59187,2026-05-30,Upi,Paid,28278.23
129188,59188,2026-07-20,Credit Card,Paid,7576.5
129189,59189,2026-02-06,Credit Card,Refunded,6200.58
129190,59190,2026-07-07,Net Banking,Paid,898.56
129191,59191,2025-02-13,Cash On Delivery,Paid,16440.69
129192,59192,2024-11-11,Debit Card,Paid,654.31
129193,59193,2024-05-09,Credit Card,Paid,6001.4
129194,59194,2024-07-11,Wallet,Paid,13563.88
129195,59195,2026-04-21,Debit Card,Paid,20281.64
129196,59196,2024-03-07,Debit Card,Paid,18744.94
129197,59197,2024-07-15,Debit Card,Paid,1259.24
129198,59198,2025-04-30,Credit Card,Paid,16220.84
129199,59199,2024-12-17,Wallet,Paid,20864.92
129200,59200,2026-06-17,Upi,Pending,20088.46
129201,59201,2024-01-30,Net Banking,Paid,25748.74
129202,59202,2024-02-09,Upi,Refunded,22600.21
129203,59203,2024-09-21,Net Banking,Paid,1559.34
129204,59204,2025-08-19,Upi,Paid,19833.59
129205,59205,2024-12-14,Upi,Paid,27130.5
129206,59206,2026-03-24,Upi,Failed,20856.14
129207,59207,2024-04-04,Debit Card,Paid,21709.38
129208,59208,2025-01-05,Upi,Paid,14162.73
129209,59209,2025-09-22,Upi,Paid,29699.96
129210,59210,2025-08-17,Debit Card,Paid,17354.42
129211,59211,2025-05-18,Upi,Paid,12395.93
129212,59212,2025-03-09,Cash On Delivery,Paid,11351.49
129213,59213,2024-04-03,Credit Card,Paid,15854.96
129214,59214,2024-03-07,Wallet,Paid,11439.72
129215,59215,2024-02-23,Debit Card,Paid,2233.93
129216,59216,2025-05-07,Net Banking,Paid,26471.07
129217,59217,2026-05-08,Net Banking,Paid,1060.9
129218,59218,2024-03-29,Credit Card,Paid,9601.63
129219,59219,2024-03-04,Debit Card,Paid,28034.91
129220,59220,2025-10-29,Upi,Paid,11898.97
129221,59221,2025-05-01,Credit Card,Paid,24401.23
129222,59222,2024-10-27,Debit Card,Paid,7004.76
129223,59223,2024-01-21,Upi,Paid,647.48
129224,59224,2026-02-20,Cash On Delivery,Paid,14491.32
129225,59225,2025-10-04,Upi,Paid,22471.42
129226,59226,2025-07-24,Debit Card,Paid,6986.18
129227,59227,2024-08-15,Upi,Failed,29470.17
129228,59228,2026-06-26,Credit Card,Paid,26422.55
129229,59229,2024-03-03,Debit Card,Paid,1425.03
129230,59230,2025-12-17,Wallet,Refunded,15156.22
129231,59231,2025-12-07,Wallet,Pending,13344.65
129232,59232,2025-12-07,Credit Card,Paid,17519.06
129233,59233,2025-08-09,Upi,Paid,27481.44
129234,59234,2024-10-23,Credit Card,Refunded,15039.32
129235,59235,2025-03-18,Net Banking,Paid,5844.65
129236,59236,2025-03-04,Wallet,Paid,23065.7
129237,59237,2026-04-21,Upi,Paid,23678.16
129238,59238,2025-12-26,Debit Card,Paid,10467.08
129239,59239,2025-04-10,Debit Card,Paid,15645.4
129240,59240,2025-12-01,Credit Card,Paid,22239.98
129241,59241,2026-07-31,Credit Card,Paid,16052.25
129242,59242,2025-11-04,Credit Card,Pending,24634.52
129243,59243,2024-12-11,Wallet,Paid,28669.16
129244,59244,2024-01-11,Upi,Paid,16891.7
129245,59245,2026-05-03,Upi,Paid,3981.73
129246,59246,2024-01-19,Debit Card,Paid,24831.78
129247,59247,2025-05-10,Upi,Paid,29539.15
129248,59248,2024-03-07,Debit Card,Paid,24763.35
129249,59249,2026-05-03,Cash On Delivery,Paid,10592.18
129250,59250,2024-02-03,Upi,Paid,23091.71
129251,59251,2025-10-25,Upi,Paid,6130.08
129252,59252,2026-01-22,Upi,Paid,16542.88
129253,59253,2025-12-14,Credit Card,Paid,20789.02
129254,59254,2025-06-16,Credit Card,Paid,5784.9
129255,59255,2025-07-29,Upi,Paid,22683.45
129256,59256,2025-05-06,Net Banking,Paid,11622.94
129257,59257,2026-01-06,Upi,Paid,4400.0
129258,59258,2024-03-27,Net Banking,Failed,8605.85
129259,59259,2026-05-16,Upi,Paid,22112.79
129260,59260,2026-01-23,Cash On Delivery,Paid,6986.47
129261,59261,2026-07-31,Debit Card,Paid,28118.13
129262,59262,2024-04-01,Credit Card,Paid,13701.2
129263,59263,2024-07-24,Upi,Paid,16150.55
129264,59264,2024-08-06,Credit Card,Paid,19234.19
129265,59265,2025-02-04,Cash On Delivery,Paid,25914.34
129266,59266,2026-03-07,Net Banking,Paid,22375.18
129267,59267,2026-02-05,Upi,Paid,29500.69
129268,59268,2025-11-02,Debit Card,Paid,14976.53
129269,59269,2025-01-21,Credit Card,Paid,18438.37
129270,59270,2024-04-01,Credit Card,Failed,7355.64
129271,59271,2025-11-07,Credit Card,Paid,11866.48
129272,59272,2024-03-15,Credit Card,Paid,14685.76
129273,59273,2024-07-18,Wallet,Paid,29224.5
129274,59274,2025-01-30,Upi,Paid,22214.36
129275,59275,2026-01-26,Cash On Delivery,Paid,12361.47
129276,59276,2025-08-11,Cash On Delivery,Paid,7337.47
129277,59277,2024-04-13,Upi,Paid,734.23
129278,59278,2024-08-28,Credit Card,Paid,20039.7
129279,59279,2026-04-04,Upi,Paid,22431.48
129280,59280,2025-07-24,Net Banking,Paid,7802.49
129281,59281,2025-09-29,Debit Card,Paid,24473.0
129282,59282,2024-12-14,Net Banking,Paid,22329.09
129283,59283,2026-03-01,Upi,Paid,9799.12
129284,59284,2025-07-26,Net Banking,Paid,19817.7
129285,59285,2024-03-21,Upi,Paid,19277.88
129286,59286,2025-12-06,Upi,Paid,27478.51
129287,59287,2024-10-08,Wallet,Paid,20102.46
129288,59288,2026-03-28,Upi,Paid,23742.2
129289,59289,2025-09-12,Upi,Paid,28393.0
129290,59290,2024-07-10,Debit Card,Paid,24111.24
129291,59291,2024-02-01,Cash On Delivery,Paid,16301.92
129292,59292,2024-03-26,Wallet,Paid,8578.12
129293,59293,2024-08-29,Credit Card,Paid,29669.24
129294,59294,2024-04-27,Credit Card,Paid,6875.01
129295,59295,2025-10-02,Credit Card,Pending,19173.65
129296,59296,2024-06-11,Upi,Paid,22747.88
129297,59297,2025-03-09,Upi,Paid,18136.32
129298,59298,2024-11-12,Debit Card,Paid,21868.47
129299,59299,2025-09-30,Credit Card,Paid,7441.72
129300,59300,2024-01-29,Debit Card,Paid,21014.59
129301,59301,2025-01-28,Upi,Paid,25094.26
129302,59302,2026-03-18,Credit Card,Paid,22517.42
129303,59303,2024-08-29,Cash On Delivery,Paid,15547.16
129304,59304,2026-04-03,Debit Card,Paid,20939.29
129305,59305,2024-06-18,Upi,Paid,12335.0
129306,59306,2025-11-24,Wallet,Paid,3478.63
129307,59307,2024-10-03,Debit Card,Paid,8405.81
129308,59308,2024-12-11,Credit Card,Paid,710.68
129309,59309,2025-05-22,Cash On Delivery,Paid,1447.38
129310,59310,2025-11-19,Debit Card,Paid,3226.16
129311,59311,2025-05-26,Wallet,Paid,9930.2
129312,59312,2025-07-11,Cash On Delivery,Failed,27719.01
129313,59313,2024-10-10,Debit Card,Paid,28187.8
129314,59314,2025-10-07,Cash On Delivery,Paid,8701.62
129315,59315,2024-03-10,Credit Card,Paid,25563.13
129316,59316,2024-03-29,Debit Card,Paid,5089.32
129317,59317,2024-06-04,Credit Card,Paid,21030.03
129318,59318,2026-04-28,Upi,Paid,24351.86
129319,59319,2025-08-18,Net Banking,Paid,15469.05
129320,59320,2024-12-04,Debit Card,Paid,20900.43
129321,59321,2025-09-01,Credit Card,Refunded,23888.61
129322,59322,2024-09-19,Upi,Paid,7542.19
129323,59323,2025-12-12,Upi,Refunded,16912.07
129324,59324,2025-01-14,Net Banking,Paid,21209.35
129325,59325,2025-08-24,Net Banking,Paid,15192.43
129326,59326,2024-08-27,Cash On Delivery,Paid,3125.83
129327,59327,2024-02-06,Debit Card,Paid,19421.09
129328,59328,2026-08-22,Upi,Refunded,4676.91
129329,59329,2025-09-27,Upi,Paid,24412.11
129330,59330,2025-09-21,Upi,Paid,21844.48
129331,59331,2025-08-10,Credit Card,Paid,23153.71
129332,59332,2026-05-22,Credit Card,Paid,743.16
129333,59333,2024-01-21,Upi,Paid,3861.41
129334,59334,2026-07-13,Cash On Delivery,Paid,9227.24
129335,59335,2025-03-24,Credit Card,Paid,29509.79
129336,59336,2025-07-19,Debit Card,Paid,16861.59
129337,59337,2026-07-01,Credit Card,Paid,1157.39
129338,59338,2026-02-15,Upi,Paid,10649.91
129339,59339,2024-12-08,Wallet,Paid,5290.8
129340,59340,2026-05-30,Cash On Delivery,Paid,3506.29
129341,59341,2024-03-22,Upi,Paid,10196.82
129342,59342,2024-05-26,Credit Card,Paid,5822.83
129343,59343,2024-08-08,Upi,Paid,21527.04
129344,59344,2024-09-18,Credit Card,Paid,336.72
129345,59345,2025-10-18,Debit Card,Paid,22240.48
129346,59346,2025-01-26,Upi,Failed,10252.09
129347,59347,2026-04-06,Net Banking,Paid,12599.47
129348,59348,2025-08-30,Cash On Delivery,Paid,7163.26
129349,59349,2025-08-10,Upi,Paid,16628.79
129350,59350,2026-01-17,Wallet,Paid,15552.61
129351,59351,2025-02-02,Debit Card,Paid,15848.28
129352,59352,2024-12-03,Wallet,Paid,23581.73
129353,59353,2024-04-16,Upi,Paid,22261.8
129354,59354,2026-03-31,Cash On Delivery,Paid,17256.16
129355,59355,2024-08-13,Credit Card,Paid,13555.52
129356,59356,2025-09-26,Cash On Delivery,Paid,18609.41
129357,59357,2026-02-06,Credit Card,Paid,27698.63
129358,59358,2024-12-27,Wallet,Failed,6167.8
129359,59359,2024-06-10,Credit Card,Paid,19853.64
129360,59360,2025-10-23,Debit Card,Paid,12568.52
129361,59361,2024-11-13,Credit Card,Paid,20925.77
129362,59362,2026-04-07,Upi,Pending,26592.68
129363,59363,2025-03-10,Credit Card,Paid,15081.88
129364,59364,2024-11-22,Upi,Paid,28788.95
129365,59365,2025-12-07,Debit Card,Paid,3892.53
129366,59366,2025-01-12,Credit Card,Paid,3833.3
129367,59367,2026-02-15,Upi,Failed,23573.16
129368,59368,2025-11-05,Credit Card,Refunded,3370.41
129369,59369,2026-05-07,Upi,Paid,14629.67
129370,59370,2025-02-21,Net Banking,Paid,19077.66
129371,59371,2024-03-28,Debit Card,Refunded,16098.31
129372,59372,2024-06-24,Upi,Paid,21027.5
129373,59373,2024-01-08,Upi,Paid,8448.7
129374,59374,2026-04-09,Cash On Delivery,Paid,1674.01
129375,59375,2024-08-24,Credit Card,Paid,22247.8
129376,59376,2024-07-14,Debit Card,Paid,6361.66
129377,59377,2025-08-10,Upi,Paid,28635.93
129378,59378,2024-08-27,Credit Card,Paid,10644.17
129379,59379,2026-08-08,Upi,Paid,13688.95
129380,59380,2026-04-24,Cash On Delivery,Pending,16981.01
129381,59381,2025-03-13,Wallet,Paid,14251.48
129382,59382,2025-09-16,Debit Card,Paid,21991.36
129383,59383,2025-01-10,Cash On Delivery,Paid,24738.06
129384,59384,2025-02-24,Upi,Refunded,15760.78
129385,59385,2025-04-12,Debit Card,Paid,5471.55
129386,59386,2025-01-08,Net Banking,Paid,7071.17
129387,59387,2025-02-27,Upi,Paid,5939.79
129388,59388,2024-06-28,Cash On Delivery,Paid,29364.06
129389,59389,2025-09-26,Debit Card,Paid,24160.92
129390,59390,2024-03-06,Net Banking,Paid,18232.03
129391,59391,2026-06-04,Upi,Paid,14926.4
129392,59392,2026-06-03,Net Banking,Paid,29730.66
129393,59393,2024-07-21,Upi,Paid,9319.4
129394,59394,2024-02-16,Debit Card,Paid,13661.06
129395,59395,2025-04-12,Cash On Delivery,Paid,27036.13
129396,59396,2024-03-02,Upi,Paid,6919.68
129397,59397,2025-01-27,Upi,Paid,15703.46
129398,59398,2025-12-31,Cash On Delivery,Paid,15052.83
129399,59399,2024-10-30,Upi,Paid,22466.24
129400,59400,2026-05-16,Wallet,Paid,8207.27
129401,59401,2024-01-16,Net Banking,Paid,25826.55
129402,59402,2025-11-21,Upi,Paid,2128.77
129403,59403,2025-05-03,Debit Card,Paid,25730.67
129404,59404,2024-08-22,Debit Card,Failed,2476.86
129405,59405,2025-02-22,Wallet,Paid,19816.36
129406,59406,2024-09-22,Credit Card,Paid,15240.6
129407,59407,2025-08-26,Upi,Paid,17254.93
129408,59408,2026-07-21,Upi,Paid,24866.04
129409,59409,2025-05-02,Upi,Paid,18822.23
129410,59410,2025-11-11,Credit Card,Paid,6264.09
129411,59411,2025-08-16,Credit Card,Paid,8777.1
129412,59412,2026-03-13,Debit Card,Paid,3295.98
129413,59413,2025-07-02,Upi,Paid,10054.72
129414,59414,2025-03-08,Credit Card,Paid,8588.52
129415,59415,2024-04-26,Upi,Paid,12513.61
129416,59416,2026-01-24,Credit Card,Paid,3793.32
129417,59417,2026-05-23,Credit Card,Paid,25536.31
129418,59418,2026-08-09,Debit Card,Paid,18836.71
129419,59419,2025-12-12,Cash On Delivery,Paid,29504.01
129420,59420,2024-12-14,Upi,Paid,14757.12
129421,59421,2025-11-14,Wallet,Paid,16907.09
129422,59422,2024-11-09,Wallet,Paid,22407.66
129423,59423,2026-05-21,Cash On Delivery,Paid,18740.21
129424,59424,2024-02-14,Debit Card,Paid,24642.32
129425,59425,2026-05-24,Net Banking,Failed,20393.86
129426,59426,2025-12-16,Credit Card,Refunded,23567.35
129427,59427,2026-05-13,Cash On Delivery,Failed,22845.19
129428,59428,2024-08-22,Upi,Paid,26383.94
129429,59429,2025-05-07,Upi,Paid,24818.56
129430,59430,2024-09-06,Credit Card,Paid,22030.61
129431,59431,2025-11-21,Net Banking,Pending,11164.48
129432,59432,2025-09-07,Upi,Paid,2398.65
129433,59433,2025-11-01,Net Banking,Paid,16408.09
129434,59434,2025-12-19,Cash On Delivery,Paid,12311.46
129435,59435,2024-02-14,Debit Card,Pending,1529.93
129436,59436,2025-01-30,Upi,Paid,1324.09
129437,59437,2024-09-04,Cash On Delivery,Paid,28022.06
129438,59438,2026-07-06,Credit Card,Paid,23372.58
129439,59439,2025-05-30,Debit Card,Paid,18944.61
129440,59440,2024-06-07,Debit Card,Refunded,1912.84
129441,59441,2025-01-16,Debit Card,Paid,29596.33
129442,59442,2025-05-26,Credit Card,Paid,13855.14
129443,59443,2024-11-14,Debit Card,Paid,27375.39
129444,59444,2025-08-21,Upi,Paid,21417.18
129445,59445,2026-01-16,Upi,Paid,22777.81
129446,59446,2025-08-24,Wallet,Paid,496.68
129447,59447,2025-07-16,Debit Card,Paid,16765.7
129448,59448,2025-09-29,Credit Card,Paid,26092.54
129449,59449,2024-10-09,Net Banking,Paid,12815.83
129450,59450,2025-09-07,Upi,Paid,27552.88
129451,59451,2024-02-21,Credit Card,Paid,930.9
129452,59452,2026-02-07,Debit Card,Paid,2794.58
129453,59453,2025-01-06,Upi,Paid,23916.35
129454,59454,2026-02-28,Upi,Paid,22795.47
129455,59455,2024-09-05,Wallet,Paid,8910.65
129456,59456,2026-08-06,Cash On Delivery,Paid,14759.04
129457,59457,2025-05-21,Cash On Delivery,Paid,21223.47
129458,59458,2026-07-02,Credit Card,Paid,4776.95
129459,59459,2024-10-12,Wallet,Paid,25593.99
129460,59460,2025-05-22,Cash On Delivery,Paid,1169.8
129461,59461,2025-11-23,Debit Card,Paid,20401.63
129462,59462,2025-11-15,Upi,Paid,6805.26
129463,59463,2024-09-05,Credit Card,Failed,3139.97
129464,59464,2025-01-26,Upi,Paid,21976.16
129465,59465,2024-08-14,Cash On Delivery,Paid,7902.98
129466,59466,2025-09-26,Debit Card,Paid,1855.18
129467,59467,2025-02-09,Upi,Refunded,19343.64
129468,59468,2024-01-11,Upi,Refunded,23827.65
129469,59469,2024-10-10,Upi,Paid,28782.46
129470,59470,2024-12-22,Credit Card,Paid,10978.03
129471,59471,2025-06-30,Cash On Delivery,Paid,11089.78
129472,59472,2026-06-09,Debit Card,Failed,27329.51
129473,59473,2026-08-12,Net Banking,Paid,5229.88
129474,59474,2025-10-19,Debit Card,Paid,29449.75
129475,59475,2026-05-27,Upi,Paid,11309.38
129476,59476,2024-01-18,Upi,Paid,26093.11
129477,59477,2026-04-17,Credit Card,Paid,29597.28
129478,59478,2025-05-25,Credit Card,Paid,16546.38
129479,59479,2024-12-27,Credit Card,Failed,14970.43
129480,59480,2024-12-21,Credit Card,Paid,9663.34
129481,59481,2024-12-05,Credit Card,Paid,5858.42
129482,59482,2026-02-23,Debit Card,Paid,17540.46
129483,59483,2025-03-24,Upi,Paid,19128.9
129484,59484,2024-04-23,Net Banking,Paid,22754.57
129485,59485,2026-05-27,Cash On Delivery,Paid,23293.9
129486,59486,2025-08-11,Upi,Paid,28027.63
129487,59487,2025-01-15,Debit Card,Paid,16323.26
129488,59488,2025-11-23,Upi,Paid,13023.88
129489,59489,2024-12-09,Upi,Paid,2806.45
129490,59490,2025-07-31,Cash On Delivery,Paid,18625.86
129491,59491,2024-01-10,Cash On Delivery,Paid,22311.5
129492,59492,2024-09-25,Upi,Paid,4496.11
129493,59493,2024-11-28,Debit Card,Paid,5860.7
129494,59494,2026-02-09,Upi,Paid,13527.63
129495,59495,2026-01-04,Debit Card,Failed,18046.06
129496,59496,2026-02-08,Upi,Paid,16169.55
129497,59497,2025-04-12,Upi,Paid,16782.32
129498,59498,2024-12-18,Upi,Paid,22487.39
129499,59499,2025-05-30,Wallet,Paid,17783.58
129500,59500,2024-09-18,Net Banking,Paid,3171.01
129501,59501,2025-05-29,Upi,Paid,24091.82
129502,59502,2025-10-06,Upi,Paid,16254.01
129503,59503,2026-08-01,Cash On Delivery,Paid,15614.4
129504,59504,2024-12-24,Debit Card,Paid,29567.59
129505,59505,2024-04-22,Credit Card,Paid,7555.07
129506,59506,2024-12-01,Upi,Paid,29183.0
129507,59507,2026-03-15,Cash On Delivery,Paid,3518.01
129508,59508,2025-03-13,Debit Card,Paid,504.76
129509,59509,2025-02-10,Credit Card,Paid,28159.15
129510,59510,2025-03-20,Debit Card,Paid,13473.24
129511,59511,2024-09-03,Credit Card,Paid,17733.68
129512,59512,2026-03-16,Cash On Delivery,Paid,15173.31
129513,59513,2025-10-16,Cash On Delivery,Paid,12168.93
129514,59514,2026-07-14,Upi,Failed,20666.98
129515,59515,2024-04-08,Cash On Delivery,Paid,17832.63
129516,59516,2025-11-23,Upi,Paid,12623.84
129517,59517,2024-03-22,Upi,Refunded,13939.75
129518,59518,2024-03-29,Upi,Paid,22697.54
129519,59519,2026-04-01,Upi,Paid,23825.07
129520,59520,2024-11-25,Cash On Delivery,Failed,8496.51
129521,59521,2024-11-05,Debit Card,Paid,23575.85
129522,59522,2024-07-04,Debit Card,Refunded,26745.88
129523,59523,2024-04-16,Upi,Paid,14136.07
129524,59524,2025-10-08,Credit Card,Paid,3543.15
129525,59525,2025-05-22,Credit Card,Paid,17218.18
129526,59526,2025-08-05,Upi,Paid,21446.09
129527,59527,2024-05-31,Credit Card,Paid,4738.48
129528,59528,2026-08-12,Upi,Paid,22666.2
129529,59529,2024-01-11,Upi,Paid,18065.94
129530,59530,2025-03-10,Wallet,Paid,22621.21
129531,59531,2025-05-22,Wallet,Failed,27544.13
129532,59532,2024-04-12,Credit Card,Paid,26570.19
129533,59533,2025-07-15,Cash On Delivery,Paid,1982.08
129534,59534,2025-08-06,Debit Card,Paid,19440.92
129535,59535,2025-05-29,Net Banking,Refunded,7429.27
129536,59536,2024-12-24,Wallet,Paid,954.71
129537,59537,2026-06-21,Debit Card,Refunded,29488.88
129538,59538,2024-06-23,Upi,Paid,7480.38
129539,59539,2025-12-25,Credit Card,Paid,11288.93
129540,59540,2024-12-28,Upi,Failed,28663.69
129541,59541,2025-01-13,Upi,Paid,20766.25
129542,59542,2024-08-21,Upi,Paid,23057.8
129543,59543,2025-10-17,Debit Card,Paid,26613.68
129544,59544,2024-07-12,Debit Card,Paid,7686.02
129545,59545,2024-12-28,Credit Card,Paid,14739.11
129546,59546,2025-04-14,Upi,Paid,981.43
129547,59547,2024-01-11,Debit Card,Paid,8480.65
129548,59548,2026-02-26,Debit Card,Paid,12292.34
129549,59549,2024-11-19,Upi,Paid,19301.23
129550,59550,2026-05-12,Debit Card,Paid,23923.13
129551,59551,2025-09-24,Upi,Paid,3775.24
129552,59552,2024-09-11,Net Banking,Refunded,16965.0
129553,59553,2025-10-05,Upi,Paid,15334.37
129554,59554,2025-03-10,Net Banking,Paid,9576.37
129555,59555,2025-04-18,Credit Card,Pending,18403.26
129556,59556,2026-03-30,Credit Card,Paid,8056.65
129557,59557,2025-09-13,Credit Card,Paid,18766.21
129558,59558,2026-08-17,Wallet,Paid,15789.18
129559,59559,2026-06-22,Debit Card,Paid,334.35
129560,59560,2026-04-07,Credit Card,Paid,5221.31
129561,59561,2025-03-29,Debit Card,Paid,1694.07
129562,59562,2025-04-24,Cash On Delivery,Paid,1399.89
129563,59563,2026-05-06,Upi,Pending,14809.74
129564,59564,2026-04-26,Upi,Paid,6713.57
129565,59565,2024-12-27,Upi,Paid,4634.87
129566,59566,2025-11-18,Net Banking,Paid,1287.81
129567,59567,2025-08-06,Debit Card,Paid,952.29
129568,59568,2024-04-21,Debit Card,Paid,17811.44
129569,59569,2024-05-01,Upi,Paid,3301.94
129570,59570,2024-03-24,Upi,Paid,1130.87
129571,59571,2024-09-06,Credit Card,Paid,1396.46
129572,59572,2026-06-29,Wallet,Paid,8220.77
129573,59573,2024-11-04,Debit Card,Paid,21633.03
129574,59574,2026-06-16,Upi,Paid,24532.72
129575,59575,2025-03-05,Upi,Paid,16673.18
129576,59576,2025-03-22,Upi,Paid,17794.46
129577,59577,2024-09-06,Credit Card,Paid,26738.87
129578,59578,2025-10-04,Wallet,Paid,28665.44
129579,59579,2025-07-26,Upi,Paid,1961.74
129580,59580,2024-10-25,Credit Card,Paid,18613.52
129581,59581,2026-01-31,Upi,Paid,2915.98
129582,59582,2025-11-11,Upi,Paid,17937.44
129583,59583,2025-11-22,Cash On Delivery,Paid,9328.31
129584,59584,2025-03-09,Upi,Paid,6813.47
129585,59585,2025-09-19,Upi,Paid,18681.94
129586,59586,2024-12-04,Cash On Delivery,Paid,22427.9
129587,59587,2026-08-27,Debit Card,Failed,17528.0
129588,59588,2025-03-03,Upi,Paid,17294.98
129589,59589,2024-09-22,Upi,Failed,14045.1
129590,59590,2025-03-17,Upi,Paid,17321.34
129591,59591,2026-07-02,Cash On Delivery,Paid,29401.84
129592,59592,2026-07-06,Upi,Paid,7779.31
129593,59593,2024-12-13,Debit Card,Paid,26600.57
129594,59594,2026-05-08,Debit Card,Paid,7503.35
129595,59595,2024-10-23,Debit Card,Paid,16344.48
129596,59596,2024-07-10,Cash On Delivery,Paid,1326.42
129597,59597,2024-08-06,Credit Card,Refunded,11591.33
129598,59598,2024-09-30,Debit Card,Paid,23687.68
129599,59599,2024-10-10,Credit Card,Paid,10931.25
129600,59600,2024-10-19,Upi,Paid,6845.47
129601,59601,2025-01-07,Credit Card,Paid,15742.26
129602,59602,2024-01-15,Upi,Refunded,12936.24
129603,59603,2025-01-04,Credit Card,Paid,2637.28
129604,59604,2025-05-31,Cash On Delivery,Paid,19314.22
129605,59605,2025-01-23,Upi,Paid,25031.31
129606,59606,2025-04-16,Debit Card,Paid,5488.02
129607,59607,2024-08-06,Cash On Delivery,Paid,26829.69
129608,59608,2024-04-30,Upi,Paid,19614.11
129609,59609,2026-05-25,Credit Card,Paid,11538.45
129610,59610,2026-08-21,Wallet,Paid,23875.93
129611,59611,2025-02-01,Upi,Paid,4219.47
129612,59612,2026-01-08,Wallet,Paid,1953.17
129613,59613,2024-05-17,Net Banking,Failed,2035.59
129614,59614,2024-06-29,Upi,Paid,18972.68
129615,59615,2025-05-21,Net Banking,Paid,29467.82
129616,59616,2025-11-15,Cash On Delivery,Failed,27061.97
129617,59617,2025-11-13,Cash On Delivery,Paid,22838.72
129618,59618,2024-11-29,Debit Card,Paid,27308.93
129619,59619,2026-05-02,Upi,Paid,9124.86
129620,59620,2025-09-08,Upi,Paid,27694.5
129621,59621,2024-11-04,Debit Card,Paid,19815.63
129622,59622,2025-04-03,Debit Card,Paid,25322.82
129623,59623,2024-10-18,Net Banking,Paid,1374.12
129624,59624,2024-05-17,Cash On Delivery,Paid,29704.26
129625,59625,2024-01-06,Net Banking,Paid,4117.1
129626,59626,2025-03-24,Wallet,Paid,1004.97
129627,59627,2024-01-09,Credit Card,Paid,15463.68
129628,59628,2026-07-21,Upi,Paid,3256.56
129629,59629,2026-05-04,Credit Card,Refunded,18831.23
129630,59630,2025-12-29,Wallet,Paid,21889.0
129631,59631,2025-12-30,Net Banking,Paid,28142.67
129632,59632,2025-09-02,Credit Card,Paid,1808.87
129633,59633,2025-12-11,Cash On Delivery,Paid,19298.51
129634,59634,2026-04-01,Credit Card,Paid,9834.54
129635,59635,2025-05-14,Wallet,Paid,5432.35
129636,59636,2026-03-14,Upi,Paid,17408.97
129637,59637,2024-08-21,Cash On Delivery,Paid,3457.33
129638,59638,2026-05-14,Upi,Paid,16077.41
129639,59639,2025-11-17,Upi,Paid,2846.41
129640,59640,2024-04-15,Upi,Paid,7737.25
129641,59641,2024-06-25,Credit Card,Paid,22344.78
129642,59642,2024-05-07,Debit Card,Paid,24838.07
129643,59643,2024-08-23,Debit Card,Paid,12567.57
129644,59644,2026-02-15,Debit Card,Paid,11861.24
129645,59645,2026-03-13,Credit Card,Paid,3681.68
129646,59646,2026-08-24,Net Banking,Refunded,12847.78
129647,59647,2024-05-06,Cash On Delivery,Paid,3593.1
129648,59648,2025-06-30,Upi,Paid,23321.31
129649,59649,2026-03-07,Debit Card,Paid,26187.41
129650,59650,2026-07-27,Upi,Paid,16734.02
129651,59651,2024-04-06,Upi,Paid,754.86
129652,59652,2025-10-06,Wallet,Paid,14410.23
129653,59653,2024-03-18,Credit Card,Paid,13254.24
129654,59654,2024-03-25,Upi,Paid,14458.25
129655,59655,2026-03-23,Cash On Delivery,Paid,26635.2
129656,59656,2026-06-19,Cash On Delivery,Paid,24154.45
129657,59657,2024-06-28,Upi,Paid,3650.88
129658,59658,2026-03-28,Debit Card,Paid,12186.56
129659,59659,2026-06-06,Upi,Failed,12126.57
129660,59660,2025-06-06,Credit Card,Paid,23773.74
129661,59661,2024-06-17,Credit Card,Paid,29920.72
129662,59662,2025-12-24,Upi,Paid,15703.52
129663,59663,2025-06-19,Cash On Delivery,Paid,22950.73
129664,59664,2024-12-08,Cash On Delivery,Paid,3214.62
129665,59665,2026-04-19,Credit Card,Paid,24040.45
129666,59666,2025-08-20,Upi,Failed,24374.63
129667,59667,2024-09-15,Debit Card,Paid,19723.78
129668,59668,2025-02-05,Wallet,Paid,13223.98
129669,59669,2024-10-27,Upi,Pending,14650.2
129670,59670,2025-05-28,Net Banking,Paid,8228.24
129671,59671,2024-09-19,Cash On Delivery,Paid,26967.02
129672,59672,2025-09-10,Upi,Paid,28936.56
129673,59673,2025-03-13,Credit Card,Refunded,19518.68
129674,59674,2024-02-24,Net Banking,Paid,26635.09
129675,59675,2024-01-08,Upi,Paid,15246.02
129676,59676,2024-04-05,Debit Card,Paid,22225.72
129677,59677,2024-06-06,Cash On Delivery,Failed,19901.23
129678,59678,2024-03-22,Upi,Paid,5317.58
129679,59679,2025-10-04,Credit Card,Paid,5741.97
129680,59680,2025-08-02,Upi,Paid,22830.11
129681,59681,2024-01-23,Upi,Paid,25917.69
129682,59682,2025-02-06,Upi,Paid,920.0
129683,59683,2024-10-12,Credit Card,Paid,25640.72
129684,59684,2025-04-30,Cash On Delivery,Paid,10799.93
129685,59685,2025-07-24,Net Banking,Paid,11021.53
129686,59686,2025-05-01,Upi,Pending,4355.58
129687,59687,2025-01-23,Upi,Paid,12068.26
129688,59688,2024-02-09,Upi,Paid,20535.6
129689,59689,2026-02-09,Net Banking,Paid,27324.41
129690,59690,2026-02-14,Debit Card,Paid,27103.72
129691,59691,2026-04-13,Upi,Paid,2007.0
129692,59692,2025-11-11,Cash On Delivery,Paid,15011.26
129693,59693,2024-11-16,Credit Card,Paid,10679.19
129694,59694,2025-10-31,Upi,Paid,357.26
129695,59695,2026-05-27,Debit Card,Paid,3751.4
129696,59696,2024-02-05,Upi,Paid,26036.01
129697,59697,2025-05-08,Debit Card,Failed,4263.98
129698,59698,2025-09-25,Credit Card,Paid,14278.16
129699,59699,2026-08-13,Credit Card,Paid,3129.14
129700,59700,2025-05-02,Upi,Paid,15197.65
129701,59701,2026-05-03,Upi,Paid,15117.01
129702,59702,2026-01-08,Debit Card,Paid,10051.27
129703,59703,2026-02-06,Debit Card,Paid,5242.62
129704,59704,2024-04-05,Upi,Paid,11500.13
129705,59705,2025-05-04,Upi,Paid,21823.23
129706,59706,2025-12-27,Upi,Paid,21826.94
129707,59707,2024-05-01,Credit Card,Paid,27541.0
129708,59708,2026-07-23,Credit Card,Paid,18752.64
129709,59709,2025-10-28,Net Banking,Paid,18610.9
129710,59710,2026-04-06,Net Banking,Paid,20257.23
129711,59711,2025-09-06,Upi,Failed,3100.4
129712,59712,2026-05-19,Debit Card,Refunded,322.28
129713,59713,2026-05-25,Upi,Paid,16480.21
129714,59714,2024-03-17,Wallet,Paid,3928.33
129715,59715,2026-06-28,Wallet,Paid,7512.38
129716,59716,2025-05-30,Cash On Delivery,Paid,28322.38
129717,59717,2025-04-21,Debit Card,Paid,7871.38
129718,59718,2024-08-28,Wallet,Paid,16380.11
129719,59719,2025-01-27,Upi,Paid,28538.37
129720,59720,2025-06-13,Upi,Paid,8435.99
129721,59721,2025-06-03,Debit Card,Paid,10382.99
129722,59722,2025-11-16,Debit Card,Paid,1136.81
129723,59723,2025-10-21,Credit Card,Paid,24454.0
129724,59724,2025-12-27,Credit Card,Paid,9011.56
129725,59725,2025-07-16,Wallet,Paid,15351.89
129726,59726,2026-08-22,Net Banking,Paid,3904.08
129727,59727,2026-05-05,Net Banking,Paid,23891.49
129728,59728,2026-07-19,Upi,Paid,4967.03
129729,59729,2025-12-04,Cash On Delivery,Paid,24234.63
129730,59730,2024-08-29,Upi,Paid,14434.79
129731,59731,2026-07-27,Net Banking,Failed,4859.15
129732,59732,2026-06-08,Upi,Paid,18054.01
129733,59733,2024-10-14,Upi,Paid,5951.5
129734,59734,2026-05-09,Credit Card,Paid,22754.52
129735,59735,2025-05-21,Debit Card,Paid,15938.15
129736,59736,2025-12-03,Net Banking,Paid,28680.91
129737,59737,2024-11-30,Upi,Refunded,18394.49
129738,59738,2024-09-07,Upi,Failed,3957.63
129739,59739,2025-01-28,Credit Card,Paid,21054.82
129740,59740,2024-07-04,Debit Card,Paid,13845.69
129741,59741,2024-05-18,Upi,Paid,20324.34
129742,59742,2025-03-01,Cash On Delivery,Paid,10848.52
129743,59743,2026-07-08,Net Banking,Paid,15136.09
129744,59744,2024-02-10,Net Banking,Paid,1063.71
129745,59745,2024-11-14,Upi,Paid,10341.85
129746,59746,2024-10-05,Debit Card,Paid,5497.53
129747,59747,2024-07-23,Credit Card,Paid,5974.05
129748,59748,2024-03-14,Debit Card,Paid,21038.07
129749,59749,2024-06-22,Debit Card,Paid,14864.45
129750,59750,2025-05-25,Upi,Paid,20378.81
129751,59751,2025-02-19,Wallet,Refunded,20822.46
129752,59752,2025-08-22,Cash On Delivery,Paid,350.49
129753,59753,2026-04-11,Credit Card,Paid,8609.09
129754,59754,2024-04-19,Debit Card,Pending,3148.26
129755,59755,2024-11-17,Upi,Paid,20297.4
129756,59756,2026-04-29,Upi,Paid,17408.07
129757,59757,2024-08-17,Debit Card,Paid,18830.64
129758,59758,2024-04-05,Debit Card,Paid,17080.96
129759,59759,2024-08-21,Cash On Delivery,Paid,10939.5
129760,59760,2025-01-19,Net Banking,Paid,16494.07
129761,59761,2024-09-07,Upi,Paid,28565.6
129762,59762,2025-05-03,Upi,Failed,10239.7
129763,59763,2024-07-19,Net Banking,Paid,12254.52
129764,59764,2025-07-20,Upi,Paid,27554.94
129765,59765,2026-04-20,Credit Card,Paid,19709.16
129766,59766,2024-11-05,Upi,Paid,18520.2
129767,59767,2025-06-13,Upi,Paid,20991.52
129768,59768,2025-11-22,Debit Card,Paid,11541.97
129769,59769,2024-03-05,Upi,Paid,10234.78
129770,59770,2024-11-30,Credit Card,Paid,21347.94
129771,59771,2025-09-10,Upi,Paid,12773.06
129772,59772,2024-09-04,Wallet,Paid,26623.21
129773,59773,2025-02-03,Credit Card,Paid,25660.09
129774,59774,2025-03-16,Debit Card,Paid,17837.56
129775,59775,2026-06-30,Debit Card,Paid,18724.55
129776,59776,2024-04-20,Credit Card,Paid,5421.13
129777,59777,2025-09-10,Net Banking,Paid,20659.05
129778,59778,2026-07-29,Cash On Delivery,Refunded,7806.19
129779,59779,2026-05-28,Debit Card,Paid,6883.08
129780,59780,2025-06-19,Upi,Paid,3079.04
129781,59781,2025-01-12,Wallet,Paid,19655.14
129782,59782,2024-05-21,Net Banking,Paid,27882.65
129783,59783,2024-09-11,Credit Card,Paid,5985.24
129784,59784,2026-02-14,Credit Card,Paid,22103.24
129785,59785,2024-01-28,Debit Card,Paid,18899.05
129786,59786,2025-12-02,Credit Card,Paid,24843.42
129787,59787,2026-06-23,Credit Card,Paid,6147.54
129788,59788,2025-02-21,Debit Card,Paid,3224.31
129789,59789,2026-02-25,Upi,Paid,6213.92
129790,59790,2026-08-13,Credit Card,Paid,17643.61
129791,59791,2026-01-10,Credit Card,Paid,18550.29
129792,59792,2025-05-03,Upi,Paid,3629.44
129793,59793,2025-07-03,Debit Card,Paid,21101.87
129794,59794,2024-07-27,Credit Card,Paid,16534.67
129795,59795,2024-05-08,Credit Card,Paid,1553.78
129796,59796,2026-02-08,Credit Card,Paid,13555.1
129797,59797,2025-05-20,Upi,Paid,16838.51
129798,59798,2026-06-19,Net Banking,Paid,7564.97
129799,59799,2025-12-21,Upi,Paid,17331.43
129800,59800,2024-09-14,Credit Card,Paid,19912.87
129801,59801,2026-07-25,Wallet,Failed,11795.24
129802,59802,2024-01-10,Upi,Paid,2629.61
129803,59803,2024-04-03,Upi,Paid,6910.93
129804,59804,2025-08-17,Cash On Delivery,Paid,23571.55
129805,59805,2025-08-11,Credit Card,Paid,8327.62
129806,59806,2025-12-11,Debit Card,Pending,11086.72
129807,59807,2025-09-19,Debit Card,Paid,2445.36
129808,59808,2024-09-12,Cash On Delivery,Paid,22688.99
129809,59809,2024-05-26,Debit Card,Paid,26183.75
129810,59810,2026-07-26,Credit Card,Paid,29131.92
129811,59811,2024-11-26,Cash On Delivery,Paid,11209.32
129812,59812,2024-06-13,Wallet,Paid,1811.12
129813,59813,2024-03-10,Upi,Failed,9959.09
129814,59814,2026-02-16,Upi,Paid,25048.04
129815,59815,2026-04-02,Credit Card,Paid,28113.07
129816,59816,2026-04-30,Credit Card,Paid,11894.64
129817,59817,2026-04-09,Credit Card,Refunded,8064.59
129818,59818,2024-06-14,Cash On Delivery,Paid,29528.13
129819,59819,2024-01-14,Cash On Delivery,Paid,3026.75
129820,59820,2025-05-03,Debit Card,Paid,8886.82
129821,59821,2025-05-09,Net Banking,Paid,6115.37
129822,59822,2024-01-28,Upi,Paid,12240.55
129823,59823,2026-05-03,Cash On Delivery,Paid,7602.07
129824,59824,2025-09-14,Upi,Paid,21352.54
129825,59825,2025-10-25,Wallet,Paid,18338.3
129826,59826,2025-06-16,Credit Card,Paid,8358.1
129827,59827,2026-08-23,Net Banking,Paid,19918.11
129828,59828,2026-01-27,Debit Card,Paid,26338.46
129829,59829,2025-07-17,Net Banking,Paid,1235.96
129830,59830,2025-05-01,Cash On Delivery,Pending,18117.9
129831,59831,2026-03-23,Cash On Delivery,Paid,27287.32
129832,59832,2024-12-10,Wallet,Paid,15559.53
129833,59833,2026-04-18,Debit Card,Paid,11286.87
129834,59834,2024-05-13,Credit Card,Paid,20576.64
129835,59835,2024-02-06,Cash On Delivery,Paid,19413.71
129836,59836,2024-02-19,Upi,Paid,5282.86
129837,59837,2024-12-22,Debit Card,Paid,11986.84
129838,59838,2025-05-28,Credit Card,Paid,27173.01
129839,59839,2026-05-19,Upi,Paid,28761.79
129840,59840,2026-06-11,Upi,Pending,28463.53
129841,59841,2024-02-01,Upi,Paid,13850.92
129842,59842,2026-01-16,Cash On Delivery,Paid,5643.19
129843,59843,2024-07-16,Upi,Failed,12452.56
129844,59844,2025-01-18,Credit Card,Paid,20823.66
129845,59845,2026-04-13,Debit Card,Paid,9846.09
129846,59846,2026-08-15,Upi,Paid,23650.16
129847,59847,2026-02-10,Cash On Delivery,Paid,9292.47
129848,59848,2024-06-28,Wallet,Refunded,13551.3
129849,59849,2024-02-06,Upi,Paid,27248.17
129850,59850,2026-08-28,Cash On Delivery,Paid,27171.82
129851,59851,2024-08-18,Credit Card,Paid,5852.04
129852,59852,2024-08-13,Upi,Paid,1668.11
129853,59853,2025-05-23,Credit Card,Paid,9002.59
129854,59854,2024-06-15,Credit Card,Paid,14111.53
129855,59855,2025-10-09,Upi,Paid,4337.02
129856,59856,2026-04-13,Upi,Failed,8639.82
129857,59857,2024-12-04,Credit Card,Paid,18509.78
129858,59858,2025-04-01,Net Banking,Paid,21653.99
129859,59859,2026-05-22,Upi,Refunded,11346.66
129860,59860,2026-05-16,Credit Card,Paid,8440.38
129861,59861,2024-04-03,Cash On Delivery,Paid,19731.26
129862,59862,2025-12-26,Upi,Paid,3845.3
129863,59863,2024-01-23,Wallet,Failed,15558.8
129864,59864,2024-06-02,Debit Card,Failed,6374.01
129865,59865,2025-09-01,Upi,Paid,26514.48
129866,59866,2024-04-28,Credit Card,Paid,6286.51
129867,59867,2024-06-30,Debit Card,Paid,27786.46
129868,59868,2025-03-10,Credit Card,Paid,15947.14
129869,59869,2025-02-07,Upi,Paid,11337.46
129870,59870,2025-07-01,Net Banking,Paid,943.26
129871,59871,2026-06-13,Cash On Delivery,Paid,20383.27
129872,59872,2025-02-17,Wallet,Paid,15231.58
129873,59873,2024-10-25,Upi,Paid,2121.89
129874,59874,2024-07-26,Cash On Delivery,Refunded,26051.9
129875,59875,2026-05-01,Credit Card,Paid,3185.68
129876,59876,2024-07-31,Upi,Paid,25215.78
129877,59877,2024-01-06,Upi,Paid,9744.25
129878,59878,2025-05-12,Credit Card,Paid,16419.78
129879,59879,2025-12-11,Credit Card,Paid,2020.87
129880,59880,2024-01-17,Upi,Paid,7203.24
129881,59881,2025-09-11,Cash On Delivery,Paid,29602.82
129882,59882,2025-03-01,Credit Card,Paid,22364.29
129883,59883,2026-01-25,Net Banking,Failed,4915.53
129884,59884,2024-02-05,Wallet,Refunded,24725.95
129885,59885,2026-05-23,Upi,Paid,7953.72
129886,59886,2026-04-29,Debit Card,Paid,8152.53
129887,59887,2025-10-30,Wallet,Paid,28656.13
129888,59888,2025-08-25,Net Banking,Paid,10387.3
129889,59889,2025-11-13,Upi,Paid,17562.46
129890,59890,2024-06-06,Upi,Paid,2407.69
129891,59891,2026-05-20,Credit Card,Paid,2068.2
129892,59892,2026-01-16,Wallet,Paid,15048.89
129893,59893,2026-01-03,Debit Card,Refunded,11367.75
129894,59894,2025-04-22,Upi,Paid,10452.93
129895,59895,2024-05-19,Upi,Paid,24366.97
129896,59896,2025-05-11,Net Banking,Paid,4227.86
129897,59897,2025-06-12,Credit Card,Failed,1238.67
129898,59898,2024-09-05,Net Banking,Paid,392.53
129899,59899,2026-06-17,Credit Card,Failed,13451.61
129900,59900,2025-01-19,Net Banking,Refunded,11348.54
129901,59901,2026-07-16,Upi,Paid,23567.09
129902,59902,2026-05-01,Cash On Delivery,Failed,24029.71
129903,59903,2024-03-16,Credit Card,Paid,3209.41
129904,59904,2024-05-23,Credit Card,Paid,26466.88
129905,59905,2025-01-17,Upi,Paid,27877.62
129906,59906,2025-08-29,Upi,Paid,18091.48
129907,59907,2024-04-21,Wallet,Paid,12195.22
129908,59908,2024-07-31,Upi,Paid,11398.56
129909,59909,2026-04-12,Net Banking,Paid,19502.79
129910,59910,2025-03-07,Upi,Paid,2321.66
129911,59911,2025-06-25,Cash On Delivery,Paid,4842.72
129912,59912,2025-06-04,Wallet,Paid,12086.42
129913,59913,2026-07-30,Credit Card,Paid,23726.42
129914,59914,2024-04-28,Cash On Delivery,Paid,26971.09
129915,59915,2025-05-23,Upi,Paid,8866.86
129916,59916,2024-03-18,Debit Card,Paid,11501.11
129917,59917,2024-02-15,Upi,Paid,19628.64
129918,59918,2025-04-14,Upi,Paid,7745.38
129919,59919,2026-05-28,Upi,Paid,23910.73
129920,59920,2025-02-03,Credit Card,Paid,947.64
129921,59921,2025-11-28,Debit Card,Paid,24709.48
129922,59922,2026-06-14,Wallet,Paid,7885.27
129923,59923,2024-01-07,Debit Card,Paid,14266.71
129924,59924,2025-11-09,Wallet,Paid,25668.01
129925,59925,2026-05-22,Upi,Paid,17259.13
129926,59926,2026-05-19,Credit Card,Paid,7684.22
129927,59927,2025-12-15,Upi,Paid,1909.3
129928,59928,2026-06-20,Credit Card,Failed,6323.93
129929,59929,2025-08-08,Cash On Delivery,Failed,25047.21
129930,59930,2024-01-19,Net Banking,Paid,11111.13
129931,59931,2026-08-13,Upi,Paid,29578.58
129932,59932,2026-05-03,Net Banking,Paid,28842.88
129933,59933,2024-07-04,Upi,Paid,22473.46
129934,59934,2026-07-19,Net Banking,Paid,7564.14
129935,59935,2025-09-25,Net Banking,Paid,7576.67
129936,59936,2025-03-18,Upi,Paid,16485.43
129937,59937,2026-03-06,Upi,Refunded,12758.55
129938,59938,2025-09-11,Upi,Paid,8983.42
129939,59939,2026-02-06,Debit Card,Paid,25460.86
129940,59940,2024-12-01,Credit Card,Paid,26126.15
129941,59941,2025-01-14,Debit Card,Paid,14271.89
129942,59942,2024-04-07,Debit Card,Paid,14214.61
129943,59943,2026-05-12,Credit Card,Paid,18786.08
129944,59944,2024-09-13,Credit Card,Paid,3442.62
129945,59945,2024-05-16,Credit Card,Paid,13586.58
129946,59946,2024-03-20,Cash On Delivery,Paid,8038.47
129947,59947,2025-01-10,Cash On Delivery,Paid,15861.79
129948,59948,2025-04-18,Debit Card,Paid,4323.22
129949,59949,2026-03-20,Credit Card,Paid,1376.61
129950,59950,2025-09-25,Upi,Paid,7331.18
129951,59951,2026-02-23,Credit Card,Paid,10398.8
129952,59952,2024-01-06,Cash On Delivery,Paid,19719.35
129953,59953,2024-02-01,Cash On Delivery,Paid,13523.5
129954,59954,2024-08-12,Net Banking,Paid,11143.47
129955,59955,2025-01-12,Upi,Paid,7399.32
129956,59956,2024-03-12,Credit Card,Paid,9481.97
129957,59957,2026-04-21,Credit Card,Paid,28945.22
129958,59958,2026-07-26,Upi,Paid,18736.98
129959,59959,2025-04-18,Cash On Delivery,Paid,13975.27
129960,59960,2026-02-20,Upi,Paid,14253.8
129961,59961,2024-07-03,Upi,Paid,6245.56
129962,59962,2024-02-02,Upi,Pending,6797.71
129963,59963,2026-05-21,Upi,Paid,23211.36
129964,59964,2026-03-03,Cash On Delivery,Paid,27161.08
129965,59965,2026-01-05,Upi,Paid,18789.93
129966,59966,2026-03-13,Debit Card,Paid,19863.74
129967,59967,2025-11-19,Upi,Paid,3344.27
129968,59968,2026-02-22,Upi,Paid,7855.92
129969,59969,2026-07-28,Debit Card,Paid,18498.95
129970,59970,2026-05-05,Upi,Pending,7829.88
129971,59971,2026-05-13,Upi,Paid,7805.05
129972,59972,2025-04-02,Debit Card,Paid,21038.39
129973,59973,2026-03-05,Debit Card,Paid,24475.66
129974,59974,2024-08-21,Upi,Paid,12447.78
129975,59975,2024-11-02,Debit Card,Paid,1984.88
129976,59976,2026-04-25,Upi,Paid,16610.28
129977,59977,2024-12-19,Credit Card,Paid,4178.87
129978,59978,2026-03-22,Upi,Failed,11726.41
129979,59979,2025-04-27,Upi,Failed,9169.26
129980,59980,2024-09-25,Wallet,Paid,27703.48
129981,59981,2025-02-06,Cash On Delivery,Paid,4417.0
129982,59982,2025-07-20,Debit Card,Paid,17623.06
129983,59983,2024-03-05,Upi,Paid,9803.25
129984,59984,2025-06-27,Net Banking,Failed,3482.91
129985,59985,2024-04-14,Credit Card,Paid,322.47
129986,59986,2025-04-18,Debit Card,Paid,15905.28
129987,59987,2024-11-10,Credit Card,Failed,2112.55
129988,59988,2025-08-15,Wallet,Paid,493.55
129989,59989,2026-03-26,Cash On Delivery,Paid,11399.79
129990,59990,2024-03-24,Credit Card,Refunded,12367.4
129991,59991,2024-03-24,Debit Card,Paid,11255.77
129992,59992,2025-03-20,Upi,Paid,10080.96
129993,59993,2026-01-02,Debit Card,Paid,13973.13
129994,59994,2024-09-28,Wallet,Paid,23021.42
129995,59995,2026-01-30,Net Banking,Refunded,9366.08
129996,59996,2024-01-06,Net Banking,Paid,12000.51
129997,59997,2024-10-16,Credit Card,Paid,13905.79
129998,59998,2025-05-18,Credit Card,Paid,11911.85
129999,59999,2025-09-02,Upi,Paid,11017.76
130000,60000,2024-12-22,Credit Card,Pending,8868.76
130001,60001,2026-05-07,Cash On Delivery,Paid,11742.05
130002,60002,2025-02-23,Upi,Paid,28217.69
130003,60003,2025-09-10,Upi,Paid,18940.66
130004,60004,2024-04-19,Upi,Paid,17374.38
130005,60005,2026-06-23,Upi,Paid,22407.63
130006,60006,2025-05-06,Cash On Delivery,Paid,27122.29
130007,60007,2025-04-02,Cash On Delivery,Paid,29557.88
130008,60008,2024-09-20,Credit Card,Paid,5102.13
130009,60009,2025-08-13,Net Banking,Paid,11889.78
130010,60010,2024-01-02,Debit Card,Paid,12092.16
130011,60011,2025-03-17,Credit Card,Paid,24319.61
130012,60012,2026-01-27,Credit Card,Paid,14690.36
130013,60013,2026-01-24,Upi,Paid,6293.62
130014,60014,2025-09-04,Credit Card,Paid,9087.24
130015,60015,2024-12-31,Upi,Paid,17292.03
130016,60016,2025-05-28,Upi,Paid,530.65
130017,60017,2024-06-12,Net Banking,Paid,10223.45
130018,60018,2025-08-27,Cash On Delivery,Paid,25370.46
130019,60019,2024-07-29,Wallet,Paid,21780.77
130020,60020,2024-11-10,Credit Card,Paid,15706.65
130021,60021,2025-12-15,Net Banking,Paid,18796.05
130022,60022,2024-05-01,Debit Card,Paid,14989.15
130023,60023,2024-11-18,Credit Card,Paid,1094.11
130024,60024,2024-12-12,Net Banking,Paid,24177.08
130025,60025,2026-07-07,Upi,Paid,2695.68
130026,60026,2026-02-07,Upi,Paid,20201.83
130027,60027,2024-12-29,Credit Card,Paid,1278.5
130028,60028,2025-08-14,Debit Card,Paid,9680.58
130029,60029,2024-08-20,Credit Card,Paid,12024.44
130030,60030,2026-02-06,Cash On Delivery,Paid,19280.31
130031,60031,2024-12-01,Credit Card,Paid,7529.59
130032,60032,2026-05-25,Cash On Delivery,Paid,25199.81
130033,60033,2026-05-17,Debit Card,Paid,17754.25
130034,60034,2024-09-02,Wallet,Paid,18395.42
130035,60035,2025-02-01,Upi,Paid,4094.33
130036,60036,2026-06-07,Upi,Paid,26381.19
130037,60037,2024-04-04,Wallet,Paid,21592.18
130038,60038,2025-10-06,Cash On Delivery,Paid,1902.03
130039,60039,2025-05-15,Net Banking,Paid,14430.67
130040,60040,2025-06-28,Credit Card,Paid,14637.07
130041,60041,2025-07-11,Upi,Paid,23682.29
130042,60042,2025-05-06,Upi,Paid,18222.95
130043,60043,2024-11-30,Upi,Paid,13579.91
130044,60044,2025-03-30,Credit Card,Paid,17716.09
130045,60045,2026-08-06,Cash On Delivery,Paid,5744.66
130046,60046,2024-03-14,Upi,Paid,17845.11
130047,60047,2024-06-05,Upi,Paid,14511.14
130048,60048,2024-02-26,Net Banking,Paid,9529.52
130049,60049,2025-08-30,Net Banking,Paid,6196.85
130050,60050,2024-11-18,Credit Card,Paid,24737.5
130051,60051,2024-02-14,Credit Card,Paid,699.99
130052,60052,2024-07-18,Upi,Paid,15309.69
130053,60053,2024-09-09,Credit Card,Paid,2565.92
130054,60054,2024-03-28,Debit Card,Paid,18912.36
130055,60055,2026-01-13,Net Banking,Paid,24275.44
130056,60056,2024-01-24,Cash On Delivery,Paid,17016.66
130057,60057,2026-05-07,Upi,Paid,11677.19
130058,60058,2026-08-10,Credit Card,Paid,25467.08
130059,60059,2026-06-08,Credit Card,Paid,26419.47
130060,60060,2024-07-24,Upi,Paid,11396.46
130061,60061,2024-08-10,Upi,Paid,29334.16
130062,60062,2026-08-13,Upi,Paid,2026.92
130063,60063,2025-08-30,Net Banking,Pending,14839.93
130064,60064,2025-06-15,Net Banking,Paid,16417.43
130065,60065,2026-04-19,Wallet,Paid,2975.26
130066,60066,2024-07-08,Debit Card,Paid,11939.22
130067,60067,2025-01-29,Upi,Paid,18503.78
130068,60068,2024-05-21,Upi,Paid,10824.06
130069,60069,2026-02-13,Credit Card,Paid,23657.99
130070,60070,2024-07-15,Upi,Paid,5085.98
130071,60071,2024-05-09,Debit Card,Paid,11360.16
130072,60072,2024-12-18,Upi,Failed,19036.18
130073,60073,2025-07-04,Debit Card,Paid,9126.82
130074,60074,2024-07-19,Wallet,Paid,6983.74
130075,60075,2026-05-23,Upi,Paid,16595.66
130076,60076,2026-03-14,Cash On Delivery,Paid,8022.98
130077,60077,2026-06-12,Upi,Paid,9741.41
130078,60078,2024-12-22,Debit Card,Paid,17390.85
130079,60079,2025-01-11,Net Banking,Paid,24518.45
130080,60080,2025-05-27,Net Banking,Paid,9062.5
130081,60081,2026-06-03,Cash On Delivery,Paid,17101.35
130082,60082,2025-05-01,Credit Card,Failed,18392.09
130083,60083,2025-01-13,Debit Card,Refunded,7173.1
130084,60084,2025-10-01,Cash On Delivery,Paid,1301.42
130085,60085,2024-05-08,Net Banking,Refunded,15486.06
130086,60086,2026-08-27,Net Banking,Paid,17922.41
130087,60087,2025-11-01,Cash On Delivery,Paid,6891.3
130088,60088,2025-03-08,Net Banking,Paid,487.88
130089,60089,2024-03-29,Net Banking,Paid,2034.51
130090,60090,2024-11-10,Credit Card,Paid,2540.56
130091,60091,2025-07-12,Cash On Delivery,Paid,12756.93
130092,60092,2026-08-05,Net Banking,Paid,3744.66
130093,60093,2025-04-18,Cash On Delivery,Paid,1507.39
130094,60094,2026-08-25,Debit Card,Paid,21899.99
130095,60095,2025-05-20,Credit Card,Paid,22381.52
130096,60096,2026-01-28,Net Banking,Paid,1471.11
130097,60097,2024-04-05,Debit Card,Paid,19924.16
130098,60098,2026-02-14,Debit Card,Paid,17478.4
130099,60099,2024-08-23,Debit Card,Paid,5115.99
130100,60100,2025-01-30,Debit Card,Paid,16812.3
130101,60101,2024-11-12,Upi,Paid,4012.26
130102,60102,2025-06-08,Debit Card,Pending,28117.23
130103,60103,2025-08-21,Net Banking,Paid,10229.0
130104,60104,2024-12-08,Cash On Delivery,Paid,4012.27
130105,60105,2024-02-28,Upi,Paid,7244.14
130106,60106,2025-08-26,Debit Card,Paid,15547.76
130107,60107,2025-02-14,Cash On Delivery,Paid,10663.15
130108,60108,2026-03-13,Upi,Paid,28621.1
130109,60109,2025-11-06,Upi,Paid,1284.98
130110,60110,2024-12-29,Upi,Paid,3791.4
130111,60111,2024-02-23,Wallet,Pending,9276.46
130112,60112,2025-06-06,Net Banking,Paid,29179.14
130113,60113,2026-02-13,Upi,Paid,17612.64
130114,60114,2026-01-24,Credit Card,Paid,2678.53
130115,60115,2024-11-23,Credit Card,Paid,11692.45
130116,60116,2024-07-21,Cash On Delivery,Paid,13844.91
130117,60117,2024-03-15,Debit Card,Failed,18544.2
130118,60118,2025-08-16,Credit Card,Paid,28238.57
130119,60119,2024-09-14,Credit Card,Paid,28329.7
130120,60120,2026-01-23,Net Banking,Paid,15002.2
130121,60121,2025-08-04,Net Banking,Paid,9284.27
130122,60122,2024-02-23,Cash On Delivery,Paid,17553.79
130123,60123,2025-11-04,Upi,Paid,19996.64
130124,60124,2024-09-03,Upi,Paid,12514.04
130125,60125,2026-04-25,Credit Card,Paid,26042.0
130126,60126,2024-01-25,Credit Card,Failed,23414.1
130127,60127,2024-12-24,Upi,Paid,14678.83
130128,60128,2024-01-09,Upi,Paid,4179.82
130129,60129,2025-09-07,Upi,Paid,3447.04
130130,60130,2025-04-09,Upi,Paid,27413.67
130131,60131,2025-06-02,Upi,Paid,4531.76
130132,60132,2025-11-10,Upi,Paid,25597.14
130133,60133,2026-05-22,Upi,Paid,14169.24
130134,60134,2025-01-06,Wallet,Paid,27050.41
130135,60135,2025-07-10,Cash On Delivery,Refunded,24068.02
130136,60136,2025-08-28,Cash On Delivery,Paid,26714.74
130137,60137,2026-05-05,Upi,Paid,19616.82
130138,60138,2024-07-05,Upi,Paid,22537.19
130139,60139,2025-05-25,Upi,Paid,19752.5
130140,60140,2026-03-23,Upi,Paid,7151.12
130141,60141,2024-10-02,Upi,Paid,18138.85
130142,60142,2024-12-17,Net Banking,Paid,22663.27
130143,60143,2025-03-11,Cash On Delivery,Paid,27792.64
130144,60144,2025-11-18,Credit Card,Paid,18183.34
130145,60145,2025-10-13,Debit Card,Paid,11145.88
130146,60146,2024-05-08,Upi,Paid,23913.61
130147,60147,2024-07-21,Upi,Paid,13606.9
130148,60148,2026-03-07,Debit Card,Paid,25351.83
130149,60149,2025-10-16,Debit Card,Paid,23483.34
130150,60150,2025-05-17,Cash On Delivery,Paid,23075.35
130151,60151,2025-02-12,Credit Card,Paid,18992.24
130152,60152,2026-07-30,Upi,Paid,12720.46
130153,60153,2026-05-08,Cash On Delivery,Paid,4102.61
130154,60154,2025-01-29,Net Banking,Paid,26512.29
130155,60155,2024-12-07,Upi,Paid,9741.78
130156,60156,2026-04-27,Upi,Paid,5491.86
130157,60157,2024-12-03,Wallet,Paid,25655.81
130158,60158,2025-02-03,Debit Card,Paid,21245.0
130159,60159,2026-06-08,Cash On Delivery,Paid,2976.79
130160,60160,2024-04-15,Credit Card,Paid,20168.08
130161,60161,2025-11-15,Upi,Paid,23009.11
130162,60162,2025-10-30,Credit Card,Paid,25721.61
130163,60163,2025-01-04,Credit Card,Pending,29258.17
130164,60164,2024-06-27,Upi,Paid,6162.92
130165,60165,2026-04-18,Wallet,Paid,27682.38
130166,60166,2026-02-17,Net Banking,Failed,2060.73
130167,60167,2026-04-14,Cash On Delivery,Paid,1942.14
130168,60168,2024-11-20,Net Banking,Paid,3344.78
130169,60169,2026-07-24,Upi,Paid,7625.95
130170,60170,2026-01-05,Cash On Delivery,Pending,18763.13
130171,60171,2024-08-21,Upi,Paid,11942.94
130172,60172,2025-04-13,Credit Card,Paid,28543.49
130173,60173,2024-11-04,Credit Card,Paid,28522.59
130174,60174,2025-06-05,Cash On Delivery,Paid,21963.55
130175,60175,2024-07-01,Cash On Delivery,Paid,7427.18
130176,60176,2025-12-13,Credit Card,Paid,437.26
130177,60177,2025-03-21,Upi,Failed,12332.91
130178,60178,2025-10-09,Debit Card,Paid,17377.44
130179,60179,2025-09-14,Upi,Paid,20289.96
130180,60180,2025-10-06,Upi,Paid,20348.65
130181,60181,2026-01-08,Credit Card,Paid,25237.8
130182,60182,2025-10-02,Wallet,Paid,13550.95
130183,60183,2025-05-16,Wallet,Paid,6383.86
130184,60184,2025-07-22,Upi,Failed,27579.96
130185,60185,2025-09-06,Cash On Delivery,Paid,3693.37
130186,60186,2026-02-24,Cash On Delivery,Pending,24018.46
130187,60187,2025-04-08,Credit Card,Paid,18018.0
130188,60188,2024-10-20,Upi,Paid,21707.95
130189,60189,2024-09-01,Upi,Paid,25550.65
130190,60190,2024-06-28,Credit Card,Paid,8233.31
130191,60191,2025-08-09,Net Banking,Paid,28257.08
130192,60192,2025-12-16,Credit Card,Pending,28234.11
130193,60193,2024-11-06,Net Banking,Paid,4064.62
130194,60194,2025-06-10,Upi,Paid,12206.64
130195,60195,2024-12-29,Credit Card,Paid,23973.2
130196,60196,2026-05-23,Upi,Paid,3370.8
130197,60197,2026-05-30,Upi,Paid,23812.65
130198,60198,2026-07-27,Upi,Paid,1242.5
130199,60199,2026-04-18,Credit Card,Paid,15414.1
130200,60200,2026-04-21,Upi,Refunded,3881.02
130201,60201,2025-06-25,Cash On Delivery,Paid,22573.72
130202,60202,2025-06-15,Net Banking,Paid,26375.45
130203,60203,2024-10-20,Cash On Delivery,Paid,10973.92
130204,60204,2026-01-04,Net Banking,Paid,16227.6
130205,60205,2024-11-07,Upi,Failed,22337.85
130206,60206,2024-11-21,Credit Card,Refunded,19301.18
130207,60207,2026-07-09,Debit Card,Failed,11873.13
130208,60208,2024-01-17,Upi,Paid,20134.61
130209,60209,2024-04-27,Debit Card,Paid,8297.94
130210,60210,2026-01-27,Wallet,Paid,25593.18
130211,60211,2025-10-28,Net Banking,Paid,12609.71
130212,60212,2026-01-29,Upi,Paid,23439.47
130213,60213,2025-03-30,Credit Card,Paid,12607.95
130214,60214,2024-01-11,Cash On Delivery,Paid,22916.87
130215,60215,2024-10-17,Debit Card,Paid,3172.34
130216,60216,2026-04-17,Wallet,Paid,8334.44
130217,60217,2025-10-11,Wallet,Paid,2070.98
130218,60218,2026-05-04,Debit Card,Paid,1837.58
130219,60219,2024-01-12,Upi,Paid,19952.93
130220,60220,2024-11-10,Upi,Paid,18811.44
130221,60221,2025-10-29,Upi,Paid,416.7
130222,60222,2024-01-20,Wallet,Paid,20562.21
130223,60223,2025-03-15,Cash On Delivery,Paid,17286.05
130224,60224,2026-04-29,Net Banking,Paid,6523.53
130225,60225,2024-06-05,Debit Card,Paid,7701.15
130226,60226,2024-03-12,Upi,Paid,25611.55
130227,60227,2025-09-10,Debit Card,Paid,14083.49
130228,60228,2024-08-15,Wallet,Paid,15247.35
130229,60229,2024-06-28,Upi,Paid,6782.82
130230,60230,2025-06-10,Upi,Refunded,6749.8
130231,60231,2025-08-12,Credit Card,Paid,2910.36
130232,60232,2026-03-04,Debit Card,Paid,29211.86
130233,60233,2024-04-11,Cash On Delivery,Paid,825.97
130234,60234,2026-01-28,Credit Card,Paid,6266.65
130235,60235,2025-10-13,Credit Card,Paid,5852.89
130236,60236,2025-10-24,Upi,Paid,23763.94
130237,60237,2024-08-22,Upi,Paid,4726.91
130238,60238,2026-03-16,Upi,Failed,14169.37
130239,60239,2024-04-29,Upi,Paid,13595.4
130240,60240,2025-10-28,Upi,Failed,21894.84
130241,60241,2024-05-13,Upi,Paid,26270.95
130242,60242,2025-09-10,Upi,Paid,2967.68
130243,60243,2025-03-16,Credit Card,Paid,14589.24
130244,60244,2024-06-11,Upi,Paid,12312.72
130245,60245,2024-07-08,Credit Card,Paid,18977.99
130246,60246,2025-03-02,Upi,Paid,18661.69
130247,60247,2024-12-24,Cash On Delivery,Paid,20843.29
130248,60248,2025-03-13,Net Banking,Paid,22010.03
130249,60249,2025-02-27,Debit Card,Pending,20504.29
130250,60250,2024-01-21,Credit Card,Paid,8014.33
130251,60251,2025-02-21,Upi,Paid,5098.16
130252,60252,2025-01-29,Credit Card,Refunded,8815.66
130253,60253,2025-01-14,Upi,Paid,23952.28
130254,60254,2024-08-10,Debit Card,Paid,25951.29
130255,60255,2024-07-08,Cash On Delivery,Paid,517.19
130256,60256,2024-03-29,Upi,Paid,12578.27
130257,60257,2025-08-31,Upi,Paid,3560.59
130258,60258,2025-06-15,Upi,Paid,2033.48
130259,60259,2026-02-28,Upi,Refunded,13817.52
130260,60260,2024-08-17,Upi,Paid,26637.55
130261,60261,2025-01-30,Net Banking,Refunded,10646.14
130262,60262,2024-07-04,Upi,Paid,5794.16
130263,60263,2026-07-01,Upi,Paid,14286.42
130264,60264,2026-02-03,Upi,Paid,13419.67
130265,60265,2024-05-24,Debit Card,Paid,5910.13
130266,60266,2026-02-25,Credit Card,Paid,15087.72
130267,60267,2026-06-15,Credit Card,Paid,8619.95
130268,60268,2025-10-05,Upi,Paid,6177.83
130269,60269,2026-08-18,Credit Card,Paid,8627.28
130270,60270,2024-07-04,Debit Card,Paid,11684.27
130271,60271,2024-10-08,Net Banking,Failed,8974.72
130272,60272,2025-09-06,Upi,Paid,9378.83
130273,60273,2025-06-08,Net Banking,Paid,8237.79
130274,60274,2025-11-22,Credit Card,Paid,11813.06
130275,60275,2026-07-26,Debit Card,Paid,24168.11
130276,60276,2024-08-14,Credit Card,Paid,26429.15
130277,60277,2026-04-29,Debit Card,Paid,25407.51
130278,60278,2024-05-11,Net Banking,Paid,23269.61
130279,60279,2025-03-23,Upi,Paid,336.13
130280,60280,2025-02-24,Cash On Delivery,Failed,4923.83
130281,60281,2026-02-22,Credit Card,Paid,12483.83
130282,60282,2025-02-18,Upi,Paid,19503.84
130283,60283,2026-03-18,Net Banking,Paid,21783.99
130284,60284,2024-05-30,Cash On Delivery,Paid,9279.52
130285,60285,2026-08-21,Net Banking,Paid,21791.87
130286,60286,2024-07-05,Debit Card,Paid,9303.17
130287,60287,2025-07-28,Wallet,Paid,25180.4
130288,60288,2025-04-29,Net Banking,Paid,7086.59
130289,60289,2024-03-29,Credit Card,Paid,13130.27
130290,60290,2025-05-28,Credit Card,Paid,18738.41
130291,60291,2026-04-29,Credit Card,Paid,5011.06
130292,60292,2025-06-08,Debit Card,Paid,27578.15
130293,60293,2025-11-13,Debit Card,Paid,8040.15
130294,60294,2026-08-13,Cash On Delivery,Paid,3159.95
130295,60295,2024-10-20,Upi,Paid,22238.17
130296,60296,2024-02-08,Wallet,Failed,12864.81
130297,60297,2025-10-31,Credit Card,Failed,28896.84
130298,60298,2026-02-04,Wallet,Paid,12849.53
130299,60299,2024-05-19,Upi,Paid,12132.71
130300,60300,2024-12-09,Upi,Paid,23671.82
130301,60301,2024-12-14,Upi,Paid,11781.79
130302,60302,2026-01-02,Cash On Delivery,Paid,10676.22
130303,60303,2026-05-01,Upi,Paid,18065.39
130304,60304,2025-12-14,Net Banking,Paid,3103.93
130305,60305,2024-10-14,Upi,Paid,11101.07
130306,60306,2025-08-25,Cash On Delivery,Paid,10929.91
130307,60307,2024-09-20,Cash On Delivery,Paid,5828.88
130308,60308,2025-09-07,Upi,Paid,23258.26
130309,60309,2026-07-26,Cash On Delivery,Paid,29623.01
130310,60310,2025-10-07,Credit Card,Paid,6740.05
130311,60311,2026-02-01,Credit Card,Pending,18413.97
130312,60312,2025-12-29,Upi,Paid,7792.63
130313,60313,2025-04-10,Credit Card,Failed,5646.98
130314,60314,2024-05-09,Upi,Paid,12796.2
130315,60315,2026-08-06,Net Banking,Paid,8806.74
130316,60316,2024-12-16,Net Banking,Pending,25062.62
130317,60317,2026-05-10,Upi,Failed,7990.66
130318,60318,2026-03-30,Debit Card,Failed,29648.15
130319,60319,2025-10-25,Upi,Paid,28517.67
130320,60320,2025-06-15,Cash On Delivery,Paid,24664.8
130321,60321,2024-09-25,Upi,Paid,22242.31
130322,60322,2024-05-15,Upi,Failed,10972.86
130323,60323,2026-04-27,Credit Card,Paid,1890.69
130324,60324,2026-07-21,Cash On Delivery,Paid,12656.55
130325,60325,2025-10-16,Upi,Paid,27735.97
130326,60326,2026-08-16,Cash On Delivery,Paid,1912.28
130327,60327,2024-07-31,Upi,Refunded,17243.73
130328,60328,2025-05-12,Net Banking,Paid,4997.86
130329,60329,2024-06-18,Wallet,Paid,26301.24
130330,60330,2025-06-03,Credit Card,Paid,8744.36
130331,60331,2026-05-14,Upi,Paid,24938.28
130332,60332,2024-10-12,Upi,Paid,28186.37
130333,60333,2025-02-13,Debit Card,Paid,8603.71
130334,60334,2025-05-15,Wallet,Pending,3582.59
130335,60335,2025-03-28,Upi,Paid,13633.73
130336,60336,2026-07-30,Upi,Paid,24508.96
130337,60337,2025-02-17,Credit Card,Paid,5351.97
130338,60338,2024-09-03,Net Banking,Paid,19572.03
130339,60339,2024-11-14,Upi,Paid,9337.66
130340,60340,2024-10-22,Upi,Paid,22060.2
130341,60341,2024-11-04,Upi,Paid,21392.69
130342,60342,2026-05-23,Credit Card,Paid,10324.31
130343,60343,2025-05-12,Net Banking,Paid,13504.75
130344,60344,2025-01-08,Debit Card,Paid,20963.34
130345,60345,2024-05-20,Upi,Paid,2109.67
130346,60346,2026-08-04,Upi,Paid,5474.55
130347,60347,2024-05-31,Wallet,Paid,28194.55
130348,60348,2024-12-08,Debit Card,Paid,11647.03
130349,60349,2025-11-09,Debit Card,Paid,25417.64
130350,60350,2024-01-08,Upi,Paid,6733.58
130351,60351,2024-11-02,Upi,Paid,16979.38
130352,60352,2026-07-14,Wallet,Paid,27794.67
130353,60353,2024-01-27,Net Banking,Paid,4788.66
130354,60354,2024-08-17,Upi,Paid,1496.31
130355,60355,2024-03-26,Cash On Delivery,Paid,15619.17
130356,60356,2025-11-07,Debit Card,Paid,20009.75
130357,60357,2024-01-13,Credit Card,Paid,4247.78
130358,60358,2024-02-17,Upi,Paid,6110.98
130359,60359,2025-04-03,Cash On Delivery,Pending,28580.02
130360,60360,2025-12-27,Wallet,Paid,5584.24
130361,60361,2026-05-29,Cash On Delivery,Failed,20153.06
130362,60362,2024-08-04,Net Banking,Paid,2108.8
130363,60363,2025-07-11,Net Banking,Paid,24054.17
130364,60364,2026-02-15,Credit Card,Paid,28576.73
130365,60365,2025-12-08,Net Banking,Paid,27636.61
130366,60366,2026-07-28,Upi,Paid,22010.3
130367,60367,2024-03-16,Credit Card,Paid,18650.51
130368,60368,2024-02-14,Credit Card,Pending,27203.91
130369,60369,2025-10-27,Debit Card,Paid,17207.35
130370,60370,2024-12-22,Upi,Paid,8940.7
130371,60371,2025-12-20,Upi,Paid,27551.41
130372,60372,2025-11-26,Upi,Failed,26698.82
130373,60373,2025-03-06,Credit Card,Paid,7385.74
130374,60374,2026-08-26,Wallet,Paid,27488.89
130375,60375,2026-05-05,Credit Card,Paid,19482.6
130376,60376,2024-12-18,Debit Card,Paid,11141.05
130377,60377,2024-01-09,Upi,Paid,5438.3
130378,60378,2026-08-26,Debit Card,Paid,21429.54
130379,60379,2026-07-31,Debit Card,Paid,8848.41
130380,60380,2026-05-23,Debit Card,Paid,26737.23
130381,60381,2024-02-24,Cash On Delivery,Pending,15367.92
130382,60382,2025-11-30,Credit Card,Pending,23290.86
130383,60383,2026-07-23,Upi,Failed,20424.38
130384,60384,2025-01-05,Debit Card,Failed,3804.67
130385,60385,2026-01-02,Cash On Delivery,Paid,24141.62
130386,60386,2025-06-07,Credit Card,Paid,27575.31
130387,60387,2025-03-27,Upi,Paid,13064.98
130388,60388,2025-12-01,Upi,Paid,11965.62
130389,60389,2025-07-19,Net Banking,Paid,6341.91
130390,60390,2025-10-27,Upi,Paid,24133.92
130391,60391,2024-08-06,Wallet,Paid,25020.14
130392,60392,2024-10-08,Cash On Delivery,Paid,24186.41
130393,60393,2025-09-15,Debit Card,Paid,9133.77
130394,60394,2025-06-25,Upi,Paid,22471.98
130395,60395,2025-01-06,Debit Card,Paid,12669.6
130396,60396,2026-03-21,Upi,Paid,558.98
130397,60397,2024-11-27,Debit Card,Paid,17832.93
130398,60398,2025-04-05,Upi,Refunded,2329.16
130399,60399,2024-11-03,Cash On Delivery,Paid,13594.67
130400,60400,2025-07-05,Credit Card,Paid,25339.49
130401,60401,2025-07-01,Upi,Paid,2817.76
130402,60402,2024-11-13,Upi,Refunded,13785.6
130403,60403,2026-01-20,Debit Card,Paid,29766.01
130404,60404,2024-06-06,Wallet,Pending,26975.62
130405,60405,2026-01-16,Credit Card,Paid,23172.98
130406,60406,2024-03-05,Upi,Failed,1882.27
130407,60407,2024-08-31,Cash On Delivery,Paid,5028.6
130408,60408,2025-01-30,Cash On Delivery,Paid,4996.34
130409,60409,2025-02-15,Credit Card,Pending,24862.48
130410,60410,2025-09-05,Credit Card,Paid,3451.39
130411,60411,2026-06-29,Net Banking,Paid,17998.7
130412,60412,2026-01-07,Upi,Paid,2450.17
130413,60413,2025-06-13,Debit Card,Failed,5580.09
130414,60414,2024-03-24,Upi,Paid,22727.76
130415,60415,2026-08-23,Upi,Paid,823.95
130416,60416,2024-11-06,Credit Card,Paid,7469.33
130417,60417,2025-08-26,Credit Card,Pending,18263.83
130418,60418,2026-02-24,Credit Card,Paid,15756.25
130419,60419,2025-11-11,Upi,Paid,24014.04
130420,60420,2024-04-19,Upi,Refunded,17212.71
130421,60421,2024-09-10,Upi,Paid,14470.77
130422,60422,2026-08-21,Net Banking,Paid,6312.81
130423,60423,2026-01-17,Upi,Paid,21800.94
130424,60424,2025-09-07,Credit Card,Paid,24334.01
130425,60425,2025-03-10,Cash On Delivery,Paid,2745.58
130426,60426,2026-07-03,Credit Card,Paid,11238.98
130427,60427,2025-12-07,Upi,Paid,27994.53
130428,60428,2025-12-11,Cash On Delivery,Paid,10046.93
130429,60429,2026-06-07,Net Banking,Paid,25722.27
130430,60430,2026-07-25,Cash On Delivery,Paid,28138.46
130431,60431,2026-04-15,Upi,Paid,23720.21
130432,60432,2025-10-10,Net Banking,Paid,11873.54
130433,60433,2024-08-09,Cash On Delivery,Paid,14029.87
130434,60434,2024-09-17,Wallet,Paid,10501.81
130435,60435,2024-05-30,Debit Card,Paid,5347.39
130436,60436,2026-02-18,Upi,Paid,29495.82
130437,60437,2024-11-23,Debit Card,Paid,26298.05
130438,60438,2024-08-07,Upi,Paid,22234.62
130439,60439,2025-12-07,Upi,Paid,5972.19
130440,60440,2025-07-04,Upi,Paid,21136.01
130441,60441,2024-08-27,Upi,Paid,26472.88
130442,60442,2024-12-27,Credit Card,Paid,1461.66
130443,60443,2025-04-13,Debit Card,Paid,4762.13
130444,60444,2026-02-15,Debit Card,Paid,10314.01
130445,60445,2024-01-10,Debit Card,Paid,22531.43
130446,60446,2026-01-06,Upi,Paid,6193.77
130447,60447,2024-03-17,Cash On Delivery,Paid,12879.48
130448,60448,2026-04-19,Credit Card,Paid,12092.55
130449,60449,2024-04-24,Debit Card,Paid,5134.46
130450,60450,2024-08-27,Wallet,Paid,982.23
130451,60451,2024-12-27,Credit Card,Paid,14152.48
130452,60452,2026-08-25,Debit Card,Paid,11001.02
130453,60453,2025-01-24,Upi,Paid,13835.8
130454,60454,2026-02-21,Debit Card,Paid,9133.46
130455,60455,2024-09-07,Net Banking,Paid,28347.11
130456,60456,2025-01-11,Upi,Failed,20382.34
130457,60457,2025-05-17,Upi,Paid,20672.66
130458,60458,2024-05-06,Cash On Delivery,Paid,2138.05
130459,60459,2024-01-30,Wallet,Paid,26464.82
130460,60460,2024-12-07,Upi,Paid,4628.81
130461,60461,2026-02-02,Net Banking,Paid,23469.34
130462,60462,2024-04-15,Net Banking,Paid,3308.36
130463,60463,2026-03-06,Debit Card,Paid,19591.5
130464,60464,2025-08-19,Upi,Paid,13691.57
130465,60465,2024-09-22,Upi,Paid,14354.88
130466,60466,2024-04-19,Cash On Delivery,Paid,28442.89
130467,60467,2025-06-20,Credit Card,Paid,2325.6
130468,60468,2025-02-23,Net Banking,Refunded,13383.38
130469,60469,2024-04-15,Credit Card,Failed,7128.25
130470,60470,2025-10-11,Credit Card,Paid,9188.72
130471,60471,2026-03-24,Credit Card,Refunded,14885.21
130472,60472,2025-03-18,Debit Card,Paid,27031.04
130473,60473,2025-03-13,Net Banking,Paid,1292.76
130474,60474,2026-05-06,Net Banking,Paid,4484.31
130475,60475,2025-01-11,Credit Card,Paid,24860.27
130476,60476,2024-08-21,Debit Card,Paid,17288.71
130477,60477,2026-04-04,Upi,Paid,3311.6
130478,60478,2025-05-24,Net Banking,Paid,9267.35
130479,60479,2026-07-01,Upi,Paid,7636.71
130480,60480,2026-06-07,Credit Card,Paid,9723.26
130481,60481,2026-02-28,Debit Card,Paid,22230.51
130482,60482,2024-12-08,Net Banking,Paid,27070.97
130483,60483,2025-11-27,Upi,Paid,19417.41
130484,60484,2025-04-03,Debit Card,Paid,22144.87
130485,60485,2026-01-12,Credit Card,Paid,1116.28
130486,60486,2026-06-24,Upi,Refunded,21300.02
130487,60487,2025-12-14,Wallet,Paid,15937.16
130488,60488,2025-05-02,Credit Card,Paid,26411.68
130489,60489,2026-08-21,Upi,Paid,17256.07
130490,60490,2026-04-19,Cash On Delivery,Paid,10192.57
130491,60491,2024-08-25,Debit Card,Failed,20979.93
130492,60492,2026-07-02,Credit Card,Paid,22457.4
130493,60493,2025-04-13,Debit Card,Paid,21677.08
130494,60494,2024-09-06,Credit Card,Paid,17246.12
130495,60495,2024-10-14,Upi,Paid,24996.6
130496,60496,2026-02-02,Credit Card,Refunded,8748.63
130497,60497,2025-01-11,Credit Card,Paid,17578.59
130498,60498,2025-09-27,Credit Card,Refunded,25510.18
130499,60499,2025-03-08,Upi,Paid,28710.41
130500,60500,2026-08-17,Credit Card,Paid,13608.07
130501,60501,2024-05-12,Upi,Failed,12623.56
130502,60502,2025-07-24,Cash On Delivery,Paid,10031.95
130503,60503,2024-12-11,Wallet,Paid,4401.73
130504,60504,2026-02-10,Upi,Paid,18372.94
130505,60505,2026-07-04,Cash On Delivery,Paid,27701.79
130506,60506,2024-12-03,Upi,Paid,4876.08
130507,60507,2026-06-02,Credit Card,Paid,15772.61
130508,60508,2025-08-13,Upi,Paid,24581.98
130509,60509,2024-02-24,Cash On Delivery,Paid,20357.65
130510,60510,2026-01-25,Debit Card,Failed,3569.08
130511,60511,2025-06-20,Upi,Paid,12970.86
130512,60512,2026-07-26,Net Banking,Paid,24208.77
130513,60513,2025-03-21,Upi,Paid,4544.33
130514,60514,2024-09-02,Debit Card,Failed,3349.19
130515,60515,2024-06-19,Credit Card,Paid,10626.14
130516,60516,2024-03-18,Upi,Paid,9535.82
130517,60517,2025-11-16,Upi,Paid,7907.2
130518,60518,2026-08-07,Credit Card,Paid,24262.43
130519,60519,2025-09-20,Net Banking,Paid,16469.85
130520,60520,2025-08-07,Credit Card,Paid,21090.24
130521,60521,2024-01-31,Credit Card,Paid,12404.19
130522,60522,2024-01-18,Upi,Paid,21760.73
130523,60523,2025-04-29,Credit Card,Failed,2316.55
130524,60524,2025-05-22,Debit Card,Failed,23142.6
130525,60525,2025-02-16,Upi,Paid,4703.81
130526,60526,2026-06-27,Credit Card,Paid,24284.05
130527,60527,2024-11-16,Upi,Paid,28353.35
130528,60528,2026-08-12,Debit Card,Paid,4434.04
130529,60529,2024-09-15,Credit Card,Paid,3414.04
130530,60530,2024-11-13,Net Banking,Paid,17966.05
130531,60531,2024-10-18,Credit Card,Paid,27360.96
130532,60532,2026-01-28,Upi,Paid,24787.77
130533,60533,2024-11-17,Upi,Failed,19335.22
130534,60534,2025-03-23,Net Banking,Paid,26870.34
130535,60535,2024-04-18,Debit Card,Paid,12663.06
130536,60536,2025-01-21,Upi,Paid,15120.73
130537,60537,2024-07-14,Wallet,Paid,3354.43
130538,60538,2026-01-05,Credit Card,Paid,27522.71
130539,60539,2026-02-28,Debit Card,Paid,23133.73
130540,60540,2024-09-18,Credit Card,Paid,15878.06
130541,60541,2026-08-17,Upi,Paid,10764.97
130542,60542,2025-02-20,Cash On Delivery,Paid,6743.6
130543,60543,2026-03-23,Upi,Paid,29750.16
130544,60544,2024-08-27,Wallet,Paid,9229.89
130545,60545,2026-04-15,Net Banking,Paid,6156.41
130546,60546,2024-05-18,Upi,Paid,10080.69
130547,60547,2024-12-19,Credit Card,Paid,12304.22
130548,60548,2025-01-05,Debit Card,Paid,22114.2
130549,60549,2024-07-01,Cash On Delivery,Paid,22921.65
130550,60550,2026-07-19,Upi,Paid,5950.03
130551,60551,2024-10-14,Credit Card,Paid,28237.84
130552,60552,2025-02-11,Wallet,Paid,2326.15
130553,60553,2024-01-20,Credit Card,Failed,4698.17
130554,60554,2025-10-27,Credit Card,Paid,7126.44
130555,60555,2024-06-26,Upi,Paid,12144.42
130556,60556,2024-10-06,Debit Card,Paid,26746.24
130557,60557,2026-06-10,Cash On Delivery,Paid,10747.67
130558,60558,2026-04-19,Credit Card,Paid,3250.81
130559,60559,2024-04-23,Upi,Paid,13389.68
130560,60560,2025-08-29,Upi,Paid,564.47
130561,60561,2025-12-27,Cash On Delivery,Paid,7769.12
130562,60562,2026-07-10,Upi,Paid,10490.44
130563,60563,2024-08-22,Credit Card,Paid,28731.71
130564,60564,2024-11-13,Upi,Paid,2792.82
130565,60565,2024-08-18,Wallet,Paid,7034.21
130566,60566,2025-06-06,Credit Card,Paid,21035.44
130567,60567,2025-08-11,Debit Card,Paid,19815.48
130568,60568,2024-07-04,Debit Card,Paid,9572.43
130569,60569,2024-01-23,Upi,Paid,4820.73
130570,60570,2024-05-13,Net Banking,Paid,24033.73
130571,60571,2024-07-22,Credit Card,Paid,6145.43
130572,60572,2025-07-22,Cash On Delivery,Paid,17663.15
130573,60573,2024-07-14,Net Banking,Paid,24266.43
130574,60574,2026-02-20,Cash On Delivery,Paid,10815.28
130575,60575,2025-09-17,Debit Card,Paid,13202.43
130576,60576,2024-07-13,Cash On Delivery,Paid,19099.09
130577,60577,2026-08-19,Credit Card,Failed,4644.85
130578,60578,2025-11-15,Cash On Delivery,Paid,8641.4
130579,60579,2026-04-25,Cash On Delivery,Paid,8769.62
130580,60580,2025-10-13,Net Banking,Paid,992.47
130581,60581,2025-10-05,Debit Card,Paid,10308.67
130582,60582,2025-04-14,Upi,Paid,17101.57
130583,60583,2025-09-28,Upi,Paid,8787.06
130584,60584,2026-01-13,Upi,Paid,28231.76
130585,60585,2026-08-16,Upi,Paid,25323.97
130586,60586,2025-08-02,Cash On Delivery,Paid,22996.01
130587,60587,2026-01-03,Upi,Paid,23055.52
130588,60588,2026-07-07,Upi,Paid,3244.69
130589,60589,2025-08-15,Upi,Paid,25848.64
130590,60590,2026-01-13,Net Banking,Paid,16219.39
130591,60591,2024-07-04,Cash On Delivery,Paid,7813.45
130592,60592,2026-05-11,Upi,Paid,1280.24
130593,60593,2026-08-08,Debit Card,Failed,23103.53
130594,60594,2024-12-19,Net Banking,Paid,21696.67
130595,60595,2026-05-12,Upi,Paid,11813.19
130596,60596,2026-02-27,Credit Card,Paid,21973.44
130597,60597,2024-08-16,Cash On Delivery,Paid,10781.17
130598,60598,2026-08-21,Upi,Paid,22968.84
130599,60599,2025-07-24,Upi,Paid,3409.45
130600,60600,2024-06-09,Upi,Paid,28482.11
130601,60601,2024-04-14,Upi,Paid,8457.65
130602,60602,2025-05-10,Upi,Paid,3886.86
130603,60603,2025-05-20,Wallet,Paid,29480.48
130604,60604,2026-04-19,Upi,Paid,21826.48
130605,60605,2025-05-12,Upi,Paid,11563.69
130606,60606,2025-01-21,Upi,Refunded,8854.23
130607,60607,2024-11-04,Upi,Paid,7810.45
130608,60608,2025-05-08,Upi,Paid,5636.22
130609,60609,2024-09-16,Upi,Paid,9697.5
130610,60610,2025-12-28,Cash On Delivery,Paid,6049.15
130611,60611,2024-05-12,Debit Card,Paid,19707.79
130612,60612,2026-03-13,Upi,Failed,25983.17
130613,60613,2024-07-30,Net Banking,Paid,6627.47
130614,60614,2024-07-12,Upi,Paid,27718.21
130615,60615,2026-08-04,Net Banking,Paid,20268.74
130616,60616,2025-01-14,Credit Card,Paid,9033.23
130617,60617,2025-10-24,Upi,Paid,25886.05
130618,60618,2025-01-18,Upi,Paid,18144.23
130619,60619,2026-08-11,Cash On Delivery,Paid,19165.22
130620,60620,2024-05-28,Upi,Paid,21977.84
130621,60621,2025-03-28,Upi,Paid,6814.07
130622,60622,2024-03-29,Credit Card,Paid,11957.43
130623,60623,2025-07-11,Upi,Paid,4050.29
130624,60624,2025-12-23,Cash On Delivery,Paid,24992.38
130625,60625,2025-04-01,Debit Card,Paid,5820.32
130626,60626,2026-04-09,Debit Card,Paid,2198.69
130627,60627,2026-01-18,Credit Card,Paid,16635.35
130628,60628,2026-07-13,Cash On Delivery,Paid,18567.29
130629,60629,2026-08-24,Credit Card,Paid,16703.19
130630,60630,2026-07-18,Debit Card,Paid,5560.1
130631,60631,2025-02-27,Upi,Paid,3759.27
130632,60632,2026-08-23,Net Banking,Paid,19887.92
130633,60633,2025-10-03,Upi,Paid,22651.61
130634,60634,2024-03-22,Credit Card,Paid,25928.57
130635,60635,2024-03-22,Net Banking,Failed,13701.17
130636,60636,2025-01-21,Upi,Paid,29537.63
130637,60637,2025-06-26,Debit Card,Paid,11747.57
130638,60638,2024-03-21,Upi,Paid,23945.77
130639,60639,2025-07-14,Debit Card,Paid,2228.97
130640,60640,2025-10-21,Upi,Paid,28499.09
130641,60641,2025-11-04,Cash On Delivery,Paid,29022.51
130642,60642,2026-08-04,Wallet,Paid,22216.55
130643,60643,2024-12-20,Net Banking,Paid,26792.47
130644,60644,2024-02-08,Upi,Paid,13010.5
130645,60645,2026-07-20,Upi,Paid,24864.57
130646,60646,2025-05-26,Credit Card,Paid,24915.2
130647,60647,2025-09-06,Net Banking,Paid,8751.26
130648,60648,2025-06-03,Debit Card,Paid,22911.48
130649,60649,2025-04-18,Cash On Delivery,Paid,27798.63
130650,60650,2024-06-09,Upi,Paid,21161.3
130651,60651,2025-07-02,Upi,Paid,11024.83
130652,60652,2026-03-19,Debit Card,Paid,1706.87
130653,60653,2024-04-22,Credit Card,Paid,29920.94
130654,60654,2025-01-17,Net Banking,Paid,15214.78
130655,60655,2026-06-26,Upi,Paid,26981.47
130656,60656,2025-02-12,Net Banking,Paid,20627.44
130657,60657,2024-06-05,Upi,Paid,15722.17
130658,60658,2026-07-25,Cash On Delivery,Paid,21972.67
130659,60659,2024-05-13,Upi,Paid,1499.73
130660,60660,2024-08-27,Upi,Paid,3385.72
130661,60661,2025-03-28,Credit Card,Paid,28111.6
130662,60662,2025-01-11,Cash On Delivery,Paid,27886.63
130663,60663,2025-02-07,Upi,Paid,22225.55
130664,60664,2026-01-17,Upi,Failed,4088.27
130665,60665,2025-06-24,Debit Card,Paid,9918.28
130666,60666,2025-04-11,Debit Card,Refunded,15264.41
130667,60667,2025-11-15,Cash On Delivery,Paid,8077.45
130668,60668,2025-08-11,Wallet,Paid,18026.35
130669,60669,2025-09-02,Upi,Failed,11041.89
130670,60670,2025-04-10,Credit Card,Paid,27299.35
130671,60671,2025-06-21,Upi,Paid,25669.7
130672,60672,2024-10-03,Upi,Paid,26058.12
130673,60673,2025-02-06,Upi,Paid,26095.05
130674,60674,2024-06-08,Upi,Paid,24395.15
130675,60675,2024-03-22,Upi,Refunded,6201.6
130676,60676,2026-04-05,Net Banking,Paid,19110.65
130677,60677,2026-02-21,Credit Card,Paid,5223.6
130678,60678,2024-09-26,Debit Card,Paid,19644.37
130679,60679,2025-03-23,Upi,Paid,29620.67
130680,60680,2026-08-25,Debit Card,Paid,15365.65
130681,60681,2025-06-02,Cash On Delivery,Paid,24389.53
130682,60682,2024-01-13,Debit Card,Failed,29649.58
130683,60683,2025-07-16,Credit Card,Paid,18797.47
130684,60684,2026-05-07,Upi,Paid,26680.08
130685,60685,2024-08-11,Upi,Paid,27828.01
130686,60686,2026-07-09,Wallet,Paid,14808.28
130687,60687,2026-01-11,Upi,Paid,23219.16
130688,60688,2024-02-28,Upi,Refunded,8255.98
130689,60689,2026-08-17,Cash On Delivery,Paid,516.49
130690,60690,2025-08-31,Upi,Paid,18617.89
130691,60691,2024-07-30,Credit Card,Paid,23364.41
130692,60692,2026-01-31,Upi,Paid,20657.63
130693,60693,2026-03-09,Upi,Paid,4292.27
130694,60694,2025-08-21,Credit Card,Failed,22588.73
130695,60695,2026-07-27,Upi,Paid,21884.18
130696,60696,2026-05-04,Debit Card,Paid,20133.14
130697,60697,2024-11-01,Credit Card,Paid,29188.47
130698,60698,2024-05-08,Debit Card,Paid,6514.71
130699,60699,2026-02-22,Debit Card,Paid,22706.27
130700,60700,2026-07-10,Upi,Paid,3358.89
130701,60701,2024-10-12,Credit Card,Paid,10203.49
130702,60702,2025-06-20,Credit Card,Paid,26022.49
130703,60703,2025-05-12,Credit Card,Paid,21005.69
130704,60704,2024-12-01,Credit Card,Paid,12693.5
130705,60705,2025-06-09,Upi,Paid,20691.44
130706,60706,2025-05-25,Debit Card,Paid,14804.44
130707,60707,2026-08-16,Upi,Paid,5399.6
130708,60708,2024-11-27,Cash On Delivery,Pending,20198.47
130709,60709,2024-05-27,Debit Card,Paid,13540.53
130710,60710,2025-03-18,Cash On Delivery,Paid,19862.49
130711,60711,2024-05-19,Debit Card,Paid,2758.8
130712,60712,2024-05-31,Net Banking,Paid,15130.7
130713,60713,2025-09-07,Cash On Delivery,Paid,14212.91
130714,60714,2026-04-01,Net Banking,Paid,7325.17
130715,60715,2024-04-25,Upi,Paid,18495.23
130716,60716,2025-01-14,Net Banking,Paid,2918.54
130717,60717,2024-06-26,Upi,Paid,19629.47
130718,60718,2025-03-31,Upi,Paid,8818.68
130719,60719,2025-07-29,Credit Card,Paid,11762.59
130720,60720,2026-06-04,Debit Card,Paid,28805.69
130721,60721,2026-05-20,Upi,Paid,546.07
130722,60722,2026-06-01,Net Banking,Paid,14747.96
130723,60723,2025-02-15,Upi,Paid,4674.99
130724,60724,2026-02-04,Wallet,Paid,18120.76
130725,60725,2024-10-11,Debit Card,Paid,29319.44
130726,60726,2024-01-31,Debit Card,Paid,23879.14
130727,60727,2026-06-23,Cash On Delivery,Paid,26966.05
130728,60728,2026-05-31,Cash On Delivery,Paid,27410.06
130729,60729,2024-06-27,Upi,Paid,27759.55
130730,60730,2024-07-02,Upi,Paid,23101.67
130731,60731,2026-05-30,Debit Card,Paid,4486.53
130732,60732,2025-03-03,Upi,Failed,27764.77
130733,60733,2026-02-08,Cash On Delivery,Paid,9325.76
130734,60734,2026-05-25,Debit Card,Paid,7892.13
130735,60735,2025-06-16,Upi,Paid,29831.39
130736,60736,2024-04-05,Wallet,Paid,28691.0
130737,60737,2025-08-05,Debit Card,Paid,5533.07
130738,60738,2024-05-09,Net Banking,Paid,29224.06
130739,60739,2025-10-31,Debit Card,Paid,25542.68
130740,60740,2025-07-14,Upi,Paid,20228.35
130741,60741,2025-03-02,Upi,Paid,7541.29
130742,60742,2025-04-01,Upi,Paid,14736.1
130743,60743,2026-07-24,Cash On Delivery,Paid,1884.41
130744,60744,2025-01-13,Upi,Paid,15747.5
130745,60745,2026-04-03,Upi,Paid,2762.88
130746,60746,2026-02-24,Cash On Delivery,Paid,23181.23
130747,60747,2026-08-25,Upi,Paid,1649.52
130748,60748,2026-05-17,Upi,Paid,19583.74
130749,60749,2025-08-27,Cash On Delivery,Paid,16192.05
130750,60750,2026-08-21,Wallet,Paid,27003.95
130751,60751,2025-11-13,Debit Card,Paid,14866.56
130752,60752,2024-05-01,Upi,Paid,16385.2
130753,60753,2024-04-05,Upi,Paid,28310.09
130754,60754,2025-10-17,Upi,Refunded,19810.04
130755,60755,2025-05-30,Net Banking,Paid,2579.86
130756,60756,2026-04-28,Debit Card,Failed,6900.18
130757,60757,2025-06-06,Debit Card,Paid,5285.63
130758,60758,2024-08-22,Net Banking,Paid,2272.45
130759,60759,2026-04-12,Credit Card,Failed,22676.43
130760,60760,2025-04-13,Net Banking,Paid,11738.17
130761,60761,2026-07-15,Credit Card,Paid,19887.4
130762,60762,2024-01-07,Credit Card,Paid,18899.18
130763,60763,2024-01-21,Upi,Paid,26813.58
130764,60764,2024-05-11,Upi,Paid,12205.51
130765,60765,2026-07-18,Cash On Delivery,Paid,24578.25
130766,60766,2024-05-02,Net Banking,Paid,17874.52
130767,60767,2025-11-23,Wallet,Paid,7115.97
130768,60768,2025-11-18,Upi,Paid,11956.94
130769,60769,2026-05-04,Upi,Paid,17837.72
130770,60770,2025-08-29,Upi,Paid,26925.85
130771,60771,2024-01-23,Net Banking,Paid,24999.85
130772,60772,2024-02-08,Upi,Paid,1624.79
130773,60773,2024-01-16,Upi,Paid,6182.19
130774,60774,2025-08-01,Debit Card,Paid,16581.52
130775,60775,2025-02-24,Wallet,Paid,22923.1
130776,60776,2024-03-10,Upi,Paid,8391.85
130777,60777,2024-01-24,Cash On Delivery,Paid,4112.92
130778,60778,2024-07-18,Upi,Paid,9721.94
130779,60779,2025-04-11,Upi,Paid,1264.27
130780,60780,2026-05-27,Upi,Paid,26105.25
130781,60781,2026-03-16,Debit Card,Paid,13864.37
130782,60782,2025-03-10,Wallet,Paid,25895.65
130783,60783,2024-10-06,Upi,Paid,24181.94
130784,60784,2026-01-28,Credit Card,Paid,29748.58
130785,60785,2026-06-30,Debit Card,Paid,13671.47
130786,60786,2024-11-03,Debit Card,Paid,18013.66
130787,60787,2025-04-28,Debit Card,Paid,11159.26
130788,60788,2024-04-20,Credit Card,Paid,21569.42
130789,60789,2024-05-05,Credit Card,Paid,18855.78
130790,60790,2026-05-12,Net Banking,Failed,17944.12
130791,60791,2024-08-10,Credit Card,Paid,2101.0
130792,60792,2024-06-08,Credit Card,Paid,14503.13
130793,60793,2024-11-05,Cash On Delivery,Paid,26916.35
130794,60794,2024-12-07,Upi,Refunded,18415.45
130795,60795,2024-07-17,Upi,Paid,18749.64
130796,60796,2025-11-11,Credit Card,Paid,6072.43
130797,60797,2025-07-12,Credit Card,Paid,3672.25
130798,60798,2025-07-31,Cash On Delivery,Paid,6617.56
130799,60799,2026-08-13,Credit Card,Paid,5883.97
130800,60800,2026-06-21,Net Banking,Refunded,18369.03
130801,60801,2024-10-01,Net Banking,Refunded,28671.39
130802,60802,2026-08-18,Net Banking,Paid,17231.39
130803,60803,2025-10-22,Credit Card,Paid,18243.62
130804,60804,2024-05-23,Debit Card,Paid,1583.16
130805,60805,2024-11-07,Debit Card,Paid,6190.08
130806,60806,2024-08-07,Wallet,Paid,25265.61
130807,60807,2026-02-14,Credit Card,Paid,11869.37
130808,60808,2025-09-14,Credit Card,Paid,20793.57
130809,60809,2026-01-25,Debit Card,Paid,799.7
130810,60810,2024-05-23,Upi,Paid,27835.8
130811,60811,2025-05-18,Upi,Paid,4560.49
130812,60812,2025-06-09,Debit Card,Refunded,7305.28
130813,60813,2025-10-22,Upi,Paid,12790.42
130814,60814,2024-12-29,Cash On Delivery,Paid,29044.96
130815,60815,2024-03-03,Upi,Paid,10505.01
130816,60816,2026-05-13,Upi,Paid,25480.97
130817,60817,2025-02-18,Debit Card,Paid,14304.96
130818,60818,2026-06-12,Credit Card,Paid,12776.27
130819,60819,2025-02-07,Cash On Delivery,Paid,13837.89
130820,60820,2024-09-08,Net Banking,Paid,11955.25
130821,60821,2025-03-28,Upi,Paid,1875.11
130822,60822,2024-04-05,Debit Card,Paid,4972.87
130823,60823,2025-06-27,Credit Card,Paid,14421.76
130824,60824,2026-08-19,Debit Card,Failed,1221.32
130825,60825,2024-09-06,Upi,Paid,15373.22
130826,60826,2024-05-27,Upi,Paid,9432.96
130827,60827,2024-05-12,Net Banking,Paid,9561.36
130828,60828,2024-06-17,Cash On Delivery,Paid,4437.97
130829,60829,2025-01-15,Upi,Paid,13249.13
130830,60830,2024-09-04,Debit Card,Paid,22318.23
130831,60831,2025-11-25,Net Banking,Paid,24698.32
130832,60832,2024-11-29,Net Banking,Paid,8271.72
130833,60833,2024-12-19,Upi,Paid,13898.2
130834,60834,2024-05-24,Credit Card,Failed,20972.32
130835,60835,2025-07-12,Upi,Paid,8427.57
130836,60836,2024-11-11,Upi,Paid,14688.67
130837,60837,2025-11-18,Debit Card,Paid,20134.22
130838,60838,2024-01-25,Net Banking,Paid,19721.4
130839,60839,2025-09-15,Debit Card,Paid,26095.15
130840,60840,2026-02-17,Upi,Paid,24980.48
130841,60841,2025-11-23,Upi,Failed,16602.47
130842,60842,2024-09-14,Debit Card,Paid,27913.12
130843,60843,2025-11-08,Credit Card,Paid,4742.58
130844,60844,2026-03-07,Debit Card,Paid,25970.7
130845,60845,2025-05-26,Upi,Paid,4778.45
130846,60846,2025-09-21,Credit Card,Paid,14757.86
130847,60847,2026-03-02,Credit Card,Paid,19063.55
130848,60848,2025-04-12,Net Banking,Refunded,17618.86
130849,60849,2024-05-25,Wallet,Refunded,19993.49
130850,60850,2026-08-02,Debit Card,Paid,15207.14
130851,60851,2024-11-13,Credit Card,Paid,28540.4
130852,60852,2025-01-11,Credit Card,Paid,15091.9
130853,60853,2025-08-19,Net Banking,Paid,21894.78
130854,60854,2024-06-23,Credit Card,Paid,19306.37
130855,60855,2024-12-03,Credit Card,Paid,24707.87
130856,60856,2025-07-17,Upi,Paid,16758.87
130857,60857,2025-12-12,Net Banking,Refunded,5497.98
130858,60858,2024-05-15,Upi,Paid,9053.89
130859,60859,2026-03-17,Debit Card,Paid,25043.23
130860,60860,2024-09-27,Cash On Delivery,Paid,16549.19
130861,60861,2026-06-08,Cash On Delivery,Paid,8626.5
130862,60862,2026-06-01,Upi,Paid,12327.14
130863,60863,2025-11-23,Cash On Delivery,Paid,16496.28
130864,60864,2026-05-15,Upi,Paid,6680.16
130865,60865,2024-06-07,Credit Card,Paid,2308.18
130866,60866,2025-03-28,Upi,Paid,24299.98
130867,60867,2024-05-19,Debit Card,Paid,14446.25
130868,60868,2025-04-11,Credit Card,Paid,3840.25
130869,60869,2025-07-20,Credit Card,Paid,585.06
130870,60870,2025-07-05,Credit Card,Paid,20143.88
130871,60871,2024-03-14,Debit Card,Paid,23977.61
130872,60872,2024-03-24,Wallet,Paid,6175.45
130873,60873,2026-08-26,Cash On Delivery,Paid,26405.49
130874,60874,2024-09-03,Upi,Paid,28691.27
130875,60875,2025-04-24,Credit Card,Paid,539.1
130876,60876,2025-07-19,Upi,Paid,6586.54
130877,60877,2024-06-06,Debit Card,Paid,12337.33
130878,60878,2024-11-08,Upi,Paid,4444.64
130879,60879,2025-08-06,Upi,Paid,14316.49
130880,60880,2024-07-25,Upi,Paid,21266.99
130881,60881,2026-02-10,Cash On Delivery,Paid,21969.9
130882,60882,2025-09-19,Debit Card,Paid,27018.41
130883,60883,2026-08-18,Upi,Paid,1682.72
130884,60884,2025-07-06,Net Banking,Paid,27437.3
130885,60885,2026-02-18,Upi,Paid,3211.14
130886,60886,2024-11-15,Upi,Paid,8007.35
130887,60887,2025-11-04,Upi,Paid,16544.59
130888,60888,2026-06-30,Cash On Delivery,Paid,12547.92
130889,60889,2026-03-09,Upi,Paid,21258.7
130890,60890,2026-01-26,Debit Card,Paid,18588.51
130891,60891,2025-03-13,Debit Card,Paid,13416.06
130892,60892,2025-08-03,Upi,Paid,19458.55
130893,60893,2025-07-31,Credit Card,Paid,29830.14
130894,60894,2024-07-22,Upi,Paid,19069.1
130895,60895,2024-09-12,Wallet,Paid,3988.88
130896,60896,2025-09-20,Debit Card,Paid,7040.49
130897,60897,2025-09-12,Cash On Delivery,Paid,9144.26
130898,60898,2025-10-30,Cash On Delivery,Paid,6369.51
130899,60899,2025-08-11,Wallet,Paid,965.16
130900,60900,2025-07-17,Upi,Paid,20365.67
130901,60901,2025-05-19,Upi,Paid,17889.92
130902,60902,2025-09-13,Upi,Paid,4616.88
130903,60903,2024-12-18,Upi,Paid,12437.5
130904,60904,2024-06-06,Debit Card,Paid,8882.98
130905,60905,2025-10-19,Upi,Paid,14786.49
130906,60906,2024-11-23,Net Banking,Paid,24866.39
130907,60907,2026-01-05,Debit Card,Paid,3527.49
130908,60908,2026-05-17,Wallet,Paid,5350.87
130909,60909,2025-01-16,Credit Card,Pending,29477.02
130910,60910,2024-05-15,Credit Card,Pending,15091.87
130911,60911,2024-01-04,Wallet,Paid,25788.84
130912,60912,2025-07-28,Wallet,Paid,3511.39
130913,60913,2026-05-06,Debit Card,Paid,12186.8
130914,60914,2026-05-21,Debit Card,Paid,18827.79
130915,60915,2026-05-22,Upi,Paid,9753.5
130916,60916,2024-01-14,Net Banking,Failed,24509.3
130917,60917,2024-02-24,Upi,Paid,24167.34
130918,60918,2026-07-28,Cash On Delivery,Paid,26138.44
130919,60919,2025-10-18,Upi,Paid,25983.32
130920,60920,2026-05-09,Debit Card,Paid,29241.52
130921,60921,2026-08-08,Credit Card,Pending,13300.28
130922,60922,2025-11-25,Upi,Paid,12199.79
130923,60923,2025-01-26,Net Banking,Paid,6948.13
130924,60924,2025-11-18,Credit Card,Paid,1837.03
130925,60925,2025-09-01,Upi,Paid,11488.74
130926,60926,2026-04-22,Credit Card,Paid,9901.29
130927,60927,2026-04-16,Cash On Delivery,Paid,19140.16
130928,60928,2024-06-16,Debit Card,Paid,23443.95
130929,60929,2026-05-04,Debit Card,Paid,2592.29
130930,60930,2025-11-11,Debit Card,Paid,28284.66
130931,60931,2025-12-13,Upi,Paid,20954.19
130932,60932,2024-12-01,Cash On Delivery,Paid,20396.79
130933,60933,2025-04-17,Wallet,Paid,26102.29
130934,60934,2026-04-30,Net Banking,Paid,27927.8
130935,60935,2024-05-14,Net Banking,Paid,18047.51
130936,60936,2025-06-01,Debit Card,Failed,18807.68
130937,60937,2026-07-27,Net Banking,Paid,3142.63
130938,60938,2026-01-15,Upi,Paid,10164.82
130939,60939,2024-05-26,Upi,Paid,22523.85
130940,60940,2024-06-11,Upi,Paid,17909.01
130941,60941,2025-05-03,Debit Card,Paid,23178.04
130942,60942,2024-08-23,Upi,Paid,23924.98
130943,60943,2026-05-07,Debit Card,Paid,11525.79
130944,60944,2026-03-25,Credit Card,Paid,25340.11
130945,60945,2026-07-16,Upi,Paid,24229.81
130946,60946,2025-01-21,Credit Card,Paid,18695.42
130947,60947,2024-10-04,Upi,Paid,5492.75
130948,60948,2025-05-26,Upi,Paid,15222.41
130949,60949,2024-04-21,Debit Card,Failed,3655.97
130950,60950,2025-12-06,Cash On Delivery,Paid,3858.3
130951,60951,2026-04-23,Upi,Paid,29736.29
130952,60952,2024-06-16,Net Banking,Refunded,24291.55
130953,60953,2024-07-12,Credit Card,Paid,18506.86
130954,60954,2024-10-23,Cash On Delivery,Paid,28690.98
130955,60955,2026-02-18,Credit Card,Refunded,13677.76
130956,60956,2024-11-13,Debit Card,Paid,29778.96
130957,60957,2025-12-08,Credit Card,Paid,3166.08
130958,60958,2026-06-10,Debit Card,Failed,10194.98
130959,60959,2025-03-02,Upi,Paid,11572.75
130960,60960,2024-05-14,Credit Card,Paid,15320.08
130961,60961,2026-06-07,Cash On Delivery,Paid,10863.72
130962,60962,2024-12-29,Cash On Delivery,Paid,25470.11
130963,60963,2025-08-06,Net Banking,Paid,4632.85
130964,60964,2026-07-21,Upi,Refunded,19700.62
130965,60965,2026-05-21,Upi,Paid,19662.49
130966,60966,2026-03-23,Wallet,Paid,16200.23
130967,60967,2024-12-09,Cash On Delivery,Paid,17707.48
130968,60968,2025-10-13,Credit Card,Failed,23551.45
130969,60969,2024-11-19,Debit Card,Paid,29557.58
130970,60970,2025-06-17,Net Banking,Paid,27403.69
130971,60971,2024-11-26,Cash On Delivery,Paid,3112.46
130972,60972,2026-03-26,Upi,Paid,12772.34
130973,60973,2025-12-30,Net Banking,Paid,10207.57
130974,60974,2026-07-10,Wallet,Paid,12751.15
130975,60975,2024-09-17,Cash On Delivery,Paid,18370.57
130976,60976,2026-06-17,Upi,Paid,10302.59
130977,60977,2024-08-31,Net Banking,Paid,4716.82
130978,60978,2025-09-11,Credit Card,Paid,21419.25
130979,60979,2024-06-20,Debit Card,Paid,20737.83
130980,60980,2025-12-08,Debit Card,Paid,17250.81
130981,60981,2026-01-23,Cash On Delivery,Paid,12398.71
130982,60982,2026-01-22,Cash On Delivery,Paid,1414.15
130983,60983,2024-09-27,Upi,Paid,12080.14
130984,60984,2026-02-25,Debit Card,Paid,24435.36
130985,60985,2024-06-05,Credit Card,Paid,18962.7
130986,60986,2025-12-15,Wallet,Failed,19481.6
130987,60987,2025-04-04,Upi,Paid,19489.36
130988,60988,2024-06-24,Upi,Paid,28585.32
130989,60989,2026-08-05,Upi,Paid,29583.89
130990,60990,2026-01-07,Credit Card,Paid,21913.29
130991,60991,2024-05-22,Cash On Delivery,Paid,17175.39
130992,60992,2025-01-13,Wallet,Paid,8016.89
130993,60993,2025-12-18,Upi,Paid,11644.41
130994,60994,2024-07-12,Credit Card,Paid,28779.28
130995,60995,2025-04-06,Debit Card,Paid,8367.64
130996,60996,2024-04-09,Upi,Paid,25185.4
130997,60997,2024-01-23,Credit Card,Paid,5507.36
130998,60998,2024-08-24,Upi,Paid,4180.4
130999,60999,2025-11-22,Wallet,Failed,7500.98
131000,61000,2025-05-08,Wallet,Paid,22312.57
131001,61001,2024-10-27,Credit Card,Paid,20721.9
131002,61002,2024-08-30,Credit Card,Paid,27175.15
131003,61003,2026-02-19,Cash On Delivery,Paid,7925.91
131004,61004,2025-10-08,Credit Card,Paid,22299.05
131005,61005,2026-04-19,Credit Card,Paid,21900.53
131006,61006,2026-07-24,Upi,Paid,23396.45
131007,61007,2025-09-08,Upi,Paid,20437.22
131008,61008,2024-02-15,Debit Card,Paid,27612.48
131009,61009,2026-06-28,Credit Card,Paid,13568.71
131010,61010,2024-05-09,Upi,Paid,12145.88
131011,61011,2025-11-19,Upi,Paid,19717.43
131012,61012,2024-08-28,Upi,Paid,6247.78
131013,61013,2026-01-13,Net Banking,Paid,17164.87
131014,61014,2026-02-21,Credit Card,Paid,21273.42
131015,61015,2026-02-09,Debit Card,Paid,17997.02
131016,61016,2024-09-21,Upi,Paid,9289.96
131017,61017,2025-09-14,Net Banking,Failed,29422.18
131018,61018,2024-07-04,Debit Card,Paid,7468.88
131019,61019,2026-05-12,Upi,Paid,11103.0
131020,61020,2024-05-28,Credit Card,Refunded,27249.6
131021,61021,2026-03-30,Credit Card,Paid,13417.59
131022,61022,2024-05-28,Net Banking,Paid,6773.82
131023,61023,2024-10-06,Wallet,Paid,25719.32
131024,61024,2025-12-02,Credit Card,Paid,28434.8
131025,61025,2026-07-18,Upi,Failed,16999.05
131026,61026,2025-11-18,Credit Card,Failed,16684.77
131027,61027,2024-11-29,Debit Card,Refunded,23278.94
131028,61028,2024-10-28,Upi,Paid,12497.52
131029,61029,2025-09-06,Credit Card,Failed,17680.32
131030,61030,2025-03-12,Credit Card,Paid,16528.86
131031,61031,2024-07-19,Cash On Delivery,Pending,410.58
131032,61032,2025-09-03,Cash On Delivery,Pending,28246.96
131033,61033,2025-02-28,Upi,Paid,13542.77
131034,61034,2026-08-05,Upi,Paid,458.18
131035,61035,2024-01-29,Cash On Delivery,Paid,19579.61
131036,61036,2025-12-21,Debit Card,Paid,29683.87
131037,61037,2026-02-15,Credit Card,Paid,22012.33
131038,61038,2026-02-17,Credit Card,Paid,5057.43
131039,61039,2025-11-13,Debit Card,Paid,5308.33
131040,61040,2026-08-06,Debit Card,Paid,28256.32
131041,61041,2024-10-30,Upi,Paid,3235.67
131042,61042,2025-01-04,Debit Card,Paid,15006.66
131043,61043,2026-06-27,Wallet,Paid,25872.66
131044,61044,2024-03-08,Upi,Paid,20148.76
131045,61045,2026-03-12,Debit Card,Paid,25657.39
131046,61046,2025-12-27,Credit Card,Paid,17344.7
131047,61047,2025-07-25,Debit Card,Paid,12141.71
131048,61048,2024-04-27,Upi,Paid,25680.04
131049,61049,2025-08-15,Upi,Paid,5557.67
131050,61050,2025-03-02,Cash On Delivery,Paid,9998.53
131051,61051,2024-03-28,Net Banking,Paid,7183.22
131052,61052,2025-12-20,Credit Card,Paid,14270.74
131053,61053,2026-03-01,Upi,Paid,819.47
131054,61054,2025-06-26,Credit Card,Paid,3141.24
131055,61055,2024-06-10,Upi,Paid,4069.41
131056,61056,2024-12-25,Net Banking,Paid,14874.64
131057,61057,2025-06-08,Cash On Delivery,Paid,11779.87
131058,61058,2025-05-14,Wallet,Paid,8186.92
131059,61059,2025-07-28,Upi,Paid,12848.1
131060,61060,2024-08-27,Net Banking,Paid,4771.75
131061,61061,2026-02-13,Upi,Paid,12542.73
131062,61062,2024-03-14,Credit Card,Paid,11695.74
131063,61063,2026-08-16,Credit Card,Paid,18347.23
131064,61064,2025-02-06,Debit Card,Paid,19562.49
131065,61065,2026-03-18,Debit Card,Paid,4840.1
131066,61066,2024-02-27,Wallet,Paid,21380.95
131067,61067,2025-10-11,Cash On Delivery,Paid,6000.73
131068,61068,2026-08-11,Credit Card,Paid,2617.45
131069,61069,2026-07-20,Credit Card,Failed,15345.57
131070,61070,2025-03-10,Credit Card,Paid,19365.78
131071,61071,2024-12-28,Credit Card,Paid,5651.72
131072,61072,2026-05-05,Net Banking,Paid,26984.09
131073,61073,2025-09-12,Debit Card,Paid,24980.12
131074,61074,2026-07-15,Upi,Paid,7471.05
131075,61075,2024-08-15,Upi,Paid,24607.57
131076,61076,2025-03-12,Debit Card,Paid,17397.88
131077,61077,2024-11-01,Upi,Paid,25236.01
131078,61078,2025-02-11,Upi,Paid,8022.26
131079,61079,2026-04-27,Debit Card,Paid,1019.26
131080,61080,2026-05-17,Cash On Delivery,Paid,4997.11
131081,61081,2025-08-01,Upi,Paid,7650.22
131082,61082,2024-02-05,Credit Card,Paid,29084.79
131083,61083,2025-03-04,Wallet,Paid,19981.29
131084,61084,2025-04-18,Net Banking,Paid,26153.69
131085,61085,2025-11-25,Net Banking,Paid,18542.98
131086,61086,2024-09-18,Net Banking,Paid,21374.39
131087,61087,2025-07-17,Upi,Paid,9799.42
131088,61088,2025-12-31,Cash On Delivery,Paid,11456.34
131089,61089,2025-07-06,Debit Card,Paid,23279.03
131090,61090,2026-03-22,Net Banking,Paid,24219.0
131091,61091,2024-09-02,Upi,Paid,3264.79
131092,61092,2025-08-27,Credit Card,Paid,9738.96
131093,61093,2025-03-17,Credit Card,Paid,8287.83
131094,61094,2025-02-01,Credit Card,Paid,6624.71
131095,61095,2025-02-16,Wallet,Paid,6129.14
131096,61096,2025-06-23,Net Banking,Failed,24673.96
131097,61097,2025-05-15,Net Banking,Paid,29186.85
131098,61098,2025-07-11,Credit Card,Paid,29874.43
131099,61099,2026-07-23,Cash On Delivery,Paid,19734.67
131100,61100,2025-09-09,Upi,Refunded,1802.3
131101,61101,2025-06-17,Net Banking,Paid,9156.6
131102,61102,2026-06-14,Cash On Delivery,Paid,22950.11
131103,61103,2024-08-20,Upi,Paid,15403.9
131104,61104,2024-08-29,Upi,Paid,26811.23
131105,61105,2024-04-24,Net Banking,Paid,19927.68
131106,61106,2024-07-17,Cash On Delivery,Paid,25206.77
131107,61107,2024-03-18,Wallet,Paid,20677.99
131108,61108,2024-07-06,Credit Card,Paid,15356.57
131109,61109,2025-09-29,Cash On Delivery,Paid,20671.09
131110,61110,2025-11-08,Net Banking,Paid,19627.06
131111,61111,2025-09-22,Upi,Paid,26374.95
131112,61112,2026-05-28,Debit Card,Paid,26376.14
131113,61113,2026-04-11,Credit Card,Paid,1477.75
131114,61114,2024-11-12,Cash On Delivery,Paid,907.84
131115,61115,2024-07-04,Upi,Paid,18247.36
131116,61116,2025-02-12,Debit Card,Paid,5726.94
131117,61117,2026-06-21,Debit Card,Paid,22424.01
131118,61118,2026-07-28,Upi,Paid,20562.3
131119,61119,2024-07-18,Debit Card,Pending,4942.78
131120,61120,2024-05-22,Wallet,Paid,24872.0
131121,61121,2025-12-19,Cash On Delivery,Paid,10142.49
131122,61122,2026-05-06,Upi,Paid,4325.92
131123,61123,2026-07-10,Upi,Paid,25357.21
131124,61124,2026-07-21,Debit Card,Paid,23448.92
131125,61125,2024-10-03,Upi,Paid,2455.0
131126,61126,2026-02-14,Net Banking,Paid,6927.49
131127,61127,2025-10-18,Cash On Delivery,Paid,10179.68
131128,61128,2024-11-24,Upi,Paid,11090.23
131129,61129,2024-01-19,Credit Card,Paid,13611.8
131130,61130,2025-09-25,Upi,Refunded,15314.94
131131,61131,2024-12-17,Upi,Paid,26745.67
131132,61132,2024-10-12,Debit Card,Paid,452.08
131133,61133,2024-01-10,Cash On Delivery,Paid,6321.28
131134,61134,2024-04-28,Debit Card,Pending,14766.63
131135,61135,2024-07-05,Net Banking,Paid,8079.88
131136,61136,2024-04-15,Net Banking,Paid,14046.86
131137,61137,2026-07-13,Wallet,Paid,8809.5
131138,61138,2024-01-11,Wallet,Failed,7033.46
131139,61139,2025-01-12,Upi,Paid,21200.41
131140,61140,2026-08-10,Upi,Paid,13703.77
131141,61141,2024-04-24,Debit Card,Paid,3981.51
131142,61142,2025-09-27,Credit Card,Paid,26368.64
131143,61143,2024-08-31,Debit Card,Paid,19028.98
131144,61144,2024-11-10,Debit Card,Pending,18998.72
131145,61145,2025-03-09,Upi,Paid,6123.0
131146,61146,2025-07-17,Credit Card,Paid,26026.41
131147,61147,2026-01-09,Upi,Paid,8038.74
131148,61148,2025-08-24,Credit Card,Failed,12702.24
131149,61149,2024-01-22,Credit Card,Paid,20400.48
131150,61150,2024-06-29,Credit Card,Paid,4118.75
131151,61151,2025-09-02,Upi,Paid,21181.57
131152,61152,2024-10-09,Upi,Paid,20617.1
131153,61153,2024-02-29,Debit Card,Paid,16933.4
131154,61154,2025-06-15,Net Banking,Paid,20038.1
131155,61155,2024-11-03,Credit Card,Paid,17095.76
131156,61156,2026-03-27,Wallet,Paid,27502.12
131157,61157,2026-05-12,Net Banking,Paid,19621.34
131158,61158,2024-05-05,Upi,Paid,16910.3
131159,61159,2026-01-24,Upi,Paid,27128.33
131160,61160,2026-04-14,Wallet,Paid,25444.87
131161,61161,2025-09-14,Upi,Paid,29275.08
131162,61162,2025-08-15,Upi,Paid,27439.07
131163,61163,2025-03-27,Credit Card,Paid,5470.6
131164,61164,2025-04-21,Credit Card,Paid,26580.24
131165,61165,2024-03-19,Upi,Paid,20385.64
131166,61166,2024-05-22,Upi,Paid,21617.22
131167,61167,2025-10-27,Upi,Paid,2221.29
131168,61168,2025-06-19,Upi,Paid,22269.38
131169,61169,2024-06-19,Cash On Delivery,Paid,1821.45
131170,61170,2024-12-09,Credit Card,Paid,2657.58
131171,61171,2025-09-21,Net Banking,Paid,3656.45
131172,61172,2024-07-02,Credit Card,Paid,16870.23
131173,61173,2024-07-23,Wallet,Paid,8661.82
131174,61174,2026-05-06,Wallet,Refunded,6558.44
131175,61175,2025-03-20,Upi,Paid,18289.89
131176,61176,2025-03-23,Net Banking,Paid,26184.97
131177,61177,2024-03-13,Cash On Delivery,Pending,12430.03
131178,61178,2024-03-20,Upi,Paid,1085.1
131179,61179,2025-09-22,Credit Card,Paid,15541.36
131180,61180,2024-10-21,Debit Card,Failed,14166.12
131181,61181,2024-10-01,Cash On Delivery,Paid,28087.09
131182,61182,2024-06-26,Wallet,Paid,14636.7
131183,61183,2026-01-01,Net Banking,Pending,2242.05
131184,61184,2026-06-30,Upi,Paid,23333.64
131185,61185,2024-09-12,Upi,Paid,15816.28
131186,61186,2024-08-23,Upi,Paid,5941.25
131187,61187,2026-01-26,Upi,Paid,14176.48
131188,61188,2025-05-09,Upi,Paid,26832.42
131189,61189,2026-02-12,Debit Card,Paid,19448.85
131190,61190,2025-12-25,Cash On Delivery,Paid,25525.41
131191,61191,2026-02-12,Credit Card,Paid,25964.37
131192,61192,2024-06-05,Credit Card,Paid,5367.75
131193,61193,2025-06-04,Upi,Paid,3082.35
131194,61194,2025-03-02,Wallet,Paid,26264.74
131195,61195,2026-04-22,Credit Card,Paid,20960.77
131196,61196,2025-09-27,Credit Card,Paid,29212.03
131197,61197,2025-12-24,Cash On Delivery,Paid,9302.43
131198,61198,2026-05-06,Wallet,Paid,14490.24
131199,61199,2025-11-03,Cash On Delivery,Paid,29187.61
131200,61200,2025-09-29,Debit Card,Paid,18626.41
131201,61201,2025-05-28,Cash On Delivery,Paid,3342.95
131202,61202,2024-03-19,Upi,Paid,10566.71
131203,61203,2025-12-02,Cash On Delivery,Paid,29020.13
131204,61204,2024-11-10,Upi,Paid,25720.88
131205,61205,2024-04-30,Debit Card,Paid,9351.35
131206,61206,2024-12-07,Credit Card,Paid,5093.81
131207,61207,2024-12-02,Upi,Failed,7755.82
131208,61208,2025-01-11,Upi,Paid,12961.94
131209,61209,2024-09-29,Credit Card,Paid,10285.77
131210,61210,2026-07-04,Upi,Paid,6346.14
131211,61211,2026-05-10,Upi,Paid,28165.23
131212,61212,2024-02-07,Credit Card,Paid,15600.96
131213,61213,2025-04-29,Credit Card,Paid,12237.73
131214,61214,2024-10-21,Upi,Paid,22157.11
131215,61215,2026-04-03,Wallet,Paid,1525.86
131216,61216,2025-04-22,Upi,Paid,23752.86
131217,61217,2025-09-09,Cash On Delivery,Paid,13637.36
131218,61218,2024-03-27,Credit Card,Paid,8889.99
131219,61219,2025-11-23,Credit Card,Paid,15620.26
131220,61220,2025-04-16,Debit Card,Paid,16718.26
131221,61221,2026-04-29,Credit Card,Paid,17280.47
131222,61222,2024-04-14,Upi,Paid,8950.12
131223,61223,2024-10-20,Upi,Paid,5370.72
131224,61224,2026-03-26,Upi,Paid,15645.45
131225,61225,2024-08-17,Upi,Paid,9689.69
131226,61226,2024-09-21,Upi,Paid,24408.19
131227,61227,2024-10-23,Upi,Failed,1435.39
131228,61228,2025-05-25,Upi,Paid,21888.07
131229,61229,2024-02-25,Debit Card,Paid,17058.99
131230,61230,2025-08-23,Credit Card,Paid,25823.83
131231,61231,2026-02-26,Cash On Delivery,Paid,29105.88
131232,61232,2024-10-24,Upi,Paid,28240.42
131233,61233,2024-06-16,Upi,Paid,27066.08
131234,61234,2024-12-08,Upi,Paid,5211.28
131235,61235,2025-09-21,Upi,Paid,19808.86
131236,61236,2025-05-12,Upi,Paid,21743.95
131237,61237,2025-08-08,Credit Card,Paid,25724.93
131238,61238,2026-02-21,Cash On Delivery,Paid,20592.34
131239,61239,2026-07-11,Upi,Paid,6263.15
131240,61240,2025-03-16,Credit Card,Paid,11158.47
131241,61241,2026-01-09,Upi,Paid,20375.67
131242,61242,2025-04-23,Upi,Paid,16642.04
131243,61243,2024-05-17,Upi,Paid,1848.43
131244,61244,2025-08-01,Credit Card,Paid,14913.95
131245,61245,2026-07-16,Cash On Delivery,Paid,16256.27
131246,61246,2025-02-19,Cash On Delivery,Paid,12322.19
131247,61247,2025-06-11,Wallet,Paid,25133.74
131248,61248,2025-12-06,Upi,Paid,13501.39
131249,61249,2026-03-18,Debit Card,Paid,28403.87
131250,61250,2024-01-05,Net Banking,Refunded,1412.25
131251,61251,2024-02-27,Credit Card,Paid,4523.96
131252,61252,2025-04-14,Wallet,Paid,18300.27
131253,61253,2024-04-18,Upi,Paid,14010.29
131254,61254,2026-06-14,Wallet,Paid,28730.49
131255,61255,2025-11-14,Debit Card,Paid,17703.24
131256,61256,2025-08-23,Cash On Delivery,Paid,11907.27
131257,61257,2025-07-23,Debit Card,Paid,8457.43
131258,61258,2025-04-19,Credit Card,Paid,14600.77
131259,61259,2024-02-20,Debit Card,Paid,26806.59
131260,61260,2026-01-19,Net Banking,Paid,10115.0
131261,61261,2025-04-11,Wallet,Paid,11517.45
131262,61262,2025-01-18,Upi,Paid,12024.4
131263,61263,2025-03-01,Upi,Paid,25824.93
131264,61264,2025-03-30,Net Banking,Paid,20098.8
131265,61265,2026-07-02,Net Banking,Paid,29492.16
131266,61266,2024-07-10,Credit Card,Paid,11655.19
131267,61267,2024-06-22,Credit Card,Refunded,16627.48
131268,61268,2024-05-01,Credit Card,Paid,19085.47
131269,61269,2025-08-25,Net Banking,Paid,28402.82
131270,61270,2024-01-26,Upi,Paid,4684.54
131271,61271,2026-02-09,Net Banking,Failed,9060.33
131272,61272,2025-12-11,Cash On Delivery,Paid,17360.36
131273,61273,2025-11-19,Upi,Paid,19249.03
131274,61274,2025-04-01,Upi,Paid,21326.75
131275,61275,2025-02-02,Net Banking,Pending,11460.75
131276,61276,2026-07-01,Upi,Paid,17337.83
131277,61277,2026-03-17,Cash On Delivery,Paid,20814.27
131278,61278,2024-06-21,Wallet,Refunded,8955.71
131279,61279,2024-09-08,Wallet,Paid,24814.3
131280,61280,2024-08-24,Upi,Paid,20696.29
131281,61281,2025-04-05,Debit Card,Paid,13026.25
131282,61282,2025-09-13,Debit Card,Paid,1091.48
131283,61283,2024-08-05,Credit Card,Paid,15255.39
131284,61284,2024-02-24,Credit Card,Pending,11788.17
131285,61285,2025-01-10,Wallet,Paid,24085.01
131286,61286,2025-05-03,Upi,Paid,8828.71
131287,61287,2025-10-16,Net Banking,Failed,21546.43
131288,61288,2024-05-01,Debit Card,Paid,22073.14
131289,61289,2025-11-01,Wallet,Paid,20298.3
131290,61290,2024-06-05,Upi,Paid,9921.15
131291,61291,2024-10-12,Credit Card,Refunded,17608.47
131292,61292,2025-05-11,Credit Card,Paid,12489.83
131293,61293,2024-04-13,Debit Card,Refunded,27088.18
131294,61294,2025-07-05,Net Banking,Failed,19576.22
131295,61295,2024-02-10,Upi,Paid,24293.26
131296,61296,2024-07-25,Credit Card,Paid,992.78
131297,61297,2025-07-03,Net Banking,Failed,3141.31
131298,61298,2024-09-21,Debit Card,Paid,20600.47
131299,61299,2025-02-25,Net Banking,Pending,19080.53
131300,61300,2024-10-04,Credit Card,Paid,17274.39
131301,61301,2025-05-01,Upi,Paid,18871.27
131302,61302,2024-05-20,Net Banking,Failed,8678.13
131303,61303,2024-05-30,Credit Card,Paid,19596.82
131304,61304,2026-07-27,Upi,Paid,27731.64
131305,61305,2024-11-21,Upi,Paid,7649.0
131306,61306,2025-11-03,Upi,Paid,15009.68
131307,61307,2024-01-11,Net Banking,Paid,25140.81
131308,61308,2024-04-18,Credit Card,Paid,4934.99
131309,61309,2026-02-05,Net Banking,Paid,543.56
131310,61310,2024-12-13,Upi,Paid,1967.13
131311,61311,2024-10-20,Cash On Delivery,Paid,22365.72
131312,61312,2024-06-19,Net Banking,Paid,340.77
131313,61313,2024-09-17,Cash On Delivery,Paid,26574.27
131314,61314,2024-08-15,Credit Card,Failed,2002.85
131315,61315,2026-02-14,Upi,Paid,18670.54
131316,61316,2026-07-03,Debit Card,Paid,6041.91
131317,61317,2024-02-04,Upi,Paid,26911.96
131318,61318,2024-05-14,Credit Card,Refunded,7943.47
131319,61319,2025-09-02,Credit Card,Paid,1997.16
131320,61320,2026-05-03,Credit Card,Paid,18953.45
131321,61321,2024-11-05,Wallet,Paid,7454.75
131322,61322,2026-03-29,Debit Card,Paid,22223.87
131323,61323,2024-01-05,Net Banking,Paid,6318.26
131324,61324,2025-12-23,Debit Card,Paid,17077.18
131325,61325,2026-07-06,Credit Card,Failed,10463.7
131326,61326,2025-04-29,Upi,Paid,23458.39
131327,61327,2025-07-20,Upi,Paid,14327.69
131328,61328,2024-09-07,Cash On Delivery,Paid,6032.26
131329,61329,2026-02-03,Credit Card,Paid,17968.61
131330,61330,2026-03-20,Cash On Delivery,Paid,10325.43
131331,61331,2026-03-22,Upi,Paid,22121.37
131332,61332,2026-03-22,Upi,Paid,22206.22
131333,61333,2024-03-16,Cash On Delivery,Paid,20427.02
131334,61334,2025-05-26,Net Banking,Paid,22078.27
131335,61335,2025-05-11,Upi,Paid,23993.6
131336,61336,2024-02-16,Upi,Failed,21172.69
131337,61337,2026-02-19,Upi,Paid,26148.04
131338,61338,2024-07-08,Debit Card,Paid,23867.18
131339,61339,2025-02-16,Upi,Paid,6996.59
131340,61340,2024-02-24,Cash On Delivery,Paid,3282.96
131341,61341,2026-02-07,Upi,Paid,20138.53
131342,61342,2024-06-25,Debit Card,Paid,23457.61
131343,61343,2025-05-19,Credit Card,Paid,23830.96
131344,61344,2025-05-10,Credit Card,Paid,28156.21
131345,61345,2024-04-03,Upi,Paid,14035.33
131346,61346,2026-04-08,Credit Card,Paid,28853.93
131347,61347,2024-01-09,Cash On Delivery,Failed,13199.42
131348,61348,2025-09-27,Upi,Paid,7703.9
131349,61349,2024-06-17,Net Banking,Paid,23218.21
131350,61350,2025-08-07,Upi,Paid,21738.64
131351,61351,2024-08-10,Upi,Paid,22014.76
131352,61352,2025-12-26,Upi,Paid,19066.43
131353,61353,2025-07-02,Cash On Delivery,Paid,14956.18
131354,61354,2025-09-14,Upi,Paid,23824.84
131355,61355,2026-08-16,Cash On Delivery,Refunded,9177.61
131356,61356,2025-03-06,Wallet,Failed,23767.19
131357,61357,2026-01-09,Debit Card,Paid,27271.8
131358,61358,2026-03-04,Upi,Paid,9003.96
131359,61359,2024-11-11,Credit Card,Paid,3395.6
131360,61360,2024-10-30,Upi,Failed,25846.52
131361,61361,2025-11-17,Cash On Delivery,Paid,5326.06
131362,61362,2026-06-19,Upi,Paid,2642.64
131363,61363,2024-01-16,Upi,Paid,25484.37
131364,61364,2024-04-22,Net Banking,Paid,20632.04
131365,61365,2024-06-15,Net Banking,Paid,28664.2
131366,61366,2025-09-13,Upi,Paid,19887.95
131367,61367,2025-02-14,Upi,Paid,27387.63
131368,61368,2025-05-01,Upi,Paid,439.33
131369,61369,2024-11-04,Credit Card,Paid,10222.59
131370,61370,2025-02-17,Upi,Paid,23860.42
131371,61371,2026-01-23,Debit Card,Paid,5527.74
131372,61372,2025-02-22,Cash On Delivery,Refunded,15424.94
131373,61373,2025-01-16,Credit Card,Paid,15438.41
131374,61374,2024-02-12,Debit Card,Paid,25052.17
131375,61375,2025-01-01,Upi,Paid,11081.63
131376,61376,2025-12-29,Net Banking,Paid,15093.81
131377,61377,2024-05-14,Credit Card,Paid,27877.09
131378,61378,2024-12-09,Debit Card,Pending,29105.41
131379,61379,2024-10-03,Net Banking,Failed,713.65
131380,61380,2025-04-09,Credit Card,Paid,7640.84
131381,61381,2026-03-10,Debit Card,Paid,25913.07
131382,61382,2026-04-02,Credit Card,Paid,1052.84
131383,61383,2025-01-10,Upi,Refunded,7832.19
131384,61384,2025-07-16,Upi,Paid,22458.97
131385,61385,2026-03-07,Debit Card,Paid,5133.42
131386,61386,2026-04-06,Upi,Paid,29484.18
131387,61387,2025-08-10,Cash On Delivery,Paid,28459.99
131388,61388,2024-05-13,Upi,Pending,14318.98
131389,61389,2025-01-02,Upi,Paid,22481.61
131390,61390,2024-10-01,Credit Card,Paid,25050.88
131391,61391,2025-10-24,Net Banking,Paid,29277.56
131392,61392,2024-08-09,Wallet,Paid,11086.84
131393,61393,2024-02-06,Upi,Pending,8475.29
131394,61394,2026-05-09,Credit Card,Paid,21177.02
131395,61395,2024-04-17,Upi,Paid,25134.48
131396,61396,2026-01-29,Upi,Paid,28971.46
131397,61397,2026-07-15,Upi,Paid,5402.42
131398,61398,2026-03-20,Upi,Paid,6493.16
131399,61399,2025-04-19,Credit Card,Paid,11039.41
131400,61400,2025-07-05,Upi,Paid,17032.72
131401,61401,2025-11-30,Credit Card,Refunded,22052.09
131402,61402,2024-08-05,Cash On Delivery,Paid,477.93
131403,61403,2025-02-14,Upi,Paid,8195.13
131404,61404,2024-12-31,Credit Card,Paid,25196.23
131405,61405,2024-09-22,Debit Card,Paid,5988.02
131406,61406,2025-06-17,Upi,Paid,7093.49
131407,61407,2025-02-13,Debit Card,Paid,6461.96
131408,61408,2024-01-21,Credit Card,Paid,20289.4
131409,61409,2024-03-31,Upi,Paid,10250.35
131410,61410,2025-09-15,Debit Card,Paid,315.82
131411,61411,2025-06-22,Wallet,Paid,27402.19
131412,61412,2026-04-11,Cash On Delivery,Paid,29140.9
131413,61413,2024-03-13,Credit Card,Paid,13836.97
131414,61414,2024-11-13,Net Banking,Paid,20939.93
131415,61415,2025-01-11,Debit Card,Paid,17596.31
131416,61416,2025-10-21,Wallet,Paid,9049.2
131417,61417,2025-02-28,Wallet,Paid,25980.9
131418,61418,2025-04-14,Upi,Paid,23820.73
131419,61419,2026-06-14,Upi,Paid,8267.78
131420,61420,2024-01-06,Credit Card,Paid,7024.49
131421,61421,2026-05-16,Net Banking,Paid,2438.33
131422,61422,2024-10-05,Upi,Paid,3767.15
131423,61423,2024-02-12,Credit Card,Paid,4934.2
131424,61424,2025-05-27,Credit Card,Paid,29984.78
131425,61425,2024-07-24,Net Banking,Failed,15859.72
131426,61426,2025-12-04,Upi,Paid,27529.06
131427,61427,2026-01-09,Net Banking,Paid,3263.64
131428,61428,2025-01-26,Debit Card,Paid,13922.38
131429,61429,2026-01-27,Upi,Paid,24822.75
131430,61430,2024-07-02,Upi,Paid,16361.61
131431,61431,2024-11-23,Net Banking,Paid,19997.44
131432,61432,2024-03-01,Cash On Delivery,Paid,13119.75
131433,61433,2025-09-16,Net Banking,Paid,5970.19
131434,61434,2025-11-27,Credit Card,Paid,9526.05
131435,61435,2026-01-09,Net Banking,Refunded,29140.1
131436,61436,2024-12-21,Upi,Paid,6975.86
131437,61437,2026-03-24,Upi,Paid,20406.5
131438,61438,2025-09-20,Debit Card,Paid,16636.2
131439,61439,2025-07-15,Credit Card,Paid,27768.44
131440,61440,2024-08-05,Debit Card,Paid,18401.25
131441,61441,2026-03-29,Upi,Refunded,11599.52
131442,61442,2026-01-02,Upi,Paid,21816.64
131443,61443,2026-05-02,Credit Card,Paid,12547.28
131444,61444,2024-11-30,Wallet,Paid,19414.45
131445,61445,2025-06-19,Debit Card,Paid,5555.78
131446,61446,2024-02-22,Upi,Paid,26223.63
131447,61447,2025-08-04,Net Banking,Paid,25307.96
131448,61448,2025-05-09,Cash On Delivery,Paid,8368.86
131449,61449,2026-03-06,Credit Card,Paid,12146.62
131450,61450,2025-12-13,Credit Card,Pending,9788.03
131451,61451,2026-08-21,Upi,Refunded,9110.66
131452,61452,2026-06-24,Cash On Delivery,Paid,1251.08
131453,61453,2024-06-13,Net Banking,Paid,15810.59
131454,61454,2026-08-02,Credit Card,Paid,5446.25
131455,61455,2024-02-02,Wallet,Paid,7595.8
131456,61456,2025-03-21,Credit Card,Paid,5627.72
131457,61457,2026-06-26,Credit Card,Failed,5173.84
131458,61458,2025-08-19,Wallet,Paid,28586.48
131459,61459,2026-08-22,Wallet,Paid,19347.37
131460,61460,2025-06-27,Upi,Paid,4163.4
131461,61461,2025-10-24,Net Banking,Failed,27559.38
131462,61462,2025-06-03,Debit Card,Refunded,22910.45
131463,61463,2026-06-21,Upi,Paid,8158.91
131464,61464,2024-04-23,Credit Card,Paid,20823.38
131465,61465,2025-01-14,Upi,Paid,22165.43
131466,61466,2025-10-12,Cash On Delivery,Paid,26863.78
131467,61467,2025-04-26,Upi,Paid,14281.26
131468,61468,2026-07-28,Upi,Paid,20679.37
131469,61469,2025-07-20,Upi,Paid,27324.14
131470,61470,2024-05-02,Wallet,Paid,22546.37
131471,61471,2025-08-20,Upi,Refunded,3611.21
131472,61472,2024-11-01,Upi,Paid,5317.48
131473,61473,2025-04-02,Credit Card,Paid,21879.68
131474,61474,2024-03-17,Debit Card,Paid,2418.86
131475,61475,2026-04-23,Credit Card,Paid,2979.74
131476,61476,2025-01-28,Upi,Paid,21422.81
131477,61477,2026-02-23,Upi,Pending,16469.5
131478,61478,2025-04-12,Upi,Paid,28833.65
131479,61479,2026-07-08,Upi,Paid,14479.01
131480,61480,2024-12-16,Upi,Paid,6069.32
131481,61481,2024-04-13,Debit Card,Paid,11462.9
131482,61482,2025-04-07,Credit Card,Paid,15850.49
131483,61483,2024-02-03,Upi,Paid,10134.4
131484,61484,2026-02-20,Upi,Paid,29303.78
131485,61485,2026-06-12,Credit Card,Paid,3710.23
131486,61486,2024-07-29,Credit Card,Failed,3839.76
131487,61487,2024-02-23,Credit Card,Paid,25569.77
131488,61488,2026-01-08,Upi,Paid,7259.89
131489,61489,2025-11-01,Debit Card,Paid,8363.07
131490,61490,2026-02-09,Cash On Delivery,Paid,29072.79
131491,61491,2025-07-07,Upi,Paid,3154.47
131492,61492,2025-07-19,Wallet,Paid,4363.76
131493,61493,2024-09-21,Cash On Delivery,Paid,26948.3
131494,61494,2024-11-02,Credit Card,Paid,9623.47
131495,61495,2025-09-05,Upi,Paid,4812.91
131496,61496,2026-06-29,Debit Card,Paid,403.46
131497,61497,2024-10-29,Cash On Delivery,Paid,19406.77
131498,61498,2024-12-20,Debit Card,Paid,21462.32
131499,61499,2025-07-25,Wallet,Paid,18526.68
131500,61500,2024-02-18,Debit Card,Paid,19962.92
131501,61501,2025-09-26,Upi,Paid,10843.96
131502,61502,2024-05-15,Upi,Paid,21084.76
131503,61503,2025-10-26,Wallet,Paid,22406.57
131504,61504,2026-05-14,Credit Card,Paid,28314.3
131505,61505,2026-06-08,Credit Card,Paid,1547.48
131506,61506,2024-05-26,Credit Card,Paid,14260.15
131507,61507,2025-08-04,Upi,Paid,7872.38
131508,61508,2025-03-09,Cash On Delivery,Paid,1267.81
131509,61509,2025-04-23,Credit Card,Pending,14490.08
131510,61510,2025-11-02,Cash On Delivery,Paid,7002.79
131511,61511,2026-08-21,Upi,Paid,29248.93
131512,61512,2025-07-13,Credit Card,Pending,17468.13
131513,61513,2025-06-21,Upi,Paid,22135.05
131514,61514,2025-09-26,Credit Card,Paid,11210.69
131515,61515,2025-05-04,Debit Card,Paid,8623.81
131516,61516,2024-12-04,Credit Card,Paid,29668.35
131517,61517,2026-03-09,Cash On Delivery,Paid,17570.76
131518,61518,2025-10-05,Credit Card,Paid,2006.45
131519,61519,2025-07-02,Wallet,Paid,16168.8
131520,61520,2024-01-12,Credit Card,Paid,23922.27
131521,61521,2024-09-26,Upi,Refunded,1964.2
131522,61522,2024-09-14,Credit Card,Paid,29576.34
131523,61523,2025-09-23,Credit Card,Paid,20466.58
131524,61524,2024-04-30,Upi,Paid,20142.58
131525,61525,2025-01-08,Credit Card,Paid,5275.07
131526,61526,2025-03-19,Net Banking,Paid,27956.38
131527,61527,2025-12-22,Debit Card,Paid,6179.69
131528,61528,2024-05-24,Debit Card,Paid,631.51
131529,61529,2025-08-10,Debit Card,Paid,16830.11
131530,61530,2025-06-17,Upi,Failed,12531.57
131531,61531,2025-12-19,Credit Card,Paid,25548.25
131532,61532,2024-06-26,Upi,Paid,27641.27
131533,61533,2025-08-07,Upi,Paid,19217.14
131534,61534,2025-02-05,Upi,Paid,27993.09
131535,61535,2024-09-10,Upi,Paid,27518.74
131536,61536,2024-03-15,Upi,Paid,29506.49
131537,61537,2025-01-05,Cash On Delivery,Paid,2585.44
131538,61538,2025-03-03,Cash On Delivery,Failed,17180.49
131539,61539,2024-02-20,Cash On Delivery,Paid,9062.59
131540,61540,2026-02-22,Cash On Delivery,Paid,4079.07
131541,61541,2025-11-01,Credit Card,Paid,1373.73
131542,61542,2024-11-04,Credit Card,Paid,5600.44
131543,61543,2024-02-18,Upi,Paid,10702.59
131544,61544,2025-11-19,Wallet,Paid,5518.62
131545,61545,2024-01-24,Credit Card,Paid,19051.16
131546,61546,2025-02-17,Credit Card,Paid,11687.01
131547,61547,2024-07-22,Debit Card,Paid,2778.72
131548,61548,2024-08-16,Debit Card,Paid,27600.47
131549,61549,2026-01-05,Credit Card,Paid,28793.3
131550,61550,2024-10-24,Credit Card,Failed,26841.31
131551,61551,2024-08-28,Upi,Paid,23942.25
131552,61552,2024-10-20,Credit Card,Paid,727.55
131553,61553,2024-05-27,Net Banking,Paid,16573.2
131554,61554,2025-12-21,Upi,Paid,7394.13
131555,61555,2025-04-27,Debit Card,Paid,16554.32
131556,61556,2024-07-13,Debit Card,Paid,23410.08
131557,61557,2024-10-26,Credit Card,Paid,22057.35
131558,61558,2026-08-09,Upi,Paid,4553.05
131559,61559,2025-07-16,Credit Card,Paid,26599.57
131560,61560,2025-10-28,Upi,Paid,9120.09
131561,61561,2026-04-11,Net Banking,Paid,11469.44
131562,61562,2025-01-26,Upi,Paid,10825.37
131563,61563,2024-12-06,Debit Card,Paid,29266.43
131564,61564,2026-08-26,Net Banking,Paid,17467.49
131565,61565,2025-07-04,Upi,Paid,28184.12
131566,61566,2024-07-30,Net Banking,Paid,27769.33
131567,61567,2026-04-14,Credit Card,Failed,11135.13
131568,61568,2026-01-13,Wallet,Paid,14556.11
131569,61569,2025-01-26,Cash On Delivery,Paid,11712.89
131570,61570,2024-09-22,Debit Card,Paid,1565.86
131571,61571,2025-09-30,Debit Card,Paid,29251.37
131572,61572,2025-06-11,Credit Card,Paid,25667.37
131573,61573,2024-08-17,Debit Card,Pending,1333.27
131574,61574,2024-02-25,Cash On Delivery,Paid,8515.29
131575,61575,2026-03-08,Credit Card,Paid,5087.66
131576,61576,2026-04-04,Upi,Failed,27632.56
131577,61577,2026-05-30,Net Banking,Paid,2413.36
131578,61578,2024-12-24,Net Banking,Paid,24816.77
131579,61579,2025-11-13,Debit Card,Paid,18741.54
131580,61580,2025-07-20,Credit Card,Paid,18109.32
131581,61581,2024-09-18,Wallet,Paid,8546.23
131582,61582,2026-06-19,Debit Card,Paid,18109.8
131583,61583,2024-11-23,Credit Card,Pending,19767.41
131584,61584,2024-01-31,Debit Card,Paid,20568.09
131585,61585,2024-06-12,Upi,Paid,14302.4
131586,61586,2026-07-30,Upi,Paid,4934.73
131587,61587,2024-03-08,Debit Card,Paid,21615.1
131588,61588,2025-05-25,Debit Card,Paid,28844.39
131589,61589,2025-04-17,Net Banking,Paid,26012.87
131590,61590,2026-01-29,Debit Card,Paid,6111.63
131591,61591,2026-03-07,Credit Card,Paid,7765.67
131592,61592,2025-04-03,Debit Card,Paid,26426.94
131593,61593,2025-09-04,Credit Card,Paid,24244.69
131594,61594,2026-03-02,Wallet,Failed,6929.52
131595,61595,2026-02-24,Upi,Paid,5954.77
131596,61596,2026-05-04,Upi,Paid,19472.36
131597,61597,2025-11-19,Debit Card,Paid,23161.83
131598,61598,2025-01-05,Credit Card,Paid,26181.79
131599,61599,2025-06-29,Cash On Delivery,Paid,20905.78
131600,61600,2025-12-01,Upi,Paid,19801.54
131601,61601,2024-10-15,Upi,Paid,3899.42
131602,61602,2026-08-26,Wallet,Paid,2614.84
131603,61603,2025-03-06,Credit Card,Paid,29992.08
131604,61604,2026-01-04,Credit Card,Paid,9822.85
131605,61605,2025-05-05,Debit Card,Paid,27964.51
131606,61606,2026-07-19,Upi,Paid,749.72
131607,61607,2025-10-11,Cash On Delivery,Paid,5107.07
131608,61608,2025-12-16,Credit Card,Failed,27809.03
131609,61609,2026-01-23,Net Banking,Paid,1259.55
131610,61610,2024-11-17,Credit Card,Failed,15467.46
131611,61611,2024-12-04,Upi,Paid,26495.01
131612,61612,2026-03-13,Upi,Paid,9079.79
131613,61613,2025-03-25,Upi,Paid,7783.28
131614,61614,2025-10-10,Upi,Paid,25648.66
131615,61615,2025-05-17,Cash On Delivery,Failed,7307.48
131616,61616,2024-02-03,Cash On Delivery,Paid,12412.77
131617,61617,2025-04-03,Cash On Delivery,Paid,14318.5
131618,61618,2024-06-16,Net Banking,Paid,29759.19
131619,61619,2024-03-28,Upi,Paid,7108.26
131620,61620,2024-09-12,Net Banking,Paid,734.09
131621,61621,2024-10-10,Upi,Failed,26597.71
131622,61622,2025-12-25,Net Banking,Paid,23788.3
131623,61623,2024-09-03,Credit Card,Paid,17341.16
131624,61624,2026-02-12,Cash On Delivery,Refunded,19821.45
131625,61625,2024-07-22,Debit Card,Paid,28889.5
131626,61626,2026-03-16,Upi,Paid,4039.3
131627,61627,2025-05-28,Upi,Paid,13372.23
131628,61628,2024-03-07,Upi,Paid,17923.41
131629,61629,2024-04-17,Cash On Delivery,Paid,14107.15
131630,61630,2024-03-11,Debit Card,Paid,18770.49
131631,61631,2025-02-05,Upi,Paid,27033.35
131632,61632,2024-10-19,Credit Card,Paid,20464.78
131633,61633,2024-02-17,Debit Card,Paid,27043.05
131634,61634,2025-10-25,Upi,Paid,26750.31
131635,61635,2026-04-10,Net Banking,Paid,21156.96
131636,61636,2026-03-27,Cash On Delivery,Paid,5539.76
131637,61637,2024-05-27,Debit Card,Failed,12394.14
131638,61638,2026-04-25,Debit Card,Paid,29085.24
131639,61639,2025-02-16,Net Banking,Refunded,27018.59
131640,61640,2024-07-20,Debit Card,Paid,7459.93
131641,61641,2024-05-09,Wallet,Paid,12057.26
131642,61642,2026-01-15,Net Banking,Paid,11109.87
131643,61643,2024-09-07,Debit Card,Paid,21637.0
131644,61644,2025-09-14,Debit Card,Paid,5783.36
131645,61645,2025-06-23,Debit Card,Paid,5419.7
131646,61646,2026-06-17,Debit Card,Paid,19434.6
131647,61647,2025-11-27,Upi,Paid,18740.86
131648,61648,2026-01-22,Cash On Delivery,Paid,13419.24
131649,61649,2025-04-22,Cash On Delivery,Paid,6772.31
131650,61650,2025-05-29,Wallet,Paid,7772.95
131651,61651,2024-05-27,Debit Card,Paid,6353.36
131652,61652,2026-01-29,Debit Card,Paid,1347.66
131653,61653,2025-12-31,Upi,Paid,14025.22
131654,61654,2024-10-27,Cash On Delivery,Paid,15544.2
131655,61655,2024-05-18,Credit Card,Failed,3443.29
131656,61656,2026-02-03,Debit Card,Failed,16914.89
131657,61657,2026-01-19,Upi,Paid,8311.25
131658,61658,2026-01-27,Credit Card,Paid,8225.57
131659,61659,2024-01-31,Credit Card,Paid,2827.12
131660,61660,2026-04-11,Net Banking,Paid,3973.53
131661,61661,2024-12-17,Credit Card,Paid,27540.23
131662,61662,2024-08-26,Wallet,Paid,27234.18
131663,61663,2025-05-25,Debit Card,Paid,23662.4
131664,61664,2026-04-05,Upi,Pending,28096.27
131665,61665,2026-03-04,Upi,Refunded,4673.89
131666,61666,2024-06-13,Debit Card,Paid,29397.64
131667,61667,2026-08-05,Debit Card,Failed,2253.47
131668,61668,2026-01-19,Upi,Failed,25301.32
131669,61669,2026-06-27,Upi,Paid,5411.72
131670,61670,2026-06-21,Debit Card,Paid,10704.4
131671,61671,2025-05-26,Credit Card,Paid,15601.75
131672,61672,2024-02-05,Upi,Paid,10277.54
131673,61673,2024-03-11,Net Banking,Paid,27603.12
131674,61674,2025-09-02,Cash On Delivery,Failed,19699.18
131675,61675,2024-03-31,Cash On Delivery,Paid,4868.29
131676,61676,2025-10-01,Upi,Paid,20182.06
131677,61677,2024-04-10,Cash On Delivery,Paid,9553.26
131678,61678,2026-03-04,Upi,Paid,10158.55
131679,61679,2024-09-19,Debit Card,Paid,27926.52
131680,61680,2024-04-11,Debit Card,Paid,14490.62
131681,61681,2024-11-25,Debit Card,Paid,26610.84
131682,61682,2026-06-01,Upi,Paid,8042.83
131683,61683,2025-06-20,Credit Card,Paid,3371.64
131684,61684,2026-08-21,Debit Card,Paid,11205.92
131685,61685,2024-09-07,Credit Card,Paid,343.93
131686,61686,2025-10-13,Upi,Paid,19086.96
131687,61687,2024-07-03,Upi,Paid,10882.87
131688,61688,2025-02-24,Net Banking,Paid,9757.61
131689,61689,2025-01-02,Upi,Paid,16456.98
131690,61690,2025-09-10,Credit Card,Paid,26354.27
131691,61691,2025-10-15,Credit Card,Paid,19931.63
131692,61692,2024-02-23,Debit Card,Paid,7308.48
131693,61693,2025-11-06,Wallet,Paid,9841.93
131694,61694,2026-01-01,Upi,Paid,24265.38
131695,61695,2025-01-05,Net Banking,Pending,26561.32
131696,61696,2024-03-09,Net Banking,Paid,23753.98
131697,61697,2025-02-13,Wallet,Paid,11225.85
131698,61698,2024-11-11,Upi,Paid,17449.65
131699,61699,2026-02-10,Cash On Delivery,Paid,4933.15
131700,61700,2024-05-15,Debit Card,Paid,18245.25
131701,61701,2024-10-16,Wallet,Paid,4577.36
131702,61702,2025-12-07,Credit Card,Failed,5345.64
131703,61703,2026-07-03,Credit Card,Paid,11128.46
131704,61704,2025-07-30,Credit Card,Paid,15127.05
131705,61705,2024-01-04,Cash On Delivery,Paid,17264.68
131706,61706,2025-11-11,Upi,Paid,20176.25
131707,61707,2024-02-02,Upi,Failed,17031.16
131708,61708,2024-03-03,Upi,Paid,9427.7
131709,61709,2025-10-10,Upi,Pending,18177.6
131710,61710,2024-12-26,Debit Card,Paid,5112.32
131711,61711,2024-01-29,Net Banking,Pending,7174.51
131712,61712,2025-01-30,Debit Card,Paid,25304.47
131713,61713,2025-01-03,Upi,Paid,2539.33
131714,61714,2025-08-07,Credit Card,Paid,1492.82
131715,61715,2026-07-07,Debit Card,Paid,10095.03
131716,61716,2024-04-09,Cash On Delivery,Paid,1601.54
131717,61717,2025-10-10,Wallet,Paid,22728.96
131718,61718,2025-09-19,Credit Card,Paid,21135.08
131719,61719,2026-08-08,Upi,Paid,7064.83
131720,61720,2025-01-18,Credit Card,Paid,1672.18
131721,61721,2024-06-07,Credit Card,Paid,18979.5
131722,61722,2026-05-29,Credit Card,Paid,26004.52
131723,61723,2024-02-19,Cash On Delivery,Paid,13692.04
131724,61724,2025-03-12,Upi,Paid,15021.84
131725,61725,2025-09-27,Debit Card,Paid,6354.0
131726,61726,2024-04-10,Net Banking,Failed,6058.57
131727,61727,2024-10-16,Debit Card,Paid,17400.92
131728,61728,2024-04-13,Wallet,Paid,2084.65
131729,61729,2026-03-31,Upi,Paid,15287.64
131730,61730,2024-09-06,Credit Card,Paid,26916.23
131731,61731,2025-08-09,Cash On Delivery,Paid,7566.01
131732,61732,2024-08-23,Net Banking,Paid,4022.0
131733,61733,2025-11-05,Cash On Delivery,Paid,1090.23
131734,61734,2026-02-13,Upi,Paid,22742.06
131735,61735,2024-02-10,Credit Card,Paid,7661.0
131736,61736,2025-12-03,Upi,Paid,25510.01
131737,61737,2025-10-05,Upi,Failed,2925.68
131738,61738,2024-03-18,Credit Card,Paid,18998.32
131739,61739,2024-09-13,Debit Card,Paid,13951.87
131740,61740,2026-04-07,Upi,Paid,9429.38
131741,61741,2025-03-09,Credit Card,Paid,20393.08
131742,61742,2024-04-03,Debit Card,Paid,10437.77
131743,61743,2025-09-14,Credit Card,Pending,25438.17
131744,61744,2026-02-03,Wallet,Paid,9224.69
131745,61745,2025-02-24,Cash On Delivery,Paid,27638.84
131746,61746,2024-04-18,Credit Card,Paid,23217.91
131747,61747,2024-05-09,Cash On Delivery,Paid,24753.26
131748,61748,2025-01-03,Net Banking,Paid,3239.1
131749,61749,2025-04-16,Wallet,Paid,29578.07
131750,61750,2025-12-30,Credit Card,Paid,29439.95
131751,61751,2025-10-23,Net Banking,Paid,11169.9
131752,61752,2024-09-04,Credit Card,Paid,8330.3
131753,61753,2025-11-02,Net Banking,Paid,19575.78
131754,61754,2024-04-21,Net Banking,Paid,19771.65
131755,61755,2024-06-29,Wallet,Paid,23261.72
131756,61756,2026-02-02,Cash On Delivery,Failed,5006.27
131757,61757,2026-05-24,Credit Card,Paid,18775.06
131758,61758,2025-11-01,Cash On Delivery,Paid,15412.89
131759,61759,2025-03-18,Cash On Delivery,Paid,3604.5
131760,61760,2026-05-16,Credit Card,Pending,21444.79
131761,61761,2024-12-09,Credit Card,Paid,12548.97
131762,61762,2025-09-17,Credit Card,Paid,9335.28
131763,61763,2025-10-29,Upi,Paid,23082.23
131764,61764,2024-03-15,Credit Card,Paid,1107.28
131765,61765,2026-07-20,Upi,Refunded,3514.9
131766,61766,2025-09-13,Upi,Paid,16848.23
131767,61767,2024-08-23,Debit Card,Paid,18261.75
131768,61768,2026-03-10,Upi,Paid,23371.46
131769,61769,2025-01-05,Credit Card,Failed,22936.04
131770,61770,2024-03-25,Upi,Paid,7027.41
131771,61771,2025-10-18,Credit Card,Paid,11344.31
131772,61772,2024-05-14,Upi,Paid,4901.44
131773,61773,2025-08-04,Upi,Refunded,29935.67
131774,61774,2025-10-22,Debit Card,Paid,23097.96
131775,61775,2024-06-04,Upi,Paid,4358.87
131776,61776,2026-02-09,Credit Card,Paid,9602.62
131777,61777,2025-03-21,Upi,Paid,5159.94
131778,61778,2024-12-11,Upi,Paid,15421.99
131779,61779,2024-04-10,Net Banking,Refunded,14923.22
131780,61780,2025-12-17,Credit Card,Paid,13034.71
131781,61781,2024-06-11,Upi,Paid,4625.0
131782,61782,2024-06-12,Debit Card,Paid,26856.87
131783,61783,2024-09-15,Net Banking,Paid,585.04
131784,61784,2025-03-08,Upi,Paid,13178.6
131785,61785,2026-05-03,Upi,Paid,10291.21
131786,61786,2025-12-28,Debit Card,Paid,19072.59
131787,61787,2025-12-16,Upi,Paid,6508.69
131788,61788,2024-07-13,Credit Card,Paid,23465.4
131789,61789,2025-09-23,Credit Card,Paid,11316.43
131790,61790,2024-12-05,Upi,Paid,6945.25
131791,61791,2025-04-07,Credit Card,Paid,15115.73
131792,61792,2025-09-05,Cash On Delivery,Paid,7658.64
131793,61793,2024-06-13,Debit Card,Paid,8022.38
131794,61794,2024-12-04,Debit Card,Paid,25105.53
131795,61795,2025-01-19,Net Banking,Paid,1740.28
131796,61796,2026-04-28,Cash On Delivery,Paid,22961.95
131797,61797,2026-07-27,Credit Card,Paid,7872.4
131798,61798,2026-07-17,Credit Card,Paid,27684.94
131799,61799,2025-05-27,Debit Card,Paid,26417.43
131800,61800,2025-09-18,Upi,Paid,5070.55
131801,61801,2025-11-25,Upi,Paid,12895.73
131802,61802,2026-01-31,Wallet,Paid,25498.71
131803,61803,2025-10-19,Upi,Paid,27322.2
131804,61804,2026-05-30,Upi,Paid,17586.62
131805,61805,2025-01-07,Net Banking,Paid,23852.1
131806,61806,2025-11-13,Cash On Delivery,Refunded,6030.4
131807,61807,2025-08-18,Debit Card,Paid,18347.61
131808,61808,2026-01-20,Upi,Failed,10275.67
131809,61809,2026-06-23,Upi,Paid,12470.9
131810,61810,2024-03-19,Credit Card,Paid,19817.86
131811,61811,2026-04-07,Cash On Delivery,Paid,19220.84
131812,61812,2026-03-12,Net Banking,Paid,18155.22
131813,61813,2026-04-24,Net Banking,Paid,10416.22
131814,61814,2024-09-23,Credit Card,Failed,24753.48
131815,61815,2025-07-18,Debit Card,Paid,2463.32
131816,61816,2024-03-11,Upi,Paid,17427.0
131817,61817,2024-03-02,Debit Card,Paid,13497.96
131818,61818,2025-07-28,Debit Card,Paid,17893.75
131819,61819,2026-08-01,Credit Card,Paid,28149.48
131820,61820,2024-08-09,Debit Card,Paid,21674.9
131821,61821,2026-02-05,Upi,Paid,10282.14
131822,61822,2024-03-18,Debit Card,Paid,9205.92
131823,61823,2024-03-06,Upi,Paid,1415.38
131824,61824,2025-08-17,Upi,Failed,5527.47
131825,61825,2024-09-28,Net Banking,Paid,3613.03
131826,61826,2024-04-08,Upi,Paid,3606.45
131827,61827,2026-06-07,Upi,Paid,13019.14
131828,61828,2026-05-12,Upi,Paid,2913.64
131829,61829,2024-01-15,Credit Card,Paid,5848.33
131830,61830,2026-07-31,Credit Card,Paid,18715.01
131831,61831,2024-01-18,Debit Card,Failed,23489.81
131832,61832,2025-12-20,Wallet,Paid,19056.1
131833,61833,2026-02-02,Debit Card,Paid,2649.55
131834,61834,2024-10-07,Upi,Paid,17533.78
131835,61835,2024-05-14,Upi,Paid,29091.62
131836,61836,2025-06-30,Net Banking,Failed,5751.49
131837,61837,2026-05-11,Debit Card,Paid,12545.59
131838,61838,2024-01-31,Cash On Delivery,Paid,2478.98
131839,61839,2026-04-07,Upi,Paid,20498.28
131840,61840,2025-08-27,Credit Card,Paid,28630.22
131841,61841,2026-08-16,Cash On Delivery,Paid,21623.45
131842,61842,2024-09-15,Cash On Delivery,Failed,21452.18
131843,61843,2025-09-17,Credit Card,Pending,593.73
131844,61844,2025-03-19,Net Banking,Paid,5272.47
131845,61845,2025-09-08,Credit Card,Paid,22706.95
131846,61846,2024-06-25,Upi,Paid,22840.69
131847,61847,2025-04-29,Net Banking,Paid,3758.58
131848,61848,2026-08-17,Upi,Paid,22808.8
131849,61849,2026-03-30,Debit Card,Paid,16372.09
131850,61850,2024-07-21,Upi,Paid,2943.86
131851,61851,2024-02-28,Upi,Paid,20160.18
131852,61852,2025-02-11,Upi,Paid,28011.07
131853,61853,2024-08-12,Credit Card,Paid,22714.51
131854,61854,2024-09-04,Wallet,Paid,5093.92
131855,61855,2024-06-28,Upi,Paid,17849.33
131856,61856,2025-06-11,Upi,Paid,19128.65
131857,61857,2024-04-02,Debit Card,Paid,25353.98
131858,61858,2026-05-30,Credit Card,Paid,16791.95
131859,61859,2024-02-01,Net Banking,Paid,16843.21
131860,61860,2024-06-08,Upi,Paid,22906.79
131861,61861,2025-07-01,Upi,Paid,23619.12
131862,61862,2024-05-17,Credit Card,Paid,20359.92
131863,61863,2025-05-04,Wallet,Paid,15392.68
131864,61864,2024-03-12,Upi,Paid,22437.59
131865,61865,2026-04-23,Credit Card,Paid,1781.64
131866,61866,2025-07-25,Upi,Paid,22152.27
131867,61867,2024-10-21,Credit Card,Paid,2509.79
131868,61868,2025-08-07,Debit Card,Refunded,4434.93
131869,61869,2025-06-09,Credit Card,Refunded,23503.84
131870,61870,2026-03-07,Upi,Paid,13889.82
131871,61871,2025-12-05,Upi,Paid,22075.88
131872,61872,2026-03-21,Upi,Paid,27071.67
131873,61873,2026-04-19,Upi,Paid,7007.26
131874,61874,2024-04-09,Net Banking,Paid,10264.22
131875,61875,2026-01-18,Net Banking,Paid,6747.9
131876,61876,2026-06-04,Upi,Paid,6639.79
131877,61877,2024-07-11,Upi,Paid,5890.59
131878,61878,2026-03-16,Credit Card,Paid,26605.58
131879,61879,2025-08-15,Upi,Paid,25967.73
131880,61880,2025-09-22,Credit Card,Paid,27440.44
131881,61881,2025-11-22,Net Banking,Paid,8811.06
131882,61882,2024-12-02,Credit Card,Paid,24994.34
131883,61883,2026-05-20,Debit Card,Paid,15378.5
131884,61884,2025-12-26,Debit Card,Failed,12628.76
131885,61885,2025-03-01,Debit Card,Refunded,14955.98
131886,61886,2025-08-28,Upi,Paid,20377.75
131887,61887,2026-07-16,Credit Card,Paid,8911.0
131888,61888,2024-12-10,Net Banking,Paid,14402.29
131889,61889,2026-05-17,Upi,Paid,4885.81
131890,61890,2024-01-14,Net Banking,Paid,3104.61
131891,61891,2026-02-09,Credit Card,Paid,5721.48
131892,61892,2025-07-29,Net Banking,Paid,22969.66
131893,61893,2025-11-22,Cash On Delivery,Paid,11992.18
131894,61894,2025-07-13,Net Banking,Refunded,18084.53
131895,61895,2025-04-10,Debit Card,Paid,13105.83
131896,61896,2024-05-29,Upi,Paid,10659.78
131897,61897,2024-08-26,Debit Card,Paid,29968.48
131898,61898,2026-06-01,Cash On Delivery,Paid,2160.74
131899,61899,2025-01-30,Upi,Paid,26557.41
131900,61900,2024-06-06,Net Banking,Paid,9000.66
131901,61901,2024-05-07,Debit Card,Paid,19442.39
131902,61902,2024-10-06,Credit Card,Paid,3226.13
131903,61903,2025-12-13,Debit Card,Failed,4364.01
131904,61904,2024-12-29,Upi,Paid,2594.38
131905,61905,2025-02-22,Debit Card,Failed,11274.62
131906,61906,2025-10-27,Upi,Failed,2466.51
131907,61907,2025-08-13,Upi,Paid,20205.9
131908,61908,2024-03-23,Cash On Delivery,Paid,21852.33
131909,61909,2025-01-14,Cash On Delivery,Paid,20109.68
131910,61910,2025-11-12,Credit Card,Paid,8536.6
131911,61911,2025-11-21,Upi,Paid,20374.57
131912,61912,2025-02-06,Credit Card,Paid,18293.12
131913,61913,2024-07-27,Upi,Paid,22880.14
131914,61914,2024-06-28,Credit Card,Paid,4064.62
131915,61915,2024-03-30,Credit Card,Paid,21148.02
131916,61916,2024-04-21,Debit Card,Paid,17311.12
131917,61917,2026-07-31,Cash On Delivery,Paid,1939.38
131918,61918,2025-02-05,Credit Card,Paid,15491.25
131919,61919,2024-11-09,Credit Card,Failed,12927.27
131920,61920,2025-03-09,Upi,Paid,515.83
131921,61921,2025-05-16,Debit Card,Failed,29906.93
131922,61922,2024-05-13,Debit Card,Paid,25658.64
131923,61923,2026-05-30,Debit Card,Paid,24222.54
131924,61924,2025-04-15,Credit Card,Paid,14179.15
131925,61925,2025-07-02,Credit Card,Paid,2256.81
131926,61926,2025-05-04,Credit Card,Paid,25284.26
131927,61927,2026-06-28,Upi,Paid,27728.89
131928,61928,2026-08-09,Wallet,Pending,4009.51
131929,61929,2024-05-05,Upi,Paid,4534.99
131930,61930,2025-11-22,Net Banking,Paid,12973.36
131931,61931,2024-06-09,Credit Card,Paid,25688.23
131932,61932,2024-01-14,Wallet,Paid,21302.84
131933,61933,2025-06-19,Upi,Paid,14678.72
131934,61934,2025-04-10,Net Banking,Paid,28763.38
131935,61935,2025-04-24,Debit Card,Pending,4716.3
131936,61936,2024-01-22,Cash On Delivery,Refunded,17985.31
131937,61937,2025-09-19,Wallet,Paid,26733.76
131938,61938,2025-05-13,Wallet,Paid,15868.08
131939,61939,2024-02-27,Upi,Paid,2510.35
131940,61940,2024-11-23,Cash On Delivery,Paid,9915.53
131941,61941,2024-05-10,Credit Card,Refunded,11711.63
131942,61942,2026-05-29,Credit Card,Paid,7900.06
131943,61943,2025-12-22,Debit Card,Paid,6159.86
131944,61944,2025-04-24,Credit Card,Paid,12100.19
131945,61945,2024-03-26,Net Banking,Paid,9860.26
131946,61946,2026-04-04,Net Banking,Paid,27118.6
131947,61947,2024-12-11,Wallet,Paid,27470.8
131948,61948,2025-07-23,Upi,Paid,23170.05
131949,61949,2025-11-29,Cash On Delivery,Paid,17398.53
131950,61950,2025-01-20,Credit Card,Failed,12938.5
131951,61951,2026-08-03,Net Banking,Paid,23657.97
131952,61952,2024-08-10,Upi,Failed,7481.04
131953,61953,2024-12-01,Cash On Delivery,Paid,11293.75
131954,61954,2024-06-29,Debit Card,Paid,23100.88
131955,61955,2024-12-01,Wallet,Paid,17774.08
131956,61956,2026-02-10,Cash On Delivery,Paid,19774.14
131957,61957,2025-04-04,Cash On Delivery,Paid,9705.56
131958,61958,2026-05-07,Upi,Paid,11194.89
131959,61959,2026-05-16,Credit Card,Paid,8921.18
131960,61960,2024-11-11,Upi,Paid,24679.06
131961,61961,2026-02-11,Net Banking,Paid,16281.59
131962,61962,2025-04-25,Upi,Paid,20121.45
131963,61963,2025-02-17,Cash On Delivery,Paid,10487.91
131964,61964,2024-10-05,Wallet,Refunded,4686.47
131965,61965,2024-03-06,Net Banking,Paid,18587.56
131966,61966,2025-03-19,Upi,Paid,1158.44
131967,61967,2025-10-11,Upi,Paid,12351.17
131968,61968,2026-04-25,Upi,Paid,29582.43
131969,61969,2025-02-03,Cash On Delivery,Pending,25523.47
131970,61970,2024-05-14,Upi,Paid,1371.37
131971,61971,2025-03-31,Credit Card,Paid,14440.77
131972,61972,2024-10-11,Cash On Delivery,Paid,6009.95
131973,61973,2026-06-13,Debit Card,Paid,1725.12
131974,61974,2025-11-08,Debit Card,Paid,4990.1
131975,61975,2026-05-31,Cash On Delivery,Paid,4654.28
131976,61976,2024-10-29,Debit Card,Paid,5210.71
131977,61977,2025-03-10,Upi,Paid,24998.57
131978,61978,2024-03-20,Cash On Delivery,Paid,18631.02
131979,61979,2024-05-12,Credit Card,Paid,6175.4
131980,61980,2024-12-29,Upi,Paid,2425.2
131981,61981,2025-01-22,Upi,Paid,21946.87
131982,61982,2025-10-20,Wallet,Paid,16098.39
131983,61983,2024-07-28,Debit Card,Paid,19754.6
131984,61984,2026-08-14,Debit Card,Paid,19640.38
131985,61985,2026-01-27,Cash On Delivery,Paid,2334.52
131986,61986,2026-05-16,Net Banking,Failed,4130.95
131987,61987,2024-10-27,Credit Card,Paid,1731.04
131988,61988,2025-07-02,Upi,Failed,7641.12
131989,61989,2025-05-18,Credit Card,Failed,21380.28
131990,61990,2026-01-27,Wallet,Paid,3572.34
131991,61991,2026-04-03,Upi,Paid,8564.23
131992,61992,2025-07-10,Net Banking,Pending,10251.01
131993,61993,2026-08-03,Upi,Paid,22902.99
131994,61994,2025-04-27,Upi,Paid,19400.71
131995,61995,2024-09-23,Debit Card,Paid,29772.99
131996,61996,2024-06-17,Credit Card,Paid,10679.52
131997,61997,2025-01-03,Upi,Pending,7415.91
131998,61998,2024-10-12,Upi,Paid,15226.86
131999,61999,2024-07-15,Net Banking,Paid,8501.6
132000,62000,2025-03-17,Upi,Paid,16737.53
132001,62001,2024-09-12,Net Banking,Paid,26996.54
132002,62002,2026-08-14,Upi,Pending,7201.28
132003,62003,2024-10-22,Net Banking,Paid,12704.21
132004,62004,2025-08-16,Debit Card,Paid,16242.67
132005,62005,2025-12-30,Upi,Paid,11441.53
132006,62006,2026-07-06,Cash On Delivery,Paid,1391.78
132007,62007,2025-10-28,Wallet,Paid,19802.11
132008,62008,2024-09-08,Upi,Paid,26710.76
132009,62009,2025-06-23,Net Banking,Paid,13127.91
132010,62010,2024-03-09,Upi,Paid,18275.0
132011,62011,2024-09-19,Credit Card,Paid,972.48
132012,62012,2026-08-07,Upi,Failed,8150.97
132013,62013,2024-01-07,Credit Card,Paid,22962.76
132014,62014,2024-11-15,Credit Card,Paid,14396.47
132015,62015,2024-02-23,Upi,Paid,9333.96
132016,62016,2025-06-06,Credit Card,Paid,17965.32
132017,62017,2025-12-31,Debit Card,Paid,10923.87
132018,62018,2024-03-11,Debit Card,Paid,5911.86
132019,62019,2024-05-07,Upi,Paid,12765.11
132020,62020,2026-04-17,Upi,Paid,6884.9
132021,62021,2024-09-27,Debit Card,Paid,27511.46
132022,62022,2024-01-01,Upi,Paid,6443.2
132023,62023,2024-04-07,Cash On Delivery,Paid,19019.03
132024,62024,2026-05-30,Cash On Delivery,Paid,27885.87
132025,62025,2026-06-15,Credit Card,Refunded,22091.31
132026,62026,2024-06-11,Upi,Paid,18672.41
132027,62027,2024-09-29,Credit Card,Paid,9547.22
132028,62028,2024-06-26,Upi,Failed,11831.65
132029,62029,2025-04-24,Upi,Paid,9337.01
132030,62030,2026-03-13,Credit Card,Paid,11880.7
132031,62031,2026-01-07,Cash On Delivery,Paid,2644.17
132032,62032,2025-01-12,Cash On Delivery,Paid,5368.33
132033,62033,2025-11-05,Credit Card,Paid,28438.56
132034,62034,2024-09-08,Debit Card,Failed,4141.77
132035,62035,2026-05-31,Upi,Failed,13574.76
132036,62036,2025-08-01,Upi,Paid,27200.69
132037,62037,2026-06-08,Upi,Failed,455.47
132038,62038,2024-09-05,Upi,Paid,16764.87
132039,62039,2026-07-10,Debit Card,Paid,26165.38
132040,62040,2024-10-07,Cash On Delivery,Paid,14594.6
132041,62041,2025-10-28,Debit Card,Paid,22242.6
132042,62042,2024-02-16,Upi,Paid,2538.83
132043,62043,2024-08-14,Debit Card,Pending,1200.4
132044,62044,2025-06-07,Net Banking,Paid,19041.05
132045,62045,2025-05-07,Wallet,Paid,21404.9
132046,62046,2024-05-08,Credit Card,Paid,23658.3
132047,62047,2024-01-13,Upi,Paid,24707.81
132048,62048,2026-03-23,Upi,Paid,21004.6
132049,62049,2024-08-27,Cash On Delivery,Paid,22264.9
132050,62050,2025-12-31,Credit Card,Paid,14285.17
132051,62051,2024-06-19,Upi,Paid,21657.76
132052,62052,2024-10-04,Upi,Paid,26316.98
132053,62053,2024-01-17,Credit Card,Paid,6871.79
132054,62054,2025-06-04,Debit Card,Paid,6741.83
132055,62055,2025-05-17,Debit Card,Paid,18270.76
132056,62056,2025-07-14,Upi,Failed,26696.92
132057,62057,2025-12-29,Upi,Paid,20471.21
132058,62058,2025-10-08,Wallet,Paid,12859.86
132059,62059,2024-07-15,Credit Card,Paid,21779.44
132060,62060,2025-02-12,Cash On Delivery,Paid,18990.01
132061,62061,2024-03-16,Upi,Paid,4257.19
132062,62062,2025-09-26,Upi,Pending,818.15
132063,62063,2025-01-21,Upi,Pending,6013.05
132064,62064,2024-06-14,Wallet,Paid,3823.5
132065,62065,2026-05-02,Cash On Delivery,Pending,2556.79
132066,62066,2025-04-02,Cash On Delivery,Paid,27957.22
132067,62067,2024-02-20,Upi,Paid,7629.17
132068,62068,2024-04-01,Net Banking,Paid,10615.25
132069,62069,2024-10-10,Upi,Paid,8943.82
132070,62070,2026-07-03,Upi,Paid,14358.3
132071,62071,2024-04-05,Net Banking,Paid,15227.95
132072,62072,2025-01-25,Net Banking,Paid,8090.59
132073,62073,2025-01-23,Upi,Paid,1914.24
132074,62074,2025-08-21,Upi,Paid,3377.79
132075,62075,2025-08-06,Cash On Delivery,Refunded,2602.88
132076,62076,2025-04-22,Debit Card,Paid,15704.88
132077,62077,2026-02-24,Cash On Delivery,Paid,23845.11
132078,62078,2024-01-27,Debit Card,Paid,21967.2
132079,62079,2025-01-19,Credit Card,Paid,18043.63
132080,62080,2024-03-03,Upi,Paid,26822.15
132081,62081,2024-10-18,Credit Card,Paid,8711.31
132082,62082,2024-09-14,Credit Card,Paid,21412.03
132083,62083,2026-05-07,Debit Card,Paid,14767.6
132084,62084,2025-10-18,Debit Card,Paid,27177.96
132085,62085,2024-08-21,Net Banking,Paid,1351.32
132086,62086,2025-09-14,Credit Card,Paid,7168.34
132087,62087,2026-03-20,Net Banking,Paid,16147.16
132088,62088,2024-07-04,Net Banking,Paid,10559.2
132089,62089,2025-07-03,Net Banking,Paid,27927.02
132090,62090,2025-04-19,Credit Card,Paid,15314.29
132091,62091,2026-06-08,Credit Card,Paid,17185.22
132092,62092,2024-12-23,Cash On Delivery,Paid,16104.53
132093,62093,2025-10-20,Wallet,Paid,26167.95
132094,62094,2025-07-07,Debit Card,Paid,17122.27
132095,62095,2024-11-11,Cash On Delivery,Paid,19951.09
132096,62096,2024-11-23,Credit Card,Pending,20792.71
132097,62097,2026-04-18,Net Banking,Paid,1976.08
132098,62098,2026-05-20,Wallet,Paid,26036.71
132099,62099,2024-09-10,Upi,Paid,9702.99
132100,62100,2025-04-04,Net Banking,Paid,13561.15
132101,62101,2024-05-21,Upi,Paid,19780.1
132102,62102,2025-02-18,Upi,Paid,15911.74
132103,62103,2026-04-21,Upi,Paid,6825.48
132104,62104,2025-11-15,Credit Card,Paid,497.66
132105,62105,2025-04-19,Credit Card,Paid,28168.08
132106,62106,2026-01-28,Cash On Delivery,Paid,11753.73
132107,62107,2025-06-22,Credit Card,Paid,7211.59
132108,62108,2025-03-02,Upi,Pending,4383.23
132109,62109,2024-01-18,Credit Card,Paid,19759.75
132110,62110,2024-04-16,Net Banking,Paid,29172.11
132111,62111,2025-06-06,Upi,Paid,2377.71
132112,62112,2024-03-23,Net Banking,Paid,13197.45
132113,62113,2024-01-12,Cash On Delivery,Paid,17745.74
132114,62114,2024-11-14,Upi,Paid,6598.13
132115,62115,2025-06-25,Cash On Delivery,Paid,9842.23
132116,62116,2025-12-13,Upi,Paid,9329.57
132117,62117,2026-07-26,Upi,Paid,12305.8
132118,62118,2025-09-27,Cash On Delivery,Paid,6746.36
132119,62119,2026-08-06,Net Banking,Refunded,16820.2
132120,62120,2024-10-09,Debit Card,Paid,13252.93
132121,62121,2025-10-02,Wallet,Failed,5803.22
132122,62122,2024-01-08,Credit Card,Paid,26928.12
132123,62123,2024-05-12,Upi,Paid,9248.69
132124,62124,2025-09-16,Upi,Paid,16226.84
132125,62125,2024-11-03,Upi,Paid,4875.26
132126,62126,2025-07-03,Credit Card,Paid,6584.32
132127,62127,2026-07-04,Wallet,Paid,11821.31
132128,62128,2026-01-19,Debit Card,Paid,23585.67
132129,62129,2024-12-07,Upi,Paid,6137.16
132130,62130,2025-10-28,Credit Card,Paid,3261.09
132131,62131,2026-06-14,Upi,Failed,1795.32
132132,62132,2024-08-28,Upi,Paid,450.37
132133,62133,2025-06-23,Net Banking,Pending,22516.64
132134,62134,2025-12-13,Debit Card,Paid,28380.15
132135,62135,2025-10-03,Upi,Paid,5597.18
132136,62136,2025-04-18,Net Banking,Paid,6542.97
132137,62137,2025-02-24,Debit Card,Paid,1506.16
132138,62138,2025-07-13,Upi,Failed,8321.86
132139,62139,2025-04-27,Cash On Delivery,Paid,20235.16
132140,62140,2024-12-14,Upi,Paid,24096.77
132141,62141,2026-04-28,Cash On Delivery,Paid,25493.98
132142,62142,2026-02-07,Upi,Paid,29910.49
132143,62143,2025-09-16,Wallet,Paid,22964.22
132144,62144,2024-07-10,Credit Card,Paid,9079.62
132145,62145,2025-05-14,Upi,Paid,5471.02
132146,62146,2024-07-18,Wallet,Paid,4748.36
132147,62147,2024-06-06,Credit Card,Paid,1229.05
132148,62148,2024-08-20,Upi,Paid,10058.9
132149,62149,2024-06-04,Upi,Paid,25292.79
132150,62150,2026-02-06,Upi,Paid,6068.79
132151,62151,2025-05-14,Cash On Delivery,Paid,9474.54
132152,62152,2025-12-07,Upi,Paid,25895.43
132153,62153,2026-08-05,Debit Card,Paid,26985.96
132154,62154,2024-09-20,Credit Card,Paid,1738.97
132155,62155,2024-07-11,Credit Card,Paid,16831.23
132156,62156,2024-05-20,Cash On Delivery,Paid,10362.78
132157,62157,2024-01-21,Credit Card,Paid,24505.9
132158,62158,2024-01-31,Debit Card,Paid,20620.72
132159,62159,2025-08-02,Wallet,Paid,29255.71
132160,62160,2025-10-25,Credit Card,Paid,7482.7
132161,62161,2024-10-10,Net Banking,Paid,5032.67
132162,62162,2025-06-08,Cash On Delivery,Paid,5471.51
132163,62163,2024-07-22,Debit Card,Paid,20519.08
132164,62164,2025-11-14,Cash On Delivery,Paid,9524.61
132165,62165,2025-11-23,Cash On Delivery,Paid,4777.77
132166,62166,2025-11-18,Net Banking,Paid,12193.81
132167,62167,2025-05-12,Upi,Paid,11139.34
132168,62168,2026-03-30,Upi,Paid,19298.72
132169,62169,2024-03-22,Debit Card,Paid,26720.93
132170,62170,2025-02-09,Credit Card,Paid,27397.56
132171,62171,2024-03-04,Debit Card,Paid,29453.78
132172,62172,2026-03-15,Upi,Paid,23787.19
132173,62173,2024-03-14,Cash On Delivery,Paid,17115.81
132174,62174,2025-02-28,Debit Card,Paid,5752.71
132175,62175,2024-06-30,Credit Card,Paid,16140.59
132176,62176,2025-11-19,Upi,Pending,24116.35
132177,62177,2025-01-26,Cash On Delivery,Paid,9563.95
132178,62178,2025-06-20,Upi,Paid,25548.23
132179,62179,2026-07-22,Net Banking,Paid,12542.51
132180,62180,2026-06-12,Debit Card,Paid,29489.74
132181,62181,2025-02-20,Cash On Delivery,Paid,11721.14
132182,62182,2024-12-25,Upi,Paid,12231.77
132183,62183,2024-10-18,Upi,Paid,23502.06
132184,62184,2025-11-02,Cash On Delivery,Paid,22715.64
132185,62185,2026-08-23,Credit Card,Paid,2814.04
132186,62186,2025-08-06,Net Banking,Paid,21482.91
132187,62187,2025-07-04,Debit Card,Paid,26114.88
132188,62188,2026-08-28,Debit Card,Paid,5428.91
132189,62189,2024-07-05,Upi,Paid,5026.63
132190,62190,2024-03-16,Wallet,Paid,15344.08
132191,62191,2024-04-04,Credit Card,Paid,3280.33
132192,62192,2025-08-03,Debit Card,Paid,4780.69
132193,62193,2026-05-19,Upi,Paid,15210.07
132194,62194,2024-08-16,Upi,Paid,5274.89
132195,62195,2025-12-03,Credit Card,Failed,18952.08
132196,62196,2026-05-10,Debit Card,Paid,1311.88
132197,62197,2026-06-10,Upi,Paid,9006.99
132198,62198,2026-02-11,Wallet,Paid,21720.08
132199,62199,2024-12-23,Cash On Delivery,Paid,2638.15
132200,62200,2025-10-03,Net Banking,Paid,13530.32
132201,62201,2025-06-24,Net Banking,Paid,27766.27
132202,62202,2025-04-13,Credit Card,Paid,7860.64
132203,62203,2025-11-19,Upi,Pending,17735.34
132204,62204,2025-10-22,Credit Card,Paid,3959.91
132205,62205,2026-02-23,Debit Card,Paid,7944.06
132206,62206,2025-06-21,Upi,Paid,25241.24
132207,62207,2025-10-03,Upi,Paid,29730.18
132208,62208,2024-10-07,Upi,Paid,4707.45
132209,62209,2025-04-06,Credit Card,Paid,23223.05
132210,62210,2026-03-07,Upi,Paid,12033.48
132211,62211,2026-01-19,Upi,Paid,24495.82
132212,62212,2025-05-12,Credit Card,Paid,28105.59
132213,62213,2025-07-05,Cash On Delivery,Paid,29459.28
132214,62214,2024-09-08,Credit Card,Paid,13795.55
132215,62215,2025-01-08,Upi,Paid,25257.79
132216,62216,2025-10-07,Upi,Paid,16713.14
132217,62217,2024-04-23,Cash On Delivery,Paid,11968.07
132218,62218,2024-01-22,Upi,Paid,26217.95
132219,62219,2025-08-07,Net Banking,Paid,16887.11
132220,62220,2025-12-02,Net Banking,Paid,15591.65
132221,62221,2026-08-12,Upi,Paid,25807.77
132222,62222,2025-04-02,Net Banking,Paid,21853.03
132223,62223,2024-05-01,Debit Card,Paid,1495.15
132224,62224,2025-09-09,Credit Card,Paid,17565.51
132225,62225,2024-10-27,Wallet,Paid,27231.32
132226,62226,2024-06-03,Debit Card,Failed,2296.22
132227,62227,2025-08-25,Debit Card,Paid,18928.27
132228,62228,2025-11-30,Cash On Delivery,Paid,13298.23
132229,62229,2024-02-25,Cash On Delivery,Paid,10467.45
132230,62230,2025-12-02,Debit Card,Paid,19587.56
132231,62231,2025-07-14,Net Banking,Paid,25850.81
132232,62232,2025-12-22,Upi,Paid,6527.21
132233,62233,2025-09-03,Cash On Delivery,Paid,12869.03
132234,62234,2025-03-29,Upi,Paid,15111.49
132235,62235,2024-11-21,Wallet,Paid,11961.58
132236,62236,2025-09-13,Wallet,Paid,28776.85
132237,62237,2024-07-12,Upi,Failed,7055.52
132238,62238,2025-06-19,Net Banking,Paid,6311.88
132239,62239,2026-01-02,Debit Card,Paid,27076.19
132240,62240,2024-08-14,Debit Card,Paid,24033.68
132241,62241,2024-03-24,Debit Card,Pending,12827.36
132242,62242,2024-01-26,Upi,Failed,21183.07
132243,62243,2025-06-25,Credit Card,Paid,21400.07
132244,62244,2025-02-05,Upi,Paid,28404.09
132245,62245,2025-09-27,Cash On Delivery,Paid,26252.33
132246,62246,2026-03-01,Cash On Delivery,Paid,14352.0
132247,62247,2026-08-10,Upi,Paid,9180.49
132248,62248,2024-11-08,Net Banking,Paid,6981.19
132249,62249,2024-04-22,Upi,Pending,2194.39
132250,62250,2025-12-30,Debit Card,Failed,27065.53
132251,62251,2024-01-22,Debit Card,Paid,16630.9
132252,62252,2025-09-12,Credit Card,Paid,6517.5
132253,62253,2024-09-25,Credit Card,Paid,19943.83
132254,62254,2024-12-10,Credit Card,Refunded,17190.37
132255,62255,2024-05-03,Upi,Paid,23863.44
132256,62256,2024-01-02,Upi,Paid,21712.17
132257,62257,2024-07-08,Upi,Paid,29975.59
132258,62258,2025-02-24,Net Banking,Paid,20006.56
132259,62259,2024-10-14,Upi,Paid,18560.79
132260,62260,2025-01-19,Cash On Delivery,Pending,18621.48
132261,62261,2024-04-18,Credit Card,Paid,21272.71
132262,62262,2024-05-15,Debit Card,Paid,3368.17
132263,62263,2025-12-29,Upi,Paid,11153.5
132264,62264,2026-03-06,Debit Card,Paid,17065.26
132265,62265,2025-12-21,Upi,Paid,19031.25
132266,62266,2026-07-16,Credit Card,Paid,1819.1
132267,62267,2025-12-12,Cash On Delivery,Paid,8573.63
132268,62268,2024-04-30,Credit Card,Failed,28261.54
132269,62269,2025-12-15,Cash On Delivery,Paid,2837.24
132270,62270,2024-08-15,Upi,Paid,16986.11
132271,62271,2026-01-24,Credit Card,Paid,26759.2
132272,62272,2025-09-08,Upi,Paid,2765.84
132273,62273,2026-04-02,Credit Card,Paid,8810.57
132274,62274,2026-07-11,Cash On Delivery,Paid,25371.56
132275,62275,2025-11-01,Credit Card,Paid,23173.26
132276,62276,2026-06-25,Cash On Delivery,Paid,24429.97
132277,62277,2025-06-11,Upi,Failed,10609.65
132278,62278,2026-06-22,Upi,Paid,26384.51
132279,62279,2024-03-30,Credit Card,Paid,5817.91
132280,62280,2025-03-02,Upi,Paid,13727.89
132281,62281,2026-01-09,Credit Card,Paid,23516.9
132282,62282,2026-08-14,Upi,Paid,2189.67
132283,62283,2026-04-24,Upi,Paid,19094.97
132284,62284,2024-12-22,Upi,Failed,14759.97
132285,62285,2025-09-03,Upi,Paid,27266.66
132286,62286,2024-03-26,Credit Card,Paid,17437.67
132287,62287,2024-04-23,Debit Card,Paid,5210.7
132288,62288,2025-11-16,Upi,Paid,22766.4
132289,62289,2024-11-02,Upi,Paid,24362.45
132290,62290,2025-06-26,Credit Card,Paid,25644.99
132291,62291,2024-07-22,Upi,Paid,14192.16
132292,62292,2026-02-17,Wallet,Paid,12652.57
132293,62293,2024-03-26,Upi,Paid,20938.61
132294,62294,2025-08-26,Debit Card,Paid,29908.36
132295,62295,2025-10-21,Wallet,Paid,11014.06
132296,62296,2026-03-07,Upi,Paid,15226.94
132297,62297,2024-09-06,Net Banking,Paid,15303.32
132298,62298,2024-12-01,Upi,Paid,2323.71
132299,62299,2025-06-26,Upi,Paid,26910.98
132300,62300,2024-10-08,Credit Card,Paid,6221.68
132301,62301,2025-12-18,Net Banking,Paid,11492.97
132302,62302,2026-01-05,Wallet,Paid,22761.45
132303,62303,2026-01-04,Credit Card,Paid,21219.27
132304,62304,2025-04-28,Cash On Delivery,Paid,26628.2
132305,62305,2025-09-01,Debit Card,Paid,10351.93
132306,62306,2024-06-25,Cash On Delivery,Paid,17582.74
132307,62307,2024-07-12,Credit Card,Refunded,3211.82
132308,62308,2024-12-31,Upi,Paid,2947.13
132309,62309,2024-07-21,Upi,Paid,27255.32
132310,62310,2026-02-15,Debit Card,Paid,3766.43
132311,62311,2024-09-07,Debit Card,Paid,8138.71
132312,62312,2026-06-16,Net Banking,Paid,20907.59
132313,62313,2025-02-04,Upi,Paid,1249.54
132314,62314,2026-01-07,Credit Card,Paid,4492.42
132315,62315,2024-03-16,Debit Card,Paid,1126.95
132316,62316,2025-11-28,Net Banking,Failed,18899.12
132317,62317,2025-03-19,Upi,Paid,24635.98
132318,62318,2026-03-01,Upi,Paid,15174.77
132319,62319,2024-06-24,Upi,Paid,13683.02
132320,62320,2024-07-16,Debit Card,Paid,15699.44
132321,62321,2026-04-17,Wallet,Paid,9440.1
132322,62322,2025-07-17,Credit Card,Paid,26716.21
132323,62323,2025-06-30,Upi,Paid,25156.37
132324,62324,2025-07-30,Credit Card,Paid,9905.56
132325,62325,2024-12-16,Debit Card,Failed,29569.88
132326,62326,2026-07-06,Debit Card,Paid,24380.62
132327,62327,2025-06-22,Upi,Paid,28952.26
132328,62328,2024-01-18,Wallet,Paid,18701.03
132329,62329,2024-10-05,Upi,Paid,7260.57
132330,62330,2026-07-30,Cash On Delivery,Paid,20804.57
132331,62331,2025-04-19,Upi,Failed,3979.17
132332,62332,2025-12-06,Upi,Paid,20728.75
132333,62333,2024-01-19,Cash On Delivery,Paid,26825.0
132334,62334,2024-01-22,Cash On Delivery,Paid,9885.87
132335,62335,2024-07-19,Debit Card,Paid,2021.46
132336,62336,2025-05-19,Debit Card,Paid,3234.44
132337,62337,2025-08-15,Net Banking,Failed,22007.39
132338,62338,2024-03-09,Cash On Delivery,Paid,28865.08
132339,62339,2026-06-11,Credit Card,Paid,15652.71
132340,62340,2025-08-11,Credit Card,Paid,10509.31
132341,62341,2024-12-07,Cash On Delivery,Paid,23599.35
132342,62342,2025-03-15,Credit Card,Failed,26552.98
132343,62343,2025-05-06,Upi,Failed,8218.53
132344,62344,2026-01-21,Debit Card,Paid,29290.61
132345,62345,2024-04-01,Upi,Paid,10161.29
132346,62346,2025-07-18,Credit Card,Paid,9282.0
132347,62347,2025-05-22,Credit Card,Paid,26745.41
132348,62348,2026-02-04,Debit Card,Paid,21276.08
132349,62349,2024-12-18,Upi,Paid,5494.12
132350,62350,2024-12-24,Wallet,Paid,18881.45
132351,62351,2026-02-24,Upi,Paid,6773.84
132352,62352,2026-04-14,Upi,Paid,14149.26
132353,62353,2026-03-10,Upi,Paid,16151.64
132354,62354,2026-04-23,Net Banking,Paid,20305.16
132355,62355,2024-04-09,Credit Card,Paid,26382.81
132356,62356,2025-09-30,Debit Card,Paid,2808.38
132357,62357,2025-10-31,Credit Card,Paid,12247.03
132358,62358,2024-09-12,Wallet,Paid,20124.62
132359,62359,2025-03-18,Debit Card,Paid,8991.42
132360,62360,2026-08-19,Wallet,Failed,1029.14
132361,62361,2024-05-16,Credit Card,Paid,20652.49
132362,62362,2026-03-07,Debit Card,Paid,5932.69
132363,62363,2024-11-05,Credit Card,Paid,983.0
132364,62364,2026-04-09,Upi,Paid,7328.53
132365,62365,2025-06-03,Debit Card,Paid,6376.42
132366,62366,2024-01-15,Upi,Paid,3466.63
132367,62367,2024-04-16,Net Banking,Paid,1964.39
132368,62368,2026-03-15,Upi,Paid,28680.45
132369,62369,2026-02-09,Debit Card,Paid,9626.57
132370,62370,2024-08-02,Upi,Paid,19889.24
132371,62371,2025-09-17,Credit Card,Paid,10328.36
132372,62372,2025-05-08,Credit Card,Failed,13476.73
132373,62373,2024-02-25,Upi,Paid,15857.18
132374,62374,2025-11-16,Upi,Paid,629.03
132375,62375,2024-06-04,Upi,Paid,14121.39
132376,62376,2025-02-03,Upi,Paid,19984.97
132377,62377,2024-01-11,Upi,Failed,11237.72
132378,62378,2024-08-25,Upi,Paid,16439.97
132379,62379,2026-06-27,Credit Card,Paid,10340.26
132380,62380,2025-05-02,Upi,Paid,26977.03
132381,62381,2025-12-03,Credit Card,Paid,1172.83
132382,62382,2024-10-17,Upi,Paid,13321.12
132383,62383,2024-02-12,Wallet,Paid,26286.04
132384,62384,2025-08-21,Upi,Refunded,25632.16
132385,62385,2024-08-21,Credit Card,Paid,19076.13
132386,62386,2024-04-19,Debit Card,Paid,1524.81
132387,62387,2025-04-25,Upi,Paid,23007.48
132388,62388,2025-02-01,Credit Card,Paid,21861.36
132389,62389,2024-04-22,Credit Card,Failed,13016.37
132390,62390,2025-07-28,Credit Card,Paid,21594.79
132391,62391,2025-03-10,Credit Card,Paid,14369.09
132392,62392,2026-08-18,Upi,Paid,26964.43
132393,62393,2024-03-28,Cash On Delivery,Paid,20103.51
132394,62394,2025-04-25,Upi,Paid,8107.06
132395,62395,2026-02-10,Cash On Delivery,Paid,23864.11
132396,62396,2025-02-19,Debit Card,Paid,13395.29
132397,62397,2024-07-22,Upi,Paid,27256.35
132398,62398,2026-08-19,Debit Card,Paid,16744.55
132399,62399,2024-11-11,Upi,Paid,9651.3
132400,62400,2026-06-16,Upi,Paid,5665.04
132401,62401,2026-03-29,Upi,Paid,14411.03
132402,62402,2025-10-16,Debit Card,Paid,1689.62
132403,62403,2026-01-21,Debit Card,Paid,25527.3
132404,62404,2025-06-14,Upi,Paid,17384.74
132405,62405,2025-10-10,Debit Card,Pending,25486.21
132406,62406,2024-09-22,Upi,Refunded,8808.11
132407,62407,2024-02-26,Upi,Paid,18772.74
132408,62408,2025-08-29,Wallet,Paid,13730.47
132409,62409,2026-02-18,Upi,Paid,28981.71
132410,62410,2026-03-20,Credit Card,Paid,13359.74
132411,62411,2026-01-10,Credit Card,Paid,7977.04
132412,62412,2026-08-13,Credit Card,Paid,2198.51
132413,62413,2025-07-30,Debit Card,Paid,24781.88
132414,62414,2024-06-17,Credit Card,Paid,17403.74
132415,62415,2024-07-20,Net Banking,Refunded,23856.6
132416,62416,2024-09-25,Credit Card,Failed,6530.5
132417,62417,2026-08-06,Credit Card,Paid,28723.21
132418,62418,2026-05-08,Debit Card,Failed,18795.79
132419,62419,2025-12-05,Upi,Paid,27291.76
132420,62420,2026-04-16,Cash On Delivery,Paid,17275.51
132421,62421,2024-11-27,Upi,Paid,18615.32
132422,62422,2025-11-27,Debit Card,Failed,23518.7
132423,62423,2024-06-12,Net Banking,Paid,603.9
132424,62424,2024-04-12,Upi,Paid,19517.08
132425,62425,2025-09-16,Debit Card,Paid,22785.68
132426,62426,2025-11-18,Upi,Paid,758.53
132427,62427,2025-08-03,Wallet,Paid,27980.36
132428,62428,2025-03-31,Debit Card,Failed,17311.63
132429,62429,2025-08-13,Cash On Delivery,Paid,6473.86
132430,62430,2024-12-28,Credit Card,Paid,17883.84
132431,62431,2024-10-13,Credit Card,Paid,2249.63
132432,62432,2024-09-03,Credit Card,Paid,11619.81
132433,62433,2024-12-20,Cash On Delivery,Refunded,1253.11
132434,62434,2024-11-05,Cash On Delivery,Paid,28098.12
132435,62435,2024-06-04,Credit Card,Failed,11358.89
132436,62436,2025-06-03,Net Banking,Paid,27639.51
132437,62437,2025-02-02,Upi,Paid,9813.89
132438,62438,2024-06-09,Upi,Paid,4714.96
132439,62439,2026-05-30,Cash On Delivery,Paid,24466.83
132440,62440,2025-05-09,Cash On Delivery,Paid,4958.28
132441,62441,2024-05-18,Net Banking,Paid,21880.55
132442,62442,2024-02-18,Debit Card,Paid,7026.36
132443,62443,2024-03-25,Debit Card,Paid,7091.58
132444,62444,2025-02-03,Cash On Delivery,Paid,18992.12
132445,62445,2024-08-24,Cash On Delivery,Paid,23873.85
132446,62446,2026-07-22,Upi,Paid,19740.76
132447,62447,2025-04-01,Cash On Delivery,Paid,20202.44
132448,62448,2025-12-20,Wallet,Paid,10069.12
132449,62449,2024-08-28,Net Banking,Paid,11329.39
132450,62450,2024-03-07,Cash On Delivery,Paid,9460.98
132451,62451,2024-11-21,Upi,Paid,28768.46
132452,62452,2025-10-29,Credit Card,Failed,4896.0
132453,62453,2026-01-13,Upi,Paid,20127.87
132454,62454,2024-07-12,Debit Card,Paid,973.79
132455,62455,2024-10-14,Upi,Paid,18856.16
132456,62456,2025-04-06,Upi,Paid,6255.91
132457,62457,2024-12-05,Upi,Paid,13059.93
132458,62458,2024-10-12,Credit Card,Paid,12182.8
132459,62459,2026-08-15,Cash On Delivery,Paid,29599.48
132460,62460,2026-06-27,Credit Card,Paid,21510.08
132461,62461,2024-12-12,Debit Card,Paid,29979.0
132462,62462,2024-02-24,Net Banking,Failed,485.47
132463,62463,2024-12-16,Credit Card,Paid,17113.19
132464,62464,2026-05-05,Upi,Paid,20595.79
132465,62465,2026-05-25,Upi,Paid,14201.25
132466,62466,2025-11-13,Debit Card,Paid,15742.44
132467,62467,2025-10-18,Wallet,Paid,5073.68
132468,62468,2024-12-20,Credit Card,Failed,29210.98
132469,62469,2025-03-04,Upi,Paid,6524.58
132470,62470,2026-05-03,Credit Card,Paid,2688.68
132471,62471,2024-07-31,Upi,Paid,3406.99
132472,62472,2025-01-31,Upi,Failed,20663.57
132473,62473,2026-05-03,Wallet,Refunded,18292.82
132474,62474,2025-11-09,Upi,Paid,6549.68
132475,62475,2024-04-19,Cash On Delivery,Failed,19926.05
132476,62476,2026-02-03,Credit Card,Paid,3566.24
132477,62477,2024-03-07,Upi,Paid,23135.73
132478,62478,2024-10-07,Upi,Paid,26331.81
132479,62479,2026-06-12,Upi,Paid,27002.01
132480,62480,2024-03-11,Upi,Paid,17755.08
132481,62481,2024-07-01,Credit Card,Paid,12105.77
132482,62482,2026-04-23,Upi,Paid,20515.04
132483,62483,2025-10-14,Cash On Delivery,Paid,24876.69
132484,62484,2024-08-14,Upi,Paid,9117.55
132485,62485,2024-11-30,Debit Card,Paid,5848.28
132486,62486,2026-06-23,Cash On Delivery,Paid,29471.42
132487,62487,2025-08-12,Credit Card,Paid,2626.65
132488,62488,2024-11-03,Upi,Paid,17255.23
132489,62489,2024-05-22,Credit Card,Paid,28275.65
132490,62490,2025-02-08,Upi,Paid,26518.93
132491,62491,2024-11-06,Credit Card,Paid,18190.28
132492,62492,2025-02-23,Net Banking,Paid,20265.16
132493,62493,2024-02-18,Net Banking,Pending,12732.61
132494,62494,2025-03-30,Cash On Delivery,Paid,20435.7
132495,62495,2024-08-28,Wallet,Paid,4138.85
132496,62496,2026-07-25,Debit Card,Paid,25433.08
132497,62497,2024-09-25,Net Banking,Paid,11749.09
132498,62498,2024-08-26,Cash On Delivery,Paid,12506.88
132499,62499,2024-10-20,Debit Card,Paid,5858.51
132500,62500,2025-08-14,Debit Card,Refunded,6575.22
132501,62501,2025-12-11,Upi,Paid,18620.24
132502,62502,2024-10-15,Upi,Paid,20621.31
132503,62503,2025-11-07,Debit Card,Paid,7304.73
132504,62504,2024-05-07,Upi,Paid,14670.02
132505,62505,2024-07-06,Debit Card,Paid,13130.34
132506,62506,2024-10-10,Cash On Delivery,Paid,16203.33
132507,62507,2025-11-10,Debit Card,Paid,5954.71
132508,62508,2025-06-20,Upi,Paid,15891.44
132509,62509,2025-03-25,Cash On Delivery,Paid,28565.53
132510,62510,2025-08-14,Upi,Paid,20240.3
132511,62511,2024-07-09,Upi,Paid,9685.93
132512,62512,2024-09-12,Net Banking,Paid,21615.73
132513,62513,2025-11-18,Credit Card,Paid,3730.73
132514,62514,2026-08-17,Upi,Paid,25259.42
132515,62515,2024-01-02,Upi,Paid,6556.24
132516,62516,2024-12-17,Upi,Paid,4143.97
132517,62517,2026-05-07,Cash On Delivery,Paid,19848.18
132518,62518,2026-03-20,Net Banking,Paid,18738.14
132519,62519,2024-09-13,Credit Card,Paid,13738.81
132520,62520,2024-02-05,Debit Card,Paid,17329.48
132521,62521,2025-07-04,Debit Card,Paid,17031.98
132522,62522,2025-11-08,Cash On Delivery,Paid,24575.25
132523,62523,2024-09-06,Upi,Failed,11454.45
132524,62524,2024-10-21,Cash On Delivery,Paid,16505.35
132525,62525,2025-10-18,Upi,Paid,4560.38
132526,62526,2025-06-07,Upi,Paid,29704.07
132527,62527,2024-10-01,Credit Card,Paid,9069.49
132528,62528,2026-03-25,Debit Card,Paid,19091.36
132529,62529,2026-05-29,Debit Card,Paid,15816.73
132530,62530,2025-12-06,Upi,Paid,29462.69
132531,62531,2026-07-07,Debit Card,Paid,28206.3
132532,62532,2024-12-16,Credit Card,Pending,14371.65
132533,62533,2024-04-19,Net Banking,Paid,19589.39
132534,62534,2025-12-13,Cash On Delivery,Paid,28130.41
132535,62535,2025-06-29,Upi,Paid,6365.62
132536,62536,2025-02-07,Cash On Delivery,Paid,26008.83
132537,62537,2024-09-09,Upi,Paid,2330.51
132538,62538,2024-03-03,Debit Card,Failed,25261.67
132539,62539,2024-06-18,Net Banking,Paid,23439.52
132540,62540,2025-10-09,Credit Card,Paid,29379.72
132541,62541,2024-08-10,Credit Card,Paid,14620.26
132542,62542,2026-06-28,Wallet,Paid,26479.61
132543,62543,2025-04-06,Credit Card,Paid,20124.36
132544,62544,2024-03-25,Upi,Paid,21983.59
132545,62545,2025-09-26,Upi,Paid,6455.51
132546,62546,2025-10-28,Debit Card,Paid,14316.56
132547,62547,2024-06-25,Upi,Paid,20315.25
132548,62548,2026-03-26,Upi,Paid,23149.77
132549,62549,2025-12-18,Net Banking,Paid,3327.88
132550,62550,2025-08-03,Credit Card,Paid,23869.17
132551,62551,2024-04-30,Debit Card,Paid,19368.64
132552,62552,2025-04-16,Debit Card,Pending,10835.23
132553,62553,2026-07-30,Debit Card,Paid,6499.1
132554,62554,2024-08-18,Credit Card,Failed,4612.25
132555,62555,2026-06-27,Credit Card,Paid,20592.5
132556,62556,2024-07-10,Upi,Paid,27286.43
132557,62557,2025-08-11,Upi,Paid,16947.76
132558,62558,2025-01-19,Cash On Delivery,Paid,26820.78
132559,62559,2024-03-07,Wallet,Paid,14403.58
132560,62560,2025-09-14,Debit Card,Paid,20867.29
132561,62561,2025-04-06,Upi,Paid,29239.12
132562,62562,2024-11-04,Cash On Delivery,Paid,17353.1
132563,62563,2024-08-15,Debit Card,Paid,23254.35
132564,62564,2025-04-19,Upi,Failed,21729.89
132565,62565,2024-04-12,Wallet,Paid,26889.59
132566,62566,2025-08-05,Upi,Paid,1364.23
132567,62567,2024-04-02,Cash On Delivery,Failed,29111.93
132568,62568,2024-07-23,Credit Card,Paid,10551.63
132569,62569,2025-05-11,Credit Card,Paid,2899.65
132570,62570,2025-12-22,Upi,Paid,5285.79
132571,62571,2025-01-23,Upi,Paid,21879.55
132572,62572,2025-09-02,Wallet,Paid,22891.77
132573,62573,2026-06-25,Upi,Paid,1043.35
132574,62574,2025-07-29,Debit Card,Pending,29341.82
132575,62575,2025-12-28,Upi,Paid,3517.0
132576,62576,2025-04-11,Debit Card,Paid,21019.92
132577,62577,2024-09-11,Net Banking,Paid,13366.1
132578,62578,2024-12-19,Upi,Paid,12100.85
132579,62579,2024-12-07,Debit Card,Paid,25512.62
132580,62580,2025-06-16,Debit Card,Paid,14897.36
132581,62581,2024-05-29,Cash On Delivery,Paid,14732.29
132582,62582,2026-01-14,Credit Card,Paid,7976.46
132583,62583,2024-05-27,Debit Card,Paid,5770.95
132584,62584,2025-11-17,Cash On Delivery,Paid,5167.05
132585,62585,2025-04-05,Debit Card,Paid,5014.89
132586,62586,2025-12-19,Upi,Paid,12096.12
132587,62587,2024-06-19,Debit Card,Paid,23482.81
132588,62588,2024-07-22,Upi,Paid,18027.46
132589,62589,2024-09-02,Upi,Paid,28555.48
132590,62590,2026-01-28,Credit Card,Paid,13651.93
132591,62591,2024-09-17,Upi,Paid,14686.94
132592,62592,2024-11-21,Upi,Paid,9167.42
132593,62593,2024-05-18,Credit Card,Paid,7096.16
132594,62594,2024-08-16,Net Banking,Paid,22008.66
132595,62595,2026-04-10,Debit Card,Paid,6307.24
132596,62596,2024-04-28,Upi,Paid,14227.65
132597,62597,2026-06-03,Cash On Delivery,Paid,9835.51
132598,62598,2026-03-19,Debit Card,Pending,18475.59
132599,62599,2026-07-11,Upi,Paid,26665.21
132600,62600,2025-08-27,Upi,Paid,6834.0
132601,62601,2025-10-28,Net Banking,Paid,4867.78
132602,62602,2026-03-29,Upi,Paid,25901.49
132603,62603,2025-11-19,Net Banking,Paid,7569.05
132604,62604,2025-06-29,Credit Card,Paid,16118.35
132605,62605,2025-02-15,Upi,Paid,17171.41
132606,62606,2026-04-17,Upi,Paid,18878.73
132607,62607,2024-11-02,Credit Card,Paid,9908.06
132608,62608,2025-06-23,Upi,Paid,29142.04
132609,62609,2024-03-02,Debit Card,Paid,5100.54
132610,62610,2025-09-18,Debit Card,Paid,8693.61
132611,62611,2024-05-08,Debit Card,Paid,1685.34
132612,62612,2024-02-26,Credit Card,Paid,15935.6
132613,62613,2024-10-16,Upi,Paid,10142.75
132614,62614,2025-10-12,Upi,Paid,10468.07
132615,62615,2026-03-10,Cash On Delivery,Paid,16726.32
132616,62616,2025-08-02,Upi,Paid,17756.11
132617,62617,2025-09-28,Upi,Paid,15764.73
132618,62618,2024-08-22,Upi,Paid,20608.64
132619,62619,2024-04-16,Wallet,Paid,23142.41
132620,62620,2024-04-20,Upi,Paid,3501.51
132621,62621,2024-03-15,Upi,Paid,13443.92
132622,62622,2024-12-02,Cash On Delivery,Paid,29245.36
132623,62623,2025-12-27,Upi,Paid,14742.33
132624,62624,2024-02-29,Cash On Delivery,Paid,8067.78
132625,62625,2024-12-02,Credit Card,Paid,3293.24
132626,62626,2025-08-05,Debit Card,Failed,11694.92
132627,62627,2024-03-01,Upi,Paid,3035.22
132628,62628,2025-06-15,Wallet,Failed,4014.86
132629,62629,2025-01-23,Debit Card,Failed,5548.57
132630,62630,2026-06-12,Credit Card,Paid,19781.55
132631,62631,2025-04-26,Credit Card,Paid,13324.35
132632,62632,2025-05-18,Upi,Paid,26418.66
132633,62633,2026-04-04,Wallet,Paid,19177.42
132634,62634,2025-12-09,Wallet,Paid,4074.58
132635,62635,2025-06-17,Upi,Paid,2928.88
132636,62636,2025-10-06,Debit Card,Failed,16949.21
132637,62637,2025-01-29,Debit Card,Paid,26584.12
132638,62638,2025-11-11,Upi,Paid,23523.54
132639,62639,2024-10-27,Credit Card,Paid,13398.7
132640,62640,2024-11-01,Net Banking,Paid,786.31
132641,62641,2026-03-16,Credit Card,Paid,11282.84
132642,62642,2025-02-07,Upi,Paid,4636.13
132643,62643,2025-05-31,Upi,Paid,15739.45
132644,62644,2024-04-29,Upi,Paid,9579.67
132645,62645,2024-11-30,Credit Card,Paid,25093.92
132646,62646,2025-09-22,Credit Card,Paid,1090.11
132647,62647,2025-06-01,Credit Card,Paid,13260.01
132648,62648,2024-10-22,Upi,Paid,12419.02
132649,62649,2024-01-30,Upi,Paid,13351.12
132650,62650,2025-06-19,Cash On Delivery,Paid,26327.66
132651,62651,2024-12-06,Upi,Paid,353.49
132652,62652,2026-06-15,Wallet,Paid,20968.36
132653,62653,2024-02-14,Cash On Delivery,Paid,26852.14
132654,62654,2025-10-26,Debit Card,Paid,2124.03
132655,62655,2025-01-08,Upi,Paid,22923.13
132656,62656,2024-09-18,Credit Card,Failed,22447.02
132657,62657,2025-11-24,Upi,Paid,20799.04
132658,62658,2025-05-17,Credit Card,Paid,1457.67
132659,62659,2024-03-16,Net Banking,Paid,24727.28
132660,62660,2025-08-10,Credit Card,Paid,3839.39
132661,62661,2024-06-24,Debit Card,Paid,18871.42
132662,62662,2026-04-05,Net Banking,Paid,20974.55
132663,62663,2024-08-24,Upi,Paid,15182.38
132664,62664,2026-02-09,Debit Card,Paid,472.79
132665,62665,2024-11-17,Upi,Refunded,4225.74
132666,62666,2024-11-01,Credit Card,Paid,6722.97
132667,62667,2024-01-02,Debit Card,Paid,18539.47
132668,62668,2026-06-12,Credit Card,Paid,1180.48
132669,62669,2025-06-20,Credit Card,Paid,4279.41
132670,62670,2024-05-24,Upi,Paid,29312.61
132671,62671,2024-02-06,Credit Card,Paid,4898.89
132672,62672,2024-09-25,Debit Card,Paid,12987.01
132673,62673,2025-04-22,Credit Card,Paid,16576.42
132674,62674,2024-02-03,Debit Card,Refunded,13527.28
132675,62675,2024-12-18,Net Banking,Paid,8287.73
132676,62676,2024-10-29,Cash On Delivery,Failed,18887.62
132677,62677,2026-04-27,Credit Card,Paid,24168.41
132678,62678,2025-02-07,Credit Card,Paid,27553.94
132679,62679,2024-04-12,Credit Card,Paid,22676.9
132680,62680,2024-08-23,Debit Card,Pending,18760.63
132681,62681,2026-03-15,Debit Card,Paid,4863.19
132682,62682,2024-01-15,Upi,Paid,4813.84
132683,62683,2024-05-11,Upi,Paid,23197.74
132684,62684,2024-01-13,Net Banking,Paid,25844.51
132685,62685,2024-02-20,Net Banking,Paid,20959.32
132686,62686,2026-06-17,Upi,Paid,27818.37
132687,62687,2026-08-22,Debit Card,Paid,3386.74
132688,62688,2025-12-13,Upi,Paid,20691.38
132689,62689,2024-04-01,Debit Card,Paid,7848.42
132690,62690,2025-11-11,Credit Card,Refunded,20480.64
132691,62691,2026-01-20,Wallet,Paid,13081.02
132692,62692,2026-02-03,Credit Card,Paid,14712.43
132693,62693,2025-12-28,Credit Card,Paid,26875.32
132694,62694,2025-11-07,Cash On Delivery,Paid,26573.08
132695,62695,2025-03-05,Upi,Paid,9216.5
132696,62696,2024-03-01,Debit Card,Paid,21508.36
132697,62697,2026-03-12,Wallet,Paid,22509.91
132698,62698,2026-06-19,Cash On Delivery,Paid,15353.37
132699,62699,2025-05-03,Upi,Paid,1859.75
132700,62700,2025-02-22,Credit Card,Paid,27406.04
132701,62701,2026-06-10,Upi,Paid,7661.39
132702,62702,2025-03-17,Debit Card,Paid,20077.12
132703,62703,2024-12-28,Upi,Paid,26976.82
132704,62704,2026-05-09,Cash On Delivery,Paid,24701.18
132705,62705,2026-06-19,Upi,Paid,24129.56
132706,62706,2024-07-18,Upi,Failed,27439.69
132707,62707,2024-09-25,Upi,Paid,8233.61
132708,62708,2024-10-31,Debit Card,Paid,5365.24
132709,62709,2024-06-03,Credit Card,Pending,26211.04
132710,62710,2026-04-12,Net Banking,Paid,13015.71
132711,62711,2026-08-03,Upi,Paid,14200.33
132712,62712,2025-05-20,Credit Card,Paid,26878.63
132713,62713,2025-11-21,Upi,Paid,20465.85
132714,62714,2025-02-14,Debit Card,Paid,5328.39
132715,62715,2026-08-25,Net Banking,Paid,25670.97
132716,62716,2026-07-14,Wallet,Paid,10145.58
132717,62717,2025-12-27,Net Banking,Paid,13065.66
132718,62718,2026-05-14,Upi,Paid,16038.59
132719,62719,2024-05-13,Net Banking,Paid,11772.14
132720,62720,2026-05-10,Credit Card,Pending,18251.0
132721,62721,2025-02-17,Upi,Paid,9216.21
132722,62722,2024-07-27,Upi,Paid,9392.7
132723,62723,2026-06-24,Cash On Delivery,Failed,28049.51
132724,62724,2026-04-01,Cash On Delivery,Paid,7475.25
132725,62725,2024-05-11,Upi,Paid,11394.3
132726,62726,2025-09-29,Credit Card,Paid,4969.79
132727,62727,2026-05-05,Cash On Delivery,Paid,27966.91
132728,62728,2025-11-02,Upi,Refunded,22110.37
132729,62729,2025-04-15,Credit Card,Paid,3425.94
132730,62730,2024-02-19,Net Banking,Paid,12447.14
132731,62731,2025-04-28,Upi,Paid,26779.07
132732,62732,2025-06-26,Upi,Paid,18712.39
132733,62733,2026-03-31,Net Banking,Paid,18778.71
132734,62734,2024-08-02,Credit Card,Paid,15596.52
132735,62735,2024-07-20,Upi,Paid,7992.41
132736,62736,2026-06-19,Credit Card,Paid,22708.99
132737,62737,2026-03-26,Cash On Delivery,Paid,16028.52
132738,62738,2025-06-28,Upi,Paid,20667.99
132739,62739,2025-03-10,Upi,Paid,26877.0
132740,62740,2025-08-24,Credit Card,Paid,21089.59
132741,62741,2024-05-29,Net Banking,Paid,27676.39
132742,62742,2024-08-26,Credit Card,Paid,8060.64
132743,62743,2025-06-10,Net Banking,Paid,526.41
132744,62744,2025-02-15,Net Banking,Paid,17744.88
132745,62745,2024-06-23,Debit Card,Paid,12608.03
132746,62746,2025-05-30,Debit Card,Paid,19286.18
132747,62747,2025-09-28,Net Banking,Paid,9695.55
132748,62748,2026-03-01,Net Banking,Paid,2043.42
132749,62749,2025-09-06,Wallet,Paid,9711.51
132750,62750,2025-08-16,Upi,Paid,25904.33
132751,62751,2025-06-24,Credit Card,Paid,22716.42
132752,62752,2024-04-20,Upi,Paid,16457.35
132753,62753,2025-01-10,Upi,Paid,20213.52
132754,62754,2025-03-14,Credit Card,Paid,1096.42
132755,62755,2025-05-24,Upi,Paid,10204.52
132756,62756,2024-10-15,Debit Card,Paid,29926.05
132757,62757,2025-12-23,Upi,Paid,2576.0
132758,62758,2025-06-08,Cash On Delivery,Paid,4451.48
132759,62759,2024-10-24,Debit Card,Paid,1344.99
132760,62760,2025-04-02,Debit Card,Paid,2122.96
132761,62761,2025-11-21,Debit Card,Paid,13089.87
132762,62762,2024-01-23,Credit Card,Paid,7922.21
132763,62763,2024-11-26,Cash On Delivery,Pending,7272.65
132764,62764,2024-07-21,Cash On Delivery,Paid,16764.49
132765,62765,2024-11-07,Upi,Paid,10030.42
132766,62766,2025-10-03,Net Banking,Paid,8841.5
132767,62767,2024-07-28,Upi,Paid,16555.68
132768,62768,2025-06-12,Credit Card,Failed,25309.24
132769,62769,2025-01-01,Upi,Paid,13690.96
132770,62770,2024-02-24,Cash On Delivery,Paid,17674.31
132771,62771,2026-05-09,Net Banking,Paid,27925.7
132772,62772,2025-08-04,Credit Card,Paid,25871.48
132773,62773,2024-10-18,Cash On Delivery,Paid,6842.97
132774,62774,2025-05-03,Upi,Paid,5743.68
132775,62775,2026-08-15,Upi,Paid,11189.64
132776,62776,2024-05-28,Credit Card,Paid,29305.28
132777,62777,2026-04-06,Credit Card,Paid,12438.56
132778,62778,2024-01-03,Cash On Delivery,Paid,9801.7
132779,62779,2026-04-20,Wallet,Paid,17505.06
132780,62780,2024-11-24,Net Banking,Paid,29104.42
132781,62781,2024-10-16,Credit Card,Paid,9673.72
132782,62782,2026-01-26,Upi,Paid,29278.08
132783,62783,2024-06-07,Net Banking,Failed,24459.87
132784,62784,2024-05-12,Credit Card,Failed,13105.33
132785,62785,2025-03-28,Upi,Paid,20424.43
132786,62786,2026-07-05,Net Banking,Paid,407.52
132787,62787,2024-11-18,Wallet,Paid,9896.96
132788,62788,2025-06-12,Upi,Paid,16279.74
132789,62789,2025-01-22,Upi,Paid,2440.94
132790,62790,2026-01-07,Wallet,Paid,2044.34
132791,62791,2026-05-24,Upi,Paid,6459.04
132792,62792,2026-08-07,Upi,Paid,26207.46
132793,62793,2024-09-20,Cash On Delivery,Paid,15228.9
132794,62794,2024-09-11,Cash On Delivery,Paid,20368.95
132795,62795,2026-06-18,Wallet,Refunded,14608.37
132796,62796,2025-07-20,Net Banking,Paid,5960.83
132797,62797,2024-11-17,Debit Card,Paid,18643.06
132798,62798,2024-11-26,Credit Card,Paid,27272.52
132799,62799,2024-06-21,Cash On Delivery,Paid,23342.1
132800,62800,2024-03-26,Cash On Delivery,Paid,23172.69
132801,62801,2024-12-04,Credit Card,Pending,22097.37
132802,62802,2026-02-09,Credit Card,Paid,16432.36
132803,62803,2025-10-04,Debit Card,Paid,27720.38
132804,62804,2024-01-15,Upi,Pending,18119.8
132805,62805,2024-02-14,Debit Card,Paid,16758.03
132806,62806,2026-04-23,Upi,Paid,19036.25
132807,62807,2026-02-08,Cash On Delivery,Paid,22821.19
132808,62808,2026-02-09,Credit Card,Paid,15499.28
132809,62809,2026-04-16,Upi,Refunded,29303.13
132810,62810,2025-09-14,Credit Card,Paid,18957.83
132811,62811,2024-11-25,Wallet,Paid,8880.51
132812,62812,2025-07-29,Net Banking,Paid,6570.16
132813,62813,2025-09-16,Upi,Paid,21125.58
132814,62814,2026-03-31,Upi,Paid,4610.33
132815,62815,2025-06-01,Debit Card,Paid,23528.92
132816,62816,2024-02-24,Upi,Paid,22012.09
132817,62817,2025-08-29,Credit Card,Paid,1614.86
132818,62818,2025-12-15,Upi,Paid,28136.76
132819,62819,2026-07-08,Upi,Paid,11781.31
132820,62820,2024-06-25,Credit Card,Paid,20146.63
132821,62821,2026-04-17,Upi,Pending,27640.94
132822,62822,2024-01-23,Upi,Paid,25044.85
132823,62823,2025-12-12,Upi,Paid,362.64
132824,62824,2024-10-29,Upi,Refunded,23238.4
132825,62825,2024-04-24,Debit Card,Paid,17329.11
132826,62826,2024-11-13,Credit Card,Paid,7700.51
132827,62827,2025-06-21,Upi,Refunded,21306.17
132828,62828,2024-07-07,Net Banking,Paid,20243.03
132829,62829,2025-06-20,Cash On Delivery,Paid,19784.49
132830,62830,2025-11-23,Debit Card,Paid,22896.1
132831,62831,2026-04-30,Upi,Failed,18151.18
132832,62832,2025-06-28,Upi,Paid,18286.68
132833,62833,2025-08-08,Upi,Paid,2651.54
132834,62834,2026-06-14,Credit Card,Paid,7756.06
132835,62835,2024-02-06,Upi,Paid,11994.87
132836,62836,2026-01-08,Upi,Paid,20125.02
132837,62837,2026-08-08,Upi,Paid,9133.22
132838,62838,2026-03-13,Credit Card,Paid,15337.32
132839,62839,2026-06-16,Upi,Paid,26138.47
132840,62840,2026-05-25,Upi,Paid,26905.0
132841,62841,2025-07-27,Cash On Delivery,Paid,9700.02
132842,62842,2026-02-22,Upi,Refunded,9070.22
132843,62843,2024-12-22,Credit Card,Paid,22860.04
132844,62844,2024-04-26,Credit Card,Paid,17561.75
132845,62845,2024-03-23,Upi,Paid,6306.4
132846,62846,2024-07-01,Upi,Paid,29032.55
132847,62847,2025-12-03,Credit Card,Paid,21233.41
132848,62848,2025-01-24,Upi,Paid,24250.7
132849,62849,2026-02-26,Upi,Paid,3714.31
132850,62850,2024-11-20,Upi,Paid,5436.48
132851,62851,2026-02-08,Wallet,Paid,8304.58
132852,62852,2026-05-09,Upi,Paid,11860.01
132853,62853,2024-11-15,Credit Card,Pending,12635.79
132854,62854,2025-05-25,Credit Card,Paid,28838.91
132855,62855,2025-06-04,Wallet,Paid,11498.51
132856,62856,2026-04-30,Debit Card,Paid,29876.65
132857,62857,2025-01-01,Wallet,Paid,5384.46
132858,62858,2025-01-12,Upi,Paid,23848.87
132859,62859,2026-01-24,Wallet,Paid,5181.59
132860,62860,2026-05-30,Cash On Delivery,Paid,12039.47
132861,62861,2024-01-31,Debit Card,Paid,3972.23
132862,62862,2024-03-11,Net Banking,Paid,17117.01
132863,62863,2026-06-24,Credit Card,Paid,1015.33
132864,62864,2025-03-10,Upi,Paid,18585.32
132865,62865,2025-06-28,Debit Card,Paid,463.96
132866,62866,2026-05-27,Cash On Delivery,Paid,14648.7
132867,62867,2025-01-20,Upi,Paid,606.75
132868,62868,2025-03-12,Credit Card,Paid,6214.13
132869,62869,2026-04-01,Upi,Paid,28593.32
132870,62870,2025-12-13,Upi,Paid,14028.35
132871,62871,2025-11-04,Net Banking,Paid,22589.51
132872,62872,2024-12-17,Debit Card,Paid,29918.44
132873,62873,2025-11-13,Wallet,Paid,23779.56
132874,62874,2026-03-15,Credit Card,Paid,9645.79
132875,62875,2026-06-07,Net Banking,Refunded,14781.64
132876,62876,2025-09-07,Credit Card,Paid,17471.72
132877,62877,2026-04-27,Upi,Paid,5250.35
132878,62878,2026-02-26,Net Banking,Paid,15730.83
132879,62879,2025-12-11,Credit Card,Paid,16725.89
132880,62880,2025-06-07,Upi,Paid,19621.3
132881,62881,2025-02-26,Debit Card,Paid,19003.32
132882,62882,2025-09-11,Credit Card,Paid,16837.38
132883,62883,2026-05-10,Credit Card,Paid,21000.86
132884,62884,2025-05-30,Debit Card,Paid,14881.41
132885,62885,2025-11-11,Credit Card,Paid,20508.1
132886,62886,2025-07-07,Net Banking,Paid,2844.47
132887,62887,2025-09-21,Credit Card,Paid,5925.43
132888,62888,2025-11-02,Upi,Paid,23842.18
132889,62889,2024-02-23,Upi,Paid,5032.23
132890,62890,2024-04-29,Credit Card,Paid,5092.25
132891,62891,2024-02-08,Debit Card,Paid,4199.16
132892,62892,2026-01-17,Debit Card,Paid,9527.31
132893,62893,2026-05-20,Upi,Paid,23935.88
132894,62894,2024-12-13,Debit Card,Paid,5469.97
132895,62895,2024-03-17,Upi,Paid,19542.64
132896,62896,2024-01-13,Credit Card,Paid,3122.2
132897,62897,2025-03-09,Wallet,Paid,14647.89
132898,62898,2025-09-17,Upi,Failed,28289.72
132899,62899,2024-11-20,Credit Card,Paid,9462.68
132900,62900,2025-08-19,Wallet,Paid,5387.75
132901,62901,2024-05-30,Cash On Delivery,Paid,4544.13
132902,62902,2025-12-07,Net Banking,Paid,12382.5
132903,62903,2024-11-18,Upi,Paid,27462.39
132904,62904,2026-08-28,Cash On Delivery,Paid,23254.11
132905,62905,2026-01-17,Upi,Paid,16843.04
132906,62906,2025-03-23,Credit Card,Paid,4858.49
132907,62907,2026-07-07,Upi,Paid,13198.6
132908,62908,2026-08-05,Wallet,Paid,18758.45
132909,62909,2024-07-13,Debit Card,Paid,2981.64
132910,62910,2025-07-17,Debit Card,Paid,15240.39
132911,62911,2025-09-29,Upi,Paid,4837.25
132912,62912,2024-12-15,Net Banking,Paid,16678.12
132913,62913,2026-08-27,Debit Card,Paid,22962.58
132914,62914,2025-10-22,Debit Card,Paid,11621.65
132915,62915,2026-01-09,Credit Card,Paid,12535.62
132916,62916,2024-07-11,Debit Card,Paid,5070.28
132917,62917,2026-05-27,Upi,Paid,26856.37
132918,62918,2026-07-29,Upi,Paid,20026.75
132919,62919,2026-05-30,Upi,Paid,29516.47
132920,62920,2025-03-05,Debit Card,Paid,19783.63
132921,62921,2026-06-27,Upi,Paid,14718.36
132922,62922,2024-01-14,Upi,Paid,15852.0
132923,62923,2024-07-16,Upi,Paid,25366.69
132924,62924,2025-09-30,Credit Card,Paid,3224.51
132925,62925,2026-01-21,Upi,Paid,28341.54
132926,62926,2024-04-26,Upi,Paid,17093.32
132927,62927,2024-10-14,Upi,Paid,16543.03
132928,62928,2024-03-29,Upi,Paid,15930.53
132929,62929,2024-04-12,Upi,Pending,24337.13
132930,62930,2024-01-26,Credit Card,Paid,4515.3
132931,62931,2026-08-22,Wallet,Paid,10006.19
132932,62932,2026-05-06,Upi,Paid,19190.6
132933,62933,2025-08-16,Credit Card,Paid,18760.74
132934,62934,2024-02-02,Credit Card,Paid,12475.46
132935,62935,2025-12-10,Cash On Delivery,Paid,10224.03
132936,62936,2025-06-08,Wallet,Paid,16286.42
132937,62937,2026-01-26,Upi,Paid,19752.22
132938,62938,2025-04-22,Debit Card,Paid,1159.61
132939,62939,2024-01-12,Upi,Failed,23726.54
132940,62940,2026-06-03,Wallet,Paid,10288.54
132941,62941,2026-05-05,Debit Card,Paid,26984.95
132942,62942,2026-06-03,Upi,Paid,24227.22
132943,62943,2025-10-04,Upi,Paid,5787.24
132944,62944,2026-06-12,Upi,Paid,22049.28
132945,62945,2024-03-10,Debit Card,Paid,5827.79
132946,62946,2025-01-23,Credit Card,Paid,3666.26
132947,62947,2024-11-06,Credit Card,Paid,9251.9
132948,62948,2025-04-06,Credit Card,Paid,19413.28
132949,62949,2024-02-13,Upi,Paid,10697.98
132950,62950,2026-03-11,Net Banking,Paid,12215.22
132951,62951,2024-10-16,Credit Card,Paid,12553.42
132952,62952,2024-04-29,Credit Card,Paid,19914.47
132953,62953,2024-07-12,Credit Card,Paid,9724.45
132954,62954,2024-04-20,Upi,Paid,5458.0
132955,62955,2025-10-27,Cash On Delivery,Failed,6557.22
132956,62956,2026-06-16,Credit Card,Paid,16308.1
132957,62957,2024-03-23,Cash On Delivery,Paid,6301.23
132958,62958,2024-01-31,Upi,Paid,9843.71
132959,62959,2026-05-03,Credit Card,Paid,29726.0
132960,62960,2025-01-09,Credit Card,Paid,24317.17
132961,62961,2024-04-29,Debit Card,Paid,6992.97
132962,62962,2024-07-08,Upi,Paid,27531.98
132963,62963,2025-10-21,Cash On Delivery,Paid,10605.9
132964,62964,2024-03-23,Wallet,Paid,8364.86
132965,62965,2025-01-27,Upi,Paid,14434.33
132966,62966,2026-08-03,Credit Card,Paid,18844.13
132967,62967,2025-02-22,Credit Card,Paid,27678.47
132968,62968,2024-06-12,Upi,Paid,24263.54
132969,62969,2026-01-08,Upi,Paid,17965.77
132970,62970,2025-02-23,Net Banking,Paid,17439.69
132971,62971,2025-01-22,Upi,Paid,943.7
132972,62972,2024-09-07,Credit Card,Paid,7991.79
132973,62973,2026-01-03,Debit Card,Paid,25384.65
132974,62974,2025-04-21,Cash On Delivery,Paid,14545.92
132975,62975,2025-04-16,Wallet,Paid,4643.66
132976,62976,2026-01-16,Cash On Delivery,Paid,2062.43
132977,62977,2024-12-18,Debit Card,Paid,6023.9
132978,62978,2025-10-03,Net Banking,Paid,8721.44
132979,62979,2024-06-17,Debit Card,Paid,24555.93
132980,62980,2025-07-08,Net Banking,Paid,14854.91
132981,62981,2025-02-21,Upi,Paid,23359.28
132982,62982,2025-05-13,Credit Card,Paid,24579.16
132983,62983,2024-12-23,Credit Card,Paid,1100.74
132984,62984,2024-05-08,Credit Card,Paid,19218.54
132985,62985,2026-06-13,Wallet,Paid,26508.52
132986,62986,2025-01-25,Net Banking,Paid,13608.68
132987,62987,2025-12-26,Cash On Delivery,Paid,18878.51
132988,62988,2026-05-30,Credit Card,Paid,25841.64
132989,62989,2025-03-09,Debit Card,Refunded,10562.69
132990,62990,2026-03-09,Upi,Pending,5545.17
132991,62991,2025-03-02,Upi,Paid,15867.96
132992,62992,2024-03-04,Debit Card,Paid,20531.92
132993,62993,2026-05-06,Upi,Failed,3231.66
132994,62994,2026-03-27,Debit Card,Paid,15389.65
132995,62995,2025-07-03,Upi,Paid,29613.16
132996,62996,2026-03-17,Debit Card,Paid,8979.49
132997,62997,2025-10-13,Credit Card,Paid,19090.69
132998,62998,2026-02-16,Debit Card,Paid,12755.21
132999,62999,2024-02-26,Upi,Paid,18031.95
133000,63000,2026-03-01,Net Banking,Failed,17402.5
133001,63001,2024-07-27,Cash On Delivery,Paid,26411.08
133002,63002,2026-08-12,Credit Card,Paid,28648.41
133003,63003,2026-07-27,Credit Card,Paid,3918.95
133004,63004,2024-02-23,Upi,Paid,9146.96
133005,63005,2025-09-25,Debit Card,Paid,8389.71
133006,63006,2025-01-07,Credit Card,Paid,16912.79
133007,63007,2024-09-06,Credit Card,Paid,9677.98
133008,63008,2026-07-29,Net Banking,Paid,20357.79
133009,63009,2025-01-27,Cash On Delivery,Paid,18011.94
133010,63010,2025-06-23,Net Banking,Paid,27007.22
133011,63011,2024-11-01,Upi,Refunded,10698.86
133012,63012,2025-10-24,Net Banking,Paid,13229.17
133013,63013,2024-09-03,Debit Card,Paid,7175.92
133014,63014,2024-12-17,Credit Card,Paid,6866.05
133015,63015,2025-11-16,Wallet,Paid,15383.37
133016,63016,2024-07-27,Upi,Paid,27243.87
133017,63017,2026-01-31,Upi,Paid,2958.51
133018,63018,2026-08-09,Credit Card,Failed,19281.57
133019,63019,2025-11-16,Wallet,Paid,19453.12
133020,63020,2024-12-16,Debit Card,Failed,4579.8
133021,63021,2024-06-25,Debit Card,Paid,29176.22
133022,63022,2025-06-29,Credit Card,Failed,27670.73
133023,63023,2025-03-01,Upi,Paid,24758.99
133024,63024,2024-08-24,Upi,Paid,17375.0
133025,63025,2024-12-24,Upi,Paid,27260.14
133026,63026,2026-07-27,Upi,Paid,14007.99
133027,63027,2024-06-15,Credit Card,Paid,27814.57
133028,63028,2024-09-08,Cash On Delivery,Paid,29243.36
133029,63029,2024-12-06,Credit Card,Paid,17493.52
133030,63030,2026-06-08,Upi,Paid,27035.2
133031,63031,2024-12-16,Upi,Paid,14956.71
133032,63032,2024-10-11,Upi,Paid,26059.23
133033,63033,2024-10-15,Upi,Paid,3204.87
133034,63034,2026-07-10,Upi,Paid,21880.55
133035,63035,2024-12-09,Upi,Paid,14246.47
133036,63036,2024-12-23,Debit Card,Refunded,5740.24
133037,63037,2024-12-22,Upi,Paid,6210.12
133038,63038,2026-04-25,Upi,Paid,22772.84
133039,63039,2025-11-22,Debit Card,Paid,20484.43
133040,63040,2025-08-06,Upi,Paid,11613.93
133041,63041,2024-07-25,Upi,Paid,1461.92
133042,63042,2024-04-22,Net Banking,Pending,11824.99
133043,63043,2024-03-28,Upi,Paid,2728.6
133044,63044,2024-10-14,Debit Card,Paid,3032.55
133045,63045,2026-02-08,Debit Card,Paid,9684.38
133046,63046,2026-01-08,Upi,Paid,27079.86
133047,63047,2026-01-30,Wallet,Paid,396.75
133048,63048,2025-10-09,Debit Card,Paid,959.05
133049,63049,2025-05-15,Upi,Paid,3237.89
133050,63050,2024-12-11,Wallet,Paid,17064.8
133051,63051,2025-12-05,Upi,Paid,25182.55
133052,63052,2024-07-09,Upi,Paid,22242.61
133053,63053,2024-03-08,Credit Card,Paid,11857.85
133054,63054,2026-03-17,Upi,Paid,20615.41
133055,63055,2025-04-06,Wallet,Paid,16267.93
133056,63056,2025-08-29,Debit Card,Paid,19622.08
133057,63057,2026-07-17,Upi,Paid,22368.89
133058,63058,2025-10-26,Cash On Delivery,Paid,11272.81
133059,63059,2026-01-12,Wallet,Paid,1980.87
133060,63060,2025-04-09,Upi,Paid,10526.69
133061,63061,2024-11-07,Upi,Paid,20291.14
133062,63062,2024-12-06,Cash On Delivery,Failed,25643.95
133063,63063,2026-05-25,Upi,Paid,7473.94
133064,63064,2025-01-05,Debit Card,Paid,29091.38
133065,63065,2026-06-27,Upi,Paid,6362.11
133066,63066,2024-02-01,Net Banking,Paid,27018.51
133067,63067,2024-10-13,Credit Card,Failed,13199.45
133068,63068,2026-07-07,Credit Card,Refunded,22073.25
133069,63069,2025-07-16,Net Banking,Paid,20658.83
133070,63070,2024-12-22,Wallet,Paid,2504.31
133071,63071,2024-06-21,Wallet,Paid,13385.38
133072,63072,2025-04-15,Upi,Paid,3328.13
133073,63073,2026-07-20,Debit Card,Paid,20237.48
133074,63074,2024-12-12,Debit Card,Paid,1609.97
133075,63075,2025-04-13,Debit Card,Paid,14083.85
133076,63076,2024-12-11,Debit Card,Paid,3735.97
133077,63077,2026-04-16,Upi,Paid,25358.26
133078,63078,2025-10-29,Net Banking,Paid,29255.8
133079,63079,2025-08-23,Credit Card,Paid,12298.44
133080,63080,2025-10-12,Upi,Paid,1757.66
133081,63081,2025-02-05,Cash On Delivery,Paid,27119.41
133082,63082,2026-02-25,Credit Card,Paid,17850.24
133083,63083,2025-08-19,Upi,Paid,5962.5
133084,63084,2024-03-13,Upi,Pending,10480.18
133085,63085,2024-12-31,Net Banking,Paid,5407.12
133086,63086,2026-04-30,Credit Card,Paid,5582.9
133087,63087,2024-09-06,Cash On Delivery,Paid,2921.59
133088,63088,2026-07-16,Debit Card,Paid,2850.89
133089,63089,2026-03-03,Upi,Refunded,7513.18
133090,63090,2026-08-18,Upi,Paid,23623.76
133091,63091,2026-02-14,Debit Card,Paid,10988.6
133092,63092,2024-05-05,Debit Card,Paid,17944.46
133093,63093,2024-07-07,Debit Card,Paid,24703.63
133094,63094,2025-04-20,Net Banking,Paid,17762.91
133095,63095,2024-12-15,Net Banking,Paid,3517.62
133096,63096,2026-07-01,Cash On Delivery,Paid,7373.77
133097,63097,2026-04-04,Credit Card,Paid,16207.39
133098,63098,2026-01-06,Debit Card,Paid,29113.71
133099,63099,2026-07-03,Cash On Delivery,Paid,16228.26
133100,63100,2024-03-01,Cash On Delivery,Failed,28134.59
133101,63101,2025-11-14,Credit Card,Paid,2328.33
133102,63102,2026-04-24,Upi,Failed,9028.18
133103,63103,2026-08-03,Upi,Paid,3196.86
133104,63104,2026-03-27,Net Banking,Refunded,14057.96
133105,63105,2026-02-25,Cash On Delivery,Paid,20049.77
133106,63106,2026-01-28,Upi,Paid,23239.22
133107,63107,2024-05-05,Upi,Paid,741.7
133108,63108,2025-02-05,Debit Card,Failed,8009.97
133109,63109,2026-04-30,Upi,Paid,25203.57
133110,63110,2025-09-05,Upi,Paid,8532.41
133111,63111,2024-09-10,Upi,Failed,23124.26
133112,63112,2025-11-26,Credit Card,Paid,21686.44
133113,63113,2024-01-27,Debit Card,Paid,6263.08
133114,63114,2025-01-19,Wallet,Pending,9754.62
133115,63115,2026-01-01,Wallet,Paid,12331.88
133116,63116,2026-01-30,Debit Card,Paid,28797.78
133117,63117,2025-05-09,Net Banking,Paid,7803.53
133118,63118,2024-09-25,Upi,Paid,12261.3
133119,63119,2025-04-27,Debit Card,Paid,19770.29
133120,63120,2024-06-30,Net Banking,Pending,5409.12
133121,63121,2026-06-27,Credit Card,Paid,22903.55
133122,63122,2026-04-14,Upi,Paid,953.98
133123,63123,2025-12-02,Debit Card,Paid,12460.97
133124,63124,2024-11-28,Upi,Paid,21002.95
133125,63125,2024-05-19,Upi,Paid,18299.51
133126,63126,2024-02-25,Debit Card,Paid,25147.29
133127,63127,2025-01-06,Credit Card,Refunded,15919.56
133128,63128,2026-03-20,Upi,Paid,22479.79
133129,63129,2024-12-24,Credit Card,Paid,13505.38
133130,63130,2026-02-17,Credit Card,Paid,21246.92
133131,63131,2024-06-21,Net Banking,Paid,23704.29
133132,63132,2026-02-20,Net Banking,Paid,2568.25
133133,63133,2024-03-17,Cash On Delivery,Paid,10046.86
133134,63134,2024-11-28,Net Banking,Paid,25604.74
133135,63135,2024-05-26,Wallet,Failed,7159.64
133136,63136,2025-08-10,Upi,Paid,15784.16
133137,63137,2024-07-02,Cash On Delivery,Paid,6083.99
133138,63138,2024-01-17,Cash On Delivery,Paid,3976.74
133139,63139,2024-11-11,Net Banking,Paid,14012.74
133140,63140,2024-01-03,Upi,Paid,24084.42
133141,63141,2025-01-05,Upi,Paid,24331.89
133142,63142,2024-09-11,Debit Card,Pending,12875.9
133143,63143,2026-06-24,Cash On Delivery,Paid,21184.6
133144,63144,2025-05-26,Debit Card,Failed,18064.22
133145,63145,2025-03-02,Credit Card,Paid,8965.98
133146,63146,2025-08-05,Upi,Paid,11677.03
133147,63147,2024-05-15,Upi,Paid,24610.54
133148,63148,2024-05-12,Credit Card,Paid,1937.58
133149,63149,2024-06-01,Cash On Delivery,Pending,6238.22
133150,63150,2026-04-23,Upi,Paid,11366.56
133151,63151,2025-12-24,Net Banking,Paid,8352.58
133152,63152,2026-07-22,Wallet,Paid,21025.78
133153,63153,2026-03-01,Net Banking,Paid,5856.11
133154,63154,2024-04-28,Credit Card,Pending,8418.2
133155,63155,2024-06-09,Credit Card,Paid,20921.46
133156,63156,2026-03-10,Credit Card,Paid,19278.75
133157,63157,2025-06-15,Cash On Delivery,Paid,15993.42
133158,63158,2025-08-18,Debit Card,Paid,4820.05
133159,63159,2024-08-16,Debit Card,Paid,16890.69
133160,63160,2025-05-04,Credit Card,Paid,799.85
133161,63161,2026-05-26,Net Banking,Failed,29688.66
133162,63162,2025-04-20,Upi,Failed,29575.93
133163,63163,2025-10-29,Wallet,Paid,19153.07
133164,63164,2025-12-31,Upi,Paid,17339.04
133165,63165,2026-06-16,Debit Card,Paid,26371.92
133166,63166,2024-07-22,Upi,Paid,9915.53
133167,63167,2026-06-03,Upi,Failed,1228.78
133168,63168,2025-08-14,Wallet,Paid,9751.67
133169,63169,2026-03-20,Debit Card,Pending,12035.84
133170,63170,2024-09-10,Cash On Delivery,Paid,18826.62
133171,63171,2024-04-25,Credit Card,Paid,16089.9
133172,63172,2024-03-24,Upi,Paid,2401.17
133173,63173,2025-01-07,Upi,Paid,16193.03
133174,63174,2025-06-23,Upi,Paid,27143.77
133175,63175,2024-10-06,Upi,Paid,12335.55
133176,63176,2024-09-18,Debit Card,Paid,2413.52
133177,63177,2026-03-03,Debit Card,Paid,25529.12
133178,63178,2025-12-24,Debit Card,Paid,5981.47
133179,63179,2025-09-09,Upi,Paid,22684.53
133180,63180,2025-09-22,Debit Card,Paid,13671.53
133181,63181,2026-04-03,Cash On Delivery,Paid,7853.11
133182,63182,2024-08-08,Cash On Delivery,Paid,3355.35
133183,63183,2026-07-02,Upi,Paid,11210.44
133184,63184,2026-04-15,Credit Card,Paid,14191.11
133185,63185,2024-11-30,Upi,Paid,26771.93
133186,63186,2024-12-04,Upi,Paid,4155.25
133187,63187,2024-06-30,Credit Card,Failed,17604.91
133188,63188,2025-11-21,Upi,Paid,5289.99
133189,63189,2024-10-22,Wallet,Paid,9077.86
133190,63190,2024-09-19,Cash On Delivery,Paid,17126.37
133191,63191,2025-10-14,Credit Card,Paid,309.69
133192,63192,2024-07-09,Upi,Paid,5875.07
133193,63193,2024-04-19,Credit Card,Paid,6990.54
133194,63194,2026-04-17,Debit Card,Paid,26866.21
133195,63195,2024-02-08,Upi,Paid,8806.48
133196,63196,2026-06-11,Wallet,Failed,20683.33
133197,63197,2025-10-27,Net Banking,Paid,4448.07
133198,63198,2024-12-07,Upi,Paid,8677.34
133199,63199,2025-07-03,Upi,Paid,27824.64
133200,63200,2024-11-01,Debit Card,Paid,12891.47
133201,63201,2025-02-01,Upi,Refunded,14774.12
133202,63202,2025-11-15,Net Banking,Paid,19797.6
133203,63203,2026-06-03,Upi,Paid,5345.55
133204,63204,2024-08-10,Cash On Delivery,Paid,17644.39
133205,63205,2025-06-03,Debit Card,Paid,16575.6
133206,63206,2026-04-21,Debit Card,Paid,12435.15
133207,63207,2024-01-15,Wallet,Paid,10734.71
133208,63208,2024-01-09,Wallet,Paid,1028.92
133209,63209,2025-08-21,Upi,Paid,19358.63
133210,63210,2024-05-17,Credit Card,Paid,12501.15
133211,63211,2026-08-21,Credit Card,Paid,27465.84
133212,63212,2024-04-29,Upi,Paid,18616.84
133213,63213,2025-12-18,Upi,Paid,3541.82
133214,63214,2024-11-07,Debit Card,Paid,6930.44
133215,63215,2026-06-18,Credit Card,Paid,3265.51
133216,63216,2026-04-23,Cash On Delivery,Paid,26108.98
133217,63217,2026-02-14,Upi,Paid,10731.51
133218,63218,2025-09-15,Wallet,Paid,2245.78
133219,63219,2024-07-31,Upi,Paid,15180.4
133220,63220,2024-04-14,Net Banking,Paid,13288.38
133221,63221,2024-09-11,Cash On Delivery,Failed,5975.05
133222,63222,2024-03-17,Upi,Paid,5714.46
133223,63223,2026-02-03,Debit Card,Paid,16914.83
133224,63224,2024-10-08,Credit Card,Paid,29515.58
133225,63225,2025-03-04,Upi,Paid,11188.61
133226,63226,2025-08-24,Credit Card,Paid,12729.21
133227,63227,2025-11-13,Credit Card,Paid,16349.1
133228,63228,2025-07-30,Upi,Paid,24719.65
133229,63229,2025-12-16,Credit Card,Pending,14046.52
133230,63230,2024-04-21,Upi,Paid,24476.9
133231,63231,2024-09-30,Upi,Paid,29377.19
133232,63232,2026-01-07,Upi,Paid,23927.16
133233,63233,2025-11-28,Credit Card,Paid,17417.43
133234,63234,2025-09-05,Upi,Pending,25829.8
133235,63235,2026-07-03,Cash On Delivery,Paid,22379.96
133236,63236,2026-08-11,Credit Card,Paid,29248.83
133237,63237,2024-03-22,Net Banking,Paid,24422.53
133238,63238,2025-06-21,Upi,Paid,24231.46
133239,63239,2026-05-23,Upi,Paid,3959.05
133240,63240,2024-11-16,Upi,Paid,24069.13
133241,63241,2024-02-29,Upi,Paid,27345.03
133242,63242,2024-04-28,Net Banking,Paid,25272.62
133243,63243,2025-12-04,Credit Card,Paid,22538.59
133244,63244,2026-06-10,Upi,Paid,26162.1
133245,63245,2025-11-16,Debit Card,Paid,2181.17
133246,63246,2024-02-09,Debit Card,Paid,9684.77
133247,63247,2025-02-05,Upi,Paid,14448.07
133248,63248,2024-12-06,Upi,Paid,19577.25
133249,63249,2026-06-05,Debit Card,Paid,14991.19
133250,63250,2025-05-30,Upi,Paid,23513.85
133251,63251,2024-08-17,Upi,Paid,26170.84
133252,63252,2025-07-09,Credit Card,Paid,5357.08
133253,63253,2025-12-30,Upi,Paid,24207.36
133254,63254,2025-07-18,Wallet,Paid,11230.69
133255,63255,2025-02-09,Debit Card,Paid,6817.7
133256,63256,2025-11-29,Credit Card,Paid,6024.73
133257,63257,2024-10-22,Credit Card,Paid,4261.96
133258,63258,2024-05-07,Credit Card,Paid,16280.74
133259,63259,2026-04-17,Debit Card,Paid,4991.73
133260,63260,2025-11-30,Credit Card,Paid,6709.23
133261,63261,2025-12-13,Credit Card,Refunded,28253.7
133262,63262,2026-05-12,Upi,Paid,26100.89
133263,63263,2025-11-25,Credit Card,Paid,27451.82
133264,63264,2024-01-30,Credit Card,Paid,22078.91
133265,63265,2026-04-01,Cash On Delivery,Paid,27996.28
133266,63266,2024-02-05,Upi,Paid,21364.86
133267,63267,2025-11-05,Credit Card,Paid,28834.53
133268,63268,2026-08-20,Cash On Delivery,Paid,9061.41
133269,63269,2025-01-28,Debit Card,Failed,6370.06
133270,63270,2024-10-31,Upi,Paid,26818.79
133271,63271,2026-06-20,Cash On Delivery,Paid,13359.81
133272,63272,2025-03-17,Upi,Refunded,28990.48
133273,63273,2026-06-16,Wallet,Paid,13979.28
133274,63274,2024-10-28,Credit Card,Paid,27814.58
133275,63275,2024-06-30,Credit Card,Paid,22275.9
133276,63276,2025-06-23,Debit Card,Paid,26790.7
133277,63277,2024-12-28,Debit Card,Paid,26995.18
133278,63278,2025-11-21,Wallet,Paid,12094.43
133279,63279,2024-10-18,Upi,Paid,26712.62
133280,63280,2026-01-10,Upi,Paid,2978.42
133281,63281,2024-12-09,Credit Card,Paid,22719.29
133282,63282,2024-12-13,Upi,Paid,27881.76
133283,63283,2025-11-22,Debit Card,Paid,4159.3
133284,63284,2024-09-11,Upi,Paid,14711.36
133285,63285,2024-10-06,Credit Card,Paid,17252.58
133286,63286,2025-06-17,Net Banking,Failed,18935.09
133287,63287,2024-11-20,Upi,Failed,16157.28
133288,63288,2025-01-10,Wallet,Paid,14834.13
133289,63289,2024-11-26,Wallet,Pending,889.84
133290,63290,2025-08-28,Upi,Paid,831.34
133291,63291,2024-11-23,Upi,Paid,29453.73
133292,63292,2025-08-17,Upi,Refunded,27337.84
133293,63293,2024-08-16,Debit Card,Paid,18829.93
133294,63294,2026-05-18,Upi,Paid,8380.03
133295,63295,2026-07-11,Upi,Paid,26572.38
133296,63296,2024-01-07,Upi,Paid,13197.81
133297,63297,2024-04-13,Cash On Delivery,Paid,23072.31
133298,63298,2024-04-11,Debit Card,Pending,1861.73
133299,63299,2024-06-29,Wallet,Paid,13722.49
133300,63300,2026-02-04,Upi,Paid,13039.96
133301,63301,2024-08-28,Upi,Paid,3721.43
133302,63302,2025-07-23,Credit Card,Paid,15414.53
133303,63303,2024-09-02,Credit Card,Paid,20095.79
133304,63304,2024-03-03,Wallet,Paid,8282.25
133305,63305,2024-03-23,Debit Card,Paid,27448.67
133306,63306,2026-07-05,Upi,Paid,19456.31
133307,63307,2025-06-27,Net Banking,Paid,26635.19
133308,63308,2025-09-25,Credit Card,Paid,4542.35
133309,63309,2024-07-02,Net Banking,Paid,7873.7
133310,63310,2025-04-16,Wallet,Failed,21698.53
133311,63311,2025-10-02,Cash On Delivery,Paid,12701.82
133312,63312,2026-01-28,Net Banking,Paid,11642.05
133313,63313,2025-09-29,Wallet,Paid,20022.74
133314,63314,2025-08-03,Debit Card,Refunded,1698.6
133315,63315,2025-08-28,Credit Card,Paid,17468.49
133316,63316,2024-12-29,Upi,Paid,951.31
133317,63317,2025-11-09,Debit Card,Pending,1457.99
133318,63318,2024-10-14,Credit Card,Paid,15338.19
133319,63319,2025-12-02,Upi,Paid,14595.84
133320,63320,2025-03-15,Upi,Paid,5727.98
133321,63321,2025-07-13,Net Banking,Paid,14004.67
133322,63322,2025-04-07,Upi,Paid,23274.1
133323,63323,2025-07-07,Debit Card,Paid,25493.81
133324,63324,2025-11-23,Upi,Paid,27520.77
133325,63325,2024-09-30,Upi,Paid,339.66
133326,63326,2025-04-05,Cash On Delivery,Paid,9337.76
133327,63327,2025-01-25,Debit Card,Paid,19646.89
133328,63328,2024-01-20,Credit Card,Pending,18807.87
133329,63329,2026-04-07,Upi,Paid,24484.12
133330,63330,2025-10-26,Credit Card,Paid,20770.35
133331,63331,2024-02-13,Debit Card,Paid,7551.67
133332,63332,2024-03-09,Upi,Paid,11747.28
133333,63333,2026-06-19,Debit Card,Paid,9638.37
133334,63334,2026-04-02,Credit Card,Paid,19807.27
133335,63335,2025-12-11,Debit Card,Paid,15639.4
133336,63336,2025-11-20,Cash On Delivery,Paid,7191.67
133337,63337,2026-03-29,Debit Card,Paid,608.33
133338,63338,2025-08-02,Credit Card,Paid,21793.12
133339,63339,2024-01-08,Wallet,Paid,14565.79
133340,63340,2025-03-18,Cash On Delivery,Paid,637.36
133341,63341,2024-11-17,Debit Card,Paid,3082.97
133342,63342,2024-06-17,Credit Card,Paid,24845.81
133343,63343,2026-04-14,Upi,Paid,3661.96
133344,63344,2025-09-28,Credit Card,Paid,13386.71
133345,63345,2026-05-24,Debit Card,Paid,17519.16
133346,63346,2024-04-19,Net Banking,Paid,16852.0
133347,63347,2026-08-04,Credit Card,Paid,3573.72
133348,63348,2025-08-09,Credit Card,Paid,20275.38
133349,63349,2025-07-06,Debit Card,Paid,24015.78
133350,63350,2024-06-26,Upi,Paid,3857.29
133351,63351,2025-08-30,Wallet,Paid,28899.17
133352,63352,2025-08-03,Credit Card,Paid,10161.18
133353,63353,2025-11-11,Cash On Delivery,Failed,29049.28
133354,63354,2024-05-27,Upi,Paid,13333.74
133355,63355,2025-09-10,Net Banking,Paid,655.17
133356,63356,2024-04-01,Upi,Paid,17973.68
133357,63357,2024-03-12,Upi,Paid,1455.67
133358,63358,2025-04-04,Upi,Paid,29954.55
133359,63359,2024-04-26,Wallet,Paid,16043.19
133360,63360,2025-11-19,Credit Card,Failed,14508.14
133361,63361,2025-04-13,Upi,Paid,12075.88
133362,63362,2024-08-22,Upi,Paid,4542.28
133363,63363,2024-09-22,Upi,Paid,7149.1
133364,63364,2025-04-30,Debit Card,Failed,21022.42
133365,63365,2025-08-06,Upi,Paid,378.66
133366,63366,2026-02-16,Wallet,Paid,3751.19
133367,63367,2025-07-11,Upi,Paid,11956.12
133368,63368,2025-06-17,Upi,Paid,9239.48
133369,63369,2025-08-11,Upi,Paid,27625.43
133370,63370,2025-08-05,Upi,Paid,24420.67
133371,63371,2024-12-06,Credit Card,Paid,16891.93
133372,63372,2024-08-02,Upi,Paid,22257.18
133373,63373,2025-05-28,Upi,Paid,2910.94
133374,63374,2024-05-01,Upi,Paid,17878.73
133375,63375,2024-08-24,Net Banking,Paid,24778.83
133376,63376,2024-05-27,Upi,Paid,24546.41
133377,63377,2025-04-22,Debit Card,Paid,2913.38
133378,63378,2026-08-03,Wallet,Paid,10891.08
133379,63379,2026-04-29,Upi,Failed,14295.38
133380,63380,2024-03-26,Net Banking,Paid,25195.45
133381,63381,2026-03-07,Credit Card,Paid,28740.12
133382,63382,2024-05-29,Upi,Paid,23257.2
133383,63383,2026-06-04,Upi,Paid,18295.39
133384,63384,2024-07-19,Upi,Paid,25264.45
133385,63385,2024-05-04,Credit Card,Paid,13287.93
133386,63386,2026-02-06,Upi,Paid,25778.87
133387,63387,2026-03-20,Credit Card,Paid,29844.16
133388,63388,2025-01-23,Upi,Paid,3483.67
133389,63389,2025-06-15,Credit Card,Paid,24247.15
133390,63390,2026-02-06,Upi,Paid,3831.17
133391,63391,2026-04-09,Upi,Paid,10632.08
133392,63392,2025-02-10,Debit Card,Paid,28588.6
133393,63393,2026-01-31,Wallet,Paid,3484.81
133394,63394,2026-02-10,Net Banking,Paid,7497.55
133395,63395,2026-02-08,Debit Card,Paid,27453.01
133396,63396,2026-05-20,Debit Card,Paid,21120.04
133397,63397,2026-03-22,Upi,Paid,23427.06
133398,63398,2025-03-10,Cash On Delivery,Paid,14400.67
133399,63399,2024-11-01,Upi,Paid,18694.85
133400,63400,2026-08-17,Credit Card,Paid,28508.87
133401,63401,2025-03-11,Upi,Paid,27944.37
133402,63402,2026-06-24,Debit Card,Paid,21195.52
133403,63403,2026-08-28,Upi,Paid,11373.15
133404,63404,2024-01-15,Debit Card,Paid,3254.3
133405,63405,2024-05-18,Net Banking,Paid,5829.01
133406,63406,2025-07-02,Upi,Paid,4415.36
133407,63407,2024-03-28,Credit Card,Paid,12743.95
133408,63408,2025-09-29,Upi,Pending,13664.2
133409,63409,2024-01-14,Debit Card,Failed,26679.78
133410,63410,2026-03-29,Upi,Paid,19272.76
133411,63411,2025-02-21,Upi,Paid,17921.48
133412,63412,2025-10-16,Wallet,Paid,5370.03
133413,63413,2025-03-29,Cash On Delivery,Paid,27659.57
133414,63414,2025-10-29,Debit Card,Paid,13679.84
133415,63415,2025-10-22,Net Banking,Paid,13690.75
133416,63416,2024-10-10,Credit Card,Failed,23146.29
133417,63417,2026-02-16,Cash On Delivery,Paid,21252.89
133418,63418,2026-03-09,Net Banking,Paid,3788.13
133419,63419,2024-11-08,Upi,Paid,28948.17
133420,63420,2024-03-02,Credit Card,Paid,20577.71
133421,63421,2025-03-12,Upi,Paid,16686.11
133422,63422,2025-10-01,Upi,Paid,10424.22
133423,63423,2026-01-25,Upi,Paid,29561.48
133424,63424,2024-07-14,Credit Card,Paid,10793.49
133425,63425,2025-04-11,Credit Card,Paid,7447.35
133426,63426,2026-01-13,Credit Card,Paid,15202.72
133427,63427,2025-05-26,Upi,Paid,16095.6
133428,63428,2026-02-07,Upi,Paid,4940.46
133429,63429,2025-10-15,Credit Card,Paid,29377.38
133430,63430,2024-06-18,Cash On Delivery,Paid,15787.18
133431,63431,2024-07-24,Credit Card,Paid,4360.04
133432,63432,2026-02-09,Upi,Paid,24825.85
133433,63433,2025-11-15,Upi,Paid,21160.32
133434,63434,2026-03-25,Credit Card,Refunded,4488.49
133435,63435,2024-10-14,Wallet,Paid,23445.22
133436,63436,2024-02-21,Upi,Refunded,6325.7
133437,63437,2024-08-19,Upi,Paid,21381.42
133438,63438,2025-02-23,Upi,Paid,15446.21
133439,63439,2024-05-01,Debit Card,Paid,22394.49
133440,63440,2024-07-05,Upi,Paid,13051.91
133441,63441,2024-05-23,Credit Card,Paid,18921.52
133442,63442,2024-05-02,Net Banking,Paid,16196.89
133443,63443,2025-01-08,Upi,Refunded,5203.64
133444,63444,2026-02-21,Upi,Paid,25295.59
133445,63445,2025-01-02,Credit Card,Paid,12094.38
133446,63446,2024-10-11,Cash On Delivery,Refunded,28396.7
133447,63447,2025-06-17,Upi,Paid,18047.85
133448,63448,2025-09-19,Debit Card,Paid,9243.65
133449,63449,2024-12-05,Upi,Paid,4899.14
133450,63450,2024-01-05,Wallet,Paid,26021.38
133451,63451,2024-10-18,Upi,Paid,16632.61
133452,63452,2024-03-21,Credit Card,Paid,28601.21
133453,63453,2024-05-23,Upi,Paid,9500.67
133454,63454,2025-08-15,Net Banking,Paid,24729.11
133455,63455,2024-06-22,Credit Card,Paid,22833.71
133456,63456,2024-12-28,Upi,Paid,14580.15
133457,63457,2025-01-18,Upi,Paid,18733.48
133458,63458,2026-05-03,Debit Card,Paid,10029.31
133459,63459,2024-05-29,Credit Card,Failed,13477.23
133460,63460,2024-03-21,Cash On Delivery,Paid,8855.71
133461,63461,2025-06-03,Upi,Paid,6784.24
133462,63462,2025-08-28,Wallet,Paid,12231.94
133463,63463,2025-05-05,Upi,Paid,7344.65
133464,63464,2025-11-15,Net Banking,Pending,21527.84
133465,63465,2026-04-18,Credit Card,Paid,23429.98
133466,63466,2025-08-17,Credit Card,Paid,15378.45
133467,63467,2025-06-08,Debit Card,Paid,19675.63
133468,63468,2025-10-22,Credit Card,Refunded,6467.78
133469,63469,2024-07-28,Upi,Paid,1331.37
133470,63470,2024-08-31,Wallet,Paid,22504.46
133471,63471,2024-12-25,Upi,Paid,6682.28
133472,63472,2026-01-14,Upi,Paid,23926.28
133473,63473,2026-04-07,Upi,Paid,1951.53
133474,63474,2025-06-23,Net Banking,Paid,11623.83
133475,63475,2025-08-24,Debit Card,Paid,19773.12
133476,63476,2026-02-05,Upi,Pending,25218.33
133477,63477,2024-08-22,Upi,Paid,21153.15
133478,63478,2024-04-30,Wallet,Paid,3029.2
133479,63479,2025-12-26,Upi,Paid,24097.16
133480,63480,2024-05-06,Wallet,Paid,11467.65
133481,63481,2024-06-05,Wallet,Paid,26737.15
133482,63482,2025-01-18,Upi,Paid,8718.23
133483,63483,2026-02-02,Debit Card,Pending,9056.72
133484,63484,2025-01-13,Debit Card,Pending,8217.2
133485,63485,2024-04-26,Upi,Paid,2379.63
133486,63486,2024-05-05,Net Banking,Failed,16535.8
133487,63487,2024-09-03,Credit Card,Paid,9633.5
133488,63488,2024-03-22,Cash On Delivery,Paid,28662.37
133489,63489,2024-11-16,Upi,Paid,23468.57
133490,63490,2024-03-21,Upi,Paid,8145.24
133491,63491,2026-03-31,Debit Card,Paid,22405.2
133492,63492,2024-02-21,Upi,Paid,24629.85
133493,63493,2024-07-13,Credit Card,Paid,11243.84
133494,63494,2024-02-04,Upi,Paid,27677.42
133495,63495,2024-10-10,Net Banking,Failed,3448.02
133496,63496,2026-02-22,Debit Card,Paid,26341.75
133497,63497,2025-07-13,Credit Card,Paid,28067.05
133498,63498,2026-06-27,Upi,Paid,2796.48
133499,63499,2025-08-24,Credit Card,Paid,25867.52
133500,63500,2025-02-18,Upi,Paid,6370.89
133501,63501,2026-07-18,Upi,Paid,22572.49
133502,63502,2024-06-30,Credit Card,Paid,27415.78
133503,63503,2024-04-20,Cash On Delivery,Paid,12700.02
133504,63504,2024-11-16,Credit Card,Paid,5305.22
133505,63505,2026-06-23,Cash On Delivery,Paid,318.1
133506,63506,2026-03-04,Upi,Paid,9765.34
133507,63507,2025-06-04,Upi,Refunded,12267.89
133508,63508,2026-06-23,Net Banking,Paid,5480.58
133509,63509,2025-09-20,Credit Card,Paid,22882.35
133510,63510,2024-08-22,Net Banking,Paid,2345.63
133511,63511,2024-01-06,Upi,Paid,4154.74
133512,63512,2024-02-02,Credit Card,Paid,21147.24
133513,63513,2026-04-05,Upi,Paid,543.6
133514,63514,2024-10-27,Credit Card,Paid,3373.12
133515,63515,2025-02-13,Net Banking,Paid,26269.34
133516,63516,2025-01-11,Net Banking,Paid,24471.32
133517,63517,2024-03-27,Debit Card,Paid,15328.55
133518,63518,2024-01-04,Credit Card,Paid,21607.92
133519,63519,2025-12-06,Cash On Delivery,Paid,19974.95
133520,63520,2025-10-24,Upi,Paid,13073.79
133521,63521,2024-08-07,Upi,Paid,22021.87
133522,63522,2024-05-02,Debit Card,Paid,5459.41
133523,63523,2025-05-16,Cash On Delivery,Paid,16778.24
133524,63524,2024-03-20,Net Banking,Paid,27215.88
133525,63525,2024-10-11,Cash On Delivery,Paid,9666.25
133526,63526,2025-11-29,Net Banking,Paid,3433.99
133527,63527,2024-06-17,Upi,Paid,17311.31
133528,63528,2026-01-18,Cash On Delivery,Paid,16822.5
133529,63529,2026-05-08,Cash On Delivery,Paid,18891.13
133530,63530,2024-06-28,Upi,Paid,19254.66
133531,63531,2025-10-09,Debit Card,Paid,11185.75
133532,63532,2026-01-15,Net Banking,Paid,18398.48
133533,63533,2025-05-20,Credit Card,Paid,21470.91
133534,63534,2024-10-15,Upi,Paid,10236.42
133535,63535,2026-08-14,Upi,Failed,20009.71
133536,63536,2024-10-28,Net Banking,Paid,11069.86
133537,63537,2024-08-28,Upi,Refunded,24714.76
133538,63538,2024-04-30,Debit Card,Paid,21378.94
133539,63539,2026-06-01,Debit Card,Paid,675.42
133540,63540,2024-08-08,Upi,Paid,18748.0
133541,63541,2024-05-09,Upi,Paid,12702.67
133542,63542,2024-02-10,Upi,Paid,22629.2
133543,63543,2024-10-10,Net Banking,Paid,13351.68
133544,63544,2025-10-16,Net Banking,Paid,18156.51
133545,63545,2025-10-28,Credit Card,Paid,8986.39
133546,63546,2026-04-06,Upi,Paid,27040.82
133547,63547,2025-10-12,Upi,Paid,12243.53
133548,63548,2024-02-18,Upi,Paid,12886.76
133549,63549,2026-03-30,Debit Card,Pending,12852.61
133550,63550,2024-09-05,Debit Card,Paid,13198.82
133551,63551,2026-07-20,Upi,Paid,25836.52
133552,63552,2024-12-02,Credit Card,Paid,7629.24
133553,63553,2024-01-17,Net Banking,Paid,19744.22
133554,63554,2025-01-16,Credit Card,Paid,13586.13
133555,63555,2025-03-12,Credit Card,Paid,858.91
133556,63556,2026-03-11,Upi,Paid,5568.71
133557,63557,2025-06-22,Wallet,Paid,699.28
133558,63558,2024-02-11,Credit Card,Paid,23967.08
133559,63559,2024-02-16,Credit Card,Paid,5895.05
133560,63560,2025-08-18,Upi,Paid,29543.63
133561,63561,2024-03-24,Debit Card,Paid,27608.16
133562,63562,2025-06-03,Credit Card,Paid,23122.96
133563,63563,2026-05-22,Upi,Failed,2515.7
133564,63564,2026-03-26,Credit Card,Paid,27904.23
133565,63565,2025-09-06,Cash On Delivery,Paid,6866.74
133566,63566,2024-10-25,Debit Card,Paid,27268.83
133567,63567,2025-05-17,Credit Card,Paid,11887.84
133568,63568,2024-04-11,Credit Card,Paid,25852.77
133569,63569,2025-12-20,Upi,Paid,29333.47
133570,63570,2024-05-07,Cash On Delivery,Paid,17022.66
133571,63571,2024-02-19,Credit Card,Paid,8624.07
133572,63572,2025-09-04,Upi,Paid,28192.15
133573,63573,2025-07-09,Upi,Paid,26279.65
133574,63574,2025-06-14,Wallet,Failed,1438.68
133575,63575,2025-04-08,Credit Card,Paid,11553.88
133576,63576,2025-07-30,Wallet,Paid,16607.76
133577,63577,2025-03-03,Credit Card,Paid,21133.36
133578,63578,2024-05-12,Upi,Pending,6611.26
133579,63579,2025-07-07,Cash On Delivery,Pending,1342.0
133580,63580,2024-02-11,Net Banking,Paid,15145.1
133581,63581,2024-03-05,Wallet,Paid,1577.14
133582,63582,2025-07-03,Credit Card,Paid,13538.48
133583,63583,2025-11-16,Upi,Paid,9693.81
133584,63584,2024-03-20,Credit Card,Paid,11827.09
133585,63585,2025-01-02,Credit Card,Paid,28769.31
133586,63586,2026-06-21,Cash On Delivery,Paid,9139.08
133587,63587,2026-01-30,Net Banking,Paid,15193.86
133588,63588,2026-02-18,Credit Card,Paid,13313.91
133589,63589,2025-09-29,Upi,Paid,16693.13
133590,63590,2024-06-23,Cash On Delivery,Paid,7321.11
133591,63591,2025-01-11,Credit Card,Paid,623.8
133592,63592,2025-08-04,Net Banking,Paid,11855.0
133593,63593,2025-10-09,Debit Card,Paid,1624.03
133594,63594,2024-05-08,Net Banking,Paid,27109.83
133595,63595,2026-08-01,Net Banking,Paid,8801.47
133596,63596,2026-06-27,Upi,Failed,10860.43
133597,63597,2024-02-06,Upi,Paid,17362.57
133598,63598,2025-07-27,Credit Card,Paid,27032.05
133599,63599,2024-05-21,Debit Card,Paid,24697.84
133600,63600,2024-11-06,Cash On Delivery,Pending,13680.06
133601,63601,2026-05-12,Cash On Delivery,Paid,12340.45
133602,63602,2025-10-24,Credit Card,Paid,11962.56
133603,63603,2024-12-08,Upi,Paid,22895.07
133604,63604,2024-01-04,Cash On Delivery,Paid,8115.87
133605,63605,2026-03-24,Upi,Paid,19470.78
133606,63606,2024-10-07,Wallet,Paid,25719.36
133607,63607,2025-08-12,Upi,Paid,26982.46
133608,63608,2024-08-18,Upi,Paid,9681.72
133609,63609,2026-02-08,Credit Card,Paid,9583.2
133610,63610,2024-12-02,Net Banking,Paid,9907.28
133611,63611,2025-12-20,Wallet,Paid,25677.86
133612,63612,2024-03-23,Wallet,Paid,2829.3
133613,63613,2025-08-21,Debit Card,Paid,1885.95
133614,63614,2026-07-28,Credit Card,Paid,10312.43
133615,63615,2025-04-04,Net Banking,Paid,668.29
133616,63616,2025-03-31,Net Banking,Refunded,8850.49
133617,63617,2025-10-30,Upi,Paid,4976.0
133618,63618,2026-04-11,Upi,Paid,6541.66
133619,63619,2026-02-26,Upi,Paid,21150.35
133620,63620,2024-02-28,Upi,Paid,21933.2
133621,63621,2024-10-14,Cash On Delivery,Paid,19706.89
133622,63622,2026-04-02,Upi,Paid,11923.82
133623,63623,2026-08-04,Wallet,Paid,17776.94
133624,63624,2025-09-26,Upi,Paid,8541.81
133625,63625,2024-01-08,Credit Card,Paid,25658.78
133626,63626,2025-10-22,Debit Card,Paid,23835.81
133627,63627,2026-07-08,Credit Card,Paid,2993.72
133628,63628,2026-02-24,Cash On Delivery,Paid,17246.31
133629,63629,2025-12-02,Debit Card,Paid,2143.67
133630,63630,2025-05-25,Debit Card,Paid,24203.65
133631,63631,2026-05-28,Cash On Delivery,Paid,13871.09
133632,63632,2025-09-09,Wallet,Failed,25296.73
133633,63633,2025-05-13,Credit Card,Paid,1993.02
133634,63634,2026-05-22,Debit Card,Paid,16330.09
133635,63635,2024-01-07,Net Banking,Paid,5414.74
133636,63636,2024-05-02,Debit Card,Paid,28111.62
133637,63637,2026-03-27,Upi,Paid,4066.24
133638,63638,2024-02-23,Credit Card,Paid,15474.05
133639,63639,2026-05-21,Debit Card,Paid,13422.94
133640,63640,2026-08-12,Debit Card,Paid,8986.57
133641,63641,2024-09-09,Debit Card,Paid,16880.4
133642,63642,2026-05-08,Credit Card,Paid,21244.3
133643,63643,2025-06-16,Debit Card,Paid,27467.1
133644,63644,2025-05-16,Upi,Paid,2796.37
133645,63645,2026-06-14,Debit Card,Paid,2078.77
133646,63646,2026-01-29,Debit Card,Paid,23669.75
133647,63647,2026-05-15,Upi,Paid,28514.34
133648,63648,2026-05-08,Wallet,Paid,21134.26
133649,63649,2025-12-07,Upi,Paid,3660.66
133650,63650,2025-03-31,Upi,Paid,9735.27
133651,63651,2024-07-01,Cash On Delivery,Paid,26432.01
133652,63652,2024-04-08,Credit Card,Paid,6608.27
133653,63653,2024-09-05,Wallet,Paid,9798.2
133654,63654,2025-04-13,Wallet,Paid,29968.45
133655,63655,2024-05-13,Upi,Paid,4002.86
133656,63656,2024-12-06,Upi,Paid,4701.55
133657,63657,2026-02-10,Upi,Paid,20446.3
133658,63658,2024-01-24,Upi,Paid,16962.54
133659,63659,2024-10-26,Credit Card,Paid,20589.03
133660,63660,2026-07-22,Debit Card,Paid,29367.6
133661,63661,2024-11-12,Cash On Delivery,Paid,16887.02
133662,63662,2025-11-26,Upi,Paid,11624.02
133663,63663,2025-08-14,Upi,Refunded,7341.12
133664,63664,2026-02-01,Upi,Paid,9988.85
133665,63665,2025-12-08,Credit Card,Paid,15091.3
133666,63666,2025-08-02,Upi,Paid,24793.36
133667,63667,2026-08-01,Wallet,Paid,11955.52
133668,63668,2024-09-19,Cash On Delivery,Paid,10356.66
133669,63669,2024-09-29,Cash On Delivery,Paid,17448.55
133670,63670,2025-07-24,Debit Card,Paid,23902.93
133671,63671,2025-11-27,Upi,Paid,28585.96
133672,63672,2025-10-22,Upi,Paid,22761.01
133673,63673,2026-07-17,Wallet,Paid,4302.91
133674,63674,2025-08-03,Upi,Refunded,19914.83
133675,63675,2026-01-10,Credit Card,Paid,28938.71
133676,63676,2024-05-05,Debit Card,Pending,22125.07
133677,63677,2024-02-07,Upi,Paid,14306.81
133678,63678,2026-03-01,Credit Card,Paid,2550.07
133679,63679,2025-03-12,Upi,Paid,20043.62
133680,63680,2024-10-15,Debit Card,Paid,12932.33
133681,63681,2025-12-30,Debit Card,Paid,25067.05
133682,63682,2025-01-19,Credit Card,Refunded,22888.39
133683,63683,2024-02-01,Upi,Paid,2239.93
133684,63684,2025-06-20,Debit Card,Paid,16461.41
133685,63685,2024-05-04,Credit Card,Paid,4525.01
133686,63686,2026-08-09,Credit Card,Paid,20638.73
133687,63687,2024-11-15,Credit Card,Paid,8564.7
133688,63688,2024-11-02,Net Banking,Paid,23690.17
133689,63689,2026-03-29,Upi,Paid,10671.66
133690,63690,2024-02-10,Credit Card,Paid,27231.5
133691,63691,2025-10-19,Upi,Paid,24384.65
133692,63692,2026-08-02,Upi,Pending,27094.02
133693,63693,2024-01-31,Credit Card,Paid,10823.0
133694,63694,2026-07-18,Upi,Paid,27718.85
133695,63695,2025-08-23,Wallet,Paid,29583.59
133696,63696,2024-07-12,Cash On Delivery,Paid,9433.19
133697,63697,2026-04-09,Upi,Paid,23259.43
133698,63698,2026-03-18,Net Banking,Refunded,13031.43
133699,63699,2026-08-10,Cash On Delivery,Failed,12456.81
133700,63700,2026-06-12,Upi,Paid,16148.28
133701,63701,2025-08-18,Wallet,Paid,20137.92
133702,63702,2024-01-14,Net Banking,Paid,12542.17
133703,63703,2025-12-27,Cash On Delivery,Paid,18440.96
133704,63704,2026-01-05,Wallet,Paid,22556.92
133705,63705,2026-01-22,Upi,Paid,29458.73
133706,63706,2024-06-23,Credit Card,Paid,27889.33
133707,63707,2025-12-14,Debit Card,Pending,4682.89
133708,63708,2026-03-16,Debit Card,Paid,26129.66
133709,63709,2024-03-13,Upi,Paid,26058.49
133710,63710,2024-01-22,Upi,Paid,11314.93
133711,63711,2024-03-24,Credit Card,Failed,10511.57
133712,63712,2025-11-04,Debit Card,Paid,18532.54
133713,63713,2024-10-22,Debit Card,Paid,15969.49
133714,63714,2026-03-03,Upi,Paid,11436.97
133715,63715,2026-07-19,Cash On Delivery,Paid,28468.25
133716,63716,2024-02-07,Credit Card,Paid,13635.95
133717,63717,2025-12-17,Credit Card,Paid,886.63
133718,63718,2026-01-07,Net Banking,Paid,1099.08
133719,63719,2024-03-15,Cash On Delivery,Paid,15244.53
133720,63720,2024-04-28,Cash On Delivery,Paid,28871.28
133721,63721,2026-02-23,Cash On Delivery,Paid,1223.51
133722,63722,2024-03-19,Upi,Paid,8871.4
133723,63723,2024-07-14,Debit Card,Paid,3162.83
133724,63724,2026-06-15,Debit Card,Paid,7852.9
133725,63725,2025-12-09,Credit Card,Paid,27724.93
133726,63726,2026-06-17,Credit Card,Paid,8526.71
133727,63727,2024-09-25,Debit Card,Failed,7190.66
133728,63728,2025-12-20,Credit Card,Paid,4477.65
133729,63729,2025-08-15,Debit Card,Paid,18411.85
133730,63730,2026-05-16,Credit Card,Paid,9356.43
133731,63731,2024-08-07,Net Banking,Paid,12470.79
133732,63732,2024-01-19,Debit Card,Paid,23276.88
133733,63733,2025-01-23,Upi,Paid,10529.69
133734,63734,2025-05-14,Cash On Delivery,Paid,821.24
133735,63735,2025-07-10,Debit Card,Paid,20072.28
133736,63736,2026-04-27,Credit Card,Paid,8607.41
133737,63737,2025-10-30,Upi,Paid,2962.66
133738,63738,2026-05-15,Upi,Paid,16582.25
133739,63739,2025-12-08,Cash On Delivery,Paid,9813.07
133740,63740,2024-12-25,Net Banking,Paid,1083.8
133741,63741,2026-03-04,Credit Card,Paid,14903.59
133742,63742,2024-11-11,Debit Card,Paid,29561.53
133743,63743,2026-02-28,Wallet,Paid,20324.02
133744,63744,2025-11-10,Debit Card,Refunded,17457.27
133745,63745,2024-08-05,Debit Card,Paid,19052.4
133746,63746,2024-03-01,Credit Card,Failed,24568.9
133747,63747,2026-05-12,Upi,Paid,21028.01
133748,63748,2026-01-29,Upi,Paid,9336.62
133749,63749,2024-02-21,Cash On Delivery,Refunded,7949.91
133750,63750,2024-09-01,Debit Card,Pending,27659.76
133751,63751,2025-04-12,Net Banking,Paid,19686.79
133752,63752,2025-05-22,Cash On Delivery,Paid,6144.38
133753,63753,2025-01-01,Upi,Paid,7722.93
133754,63754,2024-07-05,Credit Card,Paid,24084.01
133755,63755,2025-10-11,Credit Card,Paid,8243.63
133756,63756,2025-12-15,Credit Card,Pending,13241.7
133757,63757,2025-09-15,Debit Card,Paid,26127.75
133758,63758,2026-07-16,Upi,Refunded,22151.54
133759,63759,2025-01-16,Net Banking,Paid,14153.81
133760,63760,2025-06-09,Net Banking,Paid,1279.08
133761,63761,2024-11-03,Upi,Failed,12653.26
133762,63762,2026-07-13,Cash On Delivery,Refunded,22313.47
133763,63763,2025-02-11,Credit Card,Paid,27185.64
133764,63764,2025-01-25,Upi,Paid,24541.49
133765,63765,2025-12-22,Credit Card,Paid,2523.98
133766,63766,2024-10-06,Debit Card,Paid,22975.43
133767,63767,2024-12-20,Cash On Delivery,Paid,15102.67
133768,63768,2026-03-25,Wallet,Pending,18520.63
133769,63769,2024-01-23,Upi,Paid,17900.59
133770,63770,2024-02-09,Cash On Delivery,Paid,17587.55
133771,63771,2026-04-22,Upi,Paid,5418.49
133772,63772,2024-10-01,Upi,Paid,16733.47
133773,63773,2026-01-30,Net Banking,Failed,27379.27
133774,63774,2025-11-02,Credit Card,Paid,15464.43
133775,63775,2024-07-15,Net Banking,Paid,25273.17
133776,63776,2024-07-04,Credit Card,Paid,10465.94
133777,63777,2026-08-13,Credit Card,Paid,1706.63
133778,63778,2026-05-14,Debit Card,Paid,23245.19
133779,63779,2024-09-06,Cash On Delivery,Paid,17636.77
133780,63780,2025-04-15,Upi,Pending,19140.43
133781,63781,2026-04-17,Upi,Paid,26268.4
133782,63782,2024-08-27,Credit Card,Paid,23988.83
133783,63783,2025-10-06,Credit Card,Paid,19702.44
133784,63784,2024-12-28,Wallet,Paid,22368.19
133785,63785,2026-05-05,Net Banking,Paid,28673.66
133786,63786,2024-10-03,Upi,Paid,26862.05
133787,63787,2025-02-24,Upi,Paid,2328.14
133788,63788,2025-11-11,Cash On Delivery,Paid,22425.06
133789,63789,2025-10-14,Upi,Paid,643.0
133790,63790,2024-04-16,Upi,Paid,29834.42
133791,63791,2024-03-26,Upi,Paid,9719.86
133792,63792,2026-04-11,Wallet,Paid,24675.74
133793,63793,2026-01-09,Upi,Paid,25388.22
133794,63794,2024-05-26,Cash On Delivery,Paid,27813.1
133795,63795,2025-09-20,Upi,Failed,13428.58
133796,63796,2024-10-02,Debit Card,Pending,6908.05
133797,63797,2025-01-29,Upi,Paid,26229.52
133798,63798,2025-09-02,Cash On Delivery,Paid,15792.81
133799,63799,2025-09-13,Upi,Paid,14971.15
133800,63800,2024-12-12,Upi,Refunded,17314.11
133801,63801,2026-03-18,Upi,Paid,26608.46
133802,63802,2025-05-12,Debit Card,Paid,16633.8
133803,63803,2026-03-01,Cash On Delivery,Paid,7910.1
133804,63804,2025-07-09,Wallet,Paid,8364.49
133805,63805,2024-12-13,Upi,Paid,23191.45
133806,63806,2024-09-11,Upi,Paid,16578.87
133807,63807,2024-01-14,Wallet,Paid,15993.86
133808,63808,2025-06-04,Upi,Paid,27016.45
133809,63809,2025-06-26,Upi,Paid,29273.78
133810,63810,2026-07-02,Upi,Paid,26391.78
133811,63811,2024-09-09,Net Banking,Paid,17929.13
133812,63812,2024-01-03,Upi,Refunded,19811.36
133813,63813,2026-05-18,Upi,Paid,13376.04
133814,63814,2025-08-01,Upi,Paid,1529.36
133815,63815,2024-02-20,Net Banking,Paid,27606.76
133816,63816,2024-11-06,Net Banking,Paid,15409.58
133817,63817,2026-08-01,Debit Card,Refunded,7524.86
133818,63818,2026-04-19,Cash On Delivery,Paid,18583.18
133819,63819,2025-06-21,Debit Card,Pending,1593.36
133820,63820,2024-04-05,Credit Card,Paid,9159.69
133821,63821,2025-09-25,Wallet,Paid,26858.38
133822,63822,2024-02-28,Debit Card,Paid,5229.52
133823,63823,2025-01-15,Net Banking,Paid,11517.5
133824,63824,2025-01-28,Cash On Delivery,Paid,2378.71
133825,63825,2026-01-26,Net Banking,Paid,10709.98
133826,63826,2025-10-15,Cash On Delivery,Paid,19897.38
133827,63827,2025-04-11,Upi,Paid,24616.13
133828,63828,2024-01-09,Net Banking,Failed,22981.44
133829,63829,2024-01-21,Upi,Paid,13725.28
133830,63830,2026-02-27,Cash On Delivery,Failed,15499.93
133831,63831,2025-09-23,Debit Card,Paid,794.89
133832,63832,2024-11-25,Upi,Failed,7222.87
133833,63833,2026-01-01,Cash On Delivery,Paid,5640.76
133834,63834,2026-06-12,Debit Card,Paid,9214.5
133835,63835,2024-01-13,Net Banking,Paid,3927.94
133836,63836,2026-05-31,Upi,Paid,26069.57
133837,63837,2024-08-30,Upi,Paid,17871.17
133838,63838,2026-01-11,Credit Card,Paid,18460.43
133839,63839,2025-07-27,Debit Card,Paid,24693.06
133840,63840,2025-12-16,Net Banking,Paid,7607.24
133841,63841,2024-04-24,Debit Card,Failed,12962.72
133842,63842,2025-08-05,Credit Card,Paid,19309.56
133843,63843,2026-07-27,Upi,Paid,19284.67
133844,63844,2026-02-09,Net Banking,Paid,24144.49
133845,63845,2026-02-16,Debit Card,Refunded,25776.46
133846,63846,2024-06-24,Net Banking,Paid,680.54
133847,63847,2024-09-24,Upi,Paid,29207.31
133848,63848,2026-03-06,Cash On Delivery,Pending,22691.74
133849,63849,2025-01-28,Upi,Paid,5284.03
133850,63850,2025-07-05,Net Banking,Paid,4066.94
133851,63851,2024-06-13,Debit Card,Paid,18371.14
133852,63852,2026-01-31,Wallet,Paid,7477.1
133853,63853,2025-03-09,Credit Card,Paid,18395.51
133854,63854,2025-04-24,Cash On Delivery,Paid,3591.58
133855,63855,2026-07-14,Cash On Delivery,Paid,13496.33
133856,63856,2025-09-05,Net Banking,Paid,3795.87
133857,63857,2025-03-03,Credit Card,Pending,12349.08
133858,63858,2024-11-29,Credit Card,Paid,16823.55
133859,63859,2025-08-09,Debit Card,Paid,16479.08
133860,63860,2025-02-18,Debit Card,Paid,16037.4
133861,63861,2024-08-07,Cash On Delivery,Paid,7956.88
133862,63862,2024-12-22,Credit Card,Paid,21746.77
133863,63863,2024-10-07,Net Banking,Refunded,16392.41
133864,63864,2025-12-19,Upi,Paid,3525.57
133865,63865,2025-05-05,Cash On Delivery,Paid,23741.05
133866,63866,2024-07-16,Net Banking,Paid,8444.62
133867,63867,2024-05-26,Wallet,Paid,26139.74
133868,63868,2026-06-24,Upi,Paid,22062.38
133869,63869,2026-05-14,Wallet,Paid,15005.62
133870,63870,2026-03-18,Cash On Delivery,Paid,24389.09
133871,63871,2025-12-13,Cash On Delivery,Failed,11771.89
133872,63872,2026-04-17,Net Banking,Paid,27347.64
133873,63873,2025-09-20,Net Banking,Paid,18365.16
133874,63874,2026-06-05,Debit Card,Paid,25447.37
133875,63875,2026-06-13,Cash On Delivery,Paid,5859.21
133876,63876,2025-02-26,Cash On Delivery,Paid,28834.56
133877,63877,2024-09-01,Credit Card,Paid,15544.73
133878,63878,2026-05-17,Debit Card,Paid,19144.28
133879,63879,2026-03-14,Upi,Paid,13010.45
133880,63880,2025-03-06,Upi,Paid,15542.66
133881,63881,2026-05-31,Upi,Paid,23794.37
133882,63882,2024-04-11,Credit Card,Paid,8775.66
133883,63883,2026-03-07,Debit Card,Paid,18692.78
133884,63884,2024-02-21,Wallet,Refunded,18375.12
133885,63885,2024-04-09,Credit Card,Paid,5988.19
133886,63886,2024-03-04,Wallet,Refunded,29448.99
133887,63887,2024-03-20,Upi,Paid,29766.03
133888,63888,2024-07-04,Cash On Delivery,Paid,11286.62
133889,63889,2024-12-18,Upi,Paid,24308.07
133890,63890,2024-12-15,Wallet,Paid,5970.26
133891,63891,2025-02-15,Debit Card,Paid,18928.24
133892,63892,2026-08-07,Upi,Paid,659.08
133893,63893,2025-05-12,Credit Card,Paid,26218.83
133894,63894,2024-08-23,Cash On Delivery,Paid,9816.24
133895,63895,2024-05-16,Upi,Paid,22249.25
133896,63896,2026-06-06,Cash On Delivery,Failed,12110.16
133897,63897,2024-09-25,Debit Card,Paid,8205.41
133898,63898,2026-02-26,Credit Card,Paid,14796.76
133899,63899,2026-02-06,Net Banking,Paid,12883.68
133900,63900,2026-04-15,Upi,Pending,27623.2
133901,63901,2024-05-24,Upi,Paid,22400.23
133902,63902,2026-02-02,Credit Card,Paid,18440.67
133903,63903,2026-01-31,Upi,Paid,3416.28
133904,63904,2026-08-02,Cash On Delivery,Paid,20844.97
133905,63905,2025-11-18,Wallet,Paid,2888.5
133906,63906,2024-04-27,Upi,Paid,26313.51
133907,63907,2025-03-20,Wallet,Paid,8182.32
133908,63908,2025-04-11,Credit Card,Paid,15994.69
133909,63909,2025-04-05,Debit Card,Paid,28845.91
133910,63910,2024-11-29,Upi,Paid,27606.46
133911,63911,2026-02-16,Upi,Paid,26780.9
133912,63912,2024-10-05,Upi,Paid,385.04
133913,63913,2025-03-07,Net Banking,Paid,8811.11
133914,63914,2025-03-10,Credit Card,Pending,6217.15
133915,63915,2025-09-18,Upi,Paid,1836.88
133916,63916,2025-04-13,Upi,Paid,19879.86
133917,63917,2026-07-30,Net Banking,Paid,18588.46
133918,63918,2026-08-17,Debit Card,Paid,27602.91
133919,63919,2025-03-26,Credit Card,Paid,9589.64
133920,63920,2024-09-16,Upi,Paid,4288.08
133921,63921,2026-01-08,Credit Card,Paid,15669.95
133922,63922,2026-06-03,Wallet,Paid,4051.25
133923,63923,2026-05-13,Upi,Paid,3762.78
133924,63924,2024-06-13,Upi,Paid,4744.16
133925,63925,2024-02-21,Credit Card,Paid,22791.79
133926,63926,2025-10-09,Upi,Paid,26310.79
133927,63927,2024-10-20,Credit Card,Paid,5461.89
133928,63928,2024-10-23,Upi,Paid,5358.31
133929,63929,2024-01-30,Credit Card,Paid,18023.7
133930,63930,2026-07-21,Credit Card,Paid,14153.21
133931,63931,2024-01-02,Upi,Paid,5611.36
133932,63932,2025-09-09,Cash On Delivery,Paid,3037.78
133933,63933,2026-06-16,Credit Card,Paid,13362.95
133934,63934,2024-03-05,Upi,Paid,9218.8
133935,63935,2025-08-20,Credit Card,Failed,29199.98
133936,63936,2026-06-17,Net Banking,Paid,27478.28
133937,63937,2025-02-05,Credit Card,Paid,14132.75
133938,63938,2024-10-12,Net Banking,Paid,18725.53
133939,63939,2025-11-15,Debit Card,Paid,1722.57
133940,63940,2026-06-19,Cash On Delivery,Paid,26324.81
133941,63941,2025-06-27,Net Banking,Paid,27362.68
133942,63942,2024-01-15,Upi,Pending,21033.46
133943,63943,2025-10-28,Cash On Delivery,Pending,18189.13
133944,63944,2024-08-01,Upi,Refunded,21933.77
133945,63945,2026-08-19,Cash On Delivery,Paid,4979.9
133946,63946,2024-09-27,Upi,Paid,24112.24
133947,63947,2025-09-11,Upi,Paid,5828.24
133948,63948,2025-10-31,Credit Card,Paid,18324.21
133949,63949,2025-03-08,Cash On Delivery,Paid,11842.46
133950,63950,2026-02-14,Upi,Paid,19871.67
133951,63951,2026-05-19,Upi,Paid,19057.88
133952,63952,2025-09-05,Wallet,Paid,9641.52
133953,63953,2026-01-01,Upi,Paid,25875.02
133954,63954,2024-03-03,Cash On Delivery,Paid,22743.91
133955,63955,2024-08-23,Upi,Paid,25643.34
133956,63956,2025-02-27,Debit Card,Failed,2429.21
133957,63957,2024-05-06,Debit Card,Paid,12247.36
133958,63958,2025-04-26,Credit Card,Paid,17442.29
133959,63959,2024-03-12,Net Banking,Paid,22218.59
133960,63960,2024-12-15,Upi,Refunded,10326.82
133961,63961,2024-03-03,Upi,Paid,15358.56
133962,63962,2025-02-12,Upi,Failed,9394.87
133963,63963,2025-01-29,Upi,Paid,29389.17
133964,63964,2025-04-16,Credit Card,Paid,25376.09
133965,63965,2026-08-19,Upi,Paid,5765.14
133966,63966,2025-06-23,Net Banking,Refunded,28427.75
133967,63967,2024-05-25,Upi,Paid,9463.45
133968,63968,2025-09-05,Debit Card,Paid,17450.27
133969,63969,2026-08-10,Upi,Paid,5156.28
133970,63970,2024-07-22,Net Banking,Paid,1404.38
133971,63971,2024-03-20,Debit Card,Paid,10549.62
133972,63972,2026-05-25,Debit Card,Paid,21446.08
133973,63973,2024-06-16,Upi,Paid,28773.11
133974,63974,2026-03-17,Wallet,Refunded,8131.86
133975,63975,2025-02-19,Debit Card,Failed,19793.03
133976,63976,2026-02-04,Wallet,Paid,10430.97
133977,63977,2025-11-24,Upi,Paid,10700.75
133978,63978,2026-02-23,Upi,Paid,20189.82
133979,63979,2026-01-11,Upi,Paid,3443.5
133980,63980,2025-05-25,Upi,Paid,3263.0
133981,63981,2024-08-24,Debit Card,Paid,20505.56
133982,63982,2026-07-14,Upi,Paid,20391.38
133983,63983,2024-07-04,Cash On Delivery,Paid,10837.22
133984,63984,2024-12-20,Upi,Paid,13984.95
133985,63985,2024-09-29,Credit Card,Paid,6675.13
133986,63986,2025-02-11,Debit Card,Paid,1598.33
133987,63987,2024-09-01,Credit Card,Paid,5035.8
133988,63988,2026-03-03,Cash On Delivery,Paid,17922.83
133989,63989,2025-03-02,Upi,Paid,24652.42
133990,63990,2026-04-23,Upi,Paid,2939.59
133991,63991,2024-01-31,Debit Card,Paid,13448.91
133992,63992,2025-03-11,Cash On Delivery,Paid,12675.87
133993,63993,2025-07-22,Net Banking,Paid,2334.92
133994,63994,2026-04-03,Cash On Delivery,Paid,13914.97
133995,63995,2025-12-12,Cash On Delivery,Refunded,12227.43
133996,63996,2025-09-06,Debit Card,Paid,344.42
133997,63997,2026-03-31,Net Banking,Paid,22720.95
133998,63998,2025-01-13,Wallet,Paid,23425.16
133999,63999,2026-07-19,Upi,Paid,19536.95
134000,64000,2026-05-31,Net Banking,Paid,7467.12
134001,64001,2026-06-02,Upi,Paid,20732.2
134002,64002,2025-05-03,Net Banking,Paid,9876.06
134003,64003,2024-03-31,Cash On Delivery,Paid,6043.56
134004,64004,2026-04-03,Credit Card,Failed,28489.94
134005,64005,2025-02-10,Upi,Paid,27917.84
134006,64006,2026-02-28,Upi,Paid,28327.16
134007,64007,2024-02-24,Debit Card,Paid,12537.65
134008,64008,2024-04-04,Credit Card,Refunded,26377.27
134009,64009,2024-12-04,Debit Card,Paid,23987.45
134010,64010,2026-04-24,Upi,Paid,23202.91
134011,64011,2024-02-01,Debit Card,Paid,22888.0
134012,64012,2024-06-07,Upi,Paid,3368.02
134013,64013,2025-04-25,Upi,Paid,11191.66
134014,64014,2026-03-02,Upi,Paid,24504.77
134015,64015,2024-06-01,Upi,Paid,13789.0
134016,64016,2026-01-05,Credit Card,Paid,12856.52
134017,64017,2025-04-19,Upi,Paid,18258.43
134018,64018,2025-12-18,Upi,Failed,13487.96
134019,64019,2025-11-30,Net Banking,Paid,27900.87
134020,64020,2026-06-13,Net Banking,Paid,12864.88
134021,64021,2024-02-28,Cash On Delivery,Paid,23912.85
134022,64022,2025-08-06,Upi,Paid,28558.87
134023,64023,2025-03-21,Net Banking,Paid,24852.38
134024,64024,2024-11-27,Net Banking,Paid,16276.7
134025,64025,2025-12-20,Net Banking,Paid,20008.87
134026,64026,2025-07-29,Net Banking,Paid,21041.47
134027,64027,2025-03-08,Upi,Paid,4651.48
134028,64028,2025-11-08,Net Banking,Paid,7345.65
134029,64029,2025-07-14,Credit Card,Paid,9047.79
134030,64030,2024-12-21,Cash On Delivery,Paid,17192.97
134031,64031,2024-11-22,Debit Card,Paid,29925.03
134032,64032,2024-09-06,Wallet,Paid,15084.44
134033,64033,2024-10-14,Credit Card,Paid,29738.71
134034,64034,2025-04-23,Upi,Refunded,28752.31
134035,64035,2024-06-27,Debit Card,Paid,11384.54
134036,64036,2026-05-23,Upi,Paid,23153.41
134037,64037,2025-07-20,Upi,Paid,7020.62
134038,64038,2025-09-06,Net Banking,Paid,22828.88
134039,64039,2025-07-10,Upi,Paid,4378.79
134040,64040,2026-05-23,Debit Card,Paid,1233.92
134041,64041,2026-03-05,Cash On Delivery,Paid,16388.18
134042,64042,2025-04-08,Upi,Paid,3967.28
134043,64043,2024-11-30,Net Banking,Paid,20583.1
134044,64044,2026-07-09,Cash On Delivery,Paid,5293.19
134045,64045,2025-08-04,Credit Card,Paid,10047.31
134046,64046,2026-02-06,Credit Card,Paid,13941.95
134047,64047,2024-05-16,Debit Card,Paid,10475.09
134048,64048,2024-12-09,Net Banking,Paid,22997.09
134049,64049,2024-09-15,Wallet,Paid,18454.07
134050,64050,2025-03-10,Net Banking,Paid,21324.7
134051,64051,2025-05-04,Upi,Paid,11989.78
134052,64052,2026-08-25,Upi,Paid,24500.39
134053,64053,2024-04-13,Net Banking,Paid,20778.4
134054,64054,2026-07-14,Upi,Paid,3847.56
134055,64055,2026-03-01,Upi,Paid,8051.81
134056,64056,2025-02-02,Debit Card,Paid,9898.3
134057,64057,2024-09-29,Upi,Paid,8648.14
134058,64058,2026-03-22,Cash On Delivery,Paid,12227.92
134059,64059,2024-05-13,Upi,Paid,4860.62
134060,64060,2026-06-03,Upi,Refunded,16182.14
134061,64061,2026-07-06,Upi,Paid,9693.82
134062,64062,2024-09-03,Upi,Failed,21525.15
134063,64063,2025-06-28,Cash On Delivery,Paid,8929.73
134064,64064,2025-05-19,Upi,Paid,17033.24
134065,64065,2026-01-13,Net Banking,Paid,20510.57
134066,64066,2026-01-07,Debit Card,Paid,22912.1
134067,64067,2026-08-24,Upi,Paid,7055.66
134068,64068,2024-03-18,Debit Card,Paid,28594.04
134069,64069,2026-03-06,Upi,Paid,22805.61
134070,64070,2026-02-21,Credit Card,Paid,13743.25
134071,64071,2025-12-21,Upi,Paid,25699.82
134072,64072,2024-07-25,Debit Card,Paid,16119.26
134073,64073,2025-12-24,Debit Card,Paid,16624.63
134074,64074,2025-04-12,Upi,Paid,16682.96
134075,64075,2024-09-30,Credit Card,Paid,14856.76
134076,64076,2025-01-01,Upi,Pending,29577.76
134077,64077,2025-02-08,Net Banking,Paid,11982.18
134078,64078,2025-12-21,Upi,Paid,3660.31
134079,64079,2024-07-15,Debit Card,Paid,13457.05
134080,64080,2024-08-15,Net Banking,Paid,6974.41
134081,64081,2024-12-28,Credit Card,Refunded,26277.07
134082,64082,2025-03-31,Wallet,Paid,19191.95
134083,64083,2026-07-07,Cash On Delivery,Paid,9273.17
134084,64084,2024-09-14,Net Banking,Paid,3343.02
134085,64085,2026-05-29,Debit Card,Paid,26965.57
134086,64086,2024-02-26,Credit Card,Paid,18313.06
134087,64087,2025-05-13,Debit Card,Paid,12801.76
134088,64088,2026-03-29,Credit Card,Paid,23382.72
134089,64089,2024-10-31,Credit Card,Pending,11706.44
134090,64090,2024-08-08,Cash On Delivery,Paid,18000.5
134091,64091,2025-08-10,Credit Card,Paid,9877.77
134092,64092,2024-08-13,Debit Card,Paid,8315.55
134093,64093,2024-01-17,Debit Card,Paid,8733.99
134094,64094,2024-02-17,Upi,Refunded,8631.03
134095,64095,2025-04-11,Upi,Paid,10796.08
134096,64096,2025-05-05,Credit Card,Paid,21931.65
134097,64097,2024-01-26,Cash On Delivery,Paid,14366.08
134098,64098,2024-09-17,Cash On Delivery,Paid,29930.22
134099,64099,2026-01-04,Net Banking,Paid,26198.0
134100,64100,2025-07-04,Credit Card,Paid,24295.65
134101,64101,2025-08-19,Debit Card,Paid,16570.5
134102,64102,2025-12-05,Cash On Delivery,Pending,15478.23
134103,64103,2026-05-26,Cash On Delivery,Paid,970.79
134104,64104,2024-02-17,Upi,Paid,6275.72
134105,64105,2025-04-13,Debit Card,Paid,3216.36
134106,64106,2024-07-13,Credit Card,Paid,3569.89
134107,64107,2025-10-12,Upi,Paid,8579.34
134108,64108,2025-01-15,Upi,Paid,3004.69
134109,64109,2024-05-29,Upi,Paid,11275.8
134110,64110,2026-05-04,Wallet,Paid,14501.08
134111,64111,2025-05-16,Net Banking,Paid,19443.83
134112,64112,2024-04-19,Debit Card,Paid,11223.3
134113,64113,2024-08-06,Credit Card,Pending,15782.75
134114,64114,2025-12-25,Debit Card,Paid,24013.92
134115,64115,2025-04-04,Upi,Paid,12137.47
134116,64116,2026-07-13,Upi,Paid,25778.1
134117,64117,2024-02-18,Cash On Delivery,Paid,9133.92
134118,64118,2024-03-17,Net Banking,Pending,12372.07
134119,64119,2025-11-01,Cash On Delivery,Paid,4366.3
134120,64120,2024-11-21,Credit Card,Paid,17109.99
134121,64121,2026-04-30,Debit Card,Paid,10158.35
134122,64122,2026-01-17,Upi,Paid,12655.94
134123,64123,2024-01-25,Debit Card,Paid,3520.25
134124,64124,2026-06-27,Wallet,Paid,7179.41
134125,64125,2026-07-14,Upi,Paid,16261.37
134126,64126,2024-08-29,Debit Card,Failed,26290.88
134127,64127,2025-08-17,Upi,Paid,7478.14
134128,64128,2025-09-16,Debit Card,Paid,4513.78
134129,64129,2024-02-09,Wallet,Failed,1617.36
134130,64130,2025-12-10,Upi,Paid,25874.97
134131,64131,2026-07-30,Upi,Paid,2498.24
134132,64132,2025-01-27,Upi,Paid,20765.09
134133,64133,2026-08-17,Credit Card,Paid,10573.35
134134,64134,2025-10-12,Upi,Paid,15913.37
134135,64135,2025-12-15,Upi,Paid,24115.99
134136,64136,2025-06-19,Upi,Paid,21149.83
134137,64137,2025-11-01,Net Banking,Paid,15664.59
134138,64138,2026-07-01,Upi,Paid,19418.87
134139,64139,2025-07-27,Credit Card,Paid,2008.54
134140,64140,2025-06-07,Credit Card,Paid,21959.16
134141,64141,2024-06-13,Cash On Delivery,Failed,9209.24
134142,64142,2025-05-16,Debit Card,Paid,25070.44
134143,64143,2026-04-18,Upi,Pending,16682.06
134144,64144,2025-10-13,Debit Card,Paid,1961.94
134145,64145,2025-11-28,Upi,Paid,7153.13
134146,64146,2024-05-27,Wallet,Paid,19829.91
134147,64147,2026-04-03,Cash On Delivery,Paid,7665.86
134148,64148,2025-06-01,Upi,Paid,2743.44
134149,64149,2025-03-19,Debit Card,Paid,3284.85
134150,64150,2024-02-22,Credit Card,Paid,4335.18
134151,64151,2026-05-16,Debit Card,Paid,9322.58
134152,64152,2025-09-01,Credit Card,Paid,6758.37
134153,64153,2024-10-30,Net Banking,Paid,5005.05
134154,64154,2025-06-03,Debit Card,Paid,26298.41
134155,64155,2026-06-02,Upi,Paid,4149.54
134156,64156,2026-03-26,Debit Card,Paid,16434.43
134157,64157,2024-10-18,Upi,Paid,25663.2
134158,64158,2026-02-13,Credit Card,Paid,12000.61
134159,64159,2024-01-10,Wallet,Paid,5854.9
134160,64160,2025-02-25,Upi,Paid,15102.21
134161,64161,2025-06-18,Net Banking,Paid,21755.79
134162,64162,2025-10-03,Debit Card,Paid,23199.39
134163,64163,2024-01-01,Upi,Paid,28551.23
134164,64164,2024-10-23,Upi,Paid,6450.27
134165,64165,2024-09-09,Upi,Paid,4640.12
134166,64166,2025-01-11,Upi,Paid,4924.36
134167,64167,2025-11-03,Upi,Paid,13662.55
134168,64168,2024-03-18,Wallet,Paid,26924.05
134169,64169,2025-12-30,Upi,Paid,23609.25
134170,64170,2024-04-08,Upi,Paid,18544.33
134171,64171,2025-05-08,Credit Card,Paid,29354.32
134172,64172,2026-03-06,Net Banking,Paid,21069.24
134173,64173,2026-05-03,Net Banking,Paid,4702.61
134174,64174,2026-08-03,Credit Card,Paid,6646.31
134175,64175,2025-02-24,Cash On Delivery,Paid,3211.9
134176,64176,2025-04-19,Upi,Failed,19257.65
134177,64177,2026-05-27,Upi,Paid,28299.69
134178,64178,2024-05-04,Upi,Paid,26557.72
134179,64179,2026-06-02,Upi,Paid,7058.46
134180,64180,2024-03-29,Net Banking,Paid,10647.22
134181,64181,2024-04-01,Credit Card,Paid,2559.27
134182,64182,2024-02-14,Cash On Delivery,Paid,443.01
134183,64183,2024-08-14,Debit Card,Failed,17792.58
134184,64184,2026-05-03,Upi,Paid,29139.14
134185,64185,2024-07-21,Upi,Paid,4888.75
134186,64186,2025-03-04,Upi,Paid,28137.51
134187,64187,2026-02-20,Net Banking,Paid,9413.38
134188,64188,2026-05-04,Credit Card,Paid,8337.92
134189,64189,2025-03-02,Debit Card,Refunded,9885.47
134190,64190,2024-12-18,Upi,Paid,5548.25
134191,64191,2025-03-29,Debit Card,Pending,353.56
134192,64192,2025-07-25,Upi,Paid,8601.95
134193,64193,2024-11-09,Upi,Failed,18816.24
134194,64194,2025-10-17,Cash On Delivery,Paid,25435.03
134195,64195,2026-02-25,Credit Card,Paid,8322.69
134196,64196,2024-02-18,Credit Card,Paid,9883.59
134197,64197,2026-03-07,Credit Card,Paid,17753.66
134198,64198,2025-10-26,Cash On Delivery,Paid,29718.97
134199,64199,2024-02-28,Upi,Paid,11338.36
134200,64200,2026-02-15,Upi,Paid,390.38
134201,64201,2025-04-28,Debit Card,Paid,7631.16
134202,64202,2024-01-24,Debit Card,Paid,4538.11
134203,64203,2024-03-23,Credit Card,Paid,15341.97
134204,64204,2024-02-28,Debit Card,Paid,21259.64
134205,64205,2025-01-29,Wallet,Paid,15882.95
134206,64206,2025-05-24,Cash On Delivery,Pending,18751.02
134207,64207,2024-08-24,Upi,Paid,4637.04
134208,64208,2026-07-31,Debit Card,Paid,17523.73
134209,64209,2024-02-01,Cash On Delivery,Paid,9039.0
134210,64210,2026-08-04,Upi,Paid,3322.32
134211,64211,2024-05-26,Upi,Failed,27431.63
134212,64212,2024-04-19,Credit Card,Paid,17065.66
134213,64213,2025-04-24,Upi,Failed,11790.38
134214,64214,2026-01-08,Upi,Paid,5618.45
134215,64215,2025-10-04,Upi,Paid,4847.0
134216,64216,2026-02-09,Upi,Paid,20579.06
134217,64217,2025-03-18,Upi,Pending,862.65
134218,64218,2026-05-03,Net Banking,Paid,961.8
134219,64219,2026-01-12,Debit Card,Paid,1678.19
134220,64220,2024-02-15,Debit Card,Paid,1119.71
134221,64221,2025-05-03,Upi,Paid,18771.62
134222,64222,2026-08-02,Upi,Paid,26792.72
134223,64223,2025-12-07,Debit Card,Paid,26799.98
134224,64224,2026-03-10,Upi,Paid,6576.28
134225,64225,2025-12-02,Net Banking,Paid,20167.09
134226,64226,2025-08-15,Net Banking,Paid,14081.91
134227,64227,2024-11-23,Net Banking,Paid,3388.59
134228,64228,2024-03-08,Upi,Paid,1508.35
134229,64229,2024-10-22,Upi,Paid,28649.26
134230,64230,2024-08-21,Debit Card,Paid,12108.43
134231,64231,2025-12-04,Debit Card,Failed,19265.35
134232,64232,2024-12-04,Credit Card,Paid,14865.56
134233,64233,2024-12-10,Upi,Paid,2012.32
134234,64234,2026-04-13,Upi,Refunded,10815.29
134235,64235,2024-07-10,Upi,Failed,28835.4
134236,64236,2026-01-08,Upi,Paid,8344.85
134237,64237,2024-12-07,Debit Card,Refunded,9519.82
134238,64238,2026-07-02,Upi,Paid,17632.16
134239,64239,2026-07-15,Cash On Delivery,Paid,325.72
134240,64240,2025-02-14,Upi,Paid,7291.63
134241,64241,2026-01-28,Upi,Paid,23672.82
134242,64242,2026-06-10,Cash On Delivery,Paid,889.48
134243,64243,2025-08-08,Net Banking,Paid,24876.84
134244,64244,2026-05-21,Cash On Delivery,Paid,9422.77
134245,64245,2025-10-27,Upi,Refunded,2491.1
134246,64246,2024-01-21,Wallet,Paid,27606.38
134247,64247,2025-08-14,Credit Card,Paid,15964.29
134248,64248,2024-08-20,Upi,Paid,23205.58
134249,64249,2025-07-27,Upi,Paid,3622.15
134250,64250,2026-02-14,Upi,Paid,24961.05
134251,64251,2024-07-14,Upi,Paid,29926.9
134252,64252,2025-10-09,Credit Card,Paid,20383.15
134253,64253,2025-06-12,Debit Card,Paid,4887.91
134254,64254,2024-08-04,Credit Card,Paid,3504.65
134255,64255,2026-01-09,Debit Card,Paid,10170.82
134256,64256,2026-01-29,Credit Card,Paid,24482.18
134257,64257,2024-01-08,Upi,Failed,4898.38
134258,64258,2024-11-05,Upi,Paid,18651.74
134259,64259,2024-03-14,Credit Card,Paid,16497.4
134260,64260,2025-08-08,Upi,Paid,5410.84
134261,64261,2026-05-05,Credit Card,Paid,25188.97
134262,64262,2026-06-27,Wallet,Refunded,2826.43
134263,64263,2025-01-20,Upi,Paid,810.44
134264,64264,2024-08-20,Credit Card,Paid,3443.01
134265,64265,2024-11-02,Debit Card,Paid,14395.41
134266,64266,2024-02-24,Upi,Paid,11436.94
134267,64267,2024-12-05,Upi,Paid,4700.88
134268,64268,2025-10-02,Cash On Delivery,Paid,14339.43
134269,64269,2024-01-21,Cash On Delivery,Paid,11381.75
134270,64270,2025-12-08,Credit Card,Paid,12229.11
134271,64271,2026-04-01,Upi,Paid,26352.68
134272,64272,2024-11-02,Credit Card,Paid,22634.9
134273,64273,2026-01-14,Upi,Paid,9024.07
134274,64274,2025-03-31,Cash On Delivery,Paid,13287.43
134275,64275,2026-08-17,Wallet,Refunded,19559.6
134276,64276,2025-05-03,Upi,Failed,2788.5
134277,64277,2025-08-07,Net Banking,Paid,22567.72
134278,64278,2026-03-02,Upi,Paid,4760.96
134279,64279,2024-09-24,Upi,Failed,17797.1
134280,64280,2025-11-05,Cash On Delivery,Paid,1007.22
134281,64281,2026-04-07,Upi,Paid,4540.62
134282,64282,2024-09-23,Upi,Paid,27487.12
134283,64283,2026-02-24,Upi,Paid,7456.95
134284,64284,2024-09-21,Upi,Refunded,17290.6
134285,64285,2025-08-17,Net Banking,Paid,21085.51
134286,64286,2024-11-12,Cash On Delivery,Paid,1236.69
134287,64287,2025-09-04,Net Banking,Paid,5830.9
134288,64288,2024-05-22,Upi,Paid,25478.5
134289,64289,2026-02-27,Cash On Delivery,Paid,9718.1
134290,64290,2024-05-12,Upi,Failed,23759.85
134291,64291,2024-11-24,Upi,Paid,18778.65
134292,64292,2026-03-06,Upi,Paid,15707.8
134293,64293,2024-04-04,Wallet,Paid,780.65
134294,64294,2026-03-18,Upi,Paid,23029.15
134295,64295,2025-01-26,Debit Card,Paid,17702.04
134296,64296,2024-09-11,Credit Card,Paid,23098.71
134297,64297,2026-03-20,Debit Card,Paid,18327.09
134298,64298,2026-04-07,Upi,Paid,21228.22
134299,64299,2026-04-16,Debit Card,Refunded,3967.98
134300,64300,2025-07-08,Net Banking,Refunded,13484.59
134301,64301,2024-07-10,Upi,Paid,3010.11
134302,64302,2025-11-22,Debit Card,Paid,6654.29
134303,64303,2025-11-16,Debit Card,Failed,20406.79
134304,64304,2026-05-05,Upi,Paid,2932.99
134305,64305,2025-12-16,Cash On Delivery,Paid,2845.44
134306,64306,2024-10-28,Debit Card,Paid,12705.71
134307,64307,2025-03-10,Credit Card,Paid,9246.29
134308,64308,2025-10-07,Upi,Paid,17891.79
134309,64309,2026-01-25,Upi,Paid,17804.86
134310,64310,2024-10-26,Upi,Paid,14871.97
134311,64311,2024-09-09,Credit Card,Paid,6751.31
134312,64312,2026-05-28,Wallet,Paid,20941.73
134313,64313,2026-08-20,Net Banking,Paid,26202.5
134314,64314,2024-10-20,Upi,Paid,10370.65
134315,64315,2024-03-06,Upi,Paid,823.55
134316,64316,2025-08-29,Wallet,Failed,25990.96
134317,64317,2024-01-18,Credit Card,Paid,4206.98
134318,64318,2024-07-07,Upi,Paid,23945.26
134319,64319,2025-05-28,Debit Card,Paid,2552.73
134320,64320,2024-12-25,Debit Card,Paid,5972.49
134321,64321,2024-02-18,Debit Card,Paid,18615.4
134322,64322,2024-12-06,Upi,Paid,13877.2
134323,64323,2025-10-19,Upi,Paid,29243.66
134324,64324,2025-12-31,Upi,Paid,16621.79
134325,64325,2026-01-02,Cash On Delivery,Paid,9885.93
134326,64326,2024-10-07,Cash On Delivery,Paid,1723.3
134327,64327,2025-10-08,Cash On Delivery,Paid,22690.68
134328,64328,2024-11-16,Net Banking,Paid,1485.69
134329,64329,2025-09-26,Net Banking,Paid,5797.74
134330,64330,2024-01-10,Credit Card,Paid,3652.6
134331,64331,2025-02-04,Upi,Paid,356.89
134332,64332,2024-11-04,Upi,Paid,28335.32
134333,64333,2025-10-11,Cash On Delivery,Paid,24054.69
134334,64334,2024-09-20,Upi,Paid,20243.05
134335,64335,2024-10-17,Wallet,Paid,27313.15
134336,64336,2025-06-15,Upi,Pending,19912.57
134337,64337,2025-09-29,Credit Card,Refunded,15420.09
134338,64338,2025-01-26,Debit Card,Refunded,13175.53
134339,64339,2026-05-18,Net Banking,Paid,28318.69
134340,64340,2026-08-12,Credit Card,Paid,7111.66
134341,64341,2025-08-11,Upi,Paid,12801.28
134342,64342,2025-06-16,Wallet,Paid,18168.38
134343,64343,2025-05-20,Net Banking,Paid,5114.47
134344,64344,2024-03-12,Credit Card,Paid,2139.39
134345,64345,2025-02-05,Upi,Paid,28408.26
134346,64346,2026-02-26,Debit Card,Paid,2076.43
134347,64347,2025-11-03,Upi,Paid,16766.45
134348,64348,2024-02-21,Upi,Paid,9988.61
134349,64349,2024-05-17,Cash On Delivery,Paid,27280.93
134350,64350,2026-03-23,Upi,Paid,7741.34
134351,64351,2025-12-13,Upi,Paid,22146.07
134352,64352,2025-01-31,Credit Card,Paid,25199.21
134353,64353,2026-07-05,Cash On Delivery,Pending,4347.93
134354,64354,2024-03-01,Debit Card,Paid,12120.15
134355,64355,2026-01-08,Upi,Paid,571.05
134356,64356,2026-08-09,Cash On Delivery,Paid,13325.04
134357,64357,2025-03-03,Credit Card,Paid,10191.68
134358,64358,2025-04-25,Debit Card,Paid,21573.88
134359,64359,2024-07-25,Upi,Paid,3537.29
134360,64360,2026-04-09,Upi,Paid,17297.43
134361,64361,2025-12-04,Wallet,Paid,1969.05
134362,64362,2025-02-12,Credit Card,Paid,8488.7
134363,64363,2024-08-15,Upi,Paid,2591.56
134364,64364,2025-03-24,Net Banking,Paid,11509.81
134365,64365,2025-03-17,Credit Card,Failed,8374.24
134366,64366,2024-12-19,Cash On Delivery,Paid,29543.11
134367,64367,2026-03-28,Net Banking,Paid,12288.18
134368,64368,2024-12-23,Wallet,Paid,23215.64
134369,64369,2024-04-20,Cash On Delivery,Paid,8399.05
134370,64370,2026-02-09,Cash On Delivery,Paid,389.83
134371,64371,2025-12-09,Wallet,Paid,1869.61
134372,64372,2024-01-31,Upi,Paid,23543.98
134373,64373,2025-11-07,Debit Card,Paid,10084.53
134374,64374,2025-04-22,Cash On Delivery,Paid,27247.65
134375,64375,2025-10-15,Upi,Paid,23275.13
134376,64376,2024-09-15,Credit Card,Paid,21411.44
134377,64377,2024-06-24,Debit Card,Paid,29151.34
134378,64378,2025-06-25,Wallet,Paid,8949.83
134379,64379,2024-02-23,Upi,Paid,7280.03
134380,64380,2024-07-29,Debit Card,Paid,28916.48
134381,64381,2024-02-13,Credit Card,Paid,15023.22
134382,64382,2024-12-07,Upi,Paid,28072.38
134383,64383,2026-05-31,Upi,Paid,4352.73
134384,64384,2025-06-03,Debit Card,Paid,27933.54
134385,64385,2025-12-18,Net Banking,Failed,29900.28
134386,64386,2025-12-23,Net Banking,Paid,12866.75
134387,64387,2024-05-04,Credit Card,Paid,19283.5
134388,64388,2026-07-07,Upi,Paid,19363.75
134389,64389,2024-05-30,Credit Card,Paid,15459.11
134390,64390,2024-08-24,Credit Card,Paid,25506.38
134391,64391,2025-09-29,Credit Card,Paid,6643.23
134392,64392,2025-04-16,Upi,Failed,19366.26
134393,64393,2024-07-30,Cash On Delivery,Paid,9479.52
134394,64394,2024-12-06,Upi,Paid,19014.03
134395,64395,2025-02-02,Debit Card,Paid,12254.48
134396,64396,2025-08-10,Credit Card,Paid,15882.7
134397,64397,2026-02-05,Cash On Delivery,Paid,1821.15
134398,64398,2024-12-22,Cash On Delivery,Paid,11502.69
134399,64399,2025-01-15,Upi,Paid,11993.27
134400,64400,2024-04-05,Credit Card,Paid,19463.1
134401,64401,2026-07-16,Debit Card,Paid,3313.01
134402,64402,2025-08-18,Net Banking,Paid,5948.2
134403,64403,2024-09-09,Upi,Paid,25390.93
134404,64404,2024-02-06,Credit Card,Paid,1866.01
134405,64405,2026-07-12,Credit Card,Paid,13139.29
134406,64406,2024-02-12,Cash On Delivery,Paid,28709.89
134407,64407,2024-06-28,Cash On Delivery,Paid,22166.48
134408,64408,2026-05-10,Debit Card,Paid,6922.52
134409,64409,2024-11-23,Net Banking,Paid,21564.08
134410,64410,2026-04-25,Cash On Delivery,Paid,498.48
134411,64411,2025-06-18,Net Banking,Paid,22345.63
134412,64412,2025-06-29,Upi,Paid,13894.43
134413,64413,2026-06-26,Debit Card,Paid,2139.86
134414,64414,2024-01-21,Cash On Delivery,Paid,914.8
134415,64415,2024-12-05,Debit Card,Paid,8831.21
134416,64416,2024-12-01,Upi,Paid,25528.38
134417,64417,2025-12-14,Credit Card,Paid,739.99
134418,64418,2024-12-02,Upi,Paid,1579.97
134419,64419,2026-05-04,Debit Card,Paid,12241.85
134420,64420,2025-12-01,Debit Card,Paid,18170.76
134421,64421,2026-06-01,Credit Card,Paid,24768.43
134422,64422,2026-02-27,Upi,Paid,16952.3
134423,64423,2025-12-27,Net Banking,Paid,12495.46
134424,64424,2024-12-12,Credit Card,Paid,28504.98
134425,64425,2025-12-09,Credit Card,Paid,15870.77
134426,64426,2025-02-13,Upi,Paid,14808.87
134427,64427,2024-11-28,Wallet,Paid,26275.67
134428,64428,2024-08-08,Wallet,Failed,19170.13
134429,64429,2026-05-21,Wallet,Paid,22700.67
134430,64430,2025-12-09,Upi,Paid,23688.55
134431,64431,2024-02-17,Upi,Paid,7619.86
134432,64432,2024-12-07,Cash On Delivery,Paid,4936.67
134433,64433,2025-07-17,Upi,Refunded,5293.95
134434,64434,2025-11-16,Debit Card,Paid,9230.47
134435,64435,2024-10-27,Credit Card,Failed,13942.24
134436,64436,2025-11-17,Credit Card,Paid,10015.54
134437,64437,2024-09-23,Net Banking,Paid,4508.78
134438,64438,2024-05-31,Net Banking,Pending,4917.31
134439,64439,2024-03-25,Wallet,Paid,1779.96
134440,64440,2026-05-08,Credit Card,Paid,26199.27
134441,64441,2025-09-29,Upi,Paid,11837.63
134442,64442,2026-03-13,Credit Card,Paid,9594.84
134443,64443,2025-06-07,Debit Card,Paid,10682.46
134444,64444,2025-07-21,Credit Card,Paid,7823.45
134445,64445,2024-10-12,Debit Card,Paid,15176.6
134446,64446,2024-03-27,Net Banking,Paid,2118.72
134447,64447,2025-11-25,Credit Card,Paid,24834.14
134448,64448,2024-06-12,Net Banking,Paid,4059.34
134449,64449,2026-04-30,Upi,Paid,23849.35
134450,64450,2024-03-30,Credit Card,Paid,21562.33
134451,64451,2026-08-05,Credit Card,Paid,3279.69
134452,64452,2025-03-26,Upi,Paid,23518.53
134453,64453,2024-10-01,Credit Card,Paid,13103.26
134454,64454,2024-09-15,Net Banking,Paid,19429.22
134455,64455,2025-10-19,Upi,Paid,2101.19
134456,64456,2026-03-16,Credit Card,Paid,29326.59
134457,64457,2025-04-07,Cash On Delivery,Failed,24668.55
134458,64458,2025-03-01,Cash On Delivery,Paid,11699.17
134459,64459,2026-05-05,Cash On Delivery,Paid,10241.51
134460,64460,2025-03-15,Upi,Paid,11988.61
134461,64461,2024-11-18,Debit Card,Paid,9574.16
134462,64462,2026-06-13,Upi,Paid,20112.67
134463,64463,2026-02-18,Upi,Paid,15645.34
134464,64464,2025-07-15,Credit Card,Paid,18399.98
134465,64465,2024-01-12,Upi,Paid,22174.33
134466,64466,2025-01-11,Credit Card,Paid,28048.37
134467,64467,2026-08-09,Debit Card,Paid,760.36
134468,64468,2026-08-11,Cash On Delivery,Paid,8661.19
134469,64469,2025-10-18,Credit Card,Paid,11111.39
134470,64470,2025-03-27,Cash On Delivery,Paid,10985.98
134471,64471,2026-04-14,Cash On Delivery,Paid,17452.09
134472,64472,2025-07-17,Net Banking,Paid,7548.82
134473,64473,2024-02-29,Upi,Refunded,28490.2
134474,64474,2025-01-05,Upi,Paid,14218.05
134475,64475,2024-11-11,Upi,Paid,7352.49
134476,64476,2025-10-12,Cash On Delivery,Paid,15901.75
134477,64477,2024-08-02,Credit Card,Paid,13808.98
134478,64478,2026-01-25,Upi,Paid,25532.77
134479,64479,2024-08-27,Net Banking,Paid,26518.29
134480,64480,2025-09-04,Upi,Failed,23320.44
134481,64481,2024-10-21,Cash On Delivery,Paid,11261.74
134482,64482,2024-08-29,Cash On Delivery,Paid,12370.07
134483,64483,2025-11-15,Upi,Failed,4463.55
134484,64484,2026-07-03,Debit Card,Failed,16484.54
134485,64485,2026-02-16,Upi,Paid,21101.12
134486,64486,2025-05-14,Credit Card,Paid,16053.69
134487,64487,2026-06-09,Credit Card,Paid,18721.75
134488,64488,2026-03-12,Upi,Paid,11015.49
134489,64489,2026-06-10,Credit Card,Paid,10511.14
134490,64490,2024-01-11,Credit Card,Pending,21169.89
134491,64491,2026-03-01,Debit Card,Paid,21392.77
134492,64492,2025-05-20,Cash On Delivery,Paid,26566.51
134493,64493,2025-11-08,Upi,Paid,346.36
134494,64494,2026-06-26,Debit Card,Paid,23535.25
134495,64495,2025-05-19,Credit Card,Paid,26497.82
134496,64496,2025-10-31,Upi,Paid,22076.98
134497,64497,2026-08-13,Wallet,Paid,26255.57
134498,64498,2024-04-20,Upi,Paid,17829.27
134499,64499,2025-12-21,Upi,Paid,24003.62
134500,64500,2025-11-19,Debit Card,Paid,13401.74
134501,64501,2024-07-04,Net Banking,Paid,27266.84
134502,64502,2024-01-15,Upi,Paid,7274.21
134503,64503,2025-09-08,Credit Card,Paid,5876.98
134504,64504,2024-12-25,Upi,Paid,28565.03
134505,64505,2024-11-02,Net Banking,Pending,21599.86
134506,64506,2024-08-18,Upi,Paid,13318.8
134507,64507,2025-06-13,Net Banking,Paid,13973.43
134508,64508,2024-09-03,Upi,Paid,3217.43
134509,64509,2024-03-16,Net Banking,Paid,13533.25
134510,64510,2024-02-12,Upi,Paid,19810.14
134511,64511,2024-09-10,Credit Card,Paid,10802.45
134512,64512,2025-08-23,Credit Card,Paid,23556.07
134513,64513,2025-05-27,Credit Card,Paid,24912.57
134514,64514,2025-12-20,Net Banking,Paid,22307.74
134515,64515,2025-08-05,Credit Card,Paid,3852.6
134516,64516,2024-10-11,Debit Card,Paid,22480.73
134517,64517,2026-06-12,Credit Card,Paid,19325.31
134518,64518,2025-07-23,Upi,Paid,20329.51
134519,64519,2025-08-24,Cash On Delivery,Paid,6913.17
134520,64520,2025-04-29,Credit Card,Paid,17583.66
134521,64521,2025-02-16,Upi,Paid,3459.4
134522,64522,2026-08-23,Upi,Paid,2779.44
134523,64523,2025-01-13,Upi,Paid,12920.49
134524,64524,2026-02-27,Upi,Paid,16974.16
134525,64525,2024-03-24,Upi,Paid,3038.72
134526,64526,2026-07-06,Upi,Paid,18587.78
134527,64527,2026-01-07,Upi,Paid,8645.87
134528,64528,2026-03-11,Upi,Paid,4485.81
134529,64529,2024-11-08,Upi,Paid,6252.99
134530,64530,2025-10-01,Upi,Paid,22909.04
134531,64531,2026-01-05,Upi,Paid,11832.45
134532,64532,2024-03-11,Net Banking,Paid,18879.95
134533,64533,2025-09-22,Debit Card,Paid,16504.85
134534,64534,2026-04-15,Upi,Pending,2101.56
134535,64535,2026-04-03,Cash On Delivery,Paid,15912.64
134536,64536,2026-01-09,Credit Card,Paid,26849.23
134537,64537,2026-05-18,Credit Card,Paid,2545.9
134538,64538,2024-10-03,Upi,Paid,12278.84
134539,64539,2025-10-30,Upi,Failed,21079.53
134540,64540,2024-09-21,Cash On Delivery,Paid,8141.35
134541,64541,2026-04-18,Cash On Delivery,Paid,8911.51
134542,64542,2025-05-26,Cash On Delivery,Refunded,12388.3
134543,64543,2026-03-14,Upi,Paid,16541.62
134544,64544,2024-10-03,Upi,Paid,10837.93
134545,64545,2024-10-25,Credit Card,Paid,17684.95
134546,64546,2026-07-30,Credit Card,Paid,7782.57
134547,64547,2026-05-28,Debit Card,Paid,21935.61
134548,64548,2024-07-09,Debit Card,Failed,12760.91
134549,64549,2025-01-11,Cash On Delivery,Paid,25861.26
134550,64550,2024-05-30,Credit Card,Paid,8609.57
134551,64551,2025-09-12,Net Banking,Paid,3389.6
134552,64552,2024-02-12,Wallet,Paid,14344.28
134553,64553,2024-01-27,Debit Card,Paid,2682.71
134554,64554,2025-06-23,Upi,Paid,7560.73
134555,64555,2026-05-21,Cash On Delivery,Paid,24642.91
134556,64556,2025-12-22,Upi,Paid,17644.57
134557,64557,2025-11-07,Upi,Failed,12488.79
134558,64558,2025-07-24,Debit Card,Paid,13731.71
134559,64559,2024-06-26,Upi,Paid,9028.43
134560,64560,2024-07-22,Upi,Paid,19473.69
134561,64561,2025-08-24,Credit Card,Paid,1027.02
134562,64562,2026-06-16,Debit Card,Paid,11339.16
134563,64563,2024-02-17,Net Banking,Paid,25949.88
134564,64564,2025-01-03,Debit Card,Paid,13942.63
134565,64565,2024-07-01,Upi,Paid,10744.69
134566,64566,2024-05-19,Upi,Paid,13283.61
134567,64567,2024-12-10,Wallet,Paid,11222.02
134568,64568,2024-07-07,Credit Card,Paid,11066.92
134569,64569,2024-08-25,Debit Card,Paid,17855.42
134570,64570,2025-03-02,Upi,Paid,13056.23
134571,64571,2025-12-25,Upi,Paid,14508.85
134572,64572,2025-06-13,Credit Card,Paid,9384.76
134573,64573,2025-06-12,Wallet,Paid,7290.81
134574,64574,2025-08-06,Credit Card,Paid,7576.24
134575,64575,2024-08-08,Debit Card,Refunded,7297.94
134576,64576,2024-03-14,Upi,Pending,13899.66
134577,64577,2024-01-28,Cash On Delivery,Paid,20154.63
134578,64578,2026-04-24,Credit Card,Failed,14488.03
134579,64579,2026-04-30,Net Banking,Paid,13147.13
134580,64580,2024-11-24,Credit Card,Paid,14322.73
134581,64581,2026-02-02,Upi,Paid,6046.99
134582,64582,2024-09-08,Net Banking,Paid,15159.87
134583,64583,2024-10-24,Upi,Paid,8546.83
134584,64584,2025-10-30,Cash On Delivery,Paid,15068.77
134585,64585,2026-06-21,Credit Card,Paid,25219.18
134586,64586,2025-08-21,Debit Card,Paid,15643.69
134587,64587,2026-07-22,Upi,Paid,2685.94
134588,64588,2026-08-21,Net Banking,Paid,5013.96
134589,64589,2024-01-30,Debit Card,Paid,7937.91
134590,64590,2025-02-03,Upi,Paid,9751.2
134591,64591,2025-04-03,Credit Card,Paid,6787.93
134592,64592,2024-06-28,Credit Card,Paid,341.53
134593,64593,2024-07-27,Credit Card,Paid,12341.78
134594,64594,2026-08-04,Debit Card,Paid,9876.08
134595,64595,2024-06-23,Debit Card,Paid,23417.88
134596,64596,2025-04-14,Upi,Refunded,17921.87
134597,64597,2025-04-13,Credit Card,Failed,5969.66
134598,64598,2025-10-06,Wallet,Paid,8246.08
134599,64599,2025-06-16,Upi,Paid,10213.83
134600,64600,2024-02-11,Debit Card,Paid,5538.78
134601,64601,2025-03-14,Debit Card,Paid,13070.05
134602,64602,2024-11-22,Cash On Delivery,Paid,9585.71
134603,64603,2024-05-04,Upi,Paid,12233.36
134604,64604,2026-08-16,Upi,Paid,16833.08
134605,64605,2025-06-10,Credit Card,Paid,9954.77
134606,64606,2026-07-24,Upi,Refunded,9098.66
134607,64607,2026-06-08,Wallet,Paid,3068.99
134608,64608,2026-08-14,Upi,Paid,17429.6
134609,64609,2024-08-20,Upi,Paid,26973.17
134610,64610,2026-03-13,Credit Card,Paid,10123.24
134611,64611,2024-02-12,Debit Card,Paid,18903.32
134612,64612,2025-05-01,Credit Card,Paid,10958.12
134613,64613,2026-04-25,Cash On Delivery,Paid,15985.6
134614,64614,2025-07-10,Upi,Paid,29640.4
134615,64615,2024-07-17,Credit Card,Paid,10863.32
134616,64616,2024-03-13,Upi,Paid,4792.45
134617,64617,2025-03-20,Credit Card,Paid,7338.1
134618,64618,2026-02-11,Debit Card,Failed,25707.35
134619,64619,2026-06-13,Credit Card,Paid,12712.74
134620,64620,2025-12-27,Wallet,Refunded,3296.31
134621,64621,2025-03-07,Cash On Delivery,Paid,12868.06
134622,64622,2025-11-19,Upi,Paid,17862.12
134623,64623,2026-01-31,Debit Card,Paid,16163.67
134624,64624,2025-01-09,Wallet,Paid,3298.81
134625,64625,2024-09-13,Upi,Failed,16699.18
134626,64626,2024-09-16,Cash On Delivery,Paid,29791.0
134627,64627,2025-12-24,Credit Card,Paid,3377.75
134628,64628,2026-02-26,Credit Card,Paid,16176.94
134629,64629,2024-07-09,Debit Card,Paid,7150.0
134630,64630,2026-08-04,Credit Card,Refunded,28086.62
134631,64631,2024-01-19,Cash On Delivery,Paid,10145.69
134632,64632,2025-02-14,Credit Card,Paid,5460.08
134633,64633,2025-04-14,Upi,Paid,7032.96
134634,64634,2024-02-23,Debit Card,Paid,8842.78
134635,64635,2025-12-06,Upi,Paid,17798.64
134636,64636,2026-05-23,Credit Card,Refunded,27788.45
134637,64637,2024-08-18,Debit Card,Failed,1705.81
134638,64638,2025-11-01,Net Banking,Paid,29739.96
134639,64639,2026-07-12,Upi,Paid,3221.68
134640,64640,2025-10-15,Debit Card,Refunded,24309.67
134641,64641,2025-03-15,Upi,Paid,12977.87
134642,64642,2026-07-07,Net Banking,Paid,14642.47
134643,64643,2025-01-24,Debit Card,Paid,24626.04
134644,64644,2025-10-14,Debit Card,Paid,24620.76
134645,64645,2026-01-19,Upi,Paid,25399.38
134646,64646,2025-08-24,Cash On Delivery,Paid,7970.14
134647,64647,2024-11-02,Upi,Paid,394.46
134648,64648,2025-11-21,Net Banking,Paid,27903.06
134649,64649,2024-10-30,Cash On Delivery,Paid,9185.61
134650,64650,2025-04-16,Upi,Paid,3060.03
134651,64651,2025-06-15,Debit Card,Paid,16432.01
134652,64652,2024-10-08,Upi,Paid,29691.85
134653,64653,2026-01-15,Cash On Delivery,Failed,29940.58
134654,64654,2024-09-01,Credit Card,Paid,13712.05
134655,64655,2024-06-07,Debit Card,Paid,10271.57
134656,64656,2025-12-05,Credit Card,Paid,21167.14
134657,64657,2026-05-05,Cash On Delivery,Paid,9436.87
134658,64658,2024-08-25,Upi,Paid,2799.28
134659,64659,2025-05-18,Wallet,Refunded,8458.97
134660,64660,2026-06-23,Upi,Paid,16416.72
134661,64661,2024-12-27,Net Banking,Paid,24493.39
134662,64662,2025-01-28,Credit Card,Paid,26311.58
134663,64663,2025-11-08,Upi,Refunded,10860.56
134664,64664,2025-09-08,Debit Card,Paid,22969.01
134665,64665,2024-05-02,Wallet,Pending,8782.07
134666,64666,2024-02-12,Cash On Delivery,Paid,5985.27
134667,64667,2024-12-20,Credit Card,Paid,4738.5
134668,64668,2025-03-11,Net Banking,Paid,637.88
134669,64669,2025-08-19,Wallet,Failed,23141.92
134670,64670,2025-01-22,Credit Card,Paid,25670.82
134671,64671,2024-05-08,Upi,Paid,23218.28
134672,64672,2026-01-03,Net Banking,Paid,21604.11
134673,64673,2025-02-25,Upi,Paid,3479.33
134674,64674,2024-02-23,Credit Card,Paid,9292.28
134675,64675,2025-08-05,Debit Card,Paid,29467.69
134676,64676,2025-01-26,Wallet,Paid,12632.79
134677,64677,2025-06-04,Upi,Paid,28427.29
134678,64678,2026-04-14,Credit Card,Paid,21009.07
134679,64679,2024-07-06,Upi,Paid,27574.12
134680,64680,2025-10-11,Net Banking,Paid,11079.56
134681,64681,2024-04-25,Cash On Delivery,Paid,4575.06
134682,64682,2026-01-25,Upi,Paid,16135.05
134683,64683,2024-12-21,Wallet,Paid,10641.42
134684,64684,2026-01-12,Debit Card,Paid,28762.53
134685,64685,2024-02-12,Upi,Paid,27484.52
134686,64686,2025-10-07,Cash On Delivery,Paid,2749.38
134687,64687,2024-08-31,Cash On Delivery,Failed,8786.29
134688,64688,2025-01-15,Debit Card,Paid,17476.69
134689,64689,2024-08-17,Net Banking,Paid,1953.2
134690,64690,2025-01-23,Upi,Failed,3078.88
134691,64691,2026-02-09,Upi,Paid,19669.81
134692,64692,2024-02-22,Debit Card,Paid,29312.0
134693,64693,2025-08-10,Upi,Paid,15625.52
134694,64694,2024-07-11,Credit Card,Paid,13059.83
134695,64695,2025-01-22,Wallet,Paid,23750.46
134696,64696,2025-06-28,Upi,Paid,14548.06
134697,64697,2024-04-03,Upi,Paid,25090.0
134698,64698,2026-05-20,Upi,Paid,3495.57
134699,64699,2025-10-22,Debit Card,Paid,21068.8
134700,64700,2025-08-18,Upi,Failed,7444.76
134701,64701,2026-06-23,Credit Card,Paid,29617.97
134702,64702,2025-01-10,Net Banking,Paid,21019.16
134703,64703,2024-05-17,Net Banking,Paid,27705.06
134704,64704,2026-03-17,Upi,Paid,18545.99
134705,64705,2025-09-07,Upi,Paid,23763.03
134706,64706,2025-03-13,Debit Card,Paid,1913.37
134707,64707,2024-03-23,Upi,Paid,9856.56
134708,64708,2024-09-09,Wallet,Failed,4264.53
134709,64709,2025-07-22,Upi,Paid,24575.01
134710,64710,2024-03-19,Net Banking,Paid,11424.08
134711,64711,2025-06-18,Upi,Refunded,10882.76
134712,64712,2026-03-15,Cash On Delivery,Paid,6480.8
134713,64713,2025-03-12,Credit Card,Paid,23766.65
134714,64714,2025-08-23,Credit Card,Paid,1539.83
134715,64715,2024-07-30,Upi,Paid,455.13
134716,64716,2025-07-19,Upi,Paid,14112.21
134717,64717,2024-06-27,Debit Card,Paid,15580.25
134718,64718,2025-12-02,Cash On Delivery,Paid,22678.45
134719,64719,2025-06-03,Credit Card,Paid,10839.18
134720,64720,2025-08-09,Debit Card,Paid,18832.2
134721,64721,2024-11-07,Net Banking,Pending,17533.84
134722,64722,2024-12-09,Upi,Paid,4399.0
134723,64723,2025-10-02,Net Banking,Refunded,24147.53
134724,64724,2025-08-22,Net Banking,Pending,13585.85
134725,64725,2025-11-02,Debit Card,Paid,11295.77
134726,64726,2024-05-16,Credit Card,Paid,9058.02
134727,64727,2024-07-03,Cash On Delivery,Paid,10025.36
134728,64728,2024-10-16,Net Banking,Paid,28081.2
134729,64729,2025-01-13,Credit Card,Paid,15460.8
134730,64730,2025-06-08,Net Banking,Paid,27014.32
134731,64731,2025-05-22,Net Banking,Paid,14515.84
134732,64732,2024-03-08,Upi,Paid,7094.32
134733,64733,2024-02-07,Cash On Delivery,Paid,1288.61
134734,64734,2026-03-08,Upi,Paid,9282.54
134735,64735,2025-07-17,Debit Card,Paid,1166.77
134736,64736,2024-02-15,Upi,Paid,26386.3
134737,64737,2026-04-09,Debit Card,Paid,2257.59
134738,64738,2024-12-30,Credit Card,Paid,22950.5
134739,64739,2025-10-04,Net Banking,Paid,24846.15
134740,64740,2025-03-18,Upi,Paid,6962.64
134741,64741,2024-07-06,Wallet,Paid,4888.68
134742,64742,2025-10-24,Upi,Failed,304.51
134743,64743,2024-12-20,Net Banking,Paid,18535.47
134744,64744,2024-05-31,Cash On Delivery,Paid,22318.76
134745,64745,2024-08-06,Debit Card,Paid,5436.73
134746,64746,2026-03-09,Upi,Paid,27671.5
134747,64747,2025-05-19,Debit Card,Paid,20622.62
134748,64748,2025-02-17,Cash On Delivery,Paid,27006.95
134749,64749,2026-01-30,Credit Card,Paid,13605.86
134750,64750,2024-08-31,Upi,Paid,14446.89
134751,64751,2024-05-28,Net Banking,Failed,17881.06
134752,64752,2024-04-08,Cash On Delivery,Paid,17423.49
134753,64753,2024-04-11,Net Banking,Paid,21384.15
134754,64754,2026-06-19,Credit Card,Paid,22867.12
134755,64755,2026-05-24,Cash On Delivery,Paid,27258.3
134756,64756,2025-01-26,Credit Card,Paid,16289.59
134757,64757,2025-04-06,Credit Card,Paid,4976.76
134758,64758,2025-01-05,Debit Card,Pending,22391.51
134759,64759,2025-06-16,Cash On Delivery,Pending,19340.59
134760,64760,2024-06-25,Debit Card,Paid,4715.37
134761,64761,2025-10-03,Upi,Paid,1139.81
134762,64762,2025-05-09,Upi,Paid,28750.84
134763,64763,2026-06-05,Wallet,Paid,24401.84
134764,64764,2024-11-07,Upi,Paid,29341.32
134765,64765,2026-01-10,Cash On Delivery,Paid,24551.97
134766,64766,2024-06-09,Upi,Paid,25551.16
134767,64767,2024-03-31,Upi,Paid,4170.08
134768,64768,2026-01-03,Net Banking,Paid,23175.2
134769,64769,2026-05-14,Cash On Delivery,Paid,10696.27
134770,64770,2026-05-22,Upi,Paid,12955.42
134771,64771,2024-02-27,Debit Card,Paid,1569.9
134772,64772,2024-12-09,Debit Card,Paid,20820.97
134773,64773,2025-04-05,Upi,Pending,3851.39
134774,64774,2024-10-05,Net Banking,Paid,16760.71
134775,64775,2024-10-18,Upi,Failed,26745.52
134776,64776,2024-12-28,Credit Card,Paid,15414.92
134777,64777,2024-01-26,Upi,Paid,6580.7
134778,64778,2026-06-17,Upi,Paid,3599.35
134779,64779,2024-10-19,Upi,Paid,12286.69
134780,64780,2025-07-21,Credit Card,Refunded,29087.92
134781,64781,2026-02-04,Debit Card,Paid,20491.87
134782,64782,2024-06-11,Debit Card,Paid,7256.66
134783,64783,2024-07-19,Debit Card,Paid,2905.44
134784,64784,2025-09-08,Debit Card,Paid,26791.92
134785,64785,2026-08-25,Upi,Paid,25946.86
134786,64786,2025-01-25,Upi,Paid,28496.81
134787,64787,2026-06-06,Upi,Paid,22232.13
134788,64788,2024-01-20,Credit Card,Paid,7828.81
134789,64789,2025-12-15,Credit Card,Paid,21444.52
134790,64790,2026-07-30,Wallet,Paid,6807.71
134791,64791,2025-12-27,Upi,Paid,6585.47
134792,64792,2024-04-21,Net Banking,Paid,15561.38
134793,64793,2024-01-12,Net Banking,Paid,15288.31
134794,64794,2025-02-05,Debit Card,Paid,25011.7
134795,64795,2025-06-26,Wallet,Paid,18143.93
134796,64796,2025-09-29,Cash On Delivery,Paid,27885.08
134797,64797,2026-06-20,Wallet,Paid,27955.13
134798,64798,2025-07-25,Debit Card,Paid,26679.34
134799,64799,2024-09-18,Credit Card,Paid,649.44
134800,64800,2024-01-06,Upi,Refunded,8064.63
134801,64801,2026-06-26,Credit Card,Paid,13667.14
134802,64802,2025-08-15,Debit Card,Paid,25205.21
134803,64803,2025-10-20,Net Banking,Paid,25784.21
134804,64804,2025-12-09,Credit Card,Paid,24364.41
134805,64805,2026-02-17,Debit Card,Paid,27460.01
134806,64806,2026-04-06,Credit Card,Paid,25345.08
134807,64807,2026-04-25,Upi,Paid,21463.52
134808,64808,2024-06-29,Upi,Paid,23908.03
134809,64809,2024-10-16,Net Banking,Paid,28893.09
134810,64810,2024-02-07,Net Banking,Paid,4429.54
134811,64811,2024-04-30,Credit Card,Paid,29827.05
134812,64812,2026-07-07,Debit Card,Paid,6830.98
134813,64813,2025-02-15,Cash On Delivery,Paid,28774.26
134814,64814,2025-10-22,Net Banking,Paid,23437.63
134815,64815,2025-07-04,Cash On Delivery,Paid,11078.66
134816,64816,2025-03-17,Debit Card,Paid,10269.2
134817,64817,2024-06-07,Cash On Delivery,Paid,10637.66
134818,64818,2025-12-04,Wallet,Failed,20164.48
134819,64819,2025-12-31,Debit Card,Paid,24658.06
134820,64820,2024-06-03,Cash On Delivery,Pending,23582.28
134821,64821,2024-11-10,Wallet,Paid,1967.65
134822,64822,2026-07-20,Upi,Paid,25725.86
134823,64823,2026-04-09,Net Banking,Paid,11536.73
134824,64824,2025-09-29,Upi,Paid,1267.49
134825,64825,2026-07-22,Upi,Refunded,26003.03
134826,64826,2026-05-03,Upi,Paid,23853.09
134827,64827,2025-08-20,Net Banking,Paid,11043.7
134828,64828,2025-06-26,Debit Card,Paid,17080.45
134829,64829,2025-09-21,Upi,Paid,4880.4
134830,64830,2026-02-15,Upi,Paid,26042.34
134831,64831,2026-07-22,Upi,Paid,21957.42
134832,64832,2024-11-14,Upi,Paid,23153.25
134833,64833,2024-10-18,Upi,Paid,15036.56
134834,64834,2024-05-12,Debit Card,Paid,11996.92
134835,64835,2024-01-12,Credit Card,Paid,15910.52
134836,64836,2024-12-09,Debit Card,Paid,27722.72
134837,64837,2024-08-31,Debit Card,Paid,10468.59
134838,64838,2026-05-21,Net Banking,Paid,17146.28
134839,64839,2025-04-18,Upi,Paid,15559.91
134840,64840,2025-11-08,Credit Card,Paid,22419.55
134841,64841,2024-07-23,Upi,Paid,18107.89
134842,64842,2025-03-20,Net Banking,Paid,10669.47
134843,64843,2026-02-26,Upi,Paid,18176.3
134844,64844,2024-08-18,Credit Card,Paid,23921.43
134845,64845,2025-01-19,Debit Card,Paid,25114.87
134846,64846,2025-08-05,Upi,Paid,13656.54
134847,64847,2024-07-16,Credit Card,Paid,27557.65
134848,64848,2025-07-29,Debit Card,Paid,10698.33
134849,64849,2025-08-21,Credit Card,Paid,8920.42
134850,64850,2025-06-01,Net Banking,Refunded,4484.71
134851,64851,2024-06-09,Credit Card,Paid,16091.22
134852,64852,2025-12-16,Upi,Paid,27309.81
134853,64853,2026-03-25,Upi,Paid,12085.32
134854,64854,2024-08-23,Debit Card,Failed,12814.57
134855,64855,2024-04-19,Wallet,Paid,12416.88
134856,64856,2025-05-12,Upi,Paid,25845.99
134857,64857,2024-06-19,Upi,Paid,11907.58
134858,64858,2024-10-26,Credit Card,Pending,7779.95
134859,64859,2025-10-01,Upi,Paid,4682.77
134860,64860,2024-07-18,Cash On Delivery,Paid,19042.77
134861,64861,2024-12-21,Upi,Paid,12233.28
134862,64862,2024-11-19,Upi,Paid,17945.9
134863,64863,2025-11-26,Net Banking,Paid,29066.39
134864,64864,2026-02-18,Credit Card,Paid,3712.95
134865,64865,2026-04-26,Credit Card,Paid,13039.99
134866,64866,2024-04-22,Wallet,Paid,13296.57
134867,64867,2026-01-17,Credit Card,Paid,6674.81
134868,64868,2024-09-26,Cash On Delivery,Paid,18006.67
134869,64869,2026-05-19,Debit Card,Paid,8274.09
134870,64870,2025-06-04,Wallet,Paid,25396.4
134871,64871,2026-06-15,Upi,Paid,28383.27
134872,64872,2025-01-23,Debit Card,Paid,6044.73
134873,64873,2024-11-07,Upi,Paid,19434.45
134874,64874,2026-03-14,Upi,Paid,517.16
134875,64875,2024-12-11,Upi,Paid,21412.1
134876,64876,2026-01-27,Wallet,Paid,17448.52
134877,64877,2024-02-20,Wallet,Paid,12869.61
134878,64878,2025-10-19,Cash On Delivery,Paid,25803.95
134879,64879,2026-06-01,Credit Card,Paid,9228.62
134880,64880,2024-10-04,Cash On Delivery,Refunded,20140.57
134881,64881,2026-08-17,Upi,Pending,4444.87
134882,64882,2024-01-21,Debit Card,Paid,15367.09
134883,64883,2024-05-03,Credit Card,Paid,9635.81
134884,64884,2024-11-03,Wallet,Paid,25265.49
134885,64885,2024-11-01,Upi,Paid,3610.2
134886,64886,2025-08-07,Cash On Delivery,Paid,12283.87
134887,64887,2026-04-24,Wallet,Paid,29984.57
134888,64888,2024-04-09,Wallet,Paid,10796.62
134889,64889,2025-12-27,Wallet,Failed,4452.88
134890,64890,2026-03-09,Net Banking,Paid,17893.93
134891,64891,2025-07-18,Upi,Paid,9950.38
134892,64892,2026-08-17,Debit Card,Paid,3320.49
134893,64893,2024-04-06,Debit Card,Paid,3731.89
134894,64894,2025-12-19,Cash On Delivery,Pending,4069.63
134895,64895,2025-02-09,Upi,Paid,966.94
134896,64896,2025-02-08,Upi,Paid,25784.54
134897,64897,2025-08-07,Debit Card,Paid,18447.57
134898,64898,2026-02-14,Upi,Paid,26985.89
134899,64899,2025-04-14,Net Banking,Paid,22548.95
134900,64900,2024-09-21,Upi,Paid,21376.4
134901,64901,2024-09-18,Debit Card,Paid,1794.85
134902,64902,2026-07-14,Net Banking,Paid,9422.43
134903,64903,2025-02-07,Upi,Refunded,3589.04
134904,64904,2024-12-21,Upi,Paid,15953.03
134905,64905,2025-07-04,Credit Card,Paid,14516.46
134906,64906,2025-11-01,Cash On Delivery,Paid,10813.26
134907,64907,2024-02-06,Cash On Delivery,Paid,11195.13
134908,64908,2024-01-21,Upi,Paid,9278.37
134909,64909,2025-07-10,Upi,Failed,9838.96
134910,64910,2025-09-03,Credit Card,Paid,5245.19
134911,64911,2025-04-22,Upi,Paid,17876.17
134912,64912,2024-10-15,Debit Card,Paid,29756.22
134913,64913,2026-02-01,Debit Card,Paid,15892.34
134914,64914,2024-04-09,Upi,Paid,7444.57
134915,64915,2025-09-12,Credit Card,Paid,18270.41
134916,64916,2025-02-25,Upi,Paid,2591.82
134917,64917,2024-12-21,Upi,Paid,19698.38
134918,64918,2024-04-15,Upi,Paid,22602.24
134919,64919,2025-10-12,Credit Card,Paid,18527.84
134920,64920,2024-06-29,Upi,Paid,25736.87
134921,64921,2025-06-08,Upi,Paid,2722.05
134922,64922,2026-05-20,Debit Card,Paid,4577.56
134923,64923,2025-12-23,Upi,Paid,22233.52
134924,64924,2024-03-04,Credit Card,Paid,28015.95
134925,64925,2026-08-11,Wallet,Paid,25400.38
134926,64926,2025-08-31,Debit Card,Paid,6964.1
134927,64927,2026-03-20,Debit Card,Paid,12874.71
134928,64928,2024-02-28,Debit Card,Paid,23593.64
134929,64929,2026-06-08,Debit Card,Paid,9902.64
134930,64930,2025-11-27,Credit Card,Paid,3174.18
134931,64931,2026-05-09,Credit Card,Paid,2660.16
134932,64932,2026-08-06,Debit Card,Paid,21514.85
134933,64933,2026-03-30,Credit Card,Paid,24187.43
134934,64934,2025-02-21,Upi,Paid,19985.02
134935,64935,2026-03-26,Upi,Paid,16478.44
134936,64936,2026-07-30,Upi,Paid,8949.58
134937,64937,2026-06-02,Net Banking,Paid,11644.62
134938,64938,2025-09-14,Credit Card,Paid,14549.69
134939,64939,2026-07-19,Upi,Paid,9143.83
134940,64940,2025-08-02,Credit Card,Paid,22013.62
134941,64941,2025-03-07,Upi,Paid,10728.83
134942,64942,2024-06-17,Cash On Delivery,Paid,11367.76
134943,64943,2025-03-30,Credit Card,Paid,25391.74
134944,64944,2026-07-12,Upi,Paid,21827.8
134945,64945,2024-04-28,Upi,Paid,18427.77
134946,64946,2026-04-15,Debit Card,Paid,9244.2
134947,64947,2025-09-17,Cash On Delivery,Paid,15861.4
134948,64948,2024-05-08,Upi,Paid,19572.41
134949,64949,2024-08-07,Cash On Delivery,Refunded,22592.79
134950,64950,2024-01-30,Credit Card,Paid,9874.71
134951,64951,2025-12-19,Credit Card,Paid,14569.71
134952,64952,2024-12-15,Net Banking,Paid,25827.31
134953,64953,2024-06-30,Debit Card,Paid,2033.06
134954,64954,2024-06-06,Debit Card,Paid,20371.09
134955,64955,2025-05-05,Net Banking,Paid,17927.29
134956,64956,2024-11-23,Upi,Paid,28304.43
134957,64957,2026-05-28,Upi,Paid,21732.1
134958,64958,2026-07-21,Debit Card,Failed,5197.96
134959,64959,2024-07-15,Net Banking,Refunded,11417.59
134960,64960,2026-04-17,Debit Card,Refunded,9397.59
134961,64961,2024-03-01,Upi,Paid,24967.01
134962,64962,2025-03-04,Upi,Failed,15192.42
134963,64963,2025-07-14,Upi,Paid,23084.14
134964,64964,2024-09-27,Cash On Delivery,Paid,28061.54
134965,64965,2025-09-21,Upi,Paid,7011.09
134966,64966,2025-07-14,Upi,Paid,16455.0
134967,64967,2026-06-25,Credit Card,Paid,17425.26
134968,64968,2026-06-29,Credit Card,Paid,12978.2
134969,64969,2026-03-04,Upi,Paid,9016.86
134970,64970,2026-02-07,Net Banking,Paid,587.18
134971,64971,2024-11-26,Credit Card,Paid,10524.95
134972,64972,2026-04-23,Cash On Delivery,Paid,12418.91
134973,64973,2024-12-17,Credit Card,Paid,12058.43
134974,64974,2026-01-08,Wallet,Paid,2572.53
134975,64975,2025-04-19,Cash On Delivery,Paid,2346.39
134976,64976,2025-05-05,Credit Card,Paid,24070.42
134977,64977,2026-02-24,Upi,Paid,16923.07
134978,64978,2024-05-18,Credit Card,Paid,28256.1
134979,64979,2026-04-05,Debit Card,Paid,1807.08
134980,64980,2026-03-07,Upi,Paid,29281.48
134981,64981,2025-04-05,Upi,Paid,20010.34
134982,64982,2025-09-24,Upi,Paid,25200.01
134983,64983,2024-09-13,Net Banking,Paid,16542.69
134984,64984,2026-01-19,Cash On Delivery,Paid,27806.36
134985,64985,2024-04-28,Cash On Delivery,Paid,28098.83
134986,64986,2025-12-14,Credit Card,Paid,22712.16
134987,64987,2025-10-21,Upi,Paid,19157.62
134988,64988,2024-08-27,Upi,Paid,25260.46
134989,64989,2026-03-02,Wallet,Paid,18778.94
134990,64990,2024-10-07,Upi,Paid,4838.48
134991,64991,2025-06-12,Upi,Paid,15494.38
134992,64992,2026-04-12,Upi,Paid,1100.53
134993,64993,2024-02-27,Credit Card,Paid,16245.59
134994,64994,2025-01-31,Upi,Paid,5324.45
134995,64995,2025-09-01,Upi,Paid,25610.31
134996,64996,2024-06-24,Net Banking,Paid,22945.59
134997,64997,2025-05-13,Wallet,Paid,22774.96
134998,64998,2025-09-15,Cash On Delivery,Paid,612.5
134999,64999,2026-04-27,Debit Card,Paid,25694.57
135000,65000,2024-10-19,Credit Card,Paid,7739.86
135001,65001,2026-03-20,Upi,Paid,17229.84
135002,65002,2025-09-18,Credit Card,Paid,10031.84
135003,65003,2025-05-12,Upi,Paid,28283.3
135004,65004,2025-07-27,Upi,Refunded,26590.64
135005,65005,2026-08-16,Cash On Delivery,Paid,1904.41
135006,65006,2025-10-06,Net Banking,Paid,16906.29
135007,65007,2025-02-21,Upi,Paid,18966.05
135008,65008,2026-08-23,Upi,Paid,9649.22
135009,65009,2025-11-03,Debit Card,Paid,10372.06
135010,65010,2024-09-25,Upi,Paid,19093.29
135011,65011,2025-08-15,Upi,Paid,23426.36
135012,65012,2026-08-06,Upi,Paid,11536.05
135013,65013,2025-11-12,Debit Card,Paid,19722.79
135014,65014,2026-01-11,Upi,Paid,14206.6
135015,65015,2025-10-06,Upi,Failed,15331.43
135016,65016,2026-04-12,Upi,Paid,2326.98
135017,65017,2024-03-21,Upi,Failed,19097.98
135018,65018,2026-02-19,Debit Card,Paid,10653.01
135019,65019,2026-05-25,Credit Card,Pending,26323.9
135020,65020,2024-01-23,Upi,Paid,20487.91
135021,65021,2026-02-04,Credit Card,Paid,19423.67
135022,65022,2025-05-04,Credit Card,Paid,26956.44
135023,65023,2025-01-11,Credit Card,Paid,5559.33
135024,65024,2024-04-13,Upi,Paid,7747.84
135025,65025,2024-11-05,Upi,Paid,27826.16
135026,65026,2025-10-17,Credit Card,Failed,8879.04
135027,65027,2025-05-14,Upi,Paid,2494.05
135028,65028,2024-02-27,Debit Card,Paid,20968.51
135029,65029,2024-10-24,Net Banking,Paid,13527.39
135030,65030,2024-02-04,Wallet,Paid,21514.28
135031,65031,2024-12-19,Upi,Paid,10239.03
135032,65032,2026-06-01,Net Banking,Refunded,547.53
135033,65033,2026-01-08,Net Banking,Paid,21206.98
135034,65034,2026-06-09,Net Banking,Paid,15144.31
135035,65035,2024-06-11,Upi,Paid,28340.75
135036,65036,2025-08-28,Credit Card,Paid,7489.66
135037,65037,2024-10-21,Debit Card,Paid,20780.9
135038,65038,2025-03-24,Upi,Paid,6047.68
135039,65039,2026-07-29,Debit Card,Paid,25005.26
135040,65040,2026-03-17,Credit Card,Paid,6865.63
135041,65041,2025-11-07,Upi,Paid,20260.62
135042,65042,2026-07-26,Upi,Paid,29822.37
135043,65043,2025-04-30,Upi,Pending,9865.11
135044,65044,2024-02-25,Debit Card,Paid,21288.79
135045,65045,2026-06-06,Upi,Paid,23656.16
135046,65046,2024-04-11,Upi,Paid,19145.87
135047,65047,2024-09-16,Upi,Paid,13898.94
135048,65048,2026-05-29,Credit Card,Paid,21233.82
135049,65049,2026-05-10,Credit Card,Paid,11117.64
135050,65050,2024-04-07,Net Banking,Paid,23634.34
135051,65051,2026-04-12,Credit Card,Paid,6399.57
135052,65052,2025-11-26,Net Banking,Paid,9401.19
135053,65053,2024-04-17,Net Banking,Paid,21209.63
135054,65054,2025-06-22,Debit Card,Paid,17979.91
135055,65055,2024-09-17,Upi,Paid,28275.47
135056,65056,2025-05-20,Upi,Paid,5363.21
135057,65057,2024-06-30,Credit Card,Paid,3582.59
135058,65058,2024-04-05,Credit Card,Paid,12773.32
135059,65059,2025-09-23,Cash On Delivery,Paid,24300.52
135060,65060,2025-12-08,Credit Card,Paid,3801.9
135061,65061,2024-07-06,Upi,Paid,17497.27
135062,65062,2025-08-06,Debit Card,Paid,19829.69
135063,65063,2025-04-23,Debit Card,Paid,11308.25
135064,65064,2026-06-20,Upi,Paid,22784.0
135065,65065,2025-07-02,Upi,Paid,3446.23
135066,65066,2025-04-13,Wallet,Paid,11382.61
135067,65067,2024-01-09,Debit Card,Paid,2596.83
135068,65068,2026-06-04,Net Banking,Failed,18283.89
135069,65069,2025-10-05,Credit Card,Paid,10007.21
135070,65070,2024-06-27,Upi,Paid,6522.59
135071,65071,2024-01-09,Upi,Paid,9020.7
135072,65072,2024-07-19,Cash On Delivery,Paid,23526.84
135073,65073,2025-05-03,Cash On Delivery,Paid,11420.81
135074,65074,2026-07-11,Debit Card,Paid,4592.04
135075,65075,2025-08-24,Upi,Paid,12403.69
135076,65076,2024-04-08,Net Banking,Paid,12752.6
135077,65077,2024-07-08,Upi,Paid,4925.35
135078,65078,2024-08-20,Upi,Paid,28859.16
135079,65079,2024-03-17,Debit Card,Paid,20950.28
135080,65080,2024-05-19,Upi,Paid,29676.99
135081,65081,2024-03-29,Cash On Delivery,Paid,10691.21
135082,65082,2025-11-22,Credit Card,Pending,10133.87
135083,65083,2025-10-24,Upi,Paid,20092.71
135084,65084,2026-01-27,Debit Card,Paid,13620.56
135085,65085,2024-06-28,Cash On Delivery,Paid,20995.22
135086,65086,2026-05-25,Wallet,Paid,5065.86
135087,65087,2024-12-28,Net Banking,Paid,11017.58
135088,65088,2024-05-25,Cash On Delivery,Paid,947.62
135089,65089,2024-06-02,Credit Card,Paid,14796.16
135090,65090,2024-11-08,Upi,Paid,14921.52
135091,65091,2024-03-29,Debit Card,Paid,26210.66
135092,65092,2024-11-03,Upi,Paid,2883.88
135093,65093,2025-10-06,Upi,Paid,8826.59
135094,65094,2026-08-02,Credit Card,Paid,5300.26
135095,65095,2024-01-06,Upi,Paid,20269.2
135096,65096,2025-07-21,Cash On Delivery,Paid,18969.89
135097,65097,2024-08-16,Debit Card,Paid,18505.89
135098,65098,2024-11-23,Upi,Paid,14227.72
135099,65099,2025-09-17,Upi,Failed,11662.02
135100,65100,2024-10-19,Credit Card,Paid,24936.71
135101,65101,2025-03-02,Wallet,Paid,18312.77
135102,65102,2024-11-08,Upi,Paid,2526.51
135103,65103,2024-12-18,Credit Card,Paid,11336.45
135104,65104,2025-11-23,Credit Card,Paid,7037.91
135105,65105,2024-10-13,Credit Card,Paid,8376.42
135106,65106,2025-06-19,Upi,Paid,14356.52
135107,65107,2026-02-07,Debit Card,Paid,8908.42
135108,65108,2025-08-30,Debit Card,Paid,22320.01
135109,65109,2026-01-09,Credit Card,Paid,16022.5
135110,65110,2025-04-04,Cash On Delivery,Paid,21869.09
135111,65111,2025-03-29,Wallet,Paid,791.49
135112,65112,2024-01-28,Cash On Delivery,Paid,7323.12
135113,65113,2025-11-17,Wallet,Paid,23743.8
135114,65114,2025-10-30,Debit Card,Pending,14488.89
135115,65115,2025-05-13,Debit Card,Paid,12978.93
135116,65116,2025-12-05,Upi,Paid,17534.86
135117,65117,2025-10-03,Credit Card,Paid,593.69
135118,65118,2024-06-26,Debit Card,Paid,13888.54
135119,65119,2024-08-07,Debit Card,Paid,26216.05
135120,65120,2025-09-24,Net Banking,Paid,14221.01
135121,65121,2024-04-06,Upi,Paid,4549.46
135122,65122,2026-05-04,Upi,Paid,8834.59
135123,65123,2024-12-05,Cash On Delivery,Paid,15918.88
135124,65124,2025-08-09,Cash On Delivery,Paid,22135.75
135125,65125,2025-05-22,Credit Card,Paid,16057.42
135126,65126,2025-10-11,Debit Card,Paid,10708.04
135127,65127,2024-12-10,Cash On Delivery,Refunded,15325.78
135128,65128,2025-11-12,Upi,Pending,23802.71
135129,65129,2024-06-19,Credit Card,Paid,17582.81
135130,65130,2024-11-11,Upi,Paid,18400.14
135131,65131,2024-02-11,Net Banking,Pending,14947.06
135132,65132,2024-06-01,Cash On Delivery,Paid,9752.81
135133,65133,2024-02-26,Net Banking,Paid,8956.26
135134,65134,2025-04-03,Upi,Paid,29289.05
135135,65135,2024-03-13,Net Banking,Paid,12758.14
135136,65136,2024-08-15,Upi,Paid,17399.31
135137,65137,2025-04-15,Cash On Delivery,Paid,29099.5
135138,65138,2025-10-30,Credit Card,Paid,5710.9
135139,65139,2024-01-25,Upi,Refunded,24971.7
135140,65140,2025-11-24,Cash On Delivery,Paid,17013.51
135141,65141,2025-05-21,Debit Card,Paid,11852.84
135142,65142,2024-01-10,Upi,Paid,26101.13
135143,65143,2024-04-05,Debit Card,Paid,21075.76
135144,65144,2026-07-14,Debit Card,Paid,8870.4
135145,65145,2025-03-14,Upi,Paid,17102.95
135146,65146,2026-06-16,Upi,Paid,7195.76
135147,65147,2025-05-17,Net Banking,Failed,14559.35
135148,65148,2024-05-07,Upi,Paid,9247.78
135149,65149,2025-12-07,Upi,Paid,21737.0
135150,65150,2025-04-09,Debit Card,Paid,4865.78
135151,65151,2025-01-03,Credit Card,Paid,4801.94
135152,65152,2024-07-24,Credit Card,Paid,10389.74
135153,65153,2025-03-09,Debit Card,Paid,23564.6
135154,65154,2026-07-24,Credit Card,Paid,25474.46
135155,65155,2024-07-31,Credit Card,Paid,14690.9
135156,65156,2025-07-03,Wallet,Paid,14214.78
135157,65157,2024-02-03,Wallet,Paid,3054.25
135158,65158,2025-11-13,Cash On Delivery,Paid,3754.46
135159,65159,2026-05-16,Debit Card,Paid,28292.73
135160,65160,2026-08-06,Credit Card,Paid,11665.3
135161,65161,2026-02-28,Credit Card,Paid,890.63
135162,65162,2025-10-16,Cash On Delivery,Paid,23046.76
135163,65163,2025-07-22,Debit Card,Refunded,29304.6
135164,65164,2026-04-25,Debit Card,Paid,5332.24
135165,65165,2024-01-11,Net Banking,Paid,2836.07
135166,65166,2024-08-22,Cash On Delivery,Paid,459.76
135167,65167,2024-02-13,Upi,Paid,27991.89
135168,65168,2024-08-13,Cash On Delivery,Paid,4147.08
135169,65169,2024-08-05,Upi,Paid,23789.31
135170,65170,2025-03-04,Net Banking,Paid,10065.39
135171,65171,2025-11-03,Cash On Delivery,Failed,25446.85
135172,65172,2026-05-06,Upi,Pending,13531.53
135173,65173,2025-08-04,Cash On Delivery,Paid,9667.11
135174,65174,2024-02-08,Upi,Paid,11673.04
135175,65175,2024-04-07,Upi,Paid,3685.71
135176,65176,2025-03-07,Debit Card,Paid,22924.64
135177,65177,2025-08-19,Credit Card,Paid,8473.09
135178,65178,2026-03-14,Upi,Paid,25537.86
135179,65179,2024-12-30,Wallet,Paid,2782.05
135180,65180,2024-06-23,Upi,Paid,2006.01
135181,65181,2024-05-19,Upi,Refunded,22757.91
135182,65182,2025-08-20,Debit Card,Paid,17376.78
135183,65183,2026-08-27,Cash On Delivery,Paid,7467.41
135184,65184,2024-03-11,Wallet,Paid,27999.54
135185,65185,2024-01-10,Cash On Delivery,Paid,14460.72
135186,65186,2024-01-13,Upi,Paid,7804.41
135187,65187,2025-06-15,Credit Card,Failed,10710.72
135188,65188,2024-11-08,Upi,Paid,26179.28
135189,65189,2026-03-11,Net Banking,Paid,12711.05
135190,65190,2026-02-22,Credit Card,Paid,17421.52
135191,65191,2025-05-04,Debit Card,Paid,2900.29
135192,65192,2024-02-12,Net Banking,Paid,8219.26
135193,65193,2025-07-07,Cash On Delivery,Paid,19999.42
135194,65194,2024-12-22,Upi,Paid,23327.62
135195,65195,2026-03-23,Wallet,Paid,28185.57
135196,65196,2025-12-10,Cash On Delivery,Paid,24062.98
135197,65197,2026-07-19,Upi,Paid,17115.62
135198,65198,2024-12-27,Net Banking,Paid,18175.85
135199,65199,2024-11-09,Upi,Paid,20400.97
135200,65200,2025-04-10,Cash On Delivery,Paid,22556.78
135201,65201,2026-03-14,Upi,Paid,1535.95
135202,65202,2025-05-01,Cash On Delivery,Paid,22942.11
135203,65203,2024-11-24,Upi,Paid,3484.27
135204,65204,2026-06-02,Upi,Paid,22658.87
135205,65205,2025-01-14,Upi,Paid,23455.36
135206,65206,2026-05-01,Upi,Paid,15553.1
135207,65207,2025-09-11,Debit Card,Paid,1755.13
135208,65208,2024-03-05,Credit Card,Paid,8854.18
135209,65209,2025-04-26,Upi,Paid,6357.78
135210,65210,2025-11-02,Wallet,Pending,21158.9
135211,65211,2026-06-07,Credit Card,Paid,18275.37
135212,65212,2025-06-12,Upi,Paid,7560.22
135213,65213,2024-01-15,Upi,Paid,13227.29
135214,65214,2024-12-09,Credit Card,Paid,5937.14
135215,65215,2026-07-30,Upi,Paid,12750.24
135216,65216,2025-04-23,Upi,Paid,27016.34
135217,65217,2025-01-08,Upi,Paid,23367.9
135218,65218,2026-05-05,Upi,Paid,23995.98
135219,65219,2025-02-08,Upi,Paid,6417.78
135220,65220,2026-01-21,Upi,Paid,10333.39
135221,65221,2024-01-24,Credit Card,Paid,25953.88
135222,65222,2025-07-07,Debit Card,Paid,14218.52
135223,65223,2024-01-26,Credit Card,Paid,5239.14
135224,65224,2024-06-19,Net Banking,Paid,12661.1
135225,65225,2025-06-15,Net Banking,Paid,4078.79
135226,65226,2025-08-24,Upi,Paid,19919.74
135227,65227,2024-04-27,Credit Card,Paid,10701.85
135228,65228,2025-05-01,Cash On Delivery,Paid,22224.59
135229,65229,2025-01-31,Credit Card,Paid,8212.43
135230,65230,2025-03-11,Credit Card,Pending,25735.59
135231,65231,2026-02-28,Upi,Paid,16202.52
135232,65232,2026-07-05,Cash On Delivery,Paid,7039.61
135233,65233,2024-03-15,Net Banking,Paid,9575.61
135234,65234,2026-08-22,Wallet,Paid,14520.37
135235,65235,2024-02-22,Cash On Delivery,Paid,24086.16
135236,65236,2026-07-12,Credit Card,Paid,14005.51
135237,65237,2025-08-23,Net Banking,Paid,19150.85
135238,65238,2025-12-19,Upi,Paid,22363.92
135239,65239,2024-08-23,Upi,Paid,14842.95
135240,65240,2025-08-03,Credit Card,Paid,21385.83
135241,65241,2025-07-31,Upi,Paid,397.34
135242,65242,2024-11-08,Credit Card,Paid,9765.18
135243,65243,2025-05-03,Upi,Paid,28386.5
135244,65244,2026-07-09,Upi,Paid,8543.85
135245,65245,2024-04-17,Wallet,Paid,28334.7
135246,65246,2025-03-17,Net Banking,Paid,23423.94
135247,65247,2024-11-23,Upi,Paid,1968.33
135248,65248,2024-07-16,Net Banking,Paid,9265.46
135249,65249,2025-04-11,Net Banking,Paid,27562.34
135250,65250,2024-04-18,Upi,Paid,2604.94
135251,65251,2024-04-30,Credit Card,Paid,23079.67
135252,65252,2026-03-22,Wallet,Paid,24547.42
135253,65253,2024-11-06,Upi,Paid,13108.31
135254,65254,2024-11-16,Upi,Paid,5544.95
135255,65255,2025-10-03,Credit Card,Paid,26410.96
135256,65256,2026-01-15,Wallet,Paid,7771.37
135257,65257,2026-04-22,Wallet,Failed,21043.92
135258,65258,2025-09-01,Credit Card,Paid,17290.75
135259,65259,2024-09-15,Upi,Paid,29670.05
135260,65260,2024-10-03,Upi,Paid,6867.54
135261,65261,2025-11-19,Cash On Delivery,Paid,13557.12
135262,65262,2026-04-08,Net Banking,Paid,10401.46
135263,65263,2026-06-10,Upi,Paid,29241.81
135264,65264,2026-03-31,Upi,Paid,16634.88
135265,65265,2025-09-01,Debit Card,Failed,26946.54
135266,65266,2024-06-16,Credit Card,Paid,3132.2
135267,65267,2025-02-08,Credit Card,Failed,996.79
135268,65268,2024-04-30,Cash On Delivery,Refunded,26920.85
135269,65269,2025-03-01,Credit Card,Paid,19339.09
135270,65270,2025-08-05,Upi,Paid,21300.93
135271,65271,2025-10-19,Debit Card,Paid,22430.02
135272,65272,2024-08-15,Debit Card,Paid,5614.68
135273,65273,2025-11-08,Cash On Delivery,Paid,18100.11
135274,65274,2024-11-19,Upi,Paid,23151.77
135275,65275,2025-11-05,Cash On Delivery,Paid,15971.17
135276,65276,2026-06-29,Credit Card,Paid,28526.68
135277,65277,2024-10-07,Wallet,Paid,20660.02
135278,65278,2024-06-20,Debit Card,Paid,24372.41
135279,65279,2026-07-30,Credit Card,Paid,17864.52
135280,65280,2025-04-01,Upi,Paid,1387.68
135281,65281,2024-08-15,Net Banking,Paid,8274.07
135282,65282,2024-10-15,Debit Card,Paid,24838.14
135283,65283,2025-03-30,Debit Card,Paid,17494.21
135284,65284,2024-12-06,Credit Card,Paid,20221.38
135285,65285,2026-05-28,Wallet,Paid,21879.71
135286,65286,2024-12-27,Debit Card,Paid,29939.72
135287,65287,2025-04-04,Wallet,Paid,24061.89
135288,65288,2024-09-12,Cash On Delivery,Paid,7660.17
135289,65289,2025-11-15,Upi,Paid,20936.6
135290,65290,2026-01-13,Credit Card,Paid,5140.25
135291,65291,2025-07-01,Debit Card,Paid,8432.35
135292,65292,2026-03-01,Credit Card,Paid,9453.78
135293,65293,2024-09-26,Net Banking,Paid,14198.51
135294,65294,2025-06-07,Cash On Delivery,Paid,9252.93
135295,65295,2025-12-11,Cash On Delivery,Paid,8765.85
135296,65296,2026-05-24,Debit Card,Paid,5850.2
135297,65297,2024-11-14,Credit Card,Paid,4606.58
135298,65298,2024-05-12,Credit Card,Paid,22462.29
135299,65299,2026-01-30,Net Banking,Paid,2170.76
135300,65300,2025-05-08,Credit Card,Paid,28077.67
135301,65301,2024-02-25,Upi,Paid,8023.55
135302,65302,2026-03-17,Net Banking,Paid,3275.33
135303,65303,2025-04-29,Upi,Paid,1771.28
135304,65304,2025-08-28,Credit Card,Failed,13248.37
135305,65305,2024-12-15,Credit Card,Refunded,22522.61
135306,65306,2026-08-13,Debit Card,Paid,6651.59
135307,65307,2025-02-23,Credit Card,Paid,18731.09
135308,65308,2025-07-31,Credit Card,Paid,3781.49
135309,65309,2025-06-03,Wallet,Paid,8374.16
135310,65310,2026-07-21,Upi,Paid,4459.61
135311,65311,2025-08-18,Upi,Paid,17025.06
135312,65312,2024-04-07,Cash On Delivery,Failed,9899.28
135313,65313,2026-04-12,Upi,Paid,26039.87
135314,65314,2024-02-12,Upi,Pending,907.07
135315,65315,2025-05-26,Credit Card,Paid,28771.65
135316,65316,2024-12-14,Debit Card,Paid,19892.02
135317,65317,2025-04-15,Cash On Delivery,Paid,12911.82
135318,65318,2026-03-30,Cash On Delivery,Paid,3001.55
135319,65319,2024-04-16,Credit Card,Refunded,10998.45
135320,65320,2024-02-19,Credit Card,Paid,8704.75
135321,65321,2026-05-24,Cash On Delivery,Paid,23544.46
135322,65322,2024-09-01,Cash On Delivery,Paid,21188.2
135323,65323,2025-03-05,Wallet,Paid,9591.64
135324,65324,2026-08-13,Upi,Paid,5415.64
135325,65325,2025-12-07,Credit Card,Paid,22220.1
135326,65326,2025-09-15,Debit Card,Paid,910.53
135327,65327,2024-01-09,Upi,Paid,12938.72
135328,65328,2025-01-18,Upi,Refunded,21794.39
135329,65329,2025-05-20,Debit Card,Paid,24567.58
135330,65330,2024-03-16,Debit Card,Paid,20770.96
135331,65331,2025-09-21,Net Banking,Pending,28229.08
135332,65332,2026-01-04,Wallet,Paid,29407.19
135333,65333,2024-12-22,Cash On Delivery,Paid,19221.77
135334,65334,2026-06-18,Credit Card,Paid,27829.09
135335,65335,2026-06-28,Upi,Paid,614.11
135336,65336,2025-12-20,Credit Card,Paid,25280.05
135337,65337,2024-11-03,Upi,Failed,28923.31
135338,65338,2024-04-25,Upi,Paid,4036.46
135339,65339,2025-11-08,Cash On Delivery,Failed,1275.3
135340,65340,2025-06-01,Debit Card,Paid,17676.91
135341,65341,2025-11-27,Cash On Delivery,Pending,9495.61
135342,65342,2025-01-25,Credit Card,Paid,25348.94
135343,65343,2024-05-31,Net Banking,Paid,28924.83
135344,65344,2026-05-28,Upi,Paid,15579.84
135345,65345,2026-07-25,Upi,Paid,19980.31
135346,65346,2026-01-11,Upi,Paid,20695.95
135347,65347,2024-01-23,Cash On Delivery,Paid,26282.64
135348,65348,2026-02-16,Upi,Paid,10145.9
135349,65349,2026-08-27,Upi,Paid,570.64
135350,65350,2025-02-06,Debit Card,Paid,4461.1
135351,65351,2025-05-05,Credit Card,Paid,12931.58
135352,65352,2024-01-26,Credit Card,Paid,26461.98
135353,65353,2025-08-06,Cash On Delivery,Paid,10751.4
135354,65354,2026-01-07,Upi,Paid,21060.29
135355,65355,2024-07-15,Upi,Paid,24273.76
135356,65356,2025-09-09,Upi,Paid,14217.03
135357,65357,2024-09-11,Credit Card,Paid,18095.95
135358,65358,2024-05-20,Upi,Paid,29307.02
135359,65359,2024-01-22,Cash On Delivery,Paid,4018.2
135360,65360,2026-01-06,Debit Card,Paid,4000.87
135361,65361,2024-07-24,Net Banking,Paid,15415.06
135362,65362,2024-05-27,Wallet,Paid,22679.85
135363,65363,2026-07-23,Upi,Paid,11282.14
135364,65364,2025-12-20,Debit Card,Paid,27264.39
135365,65365,2024-09-08,Credit Card,Paid,3215.34
135366,65366,2025-11-24,Upi,Paid,24369.9
135367,65367,2025-05-01,Upi,Paid,23222.46
135368,65368,2024-01-11,Upi,Paid,14819.43
135369,65369,2024-09-19,Wallet,Paid,24223.78
135370,65370,2026-01-22,Upi,Pending,15020.64
135371,65371,2025-11-30,Credit Card,Paid,14730.21
135372,65372,2025-02-02,Credit Card,Paid,19112.98
135373,65373,2026-08-16,Net Banking,Paid,418.16
135374,65374,2025-05-06,Credit Card,Paid,14760.21
135375,65375,2024-01-15,Cash On Delivery,Paid,14410.45
135376,65376,2026-07-24,Debit Card,Paid,3882.98
135377,65377,2024-01-26,Credit Card,Paid,17338.61
135378,65378,2026-06-12,Debit Card,Paid,21709.38
135379,65379,2024-03-13,Upi,Paid,14022.34
135380,65380,2025-01-09,Net Banking,Paid,1178.7
135381,65381,2024-02-25,Upi,Paid,15583.2
135382,65382,2025-11-22,Upi,Paid,2359.45
135383,65383,2024-10-26,Upi,Paid,13890.68
135384,65384,2025-05-12,Credit Card,Paid,5708.07
135385,65385,2024-07-04,Credit Card,Paid,11325.36
135386,65386,2026-03-10,Credit Card,Paid,7055.79
135387,65387,2025-03-25,Credit Card,Paid,19372.25
135388,65388,2024-11-08,Net Banking,Paid,16347.3
135389,65389,2024-01-24,Credit Card,Pending,1801.16
135390,65390,2025-04-04,Net Banking,Paid,15759.21
135391,65391,2025-12-07,Credit Card,Paid,27603.36
135392,65392,2024-04-22,Net Banking,Paid,480.31
135393,65393,2025-05-10,Cash On Delivery,Paid,27546.32
135394,65394,2026-06-19,Upi,Paid,4670.78
135395,65395,2026-04-22,Credit Card,Refunded,15208.18
135396,65396,2026-05-25,Upi,Paid,15931.34
135397,65397,2026-05-20,Cash On Delivery,Paid,20062.66
135398,65398,2024-09-27,Upi,Paid,24909.55
135399,65399,2024-06-04,Wallet,Paid,24004.45
135400,65400,2025-07-20,Net Banking,Paid,25259.03
135401,65401,2025-11-29,Upi,Paid,5142.56
135402,65402,2025-01-03,Upi,Failed,27257.68
135403,65403,2024-08-16,Upi,Paid,20203.66
135404,65404,2024-05-31,Upi,Paid,28092.13
135405,65405,2025-05-10,Credit Card,Paid,20660.35
135406,65406,2024-02-13,Upi,Paid,17000.68
135407,65407,2025-10-25,Debit Card,Paid,23189.6
135408,65408,2026-03-12,Upi,Paid,24077.24
135409,65409,2026-03-18,Upi,Paid,5892.34
135410,65410,2024-10-07,Upi,Failed,18677.82
135411,65411,2024-04-06,Upi,Paid,15270.2
135412,65412,2025-05-17,Upi,Paid,15826.56
135413,65413,2025-12-21,Credit Card,Paid,736.54
135414,65414,2026-05-28,Credit Card,Paid,7713.48
135415,65415,2024-04-28,Cash On Delivery,Paid,18027.54
135416,65416,2024-01-21,Credit Card,Paid,23403.76
135417,65417,2024-05-18,Debit Card,Paid,28483.34
135418,65418,2025-06-16,Debit Card,Paid,17988.59
135419,65419,2024-06-10,Wallet,Paid,18439.15
135420,65420,2026-07-18,Credit Card,Paid,8812.77
135421,65421,2024-12-01,Upi,Paid,7067.69
135422,65422,2026-02-26,Cash On Delivery,Paid,23838.94
135423,65423,2024-11-12,Upi,Paid,5482.39
135424,65424,2024-07-31,Upi,Paid,19371.8
135425,65425,2024-03-25,Upi,Paid,27243.29
135426,65426,2024-07-14,Credit Card,Paid,25377.26
135427,65427,2025-12-29,Net Banking,Paid,9851.23
135428,65428,2026-01-09,Upi,Paid,24428.86
135429,65429,2025-10-09,Cash On Delivery,Paid,9461.11
135430,65430,2024-03-21,Upi,Paid,14601.97
135431,65431,2024-11-08,Upi,Paid,15937.92
135432,65432,2025-08-05,Upi,Paid,6840.13
135433,65433,2026-06-29,Credit Card,Paid,9394.57
135434,65434,2024-08-18,Debit Card,Paid,14132.38
135435,65435,2024-07-02,Net Banking,Paid,12020.54
135436,65436,2026-03-25,Upi,Refunded,19980.56
135437,65437,2025-04-02,Cash On Delivery,Paid,26218.68
135438,65438,2025-01-06,Net Banking,Paid,7676.44
135439,65439,2025-01-07,Debit Card,Paid,21856.19
135440,65440,2025-02-09,Debit Card,Paid,18609.75
135441,65441,2025-04-15,Upi,Paid,1195.01
135442,65442,2026-02-12,Credit Card,Paid,23437.53
135443,65443,2025-11-02,Upi,Paid,24444.07
135444,65444,2024-03-29,Upi,Paid,21199.29
135445,65445,2024-05-08,Upi,Paid,20586.76
135446,65446,2025-08-05,Net Banking,Failed,23410.06
135447,65447,2026-03-27,Upi,Paid,26792.7
135448,65448,2026-07-25,Cash On Delivery,Paid,24873.25
135449,65449,2026-05-20,Cash On Delivery,Paid,8582.33
135450,65450,2025-09-22,Debit Card,Paid,27129.35
135451,65451,2024-08-21,Upi,Paid,18600.55
135452,65452,2024-03-22,Credit Card,Paid,9273.64
135453,65453,2025-12-17,Wallet,Paid,3764.08
135454,65454,2026-05-31,Credit Card,Paid,14190.92
135455,65455,2025-01-30,Net Banking,Paid,10513.96
135456,65456,2024-05-08,Debit Card,Paid,8896.14
135457,65457,2025-12-11,Upi,Paid,21866.08
135458,65458,2024-12-25,Cash On Delivery,Pending,1641.39
135459,65459,2025-09-11,Credit Card,Paid,777.5
135460,65460,2024-06-25,Debit Card,Paid,17397.91
135461,65461,2024-12-13,Cash On Delivery,Paid,14239.15
135462,65462,2025-12-04,Upi,Paid,17080.92
135463,65463,2026-04-12,Debit Card,Paid,23290.65
135464,65464,2024-09-15,Upi,Paid,1354.96
135465,65465,2026-02-17,Credit Card,Paid,22209.79
135466,65466,2024-09-10,Credit Card,Paid,5018.47
135467,65467,2025-12-16,Cash On Delivery,Paid,4166.15
135468,65468,2025-02-07,Debit Card,Paid,27395.9
135469,65469,2025-11-13,Upi,Paid,23384.22
135470,65470,2024-10-07,Debit Card,Paid,16260.11
135471,65471,2024-03-23,Credit Card,Paid,6487.69
135472,65472,2026-02-02,Upi,Paid,2575.82
135473,65473,2024-01-09,Credit Card,Paid,5479.69
135474,65474,2025-05-27,Cash On Delivery,Paid,19936.73
135475,65475,2024-02-27,Credit Card,Paid,22642.71
135476,65476,2025-06-23,Upi,Paid,18452.87
135477,65477,2024-04-16,Net Banking,Paid,6920.4
135478,65478,2024-06-08,Upi,Paid,21524.24
135479,65479,2026-08-16,Credit Card,Paid,14487.65
135480,65480,2026-06-06,Debit Card,Paid,14173.78
135481,65481,2025-03-10,Cash On Delivery,Pending,8812.65
135482,65482,2024-12-06,Credit Card,Paid,27335.97
135483,65483,2025-11-07,Credit Card,Paid,6941.49
135484,65484,2025-01-03,Wallet,Paid,20019.48
135485,65485,2024-05-29,Net Banking,Paid,18907.97
135486,65486,2024-08-24,Credit Card,Paid,16715.56
135487,65487,2025-08-21,Credit Card,Paid,7462.74
135488,65488,2026-07-21,Debit Card,Paid,22281.62
135489,65489,2025-09-24,Upi,Paid,22205.82
135490,65490,2025-08-13,Credit Card,Paid,23390.44
135491,65491,2026-02-03,Debit Card,Failed,11709.53
135492,65492,2024-03-03,Upi,Paid,8085.6
135493,65493,2025-08-30,Upi,Paid,26194.82
135494,65494,2024-07-07,Upi,Paid,29338.09
135495,65495,2025-02-15,Credit Card,Paid,3505.62
135496,65496,2025-04-14,Debit Card,Paid,14492.37
135497,65497,2025-12-08,Net Banking,Failed,2552.03
135498,65498,2024-07-04,Cash On Delivery,Failed,1952.84
135499,65499,2026-07-15,Upi,Paid,24920.89
135500,65500,2025-08-09,Upi,Paid,15167.33
135501,65501,2024-12-03,Credit Card,Paid,24618.37
135502,65502,2024-10-28,Net Banking,Paid,22377.73
135503,65503,2024-04-10,Cash On Delivery,Paid,3476.82
135504,65504,2024-12-08,Upi,Paid,17726.05
135505,65505,2024-04-25,Upi,Paid,27420.92
135506,65506,2026-02-04,Net Banking,Paid,1353.82
135507,65507,2026-02-12,Wallet,Paid,26313.48
135508,65508,2025-05-26,Credit Card,Paid,25028.13
135509,65509,2026-07-27,Debit Card,Paid,16383.81
135510,65510,2024-04-19,Credit Card,Paid,20094.97
135511,65511,2026-05-02,Upi,Paid,625.49
135512,65512,2024-12-27,Debit Card,Failed,23781.36
135513,65513,2026-01-06,Net Banking,Paid,20973.32
135514,65514,2026-05-20,Credit Card,Paid,5887.54
135515,65515,2024-05-03,Credit Card,Paid,8976.44
135516,65516,2026-03-31,Upi,Paid,15127.56
135517,65517,2026-08-21,Cash On Delivery,Paid,19709.23
135518,65518,2026-01-10,Cash On Delivery,Paid,7166.1
135519,65519,2024-05-21,Cash On Delivery,Paid,10943.2
135520,65520,2026-03-31,Debit Card,Paid,22164.93
135521,65521,2024-09-29,Credit Card,Paid,4788.97
135522,65522,2024-03-29,Cash On Delivery,Paid,19847.57
135523,65523,2025-09-16,Upi,Paid,6809.06
135524,65524,2024-04-30,Upi,Paid,16458.81
135525,65525,2025-07-05,Upi,Paid,4469.41
135526,65526,2024-01-22,Net Banking,Paid,23399.85
135527,65527,2025-12-20,Net Banking,Paid,15209.11
135528,65528,2024-05-01,Upi,Paid,19614.99
135529,65529,2025-10-13,Credit Card,Failed,28874.28
135530,65530,2026-03-10,Upi,Paid,16227.71
135531,65531,2024-04-07,Upi,Paid,460.53
135532,65532,2024-02-08,Upi,Paid,12694.08
135533,65533,2026-05-04,Upi,Paid,6132.62
135534,65534,2025-03-27,Credit Card,Paid,28964.25
135535,65535,2025-05-07,Cash On Delivery,Paid,1649.02
135536,65536,2024-08-29,Debit Card,Paid,14981.22
135537,65537,2025-04-08,Cash On Delivery,Failed,2284.25
135538,65538,2026-03-20,Credit Card,Paid,10387.96
135539,65539,2026-03-31,Upi,Paid,15941.97
135540,65540,2026-02-20,Upi,Pending,14830.55
135541,65541,2024-10-07,Credit Card,Refunded,12510.28
135542,65542,2026-01-13,Net Banking,Paid,8457.38
135543,65543,2025-03-12,Net Banking,Paid,26260.28
135544,65544,2025-01-03,Credit Card,Paid,14774.08
135545,65545,2024-11-13,Upi,Paid,14773.75
135546,65546,2026-06-17,Upi,Pending,7962.91
135547,65547,2024-06-20,Credit Card,Paid,27856.54
135548,65548,2026-05-19,Credit Card,Paid,8330.12
135549,65549,2026-06-03,Net Banking,Paid,24542.69
135550,65550,2025-09-25,Debit Card,Paid,2086.52
135551,65551,2024-01-27,Debit Card,Refunded,18006.48
135552,65552,2025-08-19,Credit Card,Paid,11753.14
135553,65553,2024-04-24,Upi,Paid,16040.95
135554,65554,2024-11-24,Net Banking,Paid,8194.85
135555,65555,2024-03-15,Debit Card,Paid,8916.64
135556,65556,2025-12-14,Debit Card,Paid,19655.53
135557,65557,2025-04-16,Debit Card,Failed,27992.88
135558,65558,2026-07-01,Wallet,Paid,24191.09
135559,65559,2025-10-27,Upi,Failed,14325.57
135560,65560,2024-11-03,Credit Card,Paid,28609.05
135561,65561,2026-01-21,Wallet,Paid,4213.87
135562,65562,2024-10-06,Upi,Paid,28679.43
135563,65563,2024-09-18,Upi,Paid,14093.84
135564,65564,2024-09-13,Upi,Refunded,4409.67
135565,65565,2025-11-23,Credit Card,Failed,16357.91
135566,65566,2026-08-12,Upi,Paid,20230.87
135567,65567,2026-04-09,Upi,Paid,11281.13
135568,65568,2025-06-11,Upi,Failed,13311.51
135569,65569,2024-01-13,Debit Card,Paid,5481.49
135570,65570,2026-07-29,Net Banking,Paid,24467.85
135571,65571,2025-01-08,Credit Card,Paid,23536.74
135572,65572,2025-08-24,Upi,Paid,5649.42
135573,65573,2025-02-17,Upi,Paid,11270.5
135574,65574,2024-10-12,Wallet,Paid,24403.71
135575,65575,2024-10-24,Upi,Paid,27548.97
135576,65576,2025-07-23,Upi,Paid,2688.9
135577,65577,2025-02-20,Cash On Delivery,Paid,21334.91
135578,65578,2024-06-01,Debit Card,Paid,24069.4
135579,65579,2025-01-02,Net Banking,Paid,14273.96
135580,65580,2025-03-11,Credit Card,Paid,6996.6
135581,65581,2025-08-31,Debit Card,Paid,25813.85
135582,65582,2025-03-08,Upi,Paid,25357.54
135583,65583,2024-07-08,Wallet,Paid,19022.69
135584,65584,2025-07-13,Credit Card,Refunded,11211.36
135585,65585,2026-03-24,Upi,Paid,21866.54
135586,65586,2025-01-10,Upi,Paid,26086.59
135587,65587,2025-09-09,Credit Card,Pending,11831.64
135588,65588,2025-03-20,Upi,Paid,1973.45
135589,65589,2024-10-15,Upi,Paid,14039.32
135590,65590,2026-04-29,Upi,Paid,15560.68
135591,65591,2026-07-25,Debit Card,Paid,10952.68
135592,65592,2024-06-24,Debit Card,Paid,27908.41
135593,65593,2025-08-28,Cash On Delivery,Paid,19234.04
135594,65594,2026-06-16,Credit Card,Paid,4435.5
135595,65595,2025-06-06,Upi,Paid,24837.81
135596,65596,2025-06-09,Credit Card,Paid,13822.08
135597,65597,2026-07-19,Credit Card,Paid,1428.72
135598,65598,2025-09-04,Cash On Delivery,Paid,9563.4
135599,65599,2026-04-06,Upi,Paid,23797.71
135600,65600,2024-04-14,Upi,Paid,8538.3
135601,65601,2025-07-26,Cash On Delivery,Paid,26871.11
135602,65602,2024-05-20,Upi,Pending,22656.32
135603,65603,2024-07-17,Debit Card,Paid,9734.73
135604,65604,2025-12-11,Credit Card,Paid,18844.53
135605,65605,2026-04-23,Upi,Paid,922.84
135606,65606,2026-05-26,Credit Card,Paid,5170.78
135607,65607,2026-01-12,Credit Card,Paid,14262.71
135608,65608,2025-05-19,Debit Card,Paid,11036.29
135609,65609,2025-02-27,Upi,Paid,2616.91
135610,65610,2024-06-14,Credit Card,Refunded,11279.12
135611,65611,2026-02-02,Cash On Delivery,Paid,18502.23
135612,65612,2026-02-14,Upi,Paid,19110.98
135613,65613,2024-05-04,Credit Card,Paid,4531.97
135614,65614,2026-06-10,Credit Card,Paid,13936.89
135615,65615,2024-11-17,Upi,Paid,20296.0
135616,65616,2025-10-15,Credit Card,Paid,28219.87
135617,65617,2024-05-05,Net Banking,Paid,23934.98
135618,65618,2024-06-27,Debit Card,Paid,15147.29
135619,65619,2025-08-12,Upi,Paid,14510.08
135620,65620,2025-02-07,Credit Card,Paid,1921.67
135621,65621,2024-01-30,Net Banking,Paid,6917.81
135622,65622,2026-06-30,Upi,Paid,6262.42
135623,65623,2026-05-11,Net Banking,Paid,4501.97
135624,65624,2024-07-07,Cash On Delivery,Paid,29070.62
135625,65625,2025-09-23,Upi,Paid,20906.52
135626,65626,2024-06-15,Cash On Delivery,Paid,29492.46
135627,65627,2025-11-27,Credit Card,Paid,11357.2
135628,65628,2025-11-11,Cash On Delivery,Refunded,4825.59
135629,65629,2025-12-25,Upi,Paid,16409.2
135630,65630,2025-06-10,Debit Card,Paid,10850.82
135631,65631,2024-01-27,Debit Card,Paid,15123.63
135632,65632,2024-07-19,Credit Card,Refunded,17466.21
135633,65633,2026-08-20,Upi,Paid,20608.17
135634,65634,2025-08-21,Debit Card,Pending,27490.88
135635,65635,2024-11-30,Credit Card,Paid,2776.53
135636,65636,2026-06-27,Cash On Delivery,Paid,24919.84
135637,65637,2025-02-23,Debit Card,Paid,27794.56
135638,65638,2026-04-10,Wallet,Paid,28060.85
135639,65639,2026-02-21,Net Banking,Paid,24989.37
135640,65640,2024-01-10,Upi,Paid,9183.17
135641,65641,2026-06-24,Debit Card,Paid,4006.36
135642,65642,2026-05-01,Cash On Delivery,Paid,25198.98
135643,65643,2026-08-21,Credit Card,Paid,15049.23
135644,65644,2025-08-31,Upi,Paid,12164.29
135645,65645,2025-11-11,Net Banking,Paid,9093.65
135646,65646,2024-09-16,Upi,Paid,569.94
135647,65647,2024-05-28,Upi,Paid,16590.7
135648,65648,2024-04-02,Wallet,Paid,17744.74
135649,65649,2024-06-20,Net Banking,Paid,10309.14
135650,65650,2026-08-02,Upi,Paid,1384.31
135651,65651,2024-09-26,Net Banking,Paid,22435.47
135652,65652,2024-01-29,Debit Card,Refunded,15597.26
135653,65653,2025-10-29,Credit Card,Failed,932.09
135654,65654,2024-07-01,Upi,Paid,937.93
135655,65655,2025-05-11,Upi,Failed,17281.97
135656,65656,2025-10-14,Upi,Paid,12925.01
135657,65657,2025-07-10,Upi,Paid,21646.88
135658,65658,2026-01-05,Upi,Paid,3203.14
135659,65659,2024-01-21,Debit Card,Refunded,6433.95
135660,65660,2024-09-15,Upi,Paid,23589.6
135661,65661,2025-01-31,Cash On Delivery,Paid,15045.61
135662,65662,2025-12-18,Credit Card,Paid,17944.06
135663,65663,2025-06-11,Net Banking,Paid,28991.12
135664,65664,2026-01-13,Upi,Paid,11069.57
135665,65665,2025-12-20,Upi,Paid,17797.58
135666,65666,2026-02-20,Upi,Paid,10011.82
135667,65667,2025-08-15,Debit Card,Paid,16028.22
135668,65668,2026-01-02,Upi,Paid,11554.37
135669,65669,2025-10-21,Credit Card,Paid,7017.73
135670,65670,2024-02-01,Upi,Paid,27085.77
135671,65671,2024-09-29,Upi,Paid,7159.13
135672,65672,2026-05-18,Credit Card,Paid,5165.44
135673,65673,2024-03-30,Upi,Paid,5352.61
135674,65674,2025-06-29,Credit Card,Paid,5904.03
135675,65675,2026-01-15,Debit Card,Paid,23708.32
135676,65676,2025-02-25,Net Banking,Paid,26340.12
135677,65677,2024-06-25,Cash On Delivery,Paid,20129.0
135678,65678,2024-01-24,Cash On Delivery,Paid,26235.22
135679,65679,2025-10-04,Upi,Paid,17148.11
135680,65680,2025-07-27,Debit Card,Paid,17621.8
135681,65681,2025-11-01,Net Banking,Paid,17845.11
135682,65682,2024-06-06,Credit Card,Paid,13406.3
135683,65683,2025-03-30,Net Banking,Paid,12544.02
135684,65684,2025-06-15,Debit Card,Paid,18290.7
135685,65685,2026-03-23,Credit Card,Paid,23376.95
135686,65686,2024-07-04,Upi,Paid,25602.94
135687,65687,2025-11-07,Credit Card,Paid,12474.44
135688,65688,2025-11-01,Cash On Delivery,Paid,4562.54
135689,65689,2025-07-30,Upi,Paid,10598.62
135690,65690,2024-03-27,Upi,Refunded,4121.65
135691,65691,2024-04-27,Cash On Delivery,Paid,11223.25
135692,65692,2025-08-07,Debit Card,Paid,12012.02
135693,65693,2025-08-29,Credit Card,Paid,9094.34
135694,65694,2025-09-18,Debit Card,Paid,19751.31
135695,65695,2026-01-23,Cash On Delivery,Paid,3384.53
135696,65696,2025-01-19,Upi,Paid,19894.53
135697,65697,2024-10-17,Net Banking,Paid,15880.12
135698,65698,2026-06-11,Net Banking,Paid,1592.45
135699,65699,2025-11-04,Wallet,Paid,20862.87
135700,65700,2025-05-26,Net Banking,Paid,2149.55
135701,65701,2025-06-26,Debit Card,Paid,7482.62
135702,65702,2025-12-29,Debit Card,Paid,27111.91
135703,65703,2024-10-28,Cash On Delivery,Paid,27428.43
135704,65704,2025-03-10,Cash On Delivery,Paid,5609.85
135705,65705,2024-02-13,Upi,Paid,13137.68
135706,65706,2026-02-07,Upi,Paid,16386.87
135707,65707,2025-05-02,Upi,Paid,15930.15
135708,65708,2026-05-21,Upi,Paid,5169.92
135709,65709,2024-10-15,Upi,Paid,21965.63
135710,65710,2025-02-07,Net Banking,Paid,20337.44
135711,65711,2024-02-23,Debit Card,Paid,375.77
135712,65712,2026-07-28,Wallet,Failed,5029.82
135713,65713,2024-12-01,Debit Card,Failed,17714.61
135714,65714,2024-05-29,Upi,Paid,5784.94
135715,65715,2025-08-19,Upi,Paid,11450.38
135716,65716,2026-04-01,Cash On Delivery,Paid,11449.72
135717,65717,2024-04-20,Cash On Delivery,Paid,11563.1
135718,65718,2025-05-25,Upi,Paid,14713.53
135719,65719,2025-04-06,Wallet,Paid,8774.84
135720,65720,2024-05-17,Upi,Paid,22135.08
135721,65721,2024-09-25,Upi,Paid,23280.56
135722,65722,2025-08-29,Debit Card,Paid,2715.07
135723,65723,2026-08-17,Net Banking,Paid,7984.96
135724,65724,2024-05-10,Credit Card,Paid,1915.63
135725,65725,2025-09-06,Cash On Delivery,Paid,15054.81
135726,65726,2026-05-12,Upi,Paid,1057.95
135727,65727,2026-01-05,Upi,Paid,24028.47
135728,65728,2026-03-03,Debit Card,Failed,2882.54
135729,65729,2026-06-10,Credit Card,Paid,5909.68
135730,65730,2025-09-29,Cash On Delivery,Paid,23970.84
135731,65731,2024-02-06,Upi,Paid,5642.62
135732,65732,2024-08-15,Upi,Paid,8096.35
135733,65733,2025-02-06,Cash On Delivery,Paid,11281.8
135734,65734,2026-07-25,Credit Card,Pending,23396.01
135735,65735,2024-07-22,Net Banking,Paid,28038.38
135736,65736,2026-04-09,Credit Card,Paid,3555.66
135737,65737,2025-09-07,Upi,Pending,20623.43
135738,65738,2025-11-26,Credit Card,Paid,11117.72
135739,65739,2024-04-11,Upi,Paid,6871.81
135740,65740,2024-12-23,Debit Card,Paid,9207.26
135741,65741,2025-03-27,Credit Card,Paid,25372.75
135742,65742,2025-04-14,Upi,Paid,28055.88
135743,65743,2026-05-04,Debit Card,Paid,14252.95
135744,65744,2024-11-23,Net Banking,Paid,21913.58
135745,65745,2026-04-25,Net Banking,Paid,15172.65
135746,65746,2026-04-03,Net Banking,Paid,7821.12
135747,65747,2025-09-15,Credit Card,Paid,6266.5
135748,65748,2024-10-28,Cash On Delivery,Paid,18072.93
135749,65749,2024-04-05,Upi,Pending,3808.82
135750,65750,2024-08-19,Upi,Paid,9028.66
135751,65751,2025-08-12,Upi,Paid,21643.22
135752,65752,2024-07-26,Upi,Paid,27917.48
135753,65753,2026-05-27,Upi,Paid,28189.26
135754,65754,2025-01-25,Credit Card,Refunded,25082.44
135755,65755,2024-10-02,Upi,Paid,11863.53
135756,65756,2025-08-30,Debit Card,Paid,21745.23
135757,65757,2024-06-03,Debit Card,Paid,6493.11
135758,65758,2026-03-18,Debit Card,Paid,20880.18
135759,65759,2025-06-17,Debit Card,Paid,16332.57
135760,65760,2026-06-18,Upi,Paid,8881.61
135761,65761,2026-04-08,Credit Card,Failed,23046.85
135762,65762,2024-03-21,Debit Card,Paid,13423.39
135763,65763,2026-05-24,Credit Card,Paid,3724.46
135764,65764,2024-02-17,Upi,Paid,16801.0
135765,65765,2026-02-09,Upi,Paid,5961.68
135766,65766,2024-12-19,Upi,Refunded,16903.19
135767,65767,2024-12-03,Upi,Paid,29315.14
135768,65768,2026-02-27,Credit Card,Paid,15276.7
135769,65769,2024-09-23,Credit Card,Paid,23585.41
135770,65770,2026-05-31,Credit Card,Paid,21152.33
135771,65771,2024-02-11,Upi,Paid,24164.91
135772,65772,2024-06-12,Upi,Paid,5023.57
135773,65773,2024-12-12,Credit Card,Paid,18822.09
135774,65774,2024-10-06,Upi,Refunded,24116.8
135775,65775,2026-04-25,Upi,Paid,9183.81
135776,65776,2026-05-27,Upi,Paid,17660.32
135777,65777,2025-02-12,Debit Card,Paid,29450.83
135778,65778,2025-07-12,Upi,Failed,20518.24
135779,65779,2024-11-24,Cash On Delivery,Paid,8570.68
135780,65780,2025-01-30,Upi,Paid,28985.43
135781,65781,2024-11-25,Credit Card,Paid,22856.05
135782,65782,2024-08-27,Credit Card,Paid,14888.67
135783,65783,2025-11-06,Upi,Paid,29998.95
135784,65784,2024-04-20,Credit Card,Paid,733.43
135785,65785,2024-10-10,Cash On Delivery,Paid,847.01
135786,65786,2024-04-18,Cash On Delivery,Paid,17098.17
135787,65787,2025-03-16,Cash On Delivery,Paid,15585.75
135788,65788,2025-10-16,Upi,Refunded,28395.96
135789,65789,2025-05-17,Net Banking,Paid,25184.04
135790,65790,2025-12-02,Debit Card,Paid,17797.1
135791,65791,2025-07-14,Net Banking,Paid,16722.5
135792,65792,2024-12-22,Upi,Paid,28825.56
135793,65793,2026-06-03,Net Banking,Paid,5961.38
135794,65794,2025-08-11,Upi,Paid,28604.22
135795,65795,2024-02-10,Credit Card,Paid,19361.05
135796,65796,2024-06-01,Credit Card,Paid,10833.31
135797,65797,2025-10-14,Debit Card,Paid,20716.98
135798,65798,2024-01-21,Cash On Delivery,Paid,19911.64
135799,65799,2024-06-18,Wallet,Paid,29184.76
135800,65800,2024-04-09,Credit Card,Failed,1586.04
135801,65801,2026-02-27,Debit Card,Paid,17144.46
135802,65802,2024-04-13,Credit Card,Paid,3398.22
135803,65803,2024-07-14,Credit Card,Paid,5384.03
135804,65804,2026-08-15,Upi,Paid,9544.55
135805,65805,2024-04-26,Net Banking,Paid,9739.88
135806,65806,2024-08-18,Upi,Paid,4105.8
135807,65807,2026-03-01,Credit Card,Paid,8862.87
135808,65808,2024-05-10,Credit Card,Paid,24413.93
135809,65809,2024-08-12,Cash On Delivery,Paid,24154.07
135810,65810,2026-02-10,Credit Card,Paid,1247.71
135811,65811,2024-01-02,Cash On Delivery,Paid,15088.31
135812,65812,2024-12-22,Net Banking,Paid,3248.74
135813,65813,2024-09-05,Net Banking,Paid,19768.43
135814,65814,2024-07-20,Credit Card,Paid,26716.63
135815,65815,2025-01-16,Debit Card,Paid,1595.95
135816,65816,2024-08-01,Net Banking,Paid,24010.22
135817,65817,2026-01-23,Cash On Delivery,Paid,4406.61
135818,65818,2024-05-15,Net Banking,Paid,22180.8
135819,65819,2025-01-24,Credit Card,Paid,10458.73
135820,65820,2024-03-21,Net Banking,Paid,26952.88
135821,65821,2024-04-13,Credit Card,Paid,12993.85
135822,65822,2025-10-22,Upi,Paid,25788.48
135823,65823,2025-03-16,Credit Card,Paid,2895.16
135824,65824,2025-03-05,Debit Card,Paid,7350.99
135825,65825,2024-09-23,Upi,Paid,29349.03
135826,65826,2024-05-26,Credit Card,Paid,1302.5
135827,65827,2026-05-04,Upi,Paid,11066.94
135828,65828,2026-02-07,Debit Card,Paid,1115.04
135829,65829,2025-03-27,Upi,Paid,10749.74
135830,65830,2024-01-21,Cash On Delivery,Failed,21496.5
135831,65831,2026-05-21,Upi,Paid,21352.29
135832,65832,2025-02-21,Upi,Paid,29300.19
135833,65833,2024-07-02,Upi,Paid,14529.41
135834,65834,2024-05-03,Upi,Paid,24932.17
135835,65835,2026-08-26,Credit Card,Paid,16555.7
135836,65836,2024-01-28,Wallet,Paid,25319.82
135837,65837,2024-12-27,Debit Card,Paid,9177.85
135838,65838,2025-06-18,Upi,Paid,10465.0
135839,65839,2024-10-11,Upi,Paid,23258.48
135840,65840,2024-05-31,Debit Card,Paid,29177.81
135841,65841,2025-09-19,Cash On Delivery,Paid,17508.33
135842,65842,2024-03-09,Credit Card,Paid,821.52
135843,65843,2026-08-04,Cash On Delivery,Paid,23730.77
135844,65844,2025-04-12,Wallet,Paid,23842.61
135845,65845,2025-12-14,Upi,Paid,19839.78
135846,65846,2026-04-01,Upi,Paid,1300.33
135847,65847,2026-02-06,Upi,Paid,1331.0
135848,65848,2025-04-16,Upi,Paid,14368.42
135849,65849,2024-03-17,Debit Card,Paid,10913.99
135850,65850,2024-03-21,Debit Card,Paid,2116.32
135851,65851,2024-12-14,Credit Card,Paid,5153.56
135852,65852,2024-10-25,Credit Card,Paid,24174.02
135853,65853,2026-05-13,Upi,Paid,23592.89
135854,65854,2025-03-10,Cash On Delivery,Paid,9433.69
135855,65855,2026-08-28,Cash On Delivery,Paid,9583.11
135856,65856,2024-10-02,Debit Card,Paid,1788.37
135857,65857,2026-07-26,Cash On Delivery,Paid,12143.84
135858,65858,2024-11-23,Upi,Pending,15591.8
135859,65859,2026-08-27,Credit Card,Paid,5800.44
135860,65860,2025-05-01,Upi,Paid,9485.1
135861,65861,2024-01-19,Upi,Paid,16562.62
135862,65862,2026-07-06,Wallet,Paid,4453.76
135863,65863,2024-07-18,Net Banking,Paid,15927.46
135864,65864,2026-02-22,Credit Card,Paid,12043.02
135865,65865,2026-03-09,Debit Card,Paid,28097.32
135866,65866,2024-07-19,Cash On Delivery,Pending,11896.15
135867,65867,2025-07-08,Debit Card,Paid,2349.25
135868,65868,2026-02-03,Credit Card,Paid,11808.73
135869,65869,2026-07-09,Credit Card,Paid,6212.67
135870,65870,2025-01-19,Upi,Failed,6100.84
135871,65871,2025-02-03,Credit Card,Paid,28974.56
135872,65872,2026-03-04,Net Banking,Paid,12482.89
135873,65873,2025-04-24,Upi,Paid,18332.82
135874,65874,2025-08-22,Upi,Failed,12228.8
135875,65875,2024-04-25,Cash On Delivery,Paid,12927.74
135876,65876,2025-10-21,Upi,Paid,9111.53
135877,65877,2024-11-21,Cash On Delivery,Paid,16479.33
135878,65878,2024-12-19,Upi,Paid,1119.71
135879,65879,2026-05-24,Upi,Paid,29656.02
135880,65880,2025-11-24,Upi,Paid,26031.92
135881,65881,2025-06-25,Upi,Paid,3594.95
135882,65882,2025-07-05,Upi,Paid,21510.32
135883,65883,2026-04-12,Cash On Delivery,Paid,1939.25
135884,65884,2025-08-24,Cash On Delivery,Paid,12052.57
135885,65885,2024-07-24,Upi,Paid,6404.96
135886,65886,2025-06-15,Net Banking,Failed,29312.7
135887,65887,2025-08-30,Credit Card,Failed,13457.4
135888,65888,2024-02-25,Cash On Delivery,Paid,27333.81
135889,65889,2024-05-10,Credit Card,Paid,19044.05
135890,65890,2025-04-08,Debit Card,Paid,18082.08
135891,65891,2025-07-13,Debit Card,Paid,14307.29
135892,65892,2024-02-20,Upi,Paid,14871.07
135893,65893,2025-03-19,Credit Card,Paid,16771.91
135894,65894,2024-06-15,Cash On Delivery,Paid,8996.93
135895,65895,2025-10-10,Net Banking,Paid,6925.37
135896,65896,2025-04-08,Upi,Paid,21148.31
135897,65897,2024-04-02,Upi,Paid,21247.55
135898,65898,2025-01-29,Debit Card,Paid,19711.28
135899,65899,2026-06-21,Upi,Paid,16707.7
135900,65900,2024-02-17,Debit Card,Paid,8439.58
135901,65901,2025-01-27,Upi,Paid,5476.82
135902,65902,2024-05-15,Upi,Failed,26085.72
135903,65903,2026-05-25,Upi,Paid,5087.82
135904,65904,2025-03-28,Net Banking,Paid,25316.34
135905,65905,2025-09-03,Wallet,Pending,11706.15
135906,65906,2026-07-30,Credit Card,Paid,27303.52
135907,65907,2024-02-21,Debit Card,Paid,8644.36
135908,65908,2025-04-17,Cash On Delivery,Paid,1451.7
135909,65909,2024-03-08,Cash On Delivery,Paid,14266.17
135910,65910,2026-01-22,Net Banking,Paid,15212.78
135911,65911,2025-07-24,Cash On Delivery,Paid,14837.0
135912,65912,2025-03-05,Upi,Paid,970.86
135913,65913,2024-10-12,Upi,Failed,18155.23
135914,65914,2024-07-04,Cash On Delivery,Paid,22162.5
135915,65915,2026-06-08,Upi,Paid,832.07
135916,65916,2024-01-22,Cash On Delivery,Paid,15243.26
135917,65917,2024-05-06,Upi,Paid,793.15
135918,65918,2024-12-31,Net Banking,Pending,2635.68
135919,65919,2025-01-15,Debit Card,Paid,14598.8
135920,65920,2026-06-10,Debit Card,Paid,12161.15
135921,65921,2024-10-29,Credit Card,Paid,1034.57
135922,65922,2024-11-12,Debit Card,Paid,959.9
135923,65923,2024-08-15,Cash On Delivery,Pending,2319.38
135924,65924,2024-12-26,Cash On Delivery,Paid,6823.47
135925,65925,2024-09-21,Upi,Paid,17289.11
135926,65926,2025-11-03,Upi,Paid,21451.89
135927,65927,2026-02-16,Upi,Paid,19667.93
135928,65928,2025-12-16,Upi,Paid,1328.0
135929,65929,2026-02-21,Wallet,Paid,6331.47
135930,65930,2025-08-16,Net Banking,Paid,25295.32
135931,65931,2025-11-01,Wallet,Paid,15195.74
135932,65932,2024-11-24,Upi,Paid,12696.52
135933,65933,2026-08-25,Debit Card,Paid,20619.77
135934,65934,2026-07-07,Upi,Paid,28156.11
135935,65935,2024-02-26,Debit Card,Paid,10732.17
135936,65936,2024-12-10,Credit Card,Paid,6684.58
135937,65937,2025-11-05,Cash On Delivery,Paid,11501.03
135938,65938,2024-10-10,Debit Card,Paid,16381.81
135939,65939,2025-05-14,Net Banking,Paid,28001.06
135940,65940,2026-03-28,Wallet,Paid,1507.35
135941,65941,2026-05-11,Debit Card,Paid,22570.73
135942,65942,2026-06-29,Upi,Paid,28895.19
135943,65943,2025-09-24,Upi,Paid,3766.18
135944,65944,2026-07-17,Credit Card,Paid,29808.78
135945,65945,2025-09-21,Debit Card,Paid,26183.21
135946,65946,2025-06-04,Debit Card,Failed,18330.79
135947,65947,2024-07-13,Credit Card,Refunded,12843.62
135948,65948,2026-04-26,Cash On Delivery,Paid,16913.27
135949,65949,2024-09-08,Wallet,Paid,8886.54
135950,65950,2024-06-30,Upi,Pending,12300.86
135951,65951,2026-01-12,Cash On Delivery,Paid,25051.49
135952,65952,2026-05-13,Cash On Delivery,Paid,26960.38
135953,65953,2026-08-06,Upi,Paid,29329.39
135954,65954,2026-01-06,Upi,Paid,5310.01
135955,65955,2026-07-23,Debit Card,Paid,13901.74
135956,65956,2025-01-24,Upi,Paid,21180.2
135957,65957,2024-04-15,Upi,Paid,5311.31
135958,65958,2024-08-28,Credit Card,Paid,23758.6
135959,65959,2024-06-03,Net Banking,Paid,17093.71
135960,65960,2026-01-06,Debit Card,Paid,19405.47
135961,65961,2025-02-16,Upi,Paid,12544.73
135962,65962,2025-02-23,Credit Card,Paid,16048.77
135963,65963,2026-06-14,Credit Card,Paid,18781.0
135964,65964,2026-08-09,Debit Card,Paid,16332.48
135965,65965,2024-05-21,Wallet,Paid,13260.77
135966,65966,2026-04-08,Credit Card,Paid,15439.33
135967,65967,2025-09-14,Credit Card,Paid,18815.91
135968,65968,2026-02-08,Upi,Paid,3135.9
135969,65969,2026-07-10,Debit Card,Paid,6895.04
135970,65970,2024-11-22,Upi,Paid,23910.62
135971,65971,2026-02-25,Upi,Paid,15020.12
135972,65972,2025-11-24,Upi,Paid,25661.94
135973,65973,2025-09-30,Debit Card,Paid,10429.21
135974,65974,2026-01-06,Upi,Paid,10470.93
135975,65975,2026-01-18,Cash On Delivery,Failed,28191.62
135976,65976,2025-02-03,Credit Card,Paid,29126.12
135977,65977,2026-06-19,Credit Card,Pending,20486.71
135978,65978,2024-04-03,Wallet,Refunded,6845.18
135979,65979,2024-06-30,Debit Card,Paid,5511.22
135980,65980,2025-12-14,Net Banking,Paid,23890.29
135981,65981,2025-03-25,Debit Card,Paid,23641.97
135982,65982,2024-10-15,Net Banking,Paid,29116.95
135983,65983,2025-05-10,Upi,Paid,12375.72
135984,65984,2024-05-09,Debit Card,Paid,4358.28
135985,65985,2024-01-03,Debit Card,Paid,9166.65
135986,65986,2024-02-12,Upi,Paid,22995.63
135987,65987,2026-05-18,Cash On Delivery,Paid,15218.99
135988,65988,2024-11-16,Credit Card,Paid,25796.01
135989,65989,2026-05-30,Upi,Paid,26822.01
135990,65990,2025-05-11,Upi,Paid,6903.37
135991,65991,2024-10-25,Credit Card,Paid,24106.63
135992,65992,2024-02-10,Net Banking,Paid,20958.71
135993,65993,2024-04-14,Credit Card,Paid,28903.99
135994,65994,2025-07-03,Debit Card,Paid,4887.48
135995,65995,2025-08-21,Credit Card,Paid,24972.8
135996,65996,2026-05-20,Upi,Paid,12310.61
135997,65997,2024-07-09,Credit Card,Paid,3309.89
135998,65998,2025-08-05,Credit Card,Paid,2555.86
135999,65999,2024-03-26,Cash On Delivery,Paid,21534.31
136000,66000,2025-05-26,Wallet,Paid,11943.77
136001,66001,2024-06-21,Debit Card,Refunded,28524.36
136002,66002,2024-08-15,Upi,Paid,27423.67
136003,66003,2025-02-09,Upi,Paid,24564.91
136004,66004,2025-03-03,Upi,Paid,5720.48
136005,66005,2024-04-25,Upi,Paid,16447.53
136006,66006,2025-08-06,Cash On Delivery,Paid,5504.28
136007,66007,2025-01-24,Upi,Paid,7349.56
136008,66008,2026-04-19,Upi,Paid,21185.87
136009,66009,2025-08-14,Credit Card,Paid,10983.87
136010,66010,2026-05-06,Wallet,Failed,18943.74
136011,66011,2024-01-20,Upi,Paid,21677.95
136012,66012,2025-03-17,Debit Card,Refunded,8141.18
136013,66013,2026-03-27,Credit Card,Paid,3487.4
136014,66014,2024-06-30,Net Banking,Paid,5498.3
136015,66015,2024-08-04,Cash On Delivery,Paid,26358.84
136016,66016,2025-11-17,Upi,Paid,16727.86
136017,66017,2024-01-20,Credit Card,Paid,27401.79
136018,66018,2026-07-13,Credit Card,Refunded,4123.6
136019,66019,2026-07-02,Net Banking,Paid,13933.59
136020,66020,2026-07-18,Net Banking,Paid,10462.47
136021,66021,2026-01-28,Credit Card,Paid,9821.3
136022,66022,2026-08-25,Debit Card,Paid,13506.82
136023,66023,2026-08-03,Net Banking,Paid,1830.92
136024,66024,2024-09-03,Debit Card,Paid,12043.64
136025,66025,2024-05-30,Debit Card,Paid,9144.35
136026,66026,2026-03-25,Net Banking,Paid,20328.98
136027,66027,2025-03-18,Debit Card,Paid,13925.72
136028,66028,2024-02-20,Debit Card,Paid,1195.56
136029,66029,2025-03-11,Cash On Delivery,Paid,19918.85
136030,66030,2024-01-17,Debit Card,Paid,26742.21
136031,66031,2025-07-14,Upi,Paid,24976.33
136032,66032,2025-10-17,Upi,Paid,15977.22
136033,66033,2024-02-19,Credit Card,Paid,28118.39
136034,66034,2024-04-26,Upi,Failed,11049.24
136035,66035,2026-05-30,Credit Card,Paid,13750.59
136036,66036,2025-01-14,Credit Card,Paid,29361.87
136037,66037,2024-02-19,Upi,Paid,7971.47
136038,66038,2024-01-16,Credit Card,Paid,27262.27
136039,66039,2025-01-23,Upi,Paid,11761.17
136040,66040,2024-03-26,Cash On Delivery,Paid,5888.02
136041,66041,2024-05-13,Upi,Paid,26913.64
136042,66042,2024-07-24,Debit Card,Paid,819.53
136043,66043,2025-11-15,Debit Card,Paid,19698.99
136044,66044,2025-06-24,Debit Card,Paid,26289.47
136045,66045,2026-01-22,Credit Card,Paid,4836.54
136046,66046,2024-11-18,Debit Card,Paid,5128.49
136047,66047,2024-03-19,Cash On Delivery,Paid,21021.48
136048,66048,2025-06-30,Upi,Paid,25689.4
136049,66049,2026-07-28,Cash On Delivery,Paid,4523.4
136050,66050,2025-09-22,Cash On Delivery,Paid,25661.02
136051,66051,2024-08-24,Cash On Delivery,Pending,6439.85
136052,66052,2024-01-04,Credit Card,Paid,904.48
136053,66053,2024-03-22,Cash On Delivery,Paid,3259.14
136054,66054,2026-04-02,Net Banking,Paid,29380.03
136055,66055,2024-10-09,Cash On Delivery,Paid,8134.5
136056,66056,2024-02-26,Debit Card,Paid,25924.76
136057,66057,2024-11-26,Debit Card,Paid,15722.56
136058,66058,2026-04-27,Upi,Paid,24231.49
136059,66059,2025-02-17,Upi,Paid,27481.94
136060,66060,2026-08-04,Cash On Delivery,Paid,28001.12
136061,66061,2025-05-05,Net Banking,Paid,10055.1
136062,66062,2026-05-27,Upi,Paid,13581.26
136063,66063,2024-07-16,Upi,Paid,1226.64
136064,66064,2025-06-10,Upi,Paid,28203.46
136065,66065,2025-04-08,Debit Card,Paid,22653.61
136066,66066,2026-01-16,Debit Card,Paid,3808.21
136067,66067,2024-05-13,Upi,Failed,7924.93
136068,66068,2024-06-16,Credit Card,Paid,10655.05
136069,66069,2024-08-04,Credit Card,Paid,20411.82
136070,66070,2026-06-28,Debit Card,Paid,2577.14
136071,66071,2026-05-20,Cash On Delivery,Paid,24072.43
136072,66072,2024-01-25,Net Banking,Paid,5232.03
136073,66073,2025-02-13,Cash On Delivery,Paid,25633.05
136074,66074,2025-06-18,Upi,Paid,29493.67
136075,66075,2026-05-16,Upi,Paid,3430.94
136076,66076,2025-03-23,Credit Card,Paid,21951.37
136077,66077,2026-01-21,Credit Card,Paid,14208.78
136078,66078,2026-02-13,Cash On Delivery,Paid,23572.08
136079,66079,2025-05-13,Credit Card,Paid,2720.96
136080,66080,2025-12-26,Net Banking,Paid,23216.02
136081,66081,2024-03-12,Credit Card,Paid,26571.15
136082,66082,2024-11-16,Upi,Paid,6837.05
136083,66083,2026-04-10,Upi,Paid,29358.45
136084,66084,2024-06-09,Net Banking,Refunded,29924.99
136085,66085,2025-05-09,Cash On Delivery,Paid,27829.05
136086,66086,2026-02-09,Upi,Paid,12730.03
136087,66087,2025-05-17,Credit Card,Paid,10712.99
136088,66088,2026-08-07,Credit Card,Paid,23317.29
136089,66089,2026-04-09,Debit Card,Paid,6458.47
136090,66090,2024-04-05,Upi,Paid,7322.75
136091,66091,2025-05-31,Wallet,Paid,3201.11
136092,66092,2025-12-11,Upi,Failed,3892.58
136093,66093,2025-12-27,Credit Card,Paid,12514.68
136094,66094,2025-05-18,Debit Card,Paid,24685.92
136095,66095,2025-01-25,Debit Card,Paid,9894.93
136096,66096,2024-11-01,Debit Card,Refunded,15541.81
136097,66097,2024-12-12,Upi,Paid,20918.48
136098,66098,2024-01-15,Wallet,Paid,7048.84
136099,66099,2026-04-13,Wallet,Paid,11868.47
136100,66100,2025-12-05,Upi,Paid,25429.33
136101,66101,2024-10-05,Debit Card,Paid,27110.0
136102,66102,2024-05-09,Upi,Paid,8747.42
136103,66103,2025-05-23,Debit Card,Paid,2936.46
136104,66104,2026-04-08,Upi,Paid,3079.09
136105,66105,2026-08-25,Cash On Delivery,Paid,6030.12
136106,66106,2024-09-13,Credit Card,Paid,16462.96
136107,66107,2025-03-03,Net Banking,Paid,27948.11
136108,66108,2025-07-28,Upi,Paid,3449.39
136109,66109,2025-08-01,Cash On Delivery,Paid,26770.22
136110,66110,2024-10-04,Wallet,Paid,3033.67
136111,66111,2026-03-03,Net Banking,Paid,9585.9
136112,66112,2025-11-15,Debit Card,Paid,18108.52
136113,66113,2026-03-18,Upi,Paid,23386.81
136114,66114,2024-04-25,Upi,Pending,29288.67
136115,66115,2025-10-18,Credit Card,Paid,5652.93
136116,66116,2024-11-28,Upi,Paid,4874.01
136117,66117,2026-01-11,Upi,Paid,13173.82
136118,66118,2025-05-08,Debit Card,Refunded,26103.76
136119,66119,2025-05-19,Upi,Paid,19709.26
136120,66120,2025-07-22,Debit Card,Paid,13458.59
136121,66121,2024-08-04,Wallet,Paid,8027.43
136122,66122,2025-07-16,Credit Card,Paid,23144.4
136123,66123,2026-05-04,Upi,Paid,28829.43
136124,66124,2024-03-18,Upi,Paid,19088.9
136125,66125,2024-06-13,Debit Card,Paid,25837.39
136126,66126,2024-02-04,Wallet,Paid,5075.47
136127,66127,2025-04-14,Debit Card,Paid,13583.14
136128,66128,2024-08-21,Upi,Paid,583.83
136129,66129,2025-07-29,Net Banking,Paid,16888.04
136130,66130,2024-02-06,Credit Card,Paid,14489.96
136131,66131,2024-04-15,Debit Card,Paid,18568.9
136132,66132,2024-08-03,Wallet,Paid,15888.18
136133,66133,2025-09-30,Debit Card,Paid,4519.78
136134,66134,2024-02-27,Debit Card,Paid,21091.39
136135,66135,2025-05-26,Cash On Delivery,Paid,24338.42
136136,66136,2025-05-29,Debit Card,Paid,2865.28
136137,66137,2024-11-06,Wallet,Paid,17016.42
136138,66138,2024-04-11,Credit Card,Paid,7005.06
136139,66139,2025-11-24,Credit Card,Paid,28369.61
136140,66140,2025-02-08,Cash On Delivery,Paid,15797.47
136141,66141,2025-08-02,Debit Card,Paid,16124.6
136142,66142,2026-01-17,Upi,Paid,626.14
136143,66143,2024-01-15,Upi,Paid,9887.49
136144,66144,2026-01-19,Credit Card,Paid,15673.65
136145,66145,2024-03-25,Net Banking,Paid,28520.41
136146,66146,2025-06-29,Upi,Paid,3307.5
136147,66147,2024-03-31,Net Banking,Paid,19645.05
136148,66148,2024-02-02,Wallet,Paid,29905.0
136149,66149,2025-02-06,Credit Card,Paid,586.08
136150,66150,2025-06-07,Credit Card,Refunded,20760.49
136151,66151,2024-10-31,Credit Card,Paid,4899.93
136152,66152,2024-09-04,Credit Card,Paid,22329.19
136153,66153,2024-06-24,Debit Card,Paid,17048.8
136154,66154,2025-07-08,Credit Card,Failed,22646.67
136155,66155,2025-01-24,Debit Card,Paid,25162.12
136156,66156,2026-06-02,Upi,Paid,14934.55
136157,66157,2025-02-25,Upi,Paid,29280.57
136158,66158,2025-08-06,Cash On Delivery,Paid,1254.47
136159,66159,2026-07-18,Credit Card,Paid,10522.26
136160,66160,2026-07-02,Credit Card,Paid,2020.56
136161,66161,2025-04-30,Net Banking,Paid,12913.48
136162,66162,2024-07-24,Cash On Delivery,Paid,16428.38
136163,66163,2025-01-18,Net Banking,Paid,18700.04
136164,66164,2024-09-18,Credit Card,Paid,6013.27
136165,66165,2025-04-19,Upi,Paid,18739.28
136166,66166,2024-05-26,Credit Card,Refunded,10723.82
136167,66167,2025-01-26,Net Banking,Paid,1044.45
136168,66168,2024-03-17,Debit Card,Failed,10440.95
136169,66169,2026-08-04,Upi,Paid,14638.06
136170,66170,2024-01-13,Upi,Paid,3229.04
136171,66171,2026-05-13,Credit Card,Paid,13493.52
136172,66172,2026-06-21,Credit Card,Refunded,5042.53
136173,66173,2026-07-22,Credit Card,Paid,7825.26
136174,66174,2025-03-17,Net Banking,Paid,20393.63
136175,66175,2026-01-19,Cash On Delivery,Paid,28926.57
136176,66176,2026-06-29,Credit Card,Paid,1886.56
136177,66177,2026-03-24,Wallet,Refunded,2868.47
136178,66178,2026-04-18,Wallet,Paid,15773.5
136179,66179,2025-04-23,Debit Card,Paid,20137.98
136180,66180,2025-12-23,Credit Card,Paid,4823.41
136181,66181,2024-07-23,Net Banking,Paid,23612.03
136182,66182,2026-06-09,Upi,Paid,25209.04
136183,66183,2025-04-05,Upi,Refunded,3520.12
136184,66184,2024-09-14,Cash On Delivery,Paid,10237.16
136185,66185,2024-10-17,Credit Card,Paid,11450.83
136186,66186,2026-04-13,Wallet,Paid,13114.13
136187,66187,2024-07-04,Wallet,Paid,14019.17
136188,66188,2025-10-24,Net Banking,Paid,12857.79
136189,66189,2024-09-28,Cash On Delivery,Failed,573.75
136190,66190,2025-08-05,Upi,Paid,8045.59
136191,66191,2025-06-04,Credit Card,Paid,2459.47
136192,66192,2025-08-23,Cash On Delivery,Failed,27139.43
136193,66193,2024-08-09,Credit Card,Paid,1390.02
136194,66194,2026-05-29,Debit Card,Paid,16097.79
136195,66195,2026-05-10,Upi,Failed,9310.86
136196,66196,2026-06-20,Wallet,Paid,27392.72
136197,66197,2025-04-28,Upi,Paid,11495.88
136198,66198,2024-06-23,Debit Card,Paid,561.38
136199,66199,2025-06-21,Net Banking,Paid,27310.84
136200,66200,2024-03-19,Upi,Paid,3582.59
136201,66201,2025-11-18,Upi,Paid,23633.04
136202,66202,2024-09-21,Upi,Paid,18840.87
136203,66203,2024-07-12,Credit Card,Paid,22304.91
136204,66204,2026-02-25,Cash On Delivery,Paid,23174.39
136205,66205,2025-10-03,Upi,Paid,24666.02
136206,66206,2024-04-04,Upi,Failed,4927.24
136207,66207,2026-04-29,Cash On Delivery,Paid,22022.14
136208,66208,2025-10-04,Credit Card,Paid,27205.83
136209,66209,2024-09-20,Upi,Paid,27181.3
136210,66210,2025-01-22,Debit Card,Paid,2765.43
136211,66211,2025-03-23,Debit Card,Paid,21366.77
136212,66212,2026-06-03,Debit Card,Refunded,10877.12
136213,66213,2025-06-21,Upi,Paid,26691.61
136214,66214,2026-03-06,Credit Card,Paid,27598.2
136215,66215,2024-02-02,Debit Card,Paid,22358.98
136216,66216,2025-05-07,Upi,Paid,18809.44
136217,66217,2024-03-23,Upi,Paid,23106.84
136218,66218,2025-01-07,Upi,Paid,9030.02
136219,66219,2025-06-21,Debit Card,Paid,17430.57
136220,66220,2026-03-20,Upi,Paid,14177.48
136221,66221,2024-09-27,Upi,Paid,21502.12
136222,66222,2024-08-25,Debit Card,Paid,22975.03
136223,66223,2026-04-08,Wallet,Paid,27771.41
136224,66224,2025-06-14,Net Banking,Paid,13441.73
136225,66225,2025-12-08,Cash On Delivery,Failed,18675.06
136226,66226,2026-06-25,Upi,Paid,6028.25
136227,66227,2024-02-15,Wallet,Paid,9411.43
136228,66228,2025-08-11,Upi,Paid,23195.17
136229,66229,2024-03-15,Upi,Paid,11226.88
136230,66230,2026-06-24,Credit Card,Paid,23584.49
136231,66231,2025-03-06,Upi,Paid,5611.52
136232,66232,2025-03-06,Debit Card,Paid,10569.43
136233,66233,2024-07-03,Upi,Paid,16592.74
136234,66234,2025-09-02,Upi,Paid,10652.72
136235,66235,2025-06-10,Net Banking,Paid,24264.79
136236,66236,2026-07-01,Net Banking,Paid,19316.35
136237,66237,2024-01-06,Net Banking,Paid,9692.84
136238,66238,2025-12-17,Credit Card,Paid,25110.51
136239,66239,2026-07-17,Upi,Paid,25716.51
136240,66240,2026-05-30,Upi,Paid,16546.01
136241,66241,2025-08-31,Credit Card,Paid,19258.49
136242,66242,2026-03-18,Upi,Paid,26218.0
136243,66243,2024-02-12,Upi,Paid,14888.83
136244,66244,2024-03-17,Cash On Delivery,Refunded,23688.32
136245,66245,2025-11-09,Debit Card,Paid,13351.87
136246,66246,2024-09-10,Net Banking,Paid,28028.99
136247,66247,2025-11-21,Credit Card,Paid,16378.37
136248,66248,2025-12-22,Upi,Paid,14141.59
136249,66249,2025-10-11,Net Banking,Paid,20942.2
136250,66250,2026-05-15,Credit Card,Paid,24376.72
136251,66251,2024-07-30,Upi,Paid,10654.56
136252,66252,2026-02-17,Debit Card,Paid,3262.22
136253,66253,2026-02-18,Net Banking,Paid,6260.84
136254,66254,2024-10-31,Upi,Paid,22135.09
136255,66255,2024-07-15,Upi,Refunded,9305.82
136256,66256,2025-08-25,Cash On Delivery,Paid,21714.54
136257,66257,2026-05-13,Upi,Paid,6221.3
136258,66258,2025-10-06,Upi,Paid,17640.9
136259,66259,2024-04-27,Wallet,Paid,17642.51
136260,66260,2025-02-28,Upi,Paid,12387.14
136261,66261,2025-01-18,Debit Card,Paid,6351.15
136262,66262,2025-07-25,Upi,Paid,25915.21
136263,66263,2025-07-23,Credit Card,Paid,8280.71
136264,66264,2026-08-17,Debit Card,Paid,27842.72
136265,66265,2026-03-27,Wallet,Paid,10897.42
136266,66266,2025-06-14,Upi,Paid,14439.58
136267,66267,2024-05-17,Net Banking,Paid,12784.59
136268,66268,2024-07-10,Wallet,Paid,5923.72
136269,66269,2024-06-17,Credit Card,Paid,11016.43
136270,66270,2025-05-03,Debit Card,Paid,10542.55
136271,66271,2024-06-01,Net Banking,Paid,28487.94
136272,66272,2024-06-21,Upi,Refunded,7426.42
136273,66273,2024-05-28,Upi,Paid,29998.47
136274,66274,2025-10-31,Cash On Delivery,Paid,22043.65
136275,66275,2024-10-01,Upi,Paid,23948.02
136276,66276,2026-05-26,Wallet,Paid,12415.93
136277,66277,2025-04-27,Debit Card,Paid,5871.98
136278,66278,2025-10-20,Credit Card,Paid,13057.7
136279,66279,2025-05-28,Credit Card,Paid,22369.99
136280,66280,2026-05-03,Upi,Paid,656.1
136281,66281,2024-05-05,Upi,Paid,20043.83
136282,66282,2025-12-08,Upi,Paid,4382.24
136283,66283,2025-07-14,Debit Card,Paid,19728.37
136284,66284,2025-03-02,Wallet,Paid,28779.84
136285,66285,2025-11-09,Cash On Delivery,Paid,8020.61
136286,66286,2025-06-06,Debit Card,Paid,12969.94
136287,66287,2025-09-01,Net Banking,Paid,10278.75
136288,66288,2025-05-31,Upi,Paid,15954.62
136289,66289,2024-04-29,Cash On Delivery,Paid,5347.74
136290,66290,2025-01-16,Debit Card,Paid,9245.93
136291,66291,2026-08-02,Upi,Paid,24211.63
136292,66292,2024-04-03,Upi,Paid,10576.88
136293,66293,2024-08-14,Upi,Paid,2213.53
136294,66294,2025-11-14,Cash On Delivery,Paid,8499.15
136295,66295,2024-05-26,Credit Card,Paid,15133.96
136296,66296,2024-02-17,Upi,Paid,7882.0
136297,66297,2026-01-14,Upi,Paid,2818.28
136298,66298,2024-07-19,Credit Card,Paid,13829.08
136299,66299,2024-08-01,Credit Card,Refunded,14610.76
136300,66300,2025-03-16,Debit Card,Paid,20289.97
136301,66301,2026-03-30,Wallet,Paid,8418.93
136302,66302,2026-08-16,Upi,Paid,6547.41
136303,66303,2024-09-11,Credit Card,Paid,29793.43
136304,66304,2024-10-27,Upi,Paid,13411.63
136305,66305,2025-05-18,Cash On Delivery,Paid,25293.41
136306,66306,2026-02-10,Cash On Delivery,Paid,16689.82
136307,66307,2024-03-09,Credit Card,Paid,29097.42
136308,66308,2025-02-11,Upi,Paid,5551.61
136309,66309,2024-04-12,Credit Card,Paid,851.87
136310,66310,2024-08-05,Net Banking,Paid,17947.39
136311,66311,2025-09-03,Credit Card,Paid,674.79
136312,66312,2024-01-28,Upi,Paid,2312.78
136313,66313,2026-04-16,Upi,Paid,2932.27
136314,66314,2024-03-29,Upi,Paid,27745.9
136315,66315,2026-03-10,Debit Card,Paid,510.79
136316,66316,2025-02-08,Upi,Paid,19641.21
136317,66317,2025-07-02,Wallet,Paid,27496.37
136318,66318,2025-01-23,Upi,Paid,17449.76
136319,66319,2024-12-24,Net Banking,Paid,1701.6
136320,66320,2025-09-02,Cash On Delivery,Paid,26731.58
136321,66321,2024-11-06,Upi,Paid,28714.87
136322,66322,2024-03-02,Upi,Pending,13910.84
136323,66323,2024-01-14,Net Banking,Paid,16900.13
136324,66324,2024-10-03,Credit Card,Paid,23562.09
136325,66325,2024-08-02,Net Banking,Paid,3301.45
136326,66326,2024-01-23,Debit Card,Paid,17136.7
136327,66327,2024-04-08,Upi,Paid,17680.64
136328,66328,2026-04-28,Debit Card,Paid,24312.32
136329,66329,2025-04-28,Net Banking,Refunded,21688.23
136330,66330,2025-01-22,Credit Card,Paid,29269.59
136331,66331,2026-06-10,Debit Card,Paid,4647.82
136332,66332,2025-07-21,Net Banking,Paid,7904.41
136333,66333,2024-05-06,Credit Card,Paid,16505.76
136334,66334,2025-11-20,Credit Card,Paid,14245.73
136335,66335,2025-11-21,Upi,Paid,13118.89
136336,66336,2024-09-18,Upi,Paid,22571.68
136337,66337,2025-10-13,Debit Card,Paid,9889.9
136338,66338,2024-05-13,Upi,Paid,15410.32
136339,66339,2026-08-19,Debit Card,Paid,23534.55
136340,66340,2025-07-16,Upi,Paid,17907.36
136341,66341,2024-10-04,Debit Card,Paid,10339.53
136342,66342,2026-05-29,Upi,Refunded,3280.59
136343,66343,2025-05-06,Net Banking,Paid,22690.37
136344,66344,2026-05-17,Net Banking,Paid,28726.16
136345,66345,2024-04-02,Credit Card,Paid,3889.21
136346,66346,2024-10-27,Upi,Paid,18682.49
136347,66347,2025-02-24,Credit Card,Paid,3423.93
136348,66348,2024-09-16,Upi,Paid,29756.31
136349,66349,2025-05-18,Wallet,Paid,22141.09
136350,66350,2024-12-08,Cash On Delivery,Paid,460.0
136351,66351,2026-05-07,Debit Card,Paid,4675.43
136352,66352,2024-08-25,Upi,Paid,25310.85
136353,66353,2024-07-02,Net Banking,Paid,29280.98
136354,66354,2026-07-24,Net Banking,Paid,24620.22
136355,66355,2025-11-24,Cash On Delivery,Paid,25984.06
136356,66356,2024-02-04,Cash On Delivery,Paid,18968.69
136357,66357,2026-04-02,Upi,Paid,27423.69
136358,66358,2024-07-06,Cash On Delivery,Paid,8634.09
136359,66359,2025-10-26,Credit Card,Paid,17826.26
136360,66360,2024-01-28,Upi,Paid,29959.84
136361,66361,2024-09-08,Debit Card,Paid,11000.86
136362,66362,2026-04-10,Debit Card,Paid,4323.94
136363,66363,2024-01-27,Cash On Delivery,Paid,27014.63
136364,66364,2025-04-03,Upi,Paid,14448.32
136365,66365,2025-01-21,Upi,Paid,2156.88
136366,66366,2024-08-11,Debit Card,Paid,16616.53
136367,66367,2024-04-27,Upi,Failed,23708.92
136368,66368,2025-01-18,Upi,Paid,1719.28
136369,66369,2024-12-22,Upi,Paid,13382.15
136370,66370,2024-04-15,Cash On Delivery,Paid,10325.87
136371,66371,2025-11-23,Upi,Pending,2257.34
136372,66372,2024-04-14,Upi,Paid,7274.5
136373,66373,2025-01-05,Upi,Paid,1693.4
136374,66374,2026-07-07,Debit Card,Paid,28254.77
136375,66375,2024-12-29,Cash On Delivery,Paid,865.08
136376,66376,2025-11-09,Wallet,Paid,1632.63
136377,66377,2025-03-25,Credit Card,Paid,24660.33
136378,66378,2025-09-12,Upi,Paid,7086.78
136379,66379,2026-01-28,Net Banking,Paid,20553.71
136380,66380,2025-04-03,Upi,Paid,20556.16
136381,66381,2025-09-28,Debit Card,Paid,6366.43
136382,66382,2025-04-20,Upi,Paid,23677.71
136383,66383,2024-11-02,Debit Card,Paid,10020.79
136384,66384,2026-01-18,Upi,Paid,23897.61
136385,66385,2025-01-15,Net Banking,Paid,2719.02
136386,66386,2024-02-23,Upi,Pending,25622.97
136387,66387,2024-09-22,Net Banking,Paid,9678.18
136388,66388,2025-10-10,Upi,Paid,24757.14
136389,66389,2025-10-04,Debit Card,Paid,17146.35
136390,66390,2025-06-17,Cash On Delivery,Paid,13069.82
136391,66391,2025-03-10,Credit Card,Paid,10937.58
136392,66392,2024-10-26,Upi,Paid,24724.65
136393,66393,2024-02-15,Upi,Paid,9713.41
136394,66394,2024-07-28,Cash On Delivery,Paid,28536.88
136395,66395,2026-08-24,Upi,Paid,17306.99
136396,66396,2026-04-17,Credit Card,Paid,29889.51
136397,66397,2024-03-18,Net Banking,Paid,15159.95
136398,66398,2026-06-22,Cash On Delivery,Paid,16801.74
136399,66399,2026-01-23,Upi,Paid,18070.65
136400,66400,2024-04-05,Debit Card,Paid,16511.06
136401,66401,2025-02-08,Debit Card,Paid,14138.99
136402,66402,2024-06-15,Credit Card,Paid,10401.84
136403,66403,2025-11-29,Credit Card,Paid,24739.2
136404,66404,2025-10-10,Credit Card,Paid,24178.24
136405,66405,2024-08-01,Net Banking,Paid,21004.71
136406,66406,2026-01-23,Cash On Delivery,Paid,12608.59
136407,66407,2024-10-11,Upi,Paid,726.49
136408,66408,2025-04-21,Credit Card,Paid,3331.86
136409,66409,2024-04-19,Credit Card,Paid,14688.25
136410,66410,2026-06-21,Cash On Delivery,Paid,5458.69
136411,66411,2024-06-30,Upi,Paid,4978.05
136412,66412,2026-04-29,Net Banking,Paid,3458.98
136413,66413,2026-03-31,Cash On Delivery,Paid,3964.16
136414,66414,2024-05-04,Cash On Delivery,Paid,24016.01
136415,66415,2024-04-20,Debit Card,Paid,23783.04
136416,66416,2024-05-20,Credit Card,Paid,15992.65
136417,66417,2026-03-27,Cash On Delivery,Paid,28003.33
136418,66418,2024-03-25,Cash On Delivery,Paid,19455.29
136419,66419,2025-08-17,Upi,Paid,12033.71
136420,66420,2026-04-30,Credit Card,Paid,26667.79
136421,66421,2024-10-14,Upi,Paid,5444.7
136422,66422,2025-06-27,Upi,Paid,26986.55
136423,66423,2024-03-18,Debit Card,Paid,11718.32
136424,66424,2026-07-05,Debit Card,Paid,28764.17
136425,66425,2025-08-09,Upi,Paid,20835.03
136426,66426,2025-12-08,Upi,Refunded,20145.17
136427,66427,2024-09-01,Wallet,Paid,17237.13
136428,66428,2025-12-13,Upi,Paid,2474.31
136429,66429,2025-08-31,Upi,Paid,13695.19
136430,66430,2024-05-02,Debit Card,Paid,19067.54
136431,66431,2025-07-09,Debit Card,Failed,10387.73
136432,66432,2024-04-16,Upi,Paid,24640.85
136433,66433,2025-10-11,Credit Card,Pending,988.88
136434,66434,2026-06-22,Credit Card,Paid,11334.02
136435,66435,2026-04-17,Wallet,Paid,20800.25
136436,66436,2025-04-14,Credit Card,Refunded,28639.07
136437,66437,2026-05-09,Debit Card,Paid,20285.69
136438,66438,2026-08-25,Upi,Pending,12092.3
136439,66439,2025-03-18,Credit Card,Paid,21277.59
136440,66440,2024-11-12,Upi,Paid,2682.27
136441,66441,2024-07-01,Net Banking,Paid,22513.49
136442,66442,2025-08-25,Upi,Paid,4925.73
136443,66443,2025-01-08,Debit Card,Paid,23791.57
136444,66444,2025-07-09,Net Banking,Paid,17646.29
136445,66445,2026-07-11,Credit Card,Paid,13961.53
136446,66446,2024-03-08,Debit Card,Paid,12284.59
136447,66447,2024-10-11,Net Banking,Paid,8470.43
136448,66448,2025-05-20,Debit Card,Paid,11129.93
136449,66449,2025-12-04,Upi,Paid,8229.13
136450,66450,2026-06-15,Credit Card,Paid,3250.78
136451,66451,2026-04-28,Upi,Paid,3325.16
136452,66452,2025-03-16,Cash On Delivery,Paid,19796.87
136453,66453,2025-06-23,Upi,Paid,21354.95
136454,66454,2025-04-05,Wallet,Paid,9515.97
136455,66455,2024-04-13,Upi,Paid,24752.55
136456,66456,2025-11-12,Wallet,Refunded,19481.42
136457,66457,2026-03-08,Upi,Refunded,28422.72
136458,66458,2026-01-30,Upi,Paid,21993.21
136459,66459,2024-12-16,Wallet,Paid,15750.15
136460,66460,2026-03-16,Debit Card,Paid,29114.96
136461,66461,2024-08-02,Credit Card,Paid,8327.22
136462,66462,2025-03-17,Cash On Delivery,Pending,21360.84
136463,66463,2024-09-02,Debit Card,Paid,6547.29
136464,66464,2025-03-09,Cash On Delivery,Paid,25445.53
136465,66465,2026-06-16,Wallet,Paid,24597.99
136466,66466,2025-04-05,Upi,Paid,23504.16
136467,66467,2026-01-02,Wallet,Paid,29527.38
136468,66468,2026-07-28,Credit Card,Paid,28901.38
136469,66469,2024-05-30,Debit Card,Paid,7223.58
136470,66470,2026-06-23,Upi,Paid,8939.18
136471,66471,2024-04-21,Credit Card,Paid,25044.99
136472,66472,2025-08-28,Cash On Delivery,Paid,15197.48
136473,66473,2025-03-14,Credit Card,Paid,21406.76
136474,66474,2024-10-03,Debit Card,Paid,15556.09
136475,66475,2025-09-11,Credit Card,Paid,5369.26
136476,66476,2026-05-23,Debit Card,Failed,560.09
136477,66477,2024-03-09,Debit Card,Pending,2106.37
136478,66478,2024-06-14,Wallet,Paid,10193.47
136479,66479,2025-05-07,Debit Card,Paid,28506.83
136480,66480,2024-04-14,Credit Card,Paid,22124.44
136481,66481,2024-11-05,Cash On Delivery,Refunded,16442.35
136482,66482,2025-02-06,Upi,Paid,23116.63
136483,66483,2025-02-26,Net Banking,Paid,16460.71
136484,66484,2025-10-27,Debit Card,Paid,996.83
136485,66485,2025-03-26,Credit Card,Paid,5197.35
136486,66486,2024-02-24,Cash On Delivery,Paid,18472.69
136487,66487,2025-09-20,Wallet,Paid,6983.81
136488,66488,2024-10-30,Upi,Paid,25090.86
136489,66489,2024-01-12,Upi,Paid,1554.04
136490,66490,2026-01-30,Net Banking,Paid,9104.91
136491,66491,2025-02-20,Debit Card,Paid,22079.39
136492,66492,2025-10-01,Debit Card,Paid,14737.84
136493,66493,2025-09-28,Wallet,Paid,15426.2
136494,66494,2024-03-22,Credit Card,Paid,8619.8
136495,66495,2026-03-17,Credit Card,Paid,29318.61
136496,66496,2024-07-17,Upi,Paid,389.68
136497,66497,2025-12-27,Wallet,Paid,623.42
136498,66498,2025-12-06,Net Banking,Paid,22383.44
136499,66499,2024-04-28,Debit Card,Paid,4180.29
136500,66500,2024-04-23,Credit Card,Failed,20404.43
136501,66501,2026-04-02,Credit Card,Paid,27054.83
136502,66502,2024-01-13,Credit Card,Paid,13510.17
136503,66503,2024-08-01,Cash On Delivery,Paid,1422.89
136504,66504,2026-08-22,Wallet,Paid,3268.32
136505,66505,2024-04-19,Wallet,Failed,29385.65
136506,66506,2025-08-21,Credit Card,Paid,17756.76
136507,66507,2024-12-23,Net Banking,Paid,1749.76
136508,66508,2025-02-21,Debit Card,Paid,18965.5
136509,66509,2024-05-05,Upi,Failed,22988.04
136510,66510,2025-08-05,Cash On Delivery,Paid,788.96
136511,66511,2024-11-20,Upi,Paid,14300.59
136512,66512,2025-10-13,Upi,Paid,13411.66
136513,66513,2026-02-06,Upi,Paid,26484.91
136514,66514,2025-04-28,Wallet,Paid,9900.38
136515,66515,2024-01-23,Net Banking,Paid,8062.38
136516,66516,2025-10-03,Net Banking,Pending,14269.01
136517,66517,2025-04-30,Debit Card,Failed,13450.4
136518,66518,2025-11-21,Upi,Paid,23418.33
136519,66519,2026-02-07,Credit Card,Paid,19430.25
136520,66520,2024-06-25,Upi,Paid,28195.88
136521,66521,2024-04-17,Credit Card,Refunded,16892.34
136522,66522,2025-02-14,Debit Card,Paid,17246.31
136523,66523,2026-05-27,Debit Card,Paid,23306.09
136524,66524,2024-10-22,Cash On Delivery,Paid,26593.31
136525,66525,2025-02-26,Net Banking,Paid,14828.21
136526,66526,2026-02-13,Upi,Paid,14867.52
136527,66527,2026-02-26,Upi,Paid,14744.37
136528,66528,2026-01-16,Cash On Delivery,Paid,7914.04
136529,66529,2026-07-01,Debit Card,Paid,17312.05
136530,66530,2026-02-27,Debit Card,Paid,19517.68
136531,66531,2024-06-05,Debit Card,Paid,16918.13
136532,66532,2025-03-03,Debit Card,Failed,5684.56
136533,66533,2026-01-25,Debit Card,Paid,1070.96
136534,66534,2025-07-15,Upi,Paid,20860.21
136535,66535,2024-05-24,Upi,Paid,28874.59
136536,66536,2025-11-16,Upi,Paid,12111.87
136537,66537,2024-06-17,Credit Card,Paid,23594.74
136538,66538,2024-11-10,Credit Card,Paid,916.27
136539,66539,2026-08-04,Upi,Paid,23255.11
136540,66540,2026-08-09,Wallet,Paid,19953.06
136541,66541,2024-01-26,Credit Card,Paid,6743.5
136542,66542,2025-01-03,Upi,Paid,8374.65
136543,66543,2024-11-04,Upi,Paid,4095.75
136544,66544,2025-06-05,Upi,Paid,27227.9
136545,66545,2026-03-18,Upi,Paid,27690.6
136546,66546,2026-03-13,Upi,Paid,16925.8
136547,66547,2024-05-13,Net Banking,Paid,2109.34
136548,66548,2025-12-28,Debit Card,Paid,29956.55
136549,66549,2024-02-01,Net Banking,Paid,1025.09
136550,66550,2025-05-02,Upi,Paid,2947.3
136551,66551,2025-07-04,Credit Card,Pending,4235.9
136552,66552,2025-02-02,Upi,Paid,13652.68
136553,66553,2026-05-05,Upi,Paid,28331.53
136554,66554,2025-09-11,Upi,Paid,8637.06
136555,66555,2026-08-05,Net Banking,Paid,25214.52
136556,66556,2025-02-27,Credit Card,Paid,7468.61
136557,66557,2025-01-30,Upi,Paid,19832.32
136558,66558,2025-07-28,Upi,Paid,29148.71
136559,66559,2024-08-23,Credit Card,Paid,26638.57
136560,66560,2026-02-17,Credit Card,Paid,13531.82
136561,66561,2024-10-23,Cash On Delivery,Paid,25865.0
136562,66562,2024-05-01,Cash On Delivery,Paid,20544.27
136563,66563,2025-04-04,Credit Card,Paid,22859.49
136564,66564,2025-11-07,Wallet,Paid,16297.36
136565,66565,2025-06-05,Upi,Paid,16635.15
136566,66566,2024-02-22,Upi,Paid,4850.04
136567,66567,2024-01-18,Upi,Paid,17163.63
136568,66568,2025-12-15,Upi,Paid,2422.19
136569,66569,2026-08-26,Upi,Paid,663.87
136570,66570,2024-07-23,Debit Card,Paid,27594.56
136571,66571,2026-07-26,Credit Card,Paid,12089.88
136572,66572,2025-04-23,Credit Card,Paid,13003.61
136573,66573,2024-05-17,Debit Card,Paid,16458.14
136574,66574,2024-09-16,Debit Card,Paid,19358.22
136575,66575,2026-07-26,Cash On Delivery,Paid,28912.84
136576,66576,2024-11-09,Upi,Paid,25937.64
136577,66577,2026-03-26,Wallet,Paid,4312.59
136578,66578,2025-09-01,Debit Card,Failed,11762.93
136579,66579,2026-02-24,Upi,Failed,7812.37
136580,66580,2025-02-25,Debit Card,Paid,9096.37
136581,66581,2024-04-22,Debit Card,Paid,24897.98
136582,66582,2025-04-19,Debit Card,Pending,23697.25
136583,66583,2026-07-05,Upi,Paid,7017.3
136584,66584,2026-08-26,Cash On Delivery,Paid,13230.2
136585,66585,2025-02-03,Net Banking,Paid,15579.5
136586,66586,2024-04-27,Upi,Paid,28803.82
136587,66587,2024-07-28,Cash On Delivery,Paid,2015.19
136588,66588,2025-01-10,Upi,Paid,1627.53
136589,66589,2026-08-10,Upi,Paid,20054.31
136590,66590,2025-05-31,Credit Card,Paid,10308.65
136591,66591,2025-04-26,Upi,Paid,15864.65
136592,66592,2026-02-28,Cash On Delivery,Paid,21646.03
136593,66593,2024-06-24,Cash On Delivery,Paid,1995.51
136594,66594,2024-10-02,Net Banking,Paid,19048.96
136595,66595,2025-12-26,Net Banking,Paid,28270.28
136596,66596,2025-01-19,Credit Card,Paid,1173.93
136597,66597,2025-07-31,Upi,Paid,29504.06
136598,66598,2026-03-10,Wallet,Paid,3006.9
136599,66599,2025-12-22,Upi,Paid,1137.97
136600,66600,2025-05-31,Upi,Paid,18981.88
136601,66601,2024-03-09,Cash On Delivery,Paid,5599.73
136602,66602,2026-04-12,Net Banking,Paid,1959.85
136603,66603,2024-03-27,Wallet,Paid,10155.22
136604,66604,2024-03-03,Credit Card,Paid,10285.01
136605,66605,2024-07-27,Debit Card,Paid,12303.8
136606,66606,2024-10-05,Upi,Paid,23531.06
136607,66607,2026-02-08,Debit Card,Paid,10580.19
136608,66608,2025-06-27,Upi,Paid,3409.1
136609,66609,2026-06-15,Debit Card,Failed,28476.47
136610,66610,2024-04-29,Credit Card,Paid,11570.13
136611,66611,2026-08-08,Credit Card,Paid,2587.99
136612,66612,2025-04-13,Net Banking,Paid,21500.14
136613,66613,2025-08-04,Cash On Delivery,Paid,21450.45
136614,66614,2024-01-19,Credit Card,Paid,22931.82
136615,66615,2025-12-10,Net Banking,Paid,19856.9
136616,66616,2025-05-04,Net Banking,Paid,15825.33
136617,66617,2025-12-29,Upi,Paid,19384.11
136618,66618,2026-06-14,Upi,Paid,14463.43
136619,66619,2024-08-01,Wallet,Paid,9754.17
136620,66620,2026-07-09,Net Banking,Paid,26907.21
136621,66621,2025-04-14,Credit Card,Paid,14827.93
136622,66622,2024-11-08,Credit Card,Paid,15981.58
136623,66623,2025-11-17,Upi,Pending,20483.75
136624,66624,2024-01-04,Wallet,Paid,20412.17
136625,66625,2025-10-26,Debit Card,Paid,4264.34
136626,66626,2026-06-03,Upi,Paid,22431.63
136627,66627,2024-07-21,Credit Card,Paid,667.88
136628,66628,2025-07-05,Net Banking,Paid,19696.3
136629,66629,2026-01-30,Cash On Delivery,Paid,12024.56
136630,66630,2025-07-19,Upi,Paid,9468.99
136631,66631,2026-06-22,Credit Card,Paid,20813.49
136632,66632,2026-03-02,Upi,Paid,2928.74
136633,66633,2024-09-23,Upi,Paid,4498.08
136634,66634,2025-01-18,Credit Card,Paid,19270.05
136635,66635,2025-10-12,Debit Card,Paid,15620.78
136636,66636,2025-02-14,Credit Card,Paid,15628.89
136637,66637,2025-01-16,Net Banking,Paid,1541.85
136638,66638,2026-04-06,Debit Card,Paid,17949.3
136639,66639,2024-04-18,Cash On Delivery,Paid,23046.13
136640,66640,2025-04-22,Debit Card,Paid,11791.34
136641,66641,2025-01-04,Upi,Paid,3054.66
136642,66642,2025-12-15,Cash On Delivery,Paid,26097.74
136643,66643,2026-08-14,Credit Card,Paid,26190.94
136644,66644,2026-05-28,Debit Card,Paid,6815.25
136645,66645,2024-12-09,Upi,Paid,823.06
136646,66646,2025-01-17,Net Banking,Paid,27926.68
136647,66647,2024-05-01,Upi,Paid,8095.61
136648,66648,2026-05-15,Wallet,Paid,12185.85
136649,66649,2024-10-23,Upi,Paid,28141.93
136650,66650,2024-11-14,Credit Card,Paid,21493.05
136651,66651,2025-01-04,Cash On Delivery,Paid,22701.11
136652,66652,2026-06-21,Upi,Paid,23127.91
136653,66653,2026-08-23,Upi,Pending,11877.51
136654,66654,2024-10-24,Credit Card,Paid,22323.35
136655,66655,2025-09-21,Net Banking,Paid,17413.48
136656,66656,2024-08-18,Debit Card,Paid,15611.37
136657,66657,2025-03-21,Cash On Delivery,Paid,21346.27
136658,66658,2025-12-03,Debit Card,Paid,7241.25
136659,66659,2025-05-05,Upi,Paid,10223.1
136660,66660,2026-06-13,Credit Card,Failed,9187.17
136661,66661,2025-05-10,Wallet,Paid,19841.15
136662,66662,2026-01-17,Credit Card,Paid,16866.43
136663,66663,2025-03-24,Cash On Delivery,Paid,15649.63
136664,66664,2025-12-18,Cash On Delivery,Paid,21659.96
136665,66665,2026-03-11,Credit Card,Paid,24599.53
136666,66666,2026-08-02,Upi,Paid,29561.39
136667,66667,2024-11-25,Upi,Pending,15500.35
136668,66668,2025-06-25,Debit Card,Paid,29131.98
136669,66669,2025-11-19,Net Banking,Paid,25904.64
136670,66670,2026-05-11,Upi,Paid,981.79
136671,66671,2024-04-08,Upi,Paid,20768.18
136672,66672,2024-02-06,Net Banking,Paid,9810.13
136673,66673,2024-03-24,Credit Card,Paid,27732.71
136674,66674,2024-05-08,Cash On Delivery,Paid,12116.18
136675,66675,2024-09-24,Upi,Paid,20729.23
136676,66676,2024-09-22,Net Banking,Paid,19294.26
136677,66677,2024-04-12,Wallet,Paid,15291.39
136678,66678,2026-07-09,Credit Card,Paid,14350.62
136679,66679,2026-02-27,Net Banking,Paid,5271.3
136680,66680,2024-07-10,Upi,Paid,25164.78
136681,66681,2025-01-22,Wallet,Pending,1853.76
136682,66682,2025-01-06,Net Banking,Paid,26876.66
136683,66683,2026-04-01,Cash On Delivery,Paid,24463.38
136684,66684,2024-02-04,Cash On Delivery,Paid,25109.23
136685,66685,2026-04-12,Upi,Paid,23534.52
136686,66686,2024-03-17,Net Banking,Pending,25657.44
136687,66687,2025-05-26,Debit Card,Paid,18131.22
136688,66688,2025-07-22,Cash On Delivery,Paid,18145.69
136689,66689,2024-07-23,Cash On Delivery,Paid,7578.18
136690,66690,2024-04-07,Credit Card,Paid,14974.52
136691,66691,2025-02-21,Upi,Paid,5725.13
136692,66692,2026-05-25,Credit Card,Paid,3533.21
136693,66693,2025-07-04,Debit Card,Paid,2421.27
136694,66694,2026-05-11,Debit Card,Paid,26312.65
136695,66695,2024-12-08,Upi,Paid,4836.32
136696,66696,2025-08-26,Upi,Paid,14879.38
136697,66697,2026-04-27,Upi,Paid,14604.1
136698,66698,2025-01-20,Upi,Paid,8974.35
136699,66699,2026-08-14,Cash On Delivery,Paid,3370.08
136700,66700,2026-05-11,Credit Card,Paid,29483.82
136701,66701,2025-08-03,Credit Card,Paid,16562.3
136702,66702,2025-04-18,Credit Card,Paid,11222.25
136703,66703,2024-06-14,Wallet,Paid,14719.64
136704,66704,2024-07-06,Upi,Paid,11094.95
136705,66705,2026-05-07,Credit Card,Pending,17222.11
136706,66706,2024-12-01,Upi,Paid,27480.51
136707,66707,2026-06-16,Credit Card,Paid,15424.11
136708,66708,2024-12-18,Upi,Paid,28560.85
136709,66709,2024-09-06,Credit Card,Paid,20471.13
136710,66710,2025-07-19,Credit Card,Paid,14339.82
136711,66711,2024-10-21,Debit Card,Paid,22817.45
136712,66712,2025-01-27,Net Banking,Paid,27555.86
136713,66713,2025-03-26,Debit Card,Paid,5136.64
136714,66714,2026-03-06,Wallet,Paid,3099.32
136715,66715,2026-03-24,Upi,Paid,26516.38
136716,66716,2025-09-02,Debit Card,Failed,22921.16
136717,66717,2026-07-04,Debit Card,Failed,8385.25
136718,66718,2024-09-04,Debit Card,Paid,28984.27
136719,66719,2025-09-29,Credit Card,Paid,4445.23
136720,66720,2025-01-27,Wallet,Paid,1654.95
136721,66721,2025-02-15,Credit Card,Paid,2346.21
136722,66722,2025-12-04,Cash On Delivery,Pending,20349.22
136723,66723,2024-11-21,Cash On Delivery,Paid,1964.05
136724,66724,2024-08-25,Cash On Delivery,Paid,13481.69
136725,66725,2025-04-10,Upi,Paid,17188.98
136726,66726,2024-03-29,Cash On Delivery,Paid,12203.81
136727,66727,2025-07-02,Cash On Delivery,Paid,27217.91
136728,66728,2025-11-23,Credit Card,Paid,23843.47
136729,66729,2024-05-29,Debit Card,Paid,20070.69
136730,66730,2025-01-29,Cash On Delivery,Failed,8585.05
136731,66731,2024-09-26,Credit Card,Failed,24193.18
136732,66732,2024-05-03,Credit Card,Paid,3794.73
136733,66733,2024-05-09,Upi,Paid,7122.96
136734,66734,2025-04-13,Cash On Delivery,Paid,475.69
136735,66735,2025-06-15,Upi,Paid,16821.5
136736,66736,2025-06-28,Upi,Paid,23403.6
136737,66737,2024-03-04,Upi,Paid,14931.01
136738,66738,2024-01-26,Wallet,Paid,10063.71
136739,66739,2024-04-26,Credit Card,Paid,29156.77
136740,66740,2026-02-08,Upi,Paid,10557.96
136741,66741,2025-09-16,Credit Card,Paid,24877.79
136742,66742,2025-04-22,Wallet,Paid,9114.47
136743,66743,2024-02-03,Upi,Paid,999.23
136744,66744,2024-01-27,Upi,Paid,2877.55
136745,66745,2025-01-18,Credit Card,Paid,22193.5
136746,66746,2026-04-15,Upi,Paid,10723.11
136747,66747,2024-04-17,Upi,Paid,5244.06
136748,66748,2025-07-21,Upi,Paid,14382.1
136749,66749,2025-07-09,Credit Card,Paid,12516.5
136750,66750,2026-07-23,Upi,Paid,22068.08
136751,66751,2024-10-17,Upi,Paid,26839.58
136752,66752,2024-10-02,Cash On Delivery,Paid,1294.38
136753,66753,2025-08-10,Upi,Paid,23996.6
136754,66754,2025-02-06,Wallet,Paid,20580.57
136755,66755,2024-06-18,Upi,Paid,4996.44
136756,66756,2025-10-06,Debit Card,Paid,9692.75
136757,66757,2026-07-22,Net Banking,Paid,18134.37
136758,66758,2026-06-08,Wallet,Paid,3489.74
136759,66759,2024-04-10,Cash On Delivery,Paid,22265.02
136760,66760,2026-02-08,Wallet,Paid,23478.52
136761,66761,2025-11-12,Cash On Delivery,Paid,8316.03
136762,66762,2025-09-15,Cash On Delivery,Paid,26499.79
136763,66763,2025-03-27,Upi,Paid,11309.11
136764,66764,2026-02-11,Upi,Paid,10321.5
136765,66765,2025-07-08,Cash On Delivery,Paid,20446.08
136766,66766,2024-04-02,Cash On Delivery,Pending,19265.62
136767,66767,2024-05-06,Cash On Delivery,Paid,27876.48
136768,66768,2025-12-06,Net Banking,Paid,22944.5
136769,66769,2025-01-31,Wallet,Paid,18370.4
136770,66770,2025-07-17,Debit Card,Paid,10828.86
136771,66771,2026-02-20,Upi,Paid,14054.81
136772,66772,2024-09-26,Credit Card,Paid,9645.46
136773,66773,2026-05-15,Upi,Paid,16554.51
136774,66774,2024-08-22,Debit Card,Paid,6700.84
136775,66775,2025-03-12,Credit Card,Failed,8975.33
136776,66776,2024-10-07,Credit Card,Paid,22172.25
136777,66777,2025-11-09,Wallet,Paid,7233.07
136778,66778,2024-04-30,Net Banking,Paid,12449.44
136779,66779,2024-11-19,Debit Card,Paid,23983.94
136780,66780,2024-09-23,Debit Card,Paid,23634.77
136781,66781,2025-12-02,Credit Card,Paid,12186.57
136782,66782,2024-03-11,Debit Card,Paid,3032.15
136783,66783,2025-09-19,Upi,Paid,11688.26
136784,66784,2025-10-16,Upi,Failed,15822.62
136785,66785,2025-12-08,Debit Card,Paid,29972.83
136786,66786,2025-05-12,Credit Card,Paid,5955.26
136787,66787,2025-09-21,Upi,Paid,13764.47
136788,66788,2024-05-06,Debit Card,Paid,24842.73
136789,66789,2025-06-22,Debit Card,Paid,25343.96
136790,66790,2025-11-08,Credit Card,Paid,12785.15
136791,66791,2024-08-29,Net Banking,Paid,15575.9
136792,66792,2024-06-22,Upi,Paid,14564.93
136793,66793,2024-10-17,Credit Card,Paid,28479.72
136794,66794,2025-04-25,Upi,Paid,11146.09
136795,66795,2024-02-16,Cash On Delivery,Paid,13938.95
136796,66796,2026-06-11,Net Banking,Paid,1490.37
136797,66797,2025-09-27,Debit Card,Paid,23701.97
136798,66798,2026-01-10,Wallet,Paid,660.75
136799,66799,2026-04-05,Cash On Delivery,Paid,22839.42
136800,66800,2025-07-23,Debit Card,Paid,22475.14
136801,66801,2026-01-19,Net Banking,Refunded,8285.58
136802,66802,2025-07-24,Upi,Pending,28143.55
136803,66803,2026-01-19,Net Banking,Paid,21753.57
136804,66804,2024-03-05,Net Banking,Paid,9848.49
136805,66805,2026-03-11,Debit Card,Paid,10132.82
136806,66806,2025-02-20,Upi,Paid,14697.69
136807,66807,2025-04-09,Net Banking,Refunded,25620.52
136808,66808,2024-10-27,Debit Card,Failed,23149.32
136809,66809,2025-01-24,Upi,Paid,27754.61
136810,66810,2025-04-07,Wallet,Paid,19545.78
136811,66811,2024-12-25,Debit Card,Paid,5554.86
136812,66812,2026-07-11,Net Banking,Paid,16557.68
136813,66813,2025-05-13,Net Banking,Paid,15800.03
136814,66814,2026-02-01,Upi,Paid,28627.25
136815,66815,2026-07-20,Debit Card,Paid,7578.93
136816,66816,2025-08-14,Credit Card,Failed,20112.82
136817,66817,2024-11-23,Credit Card,Failed,1945.26
136818,66818,2025-11-16,Debit Card,Paid,27638.61
136819,66819,2024-01-14,Debit Card,Paid,15653.19
136820,66820,2025-12-12,Cash On Delivery,Failed,11570.87
136821,66821,2024-01-09,Credit Card,Paid,5651.72
136822,66822,2025-03-21,Debit Card,Paid,4642.05
136823,66823,2024-09-26,Upi,Paid,15862.5
136824,66824,2026-04-23,Upi,Paid,12567.62
136825,66825,2025-09-20,Wallet,Paid,11173.22
136826,66826,2025-08-23,Upi,Paid,3759.7
136827,66827,2025-09-27,Upi,Paid,16498.55
136828,66828,2025-12-19,Debit Card,Paid,6137.62
136829,66829,2024-06-03,Upi,Paid,15463.13
136830,66830,2024-01-13,Upi,Paid,25594.41
136831,66831,2026-06-24,Debit Card,Paid,12180.29
136832,66832,2025-06-06,Upi,Paid,10021.06
136833,66833,2025-10-14,Cash On Delivery,Refunded,7097.18
136834,66834,2024-12-20,Debit Card,Paid,23945.72
136835,66835,2026-04-04,Upi,Paid,5713.96
136836,66836,2024-02-26,Upi,Paid,13869.77
136837,66837,2025-03-04,Net Banking,Paid,27405.5
136838,66838,2025-09-18,Cash On Delivery,Paid,26929.26
136839,66839,2025-03-25,Credit Card,Paid,16593.42
136840,66840,2026-06-19,Debit Card,Paid,16137.86
136841,66841,2024-01-11,Cash On Delivery,Paid,19223.17
136842,66842,2025-12-12,Debit Card,Paid,19849.71
136843,66843,2026-05-05,Credit Card,Paid,727.92
136844,66844,2024-03-21,Credit Card,Paid,20582.38
136845,66845,2025-09-14,Net Banking,Paid,23998.71
136846,66846,2024-02-27,Upi,Paid,14863.17
136847,66847,2025-08-28,Net Banking,Pending,15462.58
136848,66848,2024-12-03,Credit Card,Failed,15407.69
136849,66849,2026-03-18,Debit Card,Paid,8605.62
136850,66850,2024-08-20,Cash On Delivery,Pending,16542.76
136851,66851,2024-12-28,Cash On Delivery,Paid,16426.01
136852,66852,2024-01-30,Upi,Paid,8663.34
136853,66853,2025-12-14,Upi,Paid,11706.01
136854,66854,2024-02-09,Credit Card,Paid,2634.88
136855,66855,2025-10-15,Debit Card,Paid,25451.37
136856,66856,2024-12-01,Upi,Failed,26201.41
136857,66857,2026-07-03,Wallet,Refunded,11565.63
136858,66858,2024-05-09,Cash On Delivery,Paid,20861.69
136859,66859,2025-09-12,Upi,Paid,10038.32
136860,66860,2024-07-07,Upi,Paid,3547.82
136861,66861,2024-02-15,Cash On Delivery,Paid,5818.01
136862,66862,2026-04-24,Upi,Failed,12882.59
136863,66863,2026-05-08,Upi,Paid,8898.11
136864,66864,2026-08-24,Debit Card,Paid,14359.42
136865,66865,2024-06-30,Upi,Paid,21909.66
136866,66866,2026-02-20,Debit Card,Failed,26237.52
136867,66867,2025-04-22,Credit Card,Paid,21017.68
136868,66868,2024-08-16,Credit Card,Paid,15315.32
136869,66869,2025-01-16,Upi,Failed,1930.95
136870,66870,2024-06-22,Upi,Paid,2740.17
136871,66871,2025-08-22,Cash On Delivery,Paid,9097.93
136872,66872,2025-07-16,Debit Card,Paid,7339.46
136873,66873,2024-06-15,Credit Card,Paid,15831.14
136874,66874,2026-01-30,Net Banking,Paid,29245.8
136875,66875,2025-07-02,Debit Card,Pending,8998.24
136876,66876,2025-09-29,Upi,Paid,708.17
136877,66877,2024-05-12,Net Banking,Paid,21505.95
136878,66878,2026-02-21,Debit Card,Paid,7656.6
136879,66879,2024-12-19,Upi,Failed,3635.05
136880,66880,2025-04-18,Upi,Paid,12540.93
136881,66881,2024-06-02,Net Banking,Paid,20778.45
136882,66882,2026-08-17,Cash On Delivery,Paid,2514.24
136883,66883,2025-05-16,Debit Card,Paid,21910.81
136884,66884,2026-02-04,Cash On Delivery,Paid,10606.69
136885,66885,2025-08-16,Net Banking,Paid,15302.54
136886,66886,2024-02-22,Debit Card,Paid,17948.15
136887,66887,2025-11-08,Upi,Paid,22566.6
136888,66888,2024-12-21,Upi,Paid,15429.08
136889,66889,2025-08-04,Upi,Paid,22921.58
136890,66890,2025-06-29,Upi,Paid,8529.47
136891,66891,2026-02-03,Debit Card,Paid,8935.26
136892,66892,2024-08-08,Credit Card,Paid,18881.72
136893,66893,2026-07-31,Cash On Delivery,Paid,23223.12
136894,66894,2025-01-28,Debit Card,Paid,18328.53
136895,66895,2025-12-01,Net Banking,Paid,16371.37
136896,66896,2025-09-02,Upi,Paid,2167.71
136897,66897,2025-07-02,Credit Card,Paid,441.65
136898,66898,2025-06-22,Wallet,Paid,5886.34
136899,66899,2025-08-16,Cash On Delivery,Paid,24806.77
136900,66900,2026-04-17,Upi,Paid,29879.89
136901,66901,2024-09-28,Net Banking,Paid,6554.33
136902,66902,2024-09-11,Credit Card,Failed,11477.72
136903,66903,2026-08-17,Cash On Delivery,Paid,18051.64
136904,66904,2026-06-12,Wallet,Paid,1811.46
136905,66905,2025-01-18,Upi,Paid,393.73
136906,66906,2024-11-08,Upi,Pending,21511.58
136907,66907,2025-12-26,Upi,Paid,3205.54
136908,66908,2026-06-13,Credit Card,Paid,5949.02
136909,66909,2026-07-08,Credit Card,Paid,16112.42
136910,66910,2024-08-29,Net Banking,Failed,22210.65
136911,66911,2024-07-29,Credit Card,Paid,2701.99
136912,66912,2025-05-10,Upi,Paid,23710.83
136913,66913,2024-06-23,Upi,Paid,6529.51
136914,66914,2026-06-23,Upi,Paid,25272.63
136915,66915,2024-12-10,Upi,Paid,6216.53
136916,66916,2024-09-29,Credit Card,Paid,23496.68
136917,66917,2026-08-03,Credit Card,Paid,20214.04
136918,66918,2026-04-04,Debit Card,Paid,19427.68
136919,66919,2026-07-03,Credit Card,Paid,6789.97
136920,66920,2025-05-02,Upi,Paid,13454.95
136921,66921,2026-02-09,Upi,Refunded,27072.18
136922,66922,2025-02-13,Cash On Delivery,Pending,3254.96
136923,66923,2024-03-11,Debit Card,Paid,5101.14
136924,66924,2025-10-05,Upi,Failed,24103.68
136925,66925,2024-03-20,Debit Card,Paid,2700.49
136926,66926,2024-07-12,Cash On Delivery,Paid,3128.8
136927,66927,2024-10-16,Credit Card,Paid,13367.94
136928,66928,2025-10-04,Net Banking,Paid,14164.69
136929,66929,2026-01-25,Debit Card,Refunded,23606.25
136930,66930,2024-06-23,Cash On Delivery,Refunded,2372.27
136931,66931,2025-12-16,Debit Card,Pending,5171.91
136932,66932,2025-11-21,Upi,Paid,318.62
136933,66933,2025-08-02,Upi,Paid,14001.31
136934,66934,2025-08-15,Net Banking,Pending,14667.56
136935,66935,2025-01-25,Cash On Delivery,Paid,9915.8
136936,66936,2024-05-16,Credit Card,Paid,23086.0
136937,66937,2024-05-10,Upi,Paid,18223.64
136938,66938,2024-04-10,Credit Card,Paid,6284.78
136939,66939,2025-04-11,Net Banking,Paid,14679.91
136940,66940,2025-08-15,Wallet,Paid,6414.7
136941,66941,2024-05-22,Debit Card,Paid,23875.87
136942,66942,2024-04-30,Credit Card,Paid,18529.52
136943,66943,2025-11-07,Credit Card,Failed,9630.78
136944,66944,2025-09-01,Upi,Paid,26341.58
136945,66945,2026-06-23,Wallet,Paid,22207.33
136946,66946,2026-08-30,Net Banking,Paid,7336.86
136947,66947,2026-08-16,Cash On Delivery,Paid,2249.67
136948,66948,2024-05-02,Credit Card,Paid,7162.62
136949,66949,2024-12-23,Credit Card,Paid,12689.19
136950,66950,2025-04-07,Upi,Paid,17360.94
136951,66951,2025-12-17,Credit Card,Paid,16179.27
136952,66952,2026-06-16,Net Banking,Paid,3303.12
136953,66953,2026-03-21,Cash On Delivery,Failed,586.96
136954,66954,2026-06-30,Cash On Delivery,Paid,2265.68
136955,66955,2024-01-20,Debit Card,Paid,29878.12
136956,66956,2024-02-01,Upi,Paid,8644.2
136957,66957,2025-02-05,Cash On Delivery,Refunded,27872.36
136958,66958,2026-02-22,Upi,Failed,4608.38
136959,66959,2024-11-15,Upi,Paid,20608.7
136960,66960,2024-08-20,Upi,Paid,24957.66
136961,66961,2024-08-20,Upi,Pending,7392.22
136962,66962,2025-12-25,Credit Card,Paid,3485.18
136963,66963,2026-02-05,Credit Card,Refunded,10188.38
136964,66964,2024-12-11,Upi,Paid,11910.15
136965,66965,2024-02-26,Upi,Paid,18710.36
136966,66966,2024-08-07,Wallet,Paid,746.18
136967,66967,2024-10-08,Upi,Paid,6717.03
136968,66968,2025-04-03,Debit Card,Paid,8466.5
136969,66969,2025-01-09,Credit Card,Paid,13614.23
136970,66970,2024-06-19,Credit Card,Paid,21234.66
136971,66971,2026-08-18,Net Banking,Failed,29485.42
136972,66972,2025-02-16,Upi,Paid,14022.94
136973,66973,2024-08-03,Credit Card,Paid,21261.93
136974,66974,2025-01-19,Credit Card,Paid,28142.78
136975,66975,2025-12-23,Upi,Paid,14111.65
136976,66976,2026-07-25,Debit Card,Paid,10692.39
136977,66977,2025-03-08,Wallet,Paid,11760.39
136978,66978,2025-06-10,Debit Card,Paid,8484.89
136979,66979,2024-10-21,Net Banking,Paid,7639.41
136980,66980,2025-11-08,Upi,Paid,12229.84
136981,66981,2025-10-27,Upi,Paid,26453.54
136982,66982,2024-06-19,Cash On Delivery,Paid,2820.5
136983,66983,2025-06-18,Debit Card,Paid,1746.06
136984,66984,2026-08-28,Wallet,Paid,9015.97
136985,66985,2024-08-16,Credit Card,Paid,19826.07
136986,66986,2025-04-29,Upi,Paid,4263.67
136987,66987,2025-10-13,Upi,Paid,7431.41
136988,66988,2024-03-16,Upi,Paid,781.92
136989,66989,2025-05-20,Credit Card,Paid,22814.11
136990,66990,2025-08-14,Upi,Refunded,3048.01
136991,66991,2025-06-12,Credit Card,Refunded,3996.9
136992,66992,2024-11-07,Debit Card,Failed,10824.18
136993,66993,2026-02-19,Upi,Pending,17266.86
136994,66994,2024-10-15,Credit Card,Paid,1549.53
136995,66995,2025-05-11,Credit Card,Paid,18241.86
136996,66996,2024-11-04,Debit Card,Failed,2008.64
136997,66997,2026-04-07,Cash On Delivery,Paid,21177.12
136998,66998,2025-03-12,Credit Card,Paid,21396.77
136999,66999,2025-01-09,Upi,Paid,19313.3
137000,67000,2024-10-07,Debit Card,Refunded,21998.5
137001,67001,2025-06-03,Upi,Failed,696.04
137002,67002,2026-01-26,Credit Card,Paid,6523.37
137003,67003,2025-08-27,Net Banking,Paid,27896.7
137004,67004,2024-06-22,Net Banking,Pending,22341.75
137005,67005,2024-01-21,Upi,Failed,22876.43
137006,67006,2024-05-17,Upi,Paid,29345.73
137007,67007,2026-05-14,Cash On Delivery,Paid,20071.47
137008,67008,2024-04-13,Upi,Paid,527.2
137009,67009,2024-06-23,Net Banking,Paid,1402.26
137010,67010,2025-02-05,Upi,Paid,14427.59
137011,67011,2024-07-02,Credit Card,Paid,13536.71
137012,67012,2024-04-22,Upi,Paid,7563.87
137013,67013,2024-06-30,Debit Card,Paid,29497.22
137014,67014,2024-01-26,Upi,Paid,18579.01
137015,67015,2025-05-14,Upi,Paid,19677.6
137016,67016,2024-10-15,Credit Card,Paid,22540.56
137017,67017,2024-10-07,Wallet,Paid,19951.71
137018,67018,2026-08-08,Upi,Paid,21234.57
137019,67019,2026-06-08,Wallet,Paid,16111.51
137020,67020,2024-01-13,Cash On Delivery,Paid,15335.96
137021,67021,2026-06-01,Credit Card,Refunded,3671.51
137022,67022,2024-03-04,Cash On Delivery,Paid,20176.7
137023,67023,2025-07-25,Cash On Delivery,Paid,12990.17
137024,67024,2025-07-19,Cash On Delivery,Paid,9612.06
137025,67025,2025-08-25,Debit Card,Paid,15119.82
137026,67026,2025-04-28,Upi,Paid,16449.82
137027,67027,2025-10-11,Wallet,Paid,26253.24
137028,67028,2024-04-13,Credit Card,Paid,26780.23
137029,67029,2025-03-13,Upi,Paid,11642.21
137030,67030,2026-05-19,Cash On Delivery,Paid,28734.54
137031,67031,2025-06-30,Upi,Paid,13208.29
137032,67032,2025-10-17,Debit Card,Refunded,14831.51
137033,67033,2024-03-08,Net Banking,Paid,27451.17
137034,67034,2025-04-24,Debit Card,Paid,21631.48
137035,67035,2024-04-07,Upi,Paid,10679.67
137036,67036,2025-06-13,Upi,Paid,20075.04
137037,67037,2024-11-28,Net Banking,Paid,4852.53
137038,67038,2026-02-13,Wallet,Failed,27372.45
137039,67039,2026-02-03,Debit Card,Paid,27194.36
137040,67040,2024-04-08,Upi,Paid,24918.0
137041,67041,2024-12-27,Upi,Paid,14041.33
137042,67042,2026-06-25,Debit Card,Paid,14082.66
137043,67043,2024-01-18,Debit Card,Paid,17999.58
137044,67044,2024-04-20,Cash On Delivery,Paid,25228.05
137045,67045,2026-06-25,Upi,Failed,2527.32
137046,67046,2025-03-21,Net Banking,Paid,19042.17
137047,67047,2025-08-26,Credit Card,Paid,27748.68
137048,67048,2024-08-29,Upi,Paid,15443.81
137049,67049,2025-02-09,Credit Card,Paid,20194.36
137050,67050,2025-10-09,Net Banking,Paid,26537.95
137051,67051,2024-10-27,Upi,Failed,2201.43
137052,67052,2026-03-28,Upi,Paid,12001.97
137053,67053,2026-06-18,Debit Card,Paid,15454.58
137054,67054,2025-08-21,Credit Card,Paid,9276.34
137055,67055,2024-09-13,Net Banking,Paid,9863.15
137056,67056,2024-08-06,Cash On Delivery,Refunded,8560.92
137057,67057,2024-01-23,Wallet,Paid,7943.08
137058,67058,2026-01-28,Debit Card,Refunded,14599.66
137059,67059,2026-05-21,Cash On Delivery,Paid,616.5
137060,67060,2026-07-05,Net Banking,Paid,24298.58
137061,67061,2026-08-08,Upi,Paid,3280.16
137062,67062,2024-06-06,Wallet,Paid,17892.48
137063,67063,2025-11-11,Upi,Paid,14544.88
137064,67064,2024-09-03,Upi,Paid,20918.6
137065,67065,2024-06-21,Upi,Paid,10462.97
137066,67066,2025-05-30,Credit Card,Paid,26797.1
137067,67067,2025-10-17,Upi,Paid,11844.92
137068,67068,2025-12-20,Credit Card,Paid,5818.02
137069,67069,2025-04-21,Credit Card,Paid,25479.6
137070,67070,2024-05-03,Debit Card,Paid,27200.74
137071,67071,2024-03-07,Upi,Paid,28223.64
137072,67072,2024-02-22,Cash On Delivery,Paid,25874.39
137073,67073,2026-01-15,Upi,Paid,23239.32
137074,67074,2025-07-06,Credit Card,Paid,3176.71
137075,67075,2024-11-29,Upi,Paid,10553.1
137076,67076,2026-02-15,Upi,Paid,28899.06
137077,67077,2024-12-11,Cash On Delivery,Paid,2178.98
137078,67078,2024-10-16,Debit Card,Refunded,14121.79
137079,67079,2026-02-25,Wallet,Paid,11496.16
137080,67080,2025-07-19,Upi,Paid,29681.55
137081,67081,2025-10-18,Debit Card,Paid,24792.77
137082,67082,2026-02-21,Upi,Paid,4155.35
137083,67083,2024-10-31,Credit Card,Paid,21578.58
137084,67084,2024-01-28,Upi,Paid,3896.31
137085,67085,2025-10-06,Upi,Paid,8711.22
137086,67086,2024-11-25,Debit Card,Failed,17249.41
137087,67087,2026-08-01,Upi,Paid,23247.21
137088,67088,2024-10-22,Upi,Paid,3793.02
137089,67089,2026-02-13,Net Banking,Paid,23570.72
137090,67090,2025-12-04,Upi,Paid,12800.0
137091,67091,2025-11-18,Upi,Paid,25166.3
137092,67092,2025-10-10,Cash On Delivery,Paid,25731.47
137093,67093,2024-03-15,Cash On Delivery,Paid,27806.55
137094,67094,2026-03-15,Cash On Delivery,Paid,25493.57
137095,67095,2024-09-17,Upi,Paid,22305.16
137096,67096,2025-06-17,Wallet,Paid,14631.01
137097,67097,2024-09-07,Upi,Paid,26210.02
137098,67098,2024-08-11,Credit Card,Paid,11245.75
137099,67099,2025-01-03,Debit Card,Paid,2820.46
137100,67100,2025-02-25,Upi,Paid,18444.63
137101,67101,2026-05-31,Upi,Paid,8584.83
137102,67102,2025-01-22,Upi,Refunded,9106.9
137103,67103,2026-07-09,Credit Card,Paid,26225.1
137104,67104,2025-10-10,Upi,Refunded,13507.12
137105,67105,2025-09-12,Cash On Delivery,Paid,15220.34
137106,67106,2026-07-14,Debit Card,Paid,5489.14
137107,67107,2026-08-23,Wallet,Paid,13167.38
137108,67108,2025-03-19,Credit Card,Pending,7601.84
137109,67109,2025-01-20,Cash On Delivery,Paid,2849.96
137110,67110,2025-09-14,Debit Card,Paid,5484.17
137111,67111,2024-07-18,Credit Card,Failed,22451.37
137112,67112,2024-06-24,Cash On Delivery,Paid,18734.41
137113,67113,2024-10-31,Cash On Delivery,Paid,7693.3
137114,67114,2025-07-11,Wallet,Paid,3856.9
137115,67115,2026-08-29,Credit Card,Paid,6498.24
137116,67116,2025-12-09,Credit Card,Paid,22285.3
137117,67117,2024-10-28,Debit Card,Paid,24161.16
137118,67118,2026-01-13,Cash On Delivery,Paid,13946.91
137119,67119,2025-05-18,Cash On Delivery,Paid,22928.87
137120,67120,2026-08-05,Credit Card,Paid,6901.83
137121,67121,2025-08-19,Credit Card,Refunded,639.55
137122,67122,2026-08-15,Credit Card,Paid,5349.5
137123,67123,2026-01-27,Upi,Paid,27897.96
137124,67124,2025-05-15,Debit Card,Paid,9956.02
137125,67125,2026-02-01,Cash On Delivery,Paid,23821.69
137126,67126,2026-04-14,Credit Card,Paid,28921.61
137127,67127,2024-07-22,Credit Card,Paid,28450.34
137128,67128,2025-12-16,Net Banking,Paid,29975.96
137129,67129,2026-08-21,Upi,Paid,19128.65
137130,67130,2025-05-25,Credit Card,Paid,29212.25
137131,67131,2025-03-18,Debit Card,Paid,27821.72
137132,67132,2024-01-30,Debit Card,Failed,26266.16
137133,67133,2025-12-18,Upi,Paid,14797.04
137134,67134,2026-08-08,Cash On Delivery,Paid,3106.53
137135,67135,2025-08-20,Upi,Failed,8330.6
137136,67136,2026-07-25,Upi,Paid,25490.05
137137,67137,2024-05-13,Debit Card,Paid,25837.85
137138,67138,2025-05-19,Upi,Paid,26445.99
137139,67139,2026-01-25,Upi,Paid,16832.46
137140,67140,2024-12-02,Wallet,Paid,12734.97
137141,67141,2026-03-24,Wallet,Paid,25187.11
137142,67142,2024-04-19,Upi,Paid,20136.24
137143,67143,2026-04-16,Upi,Refunded,17930.62
137144,67144,2024-02-26,Cash On Delivery,Paid,7521.18
137145,67145,2024-03-30,Net Banking,Paid,10982.86
137146,67146,2026-02-18,Net Banking,Paid,23843.83
137147,67147,2026-07-29,Debit Card,Paid,17581.8
137148,67148,2025-02-04,Cash On Delivery,Paid,24715.44
137149,67149,2024-08-01,Credit Card,Paid,29385.72
137150,67150,2025-07-01,Debit Card,Paid,3363.46
137151,67151,2024-10-05,Cash On Delivery,Paid,5146.23
137152,67152,2024-10-21,Upi,Refunded,17630.03
137153,67153,2024-01-05,Credit Card,Paid,17385.13
137154,67154,2025-08-20,Credit Card,Paid,23670.91
137155,67155,2024-06-03,Credit Card,Paid,9135.88
137156,67156,2026-01-09,Upi,Paid,6591.27
137157,67157,2024-07-20,Cash On Delivery,Failed,27251.89
137158,67158,2026-05-16,Credit Card,Paid,25699.97
137159,67159,2025-10-28,Upi,Paid,27538.85
137160,67160,2025-04-28,Cash On Delivery,Refunded,2323.52
137161,67161,2025-02-13,Net Banking,Paid,12353.93
137162,67162,2024-10-19,Debit Card,Paid,10724.44
137163,67163,2024-03-11,Upi,Failed,8250.39
137164,67164,2024-03-17,Credit Card,Failed,5589.63
137165,67165,2025-07-07,Upi,Refunded,14430.44
137166,67166,2026-04-08,Upi,Paid,9541.1
137167,67167,2025-11-03,Upi,Paid,9043.85
137168,67168,2026-04-10,Credit Card,Paid,13564.4
137169,67169,2025-12-20,Upi,Paid,15456.29
137170,67170,2024-12-09,Credit Card,Paid,29608.3
137171,67171,2026-06-28,Upi,Paid,3000.93
137172,67172,2024-07-20,Wallet,Paid,15764.43
137173,67173,2024-09-24,Upi,Failed,16199.07
137174,67174,2025-10-17,Upi,Paid,21933.82
137175,67175,2024-02-06,Cash On Delivery,Failed,4303.39
137176,67176,2026-01-05,Upi,Pending,22144.39
137177,67177,2024-10-21,Debit Card,Paid,10048.82
137178,67178,2025-12-04,Credit Card,Paid,20119.09
137179,67179,2025-12-19,Cash On Delivery,Paid,5237.79
137180,67180,2024-03-12,Credit Card,Paid,9853.19
137181,67181,2024-11-14,Credit Card,Paid,22033.92
137182,67182,2026-08-13,Net Banking,Paid,21651.87
137183,67183,2026-06-22,Upi,Paid,25047.46
137184,67184,2025-06-12,Wallet,Paid,8518.1
137185,67185,2025-02-19,Upi,Paid,25690.67
137186,67186,2025-08-14,Wallet,Paid,3577.41
137187,67187,2025-12-12,Net Banking,Paid,10018.31
137188,67188,2024-02-15,Cash On Delivery,Paid,2662.32
137189,67189,2024-11-04,Upi,Paid,1173.51
137190,67190,2024-01-15,Debit Card,Paid,29278.4
137191,67191,2025-05-09,Upi,Paid,29007.57
137192,67192,2024-05-04,Net Banking,Failed,29184.92
137193,67193,2026-05-22,Net Banking,Paid,23306.3
137194,67194,2025-01-15,Upi,Paid,16107.89
137195,67195,2026-05-10,Debit Card,Paid,2366.99
137196,67196,2026-07-07,Credit Card,Paid,15253.86
137197,67197,2024-09-23,Cash On Delivery,Paid,18708.99
137198,67198,2025-12-08,Upi,Paid,22890.87
137199,67199,2024-02-17,Upi,Paid,5531.53
137200,67200,2026-08-28,Cash On Delivery,Paid,5651.06
137201,67201,2026-01-03,Cash On Delivery,Paid,6294.53
137202,67202,2025-10-24,Cash On Delivery,Paid,684.43
137203,67203,2025-07-18,Cash On Delivery,Refunded,17199.43
137204,67204,2024-04-06,Upi,Paid,18878.08
137205,67205,2024-09-11,Credit Card,Paid,1495.14
137206,67206,2025-11-07,Debit Card,Paid,7311.35
137207,67207,2024-07-28,Debit Card,Paid,13408.01
137208,67208,2025-09-15,Credit Card,Refunded,16746.47
137209,67209,2026-03-19,Debit Card,Paid,4705.67
137210,67210,2026-05-12,Debit Card,Paid,24791.03
137211,67211,2024-03-05,Upi,Pending,22511.78
137212,67212,2025-06-14,Credit Card,Paid,24104.81
137213,67213,2024-05-08,Debit Card,Refunded,3900.6
137214,67214,2024-08-26,Wallet,Paid,19398.98
137215,67215,2026-05-05,Credit Card,Paid,29653.72
137216,67216,2025-12-14,Net Banking,Paid,27602.46
137217,67217,2025-10-19,Cash On Delivery,Paid,14000.51
137218,67218,2025-12-31,Net Banking,Paid,11439.56
137219,67219,2024-04-28,Credit Card,Pending,2242.66
137220,67220,2025-05-14,Debit Card,Paid,4498.01
137221,67221,2024-08-10,Credit Card,Paid,29709.35
137222,67222,2024-04-01,Upi,Paid,3411.0
137223,67223,2026-06-09,Cash On Delivery,Paid,28918.32
137224,67224,2025-02-07,Upi,Paid,26918.62
137225,67225,2024-07-18,Debit Card,Paid,18987.45
137226,67226,2026-03-26,Upi,Paid,15742.87
137227,67227,2025-11-16,Cash On Delivery,Paid,13227.79
137228,67228,2024-10-24,Upi,Paid,15881.17
137229,67229,2026-03-04,Debit Card,Paid,10215.54
137230,67230,2025-12-11,Upi,Paid,22560.61
137231,67231,2024-09-16,Wallet,Paid,9624.96
137232,67232,2024-09-02,Debit Card,Paid,19371.28
137233,67233,2024-06-18,Upi,Paid,4862.55
137234,67234,2024-11-15,Upi,Paid,14169.72
137235,67235,2024-10-05,Credit Card,Paid,24712.42
137236,67236,2024-11-24,Upi,Paid,2242.55
137237,67237,2024-07-13,Net Banking,Paid,19427.57
137238,67238,2024-05-12,Upi,Paid,7536.44
137239,67239,2025-11-19,Cash On Delivery,Paid,5838.02
137240,67240,2024-12-07,Upi,Paid,8701.51
137241,67241,2024-04-09,Debit Card,Paid,21775.64
137242,67242,2025-12-05,Upi,Paid,7081.63
137243,67243,2024-08-13,Upi,Paid,430.96
137244,67244,2025-01-26,Upi,Paid,9717.45
137245,67245,2026-03-30,Debit Card,Pending,18750.01
137246,67246,2024-10-17,Upi,Paid,23045.87
137247,67247,2024-06-30,Credit Card,Paid,6605.1
137248,67248,2025-11-13,Credit Card,Paid,18273.77
137249,67249,2024-03-19,Cash On Delivery,Paid,9060.13
137250,67250,2025-05-18,Upi,Paid,10265.96
137251,67251,2026-03-05,Credit Card,Paid,15234.4
137252,67252,2025-02-28,Cash On Delivery,Failed,5991.2
137253,67253,2024-06-01,Debit Card,Paid,28395.06
137254,67254,2026-02-13,Cash On Delivery,Paid,3585.81
137255,67255,2025-12-08,Upi,Paid,388.64
137256,67256,2025-01-07,Debit Card,Failed,17123.67
137257,67257,2024-05-28,Upi,Paid,14001.29
137258,67258,2025-06-12,Net Banking,Paid,8667.54
137259,67259,2026-01-26,Upi,Paid,15693.58
137260,67260,2024-02-02,Upi,Paid,10262.48
137261,67261,2025-04-19,Credit Card,Paid,16140.4
137262,67262,2024-11-28,Net Banking,Paid,1109.79
137263,67263,2024-12-16,Upi,Paid,19967.18
137264,67264,2024-08-18,Credit Card,Failed,25397.04
137265,67265,2025-09-24,Upi,Refunded,1279.45
137266,67266,2026-05-11,Wallet,Paid,13648.74
137267,67267,2024-04-04,Upi,Paid,28259.0
137268,67268,2024-01-23,Cash On Delivery,Failed,26992.12
137269,67269,2025-01-19,Credit Card,Paid,16792.22
137270,67270,2025-11-10,Cash On Delivery,Paid,19170.82
137271,67271,2024-03-18,Debit Card,Paid,19259.68
137272,67272,2026-01-04,Upi,Paid,27829.0
137273,67273,2025-12-04,Wallet,Paid,19800.21
137274,67274,2024-11-19,Upi,Paid,6663.41
137275,67275,2024-11-17,Credit Card,Paid,29727.55
137276,67276,2024-09-08,Wallet,Paid,27149.83
137277,67277,2025-11-22,Debit Card,Paid,18903.01
137278,67278,2024-06-08,Debit Card,Paid,4128.4
137279,67279,2024-11-20,Upi,Paid,5654.81
137280,67280,2024-09-25,Debit Card,Paid,27197.92
137281,67281,2024-12-31,Debit Card,Paid,14632.91
137282,67282,2026-06-05,Credit Card,Failed,27821.86
137283,67283,2024-01-27,Debit Card,Paid,19950.13
137284,67284,2024-02-13,Credit Card,Failed,3576.38
137285,67285,2025-02-03,Credit Card,Paid,27907.68
137286,67286,2025-03-19,Wallet,Paid,20779.34
137287,67287,2026-08-24,Upi,Paid,7611.18
137288,67288,2024-09-15,Upi,Paid,2483.35
137289,67289,2025-06-30,Upi,Paid,2783.07
137290,67290,2025-11-07,Upi,Paid,25547.88
137291,67291,2025-11-08,Cash On Delivery,Paid,18233.17
137292,67292,2024-11-20,Credit Card,Paid,14191.14
137293,67293,2026-04-08,Credit Card,Paid,19938.47
137294,67294,2024-12-04,Net Banking,Paid,939.68
137295,67295,2025-02-23,Upi,Paid,23092.57
137296,67296,2024-02-29,Debit Card,Paid,27864.88
137297,67297,2026-08-27,Upi,Paid,3570.7
137298,67298,2026-06-03,Credit Card,Failed,27776.42
137299,67299,2024-08-28,Debit Card,Paid,28148.78
137300,67300,2025-05-22,Upi,Paid,15846.76
137301,67301,2026-03-23,Upi,Paid,3716.24
137302,67302,2024-03-07,Credit Card,Failed,6878.96
137303,67303,2025-10-15,Upi,Paid,7067.24
137304,67304,2025-12-30,Upi,Pending,25175.73
137305,67305,2025-09-14,Wallet,Paid,9056.31
137306,67306,2026-01-27,Upi,Paid,15546.01
137307,67307,2024-08-07,Debit Card,Paid,29337.36
137308,67308,2025-03-25,Credit Card,Paid,9347.16
137309,67309,2025-09-07,Upi,Paid,719.47
137310,67310,2026-08-09,Upi,Paid,21567.73
137311,67311,2024-02-27,Upi,Paid,7580.0
137312,67312,2024-08-10,Upi,Paid,25648.14
137313,67313,2024-11-14,Upi,Paid,20906.0
137314,67314,2026-04-01,Upi,Paid,23433.77
137315,67315,2026-01-13,Wallet,Paid,19917.37
137316,67316,2026-04-01,Upi,Paid,4745.23
137317,67317,2025-09-19,Debit Card,Paid,17787.16
137318,67318,2025-05-20,Net Banking,Paid,845.22
137319,67319,2025-01-26,Net Banking,Paid,11475.39
137320,67320,2025-06-08,Upi,Paid,16838.26
137321,67321,2024-04-11,Net Banking,Paid,16371.43
137322,67322,2024-04-19,Cash On Delivery,Paid,15091.88
137323,67323,2024-03-12,Debit Card,Paid,17128.91
137324,67324,2024-05-09,Upi,Paid,1922.49
137325,67325,2024-11-17,Upi,Paid,25937.6
137326,67326,2025-02-15,Net Banking,Paid,7602.06
137327,67327,2026-08-19,Upi,Paid,2600.21
137328,67328,2026-06-11,Credit Card,Paid,22790.81
137329,67329,2026-01-17,Debit Card,Paid,13517.2
137330,67330,2024-07-28,Cash On Delivery,Paid,21655.44
137331,67331,2025-05-30,Credit Card,Paid,22323.74
137332,67332,2025-04-08,Credit Card,Paid,12201.0
137333,67333,2025-08-31,Cash On Delivery,Paid,16297.1
137334,67334,2024-03-04,Wallet,Paid,6373.18
137335,67335,2024-03-03,Debit Card,Paid,636.69
137336,67336,2024-10-20,Net Banking,Failed,29308.07
137337,67337,2024-03-19,Debit Card,Paid,25926.44
137338,67338,2024-12-27,Debit Card,Paid,17277.33
137339,67339,2025-01-12,Upi,Paid,17061.35
137340,67340,2026-07-22,Debit Card,Paid,21606.16
137341,67341,2025-10-17,Debit Card,Paid,1850.8
137342,67342,2024-07-06,Debit Card,Pending,9041.06
137343,67343,2025-07-24,Credit Card,Paid,6326.87
137344,67344,2024-04-09,Debit Card,Paid,7906.16
137345,67345,2026-08-04,Credit Card,Paid,26336.24
137346,67346,2024-02-23,Debit Card,Paid,22793.27
137347,67347,2024-08-09,Net Banking,Paid,20565.32
137348,67348,2025-05-21,Upi,Paid,25784.81
137349,67349,2025-10-28,Cash On Delivery,Paid,20724.78
137350,67350,2025-05-20,Debit Card,Paid,8675.9
137351,67351,2026-06-30,Debit Card,Paid,17316.99
137352,67352,2024-07-10,Debit Card,Paid,19666.27
137353,67353,2026-08-28,Credit Card,Paid,18125.9
137354,67354,2024-08-29,Debit Card,Paid,852.48
137355,67355,2025-12-12,Cash On Delivery,Paid,29588.39
137356,67356,2024-11-06,Net Banking,Paid,19782.97
137357,67357,2025-10-24,Debit Card,Paid,25751.12
137358,67358,2024-01-13,Credit Card,Paid,29421.41
137359,67359,2025-12-02,Upi,Paid,4692.88
137360,67360,2026-03-06,Net Banking,Refunded,20642.7
137361,67361,2024-11-27,Wallet,Failed,22818.74
137362,67362,2026-01-21,Net Banking,Paid,14995.51
137363,67363,2025-06-01,Credit Card,Paid,11346.5
137364,67364,2024-11-09,Net Banking,Paid,29851.03
137365,67365,2025-07-20,Upi,Failed,24113.06
137366,67366,2025-07-11,Net Banking,Paid,9952.71
137367,67367,2024-11-30,Upi,Paid,20573.8
137368,67368,2024-11-14,Upi,Pending,16829.06
137369,67369,2025-03-08,Credit Card,Paid,9071.03
137370,67370,2024-01-29,Net Banking,Paid,26449.67
137371,67371,2025-07-13,Credit Card,Paid,20487.78
137372,67372,2025-07-28,Upi,Paid,20821.53
137373,67373,2025-06-09,Net Banking,Paid,20779.71
137374,67374,2025-11-30,Credit Card,Failed,11996.95
137375,67375,2025-04-27,Upi,Paid,18334.59
137376,67376,2024-11-19,Upi,Paid,18661.52
137377,67377,2026-02-18,Upi,Paid,28632.21
137378,67378,2024-08-24,Net Banking,Paid,15349.96
137379,67379,2024-01-13,Cash On Delivery,Pending,729.96
137380,67380,2024-09-13,Upi,Paid,20091.4
137381,67381,2025-11-25,Wallet,Paid,2004.04
137382,67382,2024-12-06,Cash On Delivery,Pending,20837.26
137383,67383,2024-06-14,Wallet,Refunded,15158.5
137384,67384,2025-03-30,Wallet,Paid,29217.74
137385,67385,2024-07-04,Debit Card,Paid,3376.79
137386,67386,2026-01-04,Upi,Paid,16857.74
137387,67387,2024-04-13,Upi,Paid,4497.53
137388,67388,2024-07-12,Cash On Delivery,Paid,6949.2
137389,67389,2026-01-28,Cash On Delivery,Paid,29592.42
137390,67390,2025-11-17,Upi,Paid,28111.29
137391,67391,2024-08-26,Debit Card,Paid,24157.52
137392,67392,2026-07-25,Credit Card,Refunded,988.82
137393,67393,2024-03-04,Wallet,Paid,15593.72
137394,67394,2024-06-25,Upi,Paid,14190.9
137395,67395,2024-08-10,Debit Card,Paid,17375.19
137396,67396,2025-05-07,Net Banking,Paid,15447.13
137397,67397,2025-05-13,Upi,Paid,14110.29
137398,67398,2024-12-16,Credit Card,Paid,17291.36
137399,67399,2024-08-16,Upi,Pending,5857.1
137400,67400,2025-08-08,Wallet,Paid,3575.25
137401,67401,2025-01-25,Credit Card,Paid,29331.73
137402,67402,2026-05-06,Debit Card,Paid,556.43
137403,67403,2024-03-17,Net Banking,Paid,23797.21
137404,67404,2026-05-09,Credit Card,Paid,21790.36
137405,67405,2026-03-06,Upi,Paid,17714.7
137406,67406,2025-03-07,Net Banking,Paid,14488.8
137407,67407,2025-11-12,Debit Card,Paid,1498.32
137408,67408,2026-01-05,Upi,Paid,22435.27
137409,67409,2026-05-08,Credit Card,Paid,21675.12
137410,67410,2025-05-12,Net Banking,Refunded,2648.69
137411,67411,2024-03-22,Upi,Paid,12005.87
137412,67412,2026-01-20,Upi,Paid,23247.53
137413,67413,2024-05-30,Upi,Paid,12468.2
137414,67414,2026-05-09,Upi,Paid,27170.02
137415,67415,2026-03-07,Upi,Paid,17588.53
137416,67416,2025-11-23,Upi,Paid,12187.86
137417,67417,2024-12-04,Cash On Delivery,Paid,23056.58
137418,67418,2024-02-29,Upi,Paid,17754.35
137419,67419,2025-02-23,Net Banking,Paid,26872.41
137420,67420,2024-08-27,Credit Card,Paid,17847.03
137421,67421,2026-08-02,Upi,Paid,23746.41
137422,67422,2026-02-03,Upi,Paid,1678.49
137423,67423,2024-06-30,Cash On Delivery,Paid,342.45
137424,67424,2024-01-22,Credit Card,Paid,2335.78
137425,67425,2026-06-11,Credit Card,Paid,24558.23
137426,67426,2025-05-20,Net Banking,Paid,29819.75
137427,67427,2025-12-07,Debit Card,Paid,9659.14
137428,67428,2025-08-16,Net Banking,Paid,8532.27
137429,67429,2024-10-31,Credit Card,Paid,18038.2
137430,67430,2026-03-08,Upi,Paid,8543.91
137431,67431,2024-08-04,Net Banking,Paid,27058.44
137432,67432,2026-02-24,Credit Card,Paid,15877.72
137433,67433,2026-07-28,Net Banking,Paid,27601.42
137434,67434,2024-03-11,Net Banking,Paid,20640.73
137435,67435,2026-02-01,Credit Card,Paid,1280.3
137436,67436,2025-10-21,Wallet,Paid,29332.31
137437,67437,2026-01-16,Credit Card,Paid,26796.46
137438,67438,2026-02-05,Debit Card,Paid,18298.73
137439,67439,2026-06-29,Credit Card,Paid,14717.14
137440,67440,2024-04-15,Upi,Paid,18236.9
137441,67441,2024-10-19,Upi,Paid,9632.96
137442,67442,2025-04-18,Upi,Paid,23644.02
137443,67443,2026-05-13,Upi,Paid,11850.35
137444,67444,2025-09-24,Upi,Failed,21586.4
137445,67445,2025-08-13,Credit Card,Paid,29748.48
137446,67446,2024-12-01,Credit Card,Failed,18618.48
137447,67447,2024-05-01,Upi,Paid,6881.37
137448,67448,2024-12-28,Upi,Failed,21556.93
137449,67449,2025-04-07,Cash On Delivery,Refunded,11400.33
137450,67450,2024-04-09,Upi,Paid,2397.44
137451,67451,2024-06-07,Upi,Paid,22261.66
137452,67452,2026-01-23,Credit Card,Paid,25930.18
137453,67453,2024-08-25,Upi,Paid,12926.29
137454,67454,2024-08-18,Debit Card,Paid,7007.94
137455,67455,2024-04-09,Credit Card,Paid,12262.24
137456,67456,2025-02-26,Debit Card,Paid,9124.52
137457,67457,2024-02-14,Upi,Paid,6747.53
137458,67458,2025-05-17,Debit Card,Paid,10071.29
137459,67459,2024-03-11,Upi,Paid,26675.59
137460,67460,2024-03-28,Upi,Paid,3661.62
137461,67461,2026-08-06,Upi,Failed,27554.74
137462,67462,2025-02-22,Upi,Paid,26179.05
137463,67463,2024-10-13,Upi,Paid,4921.13
137464,67464,2024-05-29,Upi,Paid,8208.23
137465,67465,2025-03-13,Cash On Delivery,Failed,18740.89
137466,67466,2024-08-14,Upi,Paid,18998.61
137467,67467,2024-08-04,Cash On Delivery,Refunded,28853.26
137468,67468,2024-12-11,Credit Card,Paid,8646.3
137469,67469,2024-05-12,Upi,Paid,10588.79
137470,67470,2025-04-23,Upi,Failed,12419.83
137471,67471,2025-01-31,Debit Card,Paid,27063.9
137472,67472,2025-02-26,Upi,Paid,8259.14
137473,67473,2026-01-31,Upi,Paid,19075.16
137474,67474,2024-03-11,Net Banking,Paid,6350.73
137475,67475,2024-09-18,Credit Card,Paid,18277.79
137476,67476,2024-12-06,Upi,Paid,11573.65
137477,67477,2025-01-08,Debit Card,Paid,26241.61
137478,67478,2024-02-11,Debit Card,Paid,6179.57
137479,67479,2024-09-06,Debit Card,Pending,10779.73
137480,67480,2024-09-03,Cash On Delivery,Paid,22063.27
137481,67481,2026-06-08,Credit Card,Paid,22595.77
137482,67482,2024-03-23,Upi,Paid,8906.85
137483,67483,2025-05-01,Upi,Paid,29504.95
137484,67484,2024-06-14,Credit Card,Paid,13322.88
137485,67485,2026-08-03,Wallet,Paid,27908.76
137486,67486,2025-05-04,Cash On Delivery,Paid,14112.24
137487,67487,2024-11-12,Upi,Paid,15354.68
137488,67488,2026-06-19,Upi,Failed,3296.86
137489,67489,2025-09-20,Cash On Delivery,Paid,10394.92
137490,67490,2024-07-08,Debit Card,Paid,16819.7
137491,67491,2025-11-22,Debit Card,Paid,28777.81
137492,67492,2025-12-10,Debit Card,Paid,8618.85
137493,67493,2025-05-07,Upi,Refunded,20833.3
137494,67494,2024-02-15,Upi,Paid,29699.66
137495,67495,2025-12-21,Upi,Paid,19976.42
137496,67496,2024-11-22,Net Banking,Paid,21599.02
137497,67497,2024-04-13,Cash On Delivery,Paid,7159.42
137498,67498,2025-01-25,Debit Card,Paid,14505.89
137499,67499,2025-04-26,Net Banking,Paid,17730.57
137500,67500,2024-04-15,Debit Card,Paid,7786.33
137501,67501,2024-07-30,Net Banking,Paid,684.91
137502,67502,2025-09-09,Upi,Paid,1801.19
137503,67503,2025-10-14,Wallet,Paid,2231.39
137504,67504,2024-05-23,Upi,Paid,22822.98
137505,67505,2024-08-27,Credit Card,Paid,311.21
137506,67506,2026-02-15,Upi,Paid,11485.18
137507,67507,2024-03-29,Net Banking,Failed,24140.74
137508,67508,2025-07-28,Upi,Paid,6722.89
137509,67509,2025-02-10,Upi,Paid,10446.21
137510,67510,2025-12-21,Wallet,Paid,826.12
137511,67511,2024-02-06,Upi,Paid,2216.45
137512,67512,2024-06-10,Cash On Delivery,Pending,25475.44
137513,67513,2026-03-07,Upi,Paid,4964.87
137514,67514,2024-11-06,Upi,Paid,16420.19
137515,67515,2025-01-03,Credit Card,Paid,13423.19
137516,67516,2025-11-15,Wallet,Paid,20974.01
137517,67517,2025-04-02,Credit Card,Paid,25102.62
137518,67518,2025-03-16,Credit Card,Paid,856.91
137519,67519,2024-02-29,Wallet,Paid,14606.42
137520,67520,2025-09-07,Upi,Paid,18076.78
137521,67521,2024-05-17,Upi,Paid,11252.36
137522,67522,2025-02-08,Wallet,Paid,23847.17
137523,67523,2024-12-05,Credit Card,Paid,8418.77
137524,67524,2025-10-15,Cash On Delivery,Paid,14292.83
137525,67525,2025-10-20,Upi,Paid,16338.56
137526,67526,2025-09-16,Upi,Paid,18818.25
137527,67527,2025-08-23,Net Banking,Paid,5421.62
137528,67528,2024-10-20,Credit Card,Paid,19404.51
137529,67529,2024-12-05,Upi,Paid,5456.06
137530,67530,2026-05-08,Credit Card,Paid,21787.12
137531,67531,2025-11-21,Debit Card,Paid,13356.32
137532,67532,2025-12-14,Upi,Paid,29706.85
137533,67533,2026-04-23,Net Banking,Paid,4924.85
137534,67534,2024-03-08,Credit Card,Pending,10685.66
137535,67535,2024-01-02,Upi,Paid,22986.34
137536,67536,2024-02-07,Cash On Delivery,Paid,17545.37
137537,67537,2025-05-01,Credit Card,Paid,5158.37
137538,67538,2025-11-28,Upi,Paid,6403.65
137539,67539,2026-07-10,Credit Card,Refunded,20404.54
137540,67540,2025-09-07,Net Banking,Failed,21885.53
137541,67541,2025-12-12,Net Banking,Paid,9383.66
137542,67542,2026-06-16,Net Banking,Paid,12140.25
137543,67543,2024-06-15,Debit Card,Paid,12493.63
137544,67544,2025-10-20,Net Banking,Paid,2197.17
137545,67545,2025-10-10,Upi,Paid,12921.1
137546,67546,2024-07-22,Debit Card,Paid,3248.38
137547,67547,2025-03-31,Upi,Paid,23489.87
137548,67548,2024-02-12,Credit Card,Paid,27726.07
137549,67549,2025-04-13,Debit Card,Paid,19444.41
137550,67550,2025-06-01,Upi,Paid,6875.28
137551,67551,2024-12-31,Upi,Paid,15527.71
137552,67552,2025-04-27,Wallet,Paid,1117.36
137553,67553,2025-09-07,Debit Card,Paid,7686.49
137554,67554,2026-06-28,Cash On Delivery,Paid,17047.15
137555,67555,2025-01-20,Credit Card,Paid,15488.27
137556,67556,2025-11-19,Upi,Paid,19106.89
137557,67557,2025-03-04,Credit Card,Paid,20343.48
137558,67558,2026-05-24,Upi,Refunded,9306.49
137559,67559,2025-07-02,Debit Card,Failed,4474.59
137560,67560,2026-01-06,Debit Card,Paid,28204.65
137561,67561,2024-10-10,Cash On Delivery,Paid,24068.05
137562,67562,2025-10-04,Debit Card,Paid,4017.05
137563,67563,2024-09-02,Net Banking,Paid,12514.07
137564,67564,2025-07-01,Debit Card,Paid,22351.39
137565,67565,2024-07-09,Cash On Delivery,Paid,3473.34
137566,67566,2025-07-16,Upi,Paid,20919.02
137567,67567,2024-06-22,Debit Card,Paid,7643.17
137568,67568,2025-05-09,Cash On Delivery,Paid,26135.75
137569,67569,2025-04-16,Wallet,Paid,8043.32
137570,67570,2026-03-26,Debit Card,Paid,5469.73
137571,67571,2024-04-12,Debit Card,Paid,17133.82
137572,67572,2024-08-16,Upi,Paid,4821.86
137573,67573,2025-11-22,Credit Card,Paid,24283.2
137574,67574,2026-06-06,Upi,Paid,27036.51
137575,67575,2026-02-23,Upi,Paid,8123.33
137576,67576,2025-06-27,Upi,Pending,19095.04
137577,67577,2024-09-19,Upi,Paid,2432.73
137578,67578,2025-02-28,Upi,Paid,2411.16
137579,67579,2026-04-12,Cash On Delivery,Paid,28942.85
137580,67580,2024-07-24,Debit Card,Paid,16442.67
137581,67581,2026-08-16,Credit Card,Paid,19645.98
137582,67582,2024-09-27,Upi,Failed,24619.58
137583,67583,2025-04-13,Upi,Paid,19356.86
137584,67584,2025-07-22,Cash On Delivery,Paid,22670.37
137585,67585,2024-10-16,Upi,Paid,13177.66
137586,67586,2024-05-29,Debit Card,Failed,29284.52
137587,67587,2024-10-28,Credit Card,Paid,25668.3
137588,67588,2024-01-04,Upi,Paid,1187.46
137589,67589,2025-09-13,Upi,Paid,3163.74
137590,67590,2024-09-08,Net Banking,Paid,26749.4
137591,67591,2025-03-07,Upi,Paid,24082.76
137592,67592,2024-10-22,Upi,Paid,8955.88
137593,67593,2024-07-15,Upi,Paid,29372.06
137594,67594,2026-07-03,Credit Card,Paid,6141.41
137595,67595,2024-11-28,Debit Card,Paid,11761.66
137596,67596,2025-07-20,Wallet,Paid,22625.74
137597,67597,2024-11-26,Upi,Paid,5245.09
137598,67598,2025-01-31,Wallet,Paid,7571.74
137599,67599,2024-08-29,Upi,Pending,7121.39
137600,67600,2026-08-12,Upi,Paid,15298.6
137601,67601,2025-08-08,Net Banking,Paid,3587.27
137602,67602,2024-12-25,Cash On Delivery,Paid,14230.77
137603,67603,2025-06-21,Cash On Delivery,Paid,12560.94
137604,67604,2026-07-18,Upi,Paid,11984.97
137605,67605,2025-08-26,Upi,Paid,24835.21
137606,67606,2026-07-02,Credit Card,Paid,653.0
137607,67607,2025-10-06,Upi,Paid,1394.45
137608,67608,2025-11-02,Upi,Paid,706.88
137609,67609,2024-12-28,Cash On Delivery,Paid,1297.13
137610,67610,2025-05-24,Upi,Paid,15250.87
137611,67611,2025-08-10,Credit Card,Paid,29800.86
137612,67612,2026-03-11,Debit Card,Paid,24746.01
137613,67613,2025-12-22,Credit Card,Paid,25974.77
137614,67614,2024-11-13,Credit Card,Paid,6309.26
137615,67615,2025-02-22,Credit Card,Paid,9352.35
137616,67616,2024-12-22,Cash On Delivery,Paid,10942.63
137617,67617,2026-08-13,Net Banking,Paid,18487.76
137618,67618,2024-07-20,Wallet,Paid,12551.39
137619,67619,2025-07-20,Wallet,Pending,28204.62
137620,67620,2024-09-04,Upi,Paid,24046.81
137621,67621,2024-05-09,Debit Card,Paid,10916.55
137622,67622,2024-05-14,Credit Card,Paid,29513.94
137623,67623,2024-01-20,Cash On Delivery,Paid,28804.4
137624,67624,2026-04-06,Credit Card,Paid,27110.65
137625,67625,2026-03-21,Credit Card,Failed,2025.49
137626,67626,2024-01-04,Cash On Delivery,Paid,22653.64
137627,67627,2024-09-17,Net Banking,Paid,21931.55
137628,67628,2025-02-18,Credit Card,Paid,24847.48
137629,67629,2024-05-31,Cash On Delivery,Paid,24759.3
137630,67630,2024-12-20,Credit Card,Paid,26648.91
137631,67631,2026-06-16,Upi,Failed,16452.93
137632,67632,2025-01-11,Debit Card,Paid,20210.09
137633,67633,2025-05-11,Upi,Paid,13427.98
137634,67634,2026-03-29,Upi,Refunded,27254.31
137635,67635,2024-01-03,Upi,Paid,15135.35
137636,67636,2026-03-07,Credit Card,Paid,25538.09
137637,67637,2025-03-17,Wallet,Pending,2210.2
137638,67638,2025-10-05,Credit Card,Paid,5296.35
137639,67639,2026-07-21,Credit Card,Paid,20386.22
137640,67640,2025-10-31,Upi,Paid,22441.26
137641,67641,2024-10-21,Cash On Delivery,Paid,12137.72
137642,67642,2026-02-19,Upi,Paid,25977.94
137643,67643,2024-08-22,Debit Card,Paid,26955.99
137644,67644,2025-01-08,Upi,Paid,898.15
137645,67645,2025-09-21,Wallet,Paid,7110.32
137646,67646,2025-03-14,Upi,Paid,19736.01
137647,67647,2026-04-10,Credit Card,Paid,9483.21
137648,67648,2024-08-28,Debit Card,Paid,22140.92
137649,67649,2025-09-14,Upi,Paid,29391.57
137650,67650,2024-08-18,Upi,Paid,22952.22
137651,67651,2025-07-31,Credit Card,Paid,22378.2
137652,67652,2026-06-25,Upi,Failed,29314.37
137653,67653,2026-08-03,Upi,Paid,26450.98
137654,67654,2026-01-08,Upi,Paid,28622.53
137655,67655,2025-09-10,Credit Card,Refunded,28913.95
137656,67656,2025-03-17,Cash On Delivery,Paid,998.94
137657,67657,2024-10-31,Wallet,Paid,25542.16
137658,67658,2024-02-07,Cash On Delivery,Paid,14169.48
137659,67659,2025-05-10,Wallet,Paid,24704.23
137660,67660,2025-12-21,Wallet,Paid,7421.02
137661,67661,2026-03-21,Debit Card,Paid,23402.54
137662,67662,2026-07-09,Upi,Paid,21668.8
137663,67663,2024-06-27,Cash On Delivery,Refunded,2511.05
137664,67664,2026-06-18,Net Banking,Paid,21594.83
137665,67665,2024-09-29,Upi,Paid,24535.96
137666,67666,2025-11-24,Cash On Delivery,Paid,9776.08
137667,67667,2025-12-26,Net Banking,Paid,12752.03
137668,67668,2025-09-20,Debit Card,Paid,15133.4
137669,67669,2025-02-12,Upi,Paid,12037.26
137670,67670,2024-04-30,Debit Card,Failed,8442.96
137671,67671,2025-05-01,Upi,Paid,29330.56
137672,67672,2024-03-27,Upi,Paid,16894.83
137673,67673,2025-08-31,Wallet,Pending,19343.5
137674,67674,2024-09-16,Wallet,Paid,18647.51
137675,67675,2024-07-09,Wallet,Paid,28093.8
137676,67676,2025-06-30,Credit Card,Paid,14487.07
137677,67677,2024-08-29,Credit Card,Paid,9025.61
137678,67678,2026-06-07,Net Banking,Paid,10920.58
137679,67679,2024-04-06,Debit Card,Paid,608.6
137680,67680,2026-04-27,Cash On Delivery,Paid,1613.39
137681,67681,2026-01-20,Cash On Delivery,Paid,5927.12
137682,67682,2024-10-24,Upi,Paid,11885.65
137683,67683,2025-07-08,Credit Card,Paid,4225.85
137684,67684,2024-12-21,Net Banking,Paid,25331.26
137685,67685,2024-08-19,Upi,Paid,5886.65
137686,67686,2024-10-31,Upi,Paid,6558.14
137687,67687,2024-11-30,Debit Card,Paid,9110.83
137688,67688,2025-05-29,Upi,Paid,9545.65
137689,67689,2025-07-16,Upi,Paid,27509.87
137690,67690,2026-02-25,Net Banking,Paid,10987.51
137691,67691,2025-07-09,Debit Card,Paid,8681.59
137692,67692,2026-01-31,Credit Card,Pending,6481.16
137693,67693,2026-06-11,Cash On Delivery,Paid,4252.66
137694,67694,2026-05-10,Debit Card,Paid,5622.88
137695,67695,2025-02-02,Credit Card,Paid,3990.62
137696,67696,2025-05-22,Upi,Paid,793.51
137697,67697,2026-02-21,Credit Card,Paid,2892.69
137698,67698,2025-10-03,Debit Card,Failed,3493.32
137699,67699,2024-05-07,Cash On Delivery,Paid,16498.87
137700,67700,2026-07-17,Wallet,Paid,16244.4
137701,67701,2026-01-14,Upi,Paid,25728.32
137702,67702,2025-10-20,Cash On Delivery,Paid,15037.24
137703,67703,2026-08-17,Upi,Paid,8113.17
137704,67704,2024-06-11,Wallet,Paid,8542.8
137705,67705,2026-05-09,Credit Card,Paid,23112.06
137706,67706,2024-11-16,Credit Card,Failed,17695.63
137707,67707,2026-02-27,Upi,Paid,21935.75
137708,67708,2024-03-16,Net Banking,Paid,27116.07
137709,67709,2025-06-24,Cash On Delivery,Paid,27862.27
137710,67710,2024-04-20,Upi,Paid,3863.95
137711,67711,2026-07-12,Debit Card,Pending,2264.58
137712,67712,2025-04-24,Debit Card,Paid,6354.24
137713,67713,2026-04-12,Upi,Paid,20852.72
137714,67714,2025-12-19,Net Banking,Refunded,11835.17
137715,67715,2025-04-15,Debit Card,Failed,11800.31
137716,67716,2024-07-04,Credit Card,Failed,5092.92
137717,67717,2025-04-01,Wallet,Paid,16912.83
137718,67718,2024-11-07,Cash On Delivery,Paid,24471.76
137719,67719,2024-09-04,Cash On Delivery,Paid,1465.93
137720,67720,2024-11-25,Debit Card,Paid,18512.2
137721,67721,2024-08-12,Net Banking,Paid,977.55
137722,67722,2026-03-27,Upi,Paid,858.02
137723,67723,2026-06-01,Wallet,Paid,27623.74
137724,67724,2024-06-28,Upi,Paid,28081.66
137725,67725,2024-07-26,Credit Card,Paid,13146.4
137726,67726,2024-02-04,Credit Card,Paid,25588.44
137727,67727,2025-02-10,Upi,Paid,28587.34
137728,67728,2025-08-28,Credit Card,Paid,17086.86
137729,67729,2024-09-13,Credit Card,Paid,4267.57
137730,67730,2025-05-28,Upi,Paid,20833.8
137731,67731,2024-11-22,Net Banking,Paid,1835.99
137732,67732,2024-01-03,Credit Card,Paid,11690.8
137733,67733,2024-08-20,Credit Card,Paid,29205.59
137734,67734,2026-01-11,Net Banking,Paid,26480.11
137735,67735,2026-05-06,Upi,Paid,16101.63
137736,67736,2025-02-17,Credit Card,Paid,13572.06
137737,67737,2025-07-20,Net Banking,Pending,23873.96
137738,67738,2025-06-16,Wallet,Paid,27134.09
137739,67739,2024-10-20,Upi,Paid,6104.62
137740,67740,2025-10-15,Cash On Delivery,Paid,29047.22
137741,67741,2025-01-30,Credit Card,Paid,6249.54
137742,67742,2024-02-20,Net Banking,Paid,28676.3
137743,67743,2025-01-12,Upi,Paid,8339.15
137744,67744,2024-06-17,Upi,Paid,29756.97
137745,67745,2025-04-10,Upi,Paid,18951.7
137746,67746,2025-03-25,Credit Card,Refunded,20826.87
137747,67747,2025-03-31,Upi,Paid,22773.49
137748,67748,2024-06-16,Credit Card,Paid,9984.94
137749,67749,2026-07-07,Upi,Paid,7083.33
137750,67750,2024-04-23,Upi,Paid,8305.38
137751,67751,2024-10-11,Credit Card,Paid,4345.58
137752,67752,2024-11-13,Upi,Paid,13132.36
137753,67753,2025-03-17,Upi,Refunded,26141.68
137754,67754,2025-02-18,Upi,Paid,11171.53
137755,67755,2026-08-15,Upi,Refunded,22491.46
137756,67756,2026-04-07,Upi,Paid,25938.61
137757,67757,2024-02-23,Credit Card,Paid,18102.52
137758,67758,2025-07-31,Upi,Paid,2553.35
137759,67759,2025-05-16,Net Banking,Paid,24679.48
137760,67760,2026-06-20,Credit Card,Paid,27889.04
137761,67761,2024-11-29,Upi,Paid,17438.36
137762,67762,2025-03-19,Wallet,Paid,1034.41
137763,67763,2026-06-19,Credit Card,Paid,25158.89
137764,67764,2025-04-06,Upi,Paid,7999.62
137765,67765,2025-08-13,Credit Card,Paid,7426.8
137766,67766,2024-10-29,Upi,Paid,3049.71
137767,67767,2026-02-01,Upi,Paid,28828.93
137768,67768,2024-03-21,Upi,Paid,20720.69
137769,67769,2026-08-05,Credit Card,Paid,23611.67
137770,67770,2024-06-15,Cash On Delivery,Paid,22363.42
137771,67771,2025-07-16,Wallet,Paid,10628.39
137772,67772,2024-03-09,Upi,Paid,21955.89
137773,67773,2024-04-06,Upi,Paid,3273.53
137774,67774,2025-11-14,Upi,Paid,13056.52
137775,67775,2026-02-01,Debit Card,Paid,13215.42
137776,67776,2024-12-07,Upi,Paid,27494.95
137777,67777,2024-02-27,Wallet,Paid,21580.92
137778,67778,2024-02-02,Debit Card,Paid,6965.63
137779,67779,2026-06-26,Debit Card,Paid,12483.59
137780,67780,2026-01-01,Credit Card,Paid,26990.01
137781,67781,2025-01-10,Upi,Failed,12822.43
137782,67782,2024-09-06,Upi,Paid,1736.98
137783,67783,2025-11-12,Upi,Paid,320.69
137784,67784,2026-05-18,Credit Card,Paid,23714.17
137785,67785,2025-10-01,Upi,Paid,23072.79
137786,67786,2026-03-09,Debit Card,Paid,13171.29
137787,67787,2026-04-06,Upi,Paid,10610.93
137788,67788,2024-10-22,Wallet,Failed,28868.38
137789,67789,2025-12-11,Net Banking,Paid,9980.98
137790,67790,2024-08-16,Credit Card,Paid,28805.39
137791,67791,2024-08-04,Upi,Paid,5639.89
137792,67792,2026-08-23,Debit Card,Paid,6213.08
137793,67793,2024-11-16,Upi,Paid,12636.83
137794,67794,2026-03-07,Credit Card,Paid,19431.76
137795,67795,2024-12-02,Debit Card,Paid,15430.82
137796,67796,2026-06-18,Cash On Delivery,Pending,4787.24
137797,67797,2024-09-26,Credit Card,Paid,17251.92
137798,67798,2024-01-18,Upi,Paid,5669.71
137799,67799,2025-03-26,Credit Card,Paid,27092.03
137800,67800,2025-08-05,Upi,Paid,14661.66
137801,67801,2025-01-08,Net Banking,Paid,4916.32
137802,67802,2024-09-16,Upi,Paid,8584.32
137803,67803,2026-03-17,Upi,Paid,16862.8
137804,67804,2024-12-31,Upi,Paid,7586.64
137805,67805,2025-11-10,Cash On Delivery,Paid,18961.61
137806,67806,2024-03-30,Upi,Paid,12694.0
137807,67807,2026-04-27,Upi,Paid,4669.03
137808,67808,2025-12-29,Debit Card,Paid,19107.98
137809,67809,2024-06-13,Upi,Refunded,8998.98
137810,67810,2025-05-24,Upi,Paid,409.46
137811,67811,2025-12-30,Net Banking,Refunded,16410.7
137812,67812,2026-02-10,Upi,Paid,5459.94
137813,67813,2025-02-13,Upi,Paid,2678.76
137814,67814,2024-04-23,Credit Card,Paid,7996.72
137815,67815,2024-02-28,Upi,Paid,21915.38
137816,67816,2026-08-28,Debit Card,Paid,26022.35
137817,67817,2024-04-15,Upi,Paid,19722.95
137818,67818,2024-12-04,Cash On Delivery,Paid,17571.71
137819,67819,2026-04-12,Wallet,Failed,8217.26
137820,67820,2026-07-13,Cash On Delivery,Paid,2908.35
137821,67821,2025-04-04,Credit Card,Paid,20289.02
137822,67822,2025-10-19,Credit Card,Paid,28531.03
137823,67823,2025-05-11,Net Banking,Paid,22962.83
137824,67824,2024-04-15,Net Banking,Paid,6358.43
137825,67825,2025-04-22,Debit Card,Paid,2569.09
137826,67826,2026-01-31,Debit Card,Paid,18882.6
137827,67827,2025-08-30,Upi,Paid,29862.08
137828,67828,2025-06-29,Upi,Paid,20208.65
137829,67829,2026-03-21,Credit Card,Refunded,9754.33
137830,67830,2024-07-04,Credit Card,Paid,8612.91
137831,67831,2025-07-07,Debit Card,Paid,26672.38
137832,67832,2024-06-30,Upi,Paid,2467.79
137833,67833,2024-03-02,Upi,Paid,20297.62
137834,67834,2026-07-13,Upi,Paid,26545.65
137835,67835,2026-01-24,Credit Card,Paid,8598.8
137836,67836,2026-08-28,Upi,Refunded,6968.45
137837,67837,2025-03-23,Wallet,Paid,27933.86
137838,67838,2025-07-13,Cash On Delivery,Paid,8857.87
137839,67839,2024-02-29,Credit Card,Paid,21683.04
137840,67840,2024-06-30,Credit Card,Paid,20478.52
137841,67841,2024-03-24,Upi,Paid,2790.96
137842,67842,2024-11-28,Net Banking,Paid,8594.93
137843,67843,2025-02-01,Credit Card,Paid,19755.33
137844,67844,2024-07-25,Upi,Paid,1698.8
137845,67845,2026-01-26,Net Banking,Paid,9707.82
137846,67846,2025-08-13,Credit Card,Paid,21340.61
137847,67847,2025-02-28,Net Banking,Paid,23856.09
137848,67848,2025-01-23,Upi,Paid,22452.83
137849,67849,2025-07-06,Upi,Paid,11778.6
137850,67850,2025-01-03,Upi,Paid,22048.91
137851,67851,2026-01-22,Credit Card,Paid,3794.13
137852,67852,2026-02-16,Cash On Delivery,Paid,15522.33
137853,67853,2024-06-30,Wallet,Paid,7786.35
137854,67854,2026-07-24,Debit Card,Paid,2433.43
137855,67855,2025-03-20,Upi,Paid,8835.33
137856,67856,2024-07-12,Credit Card,Paid,21565.0
137857,67857,2026-04-06,Upi,Paid,17750.07
137858,67858,2025-02-07,Cash On Delivery,Paid,1401.45
137859,67859,2024-05-27,Cash On Delivery,Paid,15409.69
137860,67860,2025-06-05,Cash On Delivery,Paid,17461.59
137861,67861,2025-02-04,Upi,Paid,18976.66
137862,67862,2024-08-26,Debit Card,Paid,14707.18
137863,67863,2025-12-06,Cash On Delivery,Paid,808.29
137864,67864,2025-01-24,Cash On Delivery,Paid,26703.56
137865,67865,2025-05-28,Debit Card,Failed,17581.49
137866,67866,2024-02-24,Credit Card,Paid,14773.24
137867,67867,2024-12-23,Credit Card,Failed,5841.21
137868,67868,2024-02-12,Cash On Delivery,Paid,29768.93
137869,67869,2024-10-02,Cash On Delivery,Paid,16282.59
137870,67870,2026-02-04,Credit Card,Paid,16328.01
137871,67871,2026-06-18,Cash On Delivery,Paid,24665.24
137872,67872,2024-11-26,Upi,Paid,5032.41
137873,67873,2025-11-08,Upi,Paid,24558.36
137874,67874,2025-11-20,Wallet,Failed,2949.99
137875,67875,2026-01-30,Upi,Paid,15914.53
137876,67876,2024-03-24,Upi,Paid,6571.42
137877,67877,2024-10-17,Upi,Paid,19494.04
137878,67878,2025-10-15,Upi,Paid,18873.17
137879,67879,2024-10-14,Credit Card,Paid,26843.1
137880,67880,2025-09-27,Upi,Paid,3543.28
137881,67881,2026-05-23,Net Banking,Pending,12612.59
137882,67882,2026-03-09,Debit Card,Pending,6784.69
137883,67883,2025-04-22,Credit Card,Paid,12358.3
137884,67884,2024-07-17,Upi,Paid,12348.99
137885,67885,2024-11-06,Wallet,Paid,19405.17
137886,67886,2025-06-19,Upi,Paid,22450.41
137887,67887,2025-12-25,Debit Card,Paid,19011.8
137888,67888,2026-05-25,Upi,Paid,7004.22
137889,67889,2026-03-30,Credit Card,Paid,11939.89
137890,67890,2024-08-03,Credit Card,Paid,7304.56
137891,67891,2024-04-20,Wallet,Paid,26541.98
137892,67892,2024-05-03,Net Banking,Pending,22073.68
137893,67893,2024-08-02,Upi,Paid,24874.39
137894,67894,2024-12-01,Net Banking,Paid,8616.29
137895,67895,2024-02-11,Upi,Paid,22416.32
137896,67896,2026-07-28,Upi,Paid,15063.12
137897,67897,2024-12-06,Upi,Paid,21670.45
137898,67898,2024-06-02,Debit Card,Paid,11806.13
137899,67899,2025-06-02,Credit Card,Refunded,9860.72
137900,67900,2024-04-27,Debit Card,Paid,15800.99
137901,67901,2026-04-06,Cash On Delivery,Paid,18481.03
137902,67902,2026-08-28,Upi,Failed,1234.63
137903,67903,2026-06-07,Debit Card,Paid,24685.36
137904,67904,2025-01-16,Upi,Paid,13049.91
137905,67905,2025-09-09,Upi,Paid,29498.31
137906,67906,2024-05-25,Upi,Paid,3502.02
137907,67907,2024-02-14,Upi,Paid,2972.23
137908,67908,2025-06-28,Net Banking,Paid,24530.79
137909,67909,2025-12-27,Upi,Paid,7560.74
137910,67910,2024-01-17,Debit Card,Paid,29587.15
137911,67911,2026-08-24,Debit Card,Paid,24902.17
137912,67912,2025-02-16,Credit Card,Paid,5628.15
137913,67913,2025-08-25,Credit Card,Paid,12278.98
137914,67914,2024-02-06,Debit Card,Paid,15730.12
137915,67915,2026-05-10,Net Banking,Paid,26625.94
137916,67916,2025-07-05,Credit Card,Paid,3833.49
137917,67917,2025-04-11,Net Banking,Paid,4111.58
137918,67918,2025-08-29,Net Banking,Paid,8522.42
137919,67919,2026-03-18,Upi,Paid,28905.71
137920,67920,2024-01-06,Credit Card,Paid,25665.57
137921,67921,2024-02-19,Debit Card,Paid,5610.75
137922,67922,2025-05-13,Upi,Paid,16511.54
137923,67923,2026-01-28,Credit Card,Paid,3393.57
137924,67924,2026-07-06,Net Banking,Paid,3017.5
137925,67925,2024-04-03,Cash On Delivery,Paid,19386.2
137926,67926,2025-01-23,Net Banking,Failed,11700.61
137927,67927,2026-01-29,Debit Card,Paid,24465.92
137928,67928,2026-07-16,Wallet,Paid,21193.57
137929,67929,2024-09-06,Debit Card,Paid,18220.2
137930,67930,2026-07-26,Debit Card,Paid,27352.65
137931,67931,2026-02-22,Net Banking,Failed,22243.04
137932,67932,2024-08-24,Upi,Paid,27568.25
137933,67933,2026-03-04,Debit Card,Paid,25918.58
137934,67934,2025-07-17,Upi,Paid,14887.83
137935,67935,2026-03-30,Credit Card,Failed,15697.52
137936,67936,2026-03-16,Credit Card,Paid,28469.83
137937,67937,2024-07-14,Cash On Delivery,Paid,21884.27
137938,67938,2025-11-21,Debit Card,Paid,6030.55
137939,67939,2025-03-20,Net Banking,Paid,5926.92
137940,67940,2026-01-09,Cash On Delivery,Paid,884.26
137941,67941,2024-05-14,Upi,Paid,10422.29
137942,67942,2024-09-13,Net Banking,Paid,17701.76
137943,67943,2024-08-12,Upi,Paid,4908.07
137944,67944,2026-06-09,Wallet,Paid,18071.85
137945,67945,2024-12-22,Upi,Paid,22568.01
137946,67946,2024-08-17,Credit Card,Failed,16649.11
137947,67947,2025-12-16,Upi,Paid,1628.8
137948,67948,2025-09-18,Cash On Delivery,Paid,15790.69
137949,67949,2025-09-12,Upi,Failed,23406.27
137950,67950,2026-05-09,Credit Card,Paid,25151.03
137951,67951,2026-05-30,Upi,Paid,14608.47
137952,67952,2024-12-15,Cash On Delivery,Paid,12449.63
137953,67953,2026-07-24,Net Banking,Paid,5688.28
137954,67954,2025-06-21,Upi,Paid,10820.59
137955,67955,2026-05-13,Cash On Delivery,Paid,23381.15
137956,67956,2025-11-03,Upi,Paid,4268.11
137957,67957,2024-03-20,Wallet,Paid,6828.99
137958,67958,2026-06-20,Upi,Paid,25781.55
137959,67959,2025-07-15,Credit Card,Paid,4498.39
137960,67960,2025-03-13,Credit Card,Paid,23987.15
137961,67961,2024-11-26,Net Banking,Paid,10941.26
137962,67962,2025-08-11,Wallet,Paid,28544.62
137963,67963,2026-06-14,Wallet,Paid,5193.37
137964,67964,2024-05-17,Credit Card,Paid,20527.42
137965,67965,2024-08-08,Credit Card,Paid,23382.3
137966,67966,2024-03-06,Upi,Paid,10474.9
137967,67967,2024-07-12,Credit Card,Paid,12443.76
137968,67968,2024-01-24,Net Banking,Paid,19544.97
137969,67969,2024-07-25,Wallet,Paid,13277.61
137970,67970,2025-04-09,Cash On Delivery,Paid,23710.73
137971,67971,2026-03-16,Debit Card,Paid,964.9
137972,67972,2025-06-15,Credit Card,Paid,25567.3
137973,67973,2024-08-09,Wallet,Refunded,14976.96
137974,67974,2024-03-24,Credit Card,Paid,5965.91
137975,67975,2026-05-11,Net Banking,Paid,22866.31
137976,67976,2024-06-26,Wallet,Paid,431.08
137977,67977,2026-01-17,Upi,Paid,716.75
137978,67978,2024-09-17,Upi,Paid,21152.04
137979,67979,2025-09-03,Upi,Paid,17078.18
137980,67980,2026-05-16,Wallet,Paid,16815.32
137981,67981,2026-06-02,Credit Card,Paid,22079.8
137982,67982,2024-04-07,Credit Card,Paid,1072.2
137983,67983,2025-05-12,Credit Card,Failed,26198.21
137984,67984,2025-04-21,Debit Card,Paid,4814.65
137985,67985,2026-05-05,Upi,Paid,29144.11
137986,67986,2026-02-07,Cash On Delivery,Paid,11625.78
137987,67987,2024-05-21,Cash On Delivery,Pending,3087.64
137988,67988,2026-04-26,Credit Card,Paid,24235.32
137989,67989,2024-12-19,Debit Card,Paid,9443.85
137990,67990,2025-11-05,Debit Card,Failed,13699.63
137991,67991,2024-06-24,Upi,Paid,15035.93
137992,67992,2024-09-17,Wallet,Paid,2445.4
137993,67993,2024-03-12,Upi,Paid,26967.87
137994,67994,2024-04-27,Debit Card,Failed,14191.81
137995,67995,2026-06-25,Upi,Paid,2303.44
137996,67996,2024-06-03,Debit Card,Failed,24774.61
137997,67997,2025-08-30,Upi,Refunded,12748.32
137998,67998,2026-01-17,Debit Card,Paid,29139.94
137999,67999,2024-03-16,Upi,Paid,8293.64
138000,68000,2024-10-16,Credit Card,Paid,22373.57
138001,68001,2025-04-11,Cash On Delivery,Paid,2393.56
138002,68002,2024-11-23,Net Banking,Paid,27964.92
138003,68003,2026-05-06,Cash On Delivery,Paid,26821.63
138004,68004,2024-06-22,Credit Card,Paid,11169.91
138005,68005,2025-12-05,Debit Card,Paid,13094.09
138006,68006,2025-02-27,Cash On Delivery,Paid,3710.25
138007,68007,2025-01-13,Debit Card,Paid,27452.88
138008,68008,2024-11-21,Credit Card,Paid,4475.67
138009,68009,2025-10-18,Upi,Paid,26507.82
138010,68010,2024-12-14,Credit Card,Failed,7624.78
138011,68011,2025-09-03,Debit Card,Paid,1066.82
138012,68012,2024-02-05,Debit Card,Paid,13474.49
138013,68013,2024-09-24,Upi,Paid,444.3
138014,68014,2025-03-26,Cash On Delivery,Paid,15004.0
138015,68015,2024-08-01,Credit Card,Paid,4471.83
138016,68016,2024-04-21,Credit Card,Paid,23561.91
138017,68017,2024-08-04,Upi,Refunded,10917.46
138018,68018,2025-06-05,Wallet,Refunded,11747.85
138019,68019,2026-07-18,Credit Card,Paid,26442.94
138020,68020,2025-10-14,Credit Card,Paid,22836.6
138021,68021,2026-05-27,Wallet,Paid,6941.65
138022,68022,2025-06-14,Net Banking,Paid,20347.41
138023,68023,2024-02-01,Credit Card,Paid,20854.35
138024,68024,2024-05-22,Credit Card,Paid,21649.38
138025,68025,2026-01-09,Upi,Paid,17811.75
138026,68026,2025-08-24,Cash On Delivery,Paid,28006.68
138027,68027,2026-03-28,Upi,Paid,24868.3
138028,68028,2025-02-05,Upi,Paid,16670.95
138029,68029,2026-06-25,Credit Card,Paid,15160.91
138030,68030,2024-12-15,Upi,Pending,26020.64
138031,68031,2026-03-27,Net Banking,Paid,8613.79
138032,68032,2024-05-24,Net Banking,Paid,27965.12
138033,68033,2025-03-17,Credit Card,Paid,18754.43
138034,68034,2026-08-23,Upi,Paid,8901.26
138035,68035,2026-02-11,Credit Card,Paid,10231.07
138036,68036,2025-01-17,Credit Card,Failed,17632.42
138037,68037,2026-05-21,Cash On Delivery,Paid,26862.78
138038,68038,2025-03-18,Debit Card,Paid,17058.2
138039,68039,2026-07-07,Wallet,Paid,19479.32
138040,68040,2024-04-04,Upi,Paid,27293.39
138041,68041,2026-03-13,Upi,Paid,18685.63
138042,68042,2025-10-19,Cash On Delivery,Paid,25114.12
138043,68043,2024-06-23,Credit Card,Paid,28553.31
138044,68044,2024-10-02,Debit Card,Paid,5018.3
138045,68045,2026-03-03,Cash On Delivery,Paid,1043.72
138046,68046,2025-12-19,Upi,Paid,15488.66
138047,68047,2024-07-06,Debit Card,Paid,9286.59
138048,68048,2024-03-09,Debit Card,Paid,19199.46
138049,68049,2024-11-03,Credit Card,Paid,2553.02
138050,68050,2024-10-17,Upi,Paid,28887.76
138051,68051,2025-08-29,Upi,Paid,4012.44
138052,68052,2025-12-26,Net Banking,Paid,12599.96
138053,68053,2024-09-25,Upi,Refunded,2661.7
138054,68054,2025-01-20,Upi,Paid,22926.24
138055,68055,2024-07-01,Credit Card,Paid,20414.56
138056,68056,2024-02-05,Upi,Paid,1234.07
138057,68057,2026-06-05,Upi,Paid,27266.31
138058,68058,2026-02-05,Upi,Paid,13119.68
138059,68059,2026-02-06,Upi,Paid,12836.12
138060,68060,2026-07-25,Upi,Paid,15677.44
138061,68061,2024-02-10,Credit Card,Paid,20747.69
138062,68062,2025-01-01,Net Banking,Paid,25300.71
138063,68063,2025-12-22,Upi,Paid,22947.75
138064,68064,2025-08-27,Debit Card,Paid,27063.53
138065,68065,2026-02-01,Debit Card,Failed,25731.46
138066,68066,2024-12-30,Upi,Paid,28738.99
138067,68067,2024-03-30,Cash On Delivery,Failed,10859.33
138068,68068,2025-06-25,Upi,Paid,22039.94
138069,68069,2025-12-19,Cash On Delivery,Paid,22737.42
138070,68070,2025-12-19,Upi,Paid,6610.25
138071,68071,2024-06-18,Upi,Paid,18679.97
138072,68072,2025-09-06,Debit Card,Refunded,11854.66
138073,68073,2025-09-08,Cash On Delivery,Paid,23076.49
138074,68074,2024-11-04,Upi,Paid,22668.14
138075,68075,2024-09-09,Debit Card,Paid,20180.38
138076,68076,2024-07-10,Upi,Paid,18206.77
138077,68077,2024-04-19,Credit Card,Paid,19663.27
138078,68078,2025-06-13,Upi,Paid,17118.16
138079,68079,2024-10-31,Debit Card,Paid,23901.05
138080,68080,2025-10-04,Cash On Delivery,Paid,3346.53
138081,68081,2025-07-28,Credit Card,Paid,26243.64
138082,68082,2025-07-11,Debit Card,Paid,21315.61
138083,68083,2026-07-23,Credit Card,Paid,20323.16
138084,68084,2024-05-07,Credit Card,Paid,6886.94
138085,68085,2024-02-09,Upi,Paid,10338.43
138086,68086,2024-12-11,Credit Card,Paid,12509.84
138087,68087,2024-01-25,Credit Card,Paid,6280.49
138088,68088,2025-12-26,Wallet,Paid,22545.16
138089,68089,2024-12-26,Upi,Paid,26622.63
138090,68090,2024-05-25,Upi,Paid,2077.81
138091,68091,2024-03-21,Net Banking,Paid,26337.84
138092,68092,2026-05-09,Credit Card,Paid,12963.49
138093,68093,2024-12-31,Debit Card,Paid,8003.23
138094,68094,2025-03-30,Cash On Delivery,Paid,12330.31
138095,68095,2024-06-15,Upi,Paid,9308.14
138096,68096,2026-02-08,Credit Card,Paid,11428.61
138097,68097,2025-12-18,Upi,Paid,26350.37
138098,68098,2024-11-27,Upi,Paid,28348.02
138099,68099,2026-04-08,Upi,Paid,896.26
138100,68100,2024-12-15,Net Banking,Paid,8470.84
138101,68101,2026-05-27,Net Banking,Paid,15626.35
138102,68102,2026-07-28,Upi,Paid,26478.67
138103,68103,2025-03-25,Upi,Paid,22861.05
138104,68104,2025-07-04,Debit Card,Paid,17664.57
138105,68105,2026-03-24,Upi,Paid,29228.64
138106,68106,2024-04-11,Debit Card,Paid,12913.91
138107,68107,2025-04-11,Debit Card,Paid,7071.84
138108,68108,2026-07-20,Wallet,Pending,27151.41
138109,68109,2024-07-15,Credit Card,Paid,11772.46
138110,68110,2024-12-30,Upi,Paid,16257.82
138111,68111,2026-04-07,Upi,Paid,13908.45
138112,68112,2025-11-22,Credit Card,Paid,16797.51
138113,68113,2025-04-19,Credit Card,Paid,7517.58
138114,68114,2024-05-06,Upi,Paid,790.97
138115,68115,2024-06-26,Credit Card,Paid,2522.4
138116,68116,2026-04-12,Debit Card,Paid,26082.12
138117,68117,2025-05-10,Upi,Paid,5351.02
138118,68118,2026-07-19,Upi,Paid,29125.57
138119,68119,2024-04-09,Upi,Paid,14472.14
138120,68120,2025-01-06,Debit Card,Paid,21119.68
138121,68121,2024-04-01,Upi,Paid,29354.79
138122,68122,2024-05-22,Credit Card,Paid,2848.52
138123,68123,2024-01-13,Debit Card,Paid,10437.72
138124,68124,2025-06-25,Upi,Paid,1241.93
138125,68125,2024-08-17,Cash On Delivery,Paid,10137.39
138126,68126,2024-06-05,Debit Card,Paid,3134.97
138127,68127,2026-05-04,Upi,Paid,25312.97
138128,68128,2025-03-06,Cash On Delivery,Refunded,13415.65
138129,68129,2025-06-11,Credit Card,Paid,17315.83
138130,68130,2025-08-29,Upi,Paid,4771.89
138131,68131,2025-02-28,Upi,Failed,14140.18
138132,68132,2024-05-18,Cash On Delivery,Pending,21674.55
138133,68133,2025-04-20,Cash On Delivery,Paid,27798.76
138134,68134,2026-07-10,Upi,Paid,16174.92
138135,68135,2025-10-29,Upi,Paid,14104.57
138136,68136,2025-11-16,Upi,Paid,1953.52
138137,68137,2025-07-08,Net Banking,Paid,22395.58
138138,68138,2024-12-17,Credit Card,Paid,10435.15
138139,68139,2025-03-31,Upi,Paid,7953.79
138140,68140,2025-02-09,Net Banking,Paid,17797.78
138141,68141,2025-07-18,Debit Card,Paid,13198.95
138142,68142,2026-04-05,Upi,Paid,25930.87
138143,68143,2024-01-16,Debit Card,Paid,5364.29
138144,68144,2025-04-08,Net Banking,Paid,9994.72
138145,68145,2024-09-17,Upi,Paid,11508.05
138146,68146,2026-08-15,Cash On Delivery,Paid,24532.29
138147,68147,2024-05-22,Net Banking,Paid,17123.93
138148,68148,2024-03-01,Debit Card,Paid,12705.19
138149,68149,2025-11-15,Upi,Paid,2202.47
138150,68150,2024-09-20,Debit Card,Paid,14630.66
138151,68151,2024-07-31,Upi,Paid,18202.8
138152,68152,2025-05-20,Debit Card,Paid,5055.13
138153,68153,2026-06-20,Credit Card,Paid,8829.9
138154,68154,2024-05-11,Net Banking,Refunded,8187.78
138155,68155,2025-06-09,Upi,Pending,5377.44
138156,68156,2024-12-14,Wallet,Paid,17134.5
138157,68157,2024-06-30,Upi,Paid,8473.74
138158,68158,2025-05-22,Net Banking,Paid,19574.68
138159,68159,2026-07-22,Credit Card,Paid,20001.51
138160,68160,2024-09-12,Credit Card,Refunded,19367.49
138161,68161,2024-08-01,Cash On Delivery,Paid,27253.17
138162,68162,2024-06-11,Net Banking,Failed,3277.43
138163,68163,2025-08-24,Net Banking,Paid,29938.96
138164,68164,2024-09-20,Cash On Delivery,Paid,10108.5
138165,68165,2025-07-28,Credit Card,Paid,560.77
138166,68166,2024-03-22,Upi,Paid,22205.07
138167,68167,2025-11-13,Upi,Paid,11977.16
138168,68168,2024-07-10,Credit Card,Paid,25790.36
138169,68169,2024-03-27,Debit Card,Paid,19038.98
138170,68170,2024-03-03,Debit Card,Paid,28523.53
138171,68171,2026-02-09,Upi,Refunded,1388.63
138172,68172,2026-07-15,Upi,Paid,19559.06
138173,68173,2025-02-11,Credit Card,Paid,16301.29
138174,68174,2024-06-06,Credit Card,Paid,12036.1
138175,68175,2026-03-12,Net Banking,Paid,7724.34
138176,68176,2024-01-02,Cash On Delivery,Paid,12114.51
138177,68177,2024-11-08,Wallet,Paid,7865.29
138178,68178,2026-07-20,Upi,Paid,3487.64
138179,68179,2025-01-17,Net Banking,Paid,17193.57
138180,68180,2026-01-06,Net Banking,Paid,25331.46
138181,68181,2024-12-15,Upi,Paid,7911.12
138182,68182,2024-09-19,Credit Card,Paid,27561.16
138183,68183,2024-11-06,Upi,Paid,23320.58
138184,68184,2026-05-03,Debit Card,Paid,2945.03
138185,68185,2025-03-12,Upi,Paid,3001.14
138186,68186,2026-04-27,Upi,Paid,25962.37
138187,68187,2026-08-21,Credit Card,Paid,24268.35
138188,68188,2025-12-19,Upi,Paid,8043.63
138189,68189,2024-10-16,Cash On Delivery,Paid,2031.85
138190,68190,2025-07-28,Wallet,Paid,18004.6
138191,68191,2024-12-27,Net Banking,Paid,1157.67
138192,68192,2025-07-21,Credit Card,Paid,6973.53
138193,68193,2025-11-15,Upi,Paid,20899.86
138194,68194,2026-07-31,Upi,Failed,3097.83
138195,68195,2026-01-31,Debit Card,Paid,13175.62
138196,68196,2025-03-29,Net Banking,Paid,19594.01
138197,68197,2026-04-22,Upi,Paid,28793.01
138198,68198,2026-02-25,Upi,Paid,19890.3
138199,68199,2024-10-08,Debit Card,Paid,3290.96
138200,68200,2024-04-21,Upi,Paid,29891.44
138201,68201,2025-02-13,Wallet,Paid,10019.65
138202,68202,2025-11-10,Upi,Paid,16489.65
138203,68203,2024-08-25,Upi,Paid,27901.76
138204,68204,2026-08-19,Upi,Paid,16738.68
138205,68205,2026-07-30,Cash On Delivery,Paid,12383.65
138206,68206,2024-01-10,Wallet,Paid,988.0
138207,68207,2025-01-23,Credit Card,Paid,12152.17
138208,68208,2024-09-08,Credit Card,Paid,14171.25
138209,68209,2026-04-25,Net Banking,Paid,17304.48
138210,68210,2026-02-02,Upi,Paid,2296.13
138211,68211,2025-10-12,Debit Card,Paid,15118.56
138212,68212,2025-12-12,Cash On Delivery,Paid,1710.0
138213,68213,2026-02-15,Credit Card,Refunded,5609.43
138214,68214,2025-12-13,Credit Card,Refunded,23528.78
138215,68215,2025-10-13,Wallet,Paid,3340.53
138216,68216,2026-08-13,Wallet,Paid,26793.91
138217,68217,2025-06-17,Upi,Pending,12560.61
138218,68218,2024-04-03,Upi,Paid,5375.57
138219,68219,2025-02-17,Upi,Paid,11131.1
138220,68220,2025-10-17,Cash On Delivery,Paid,21289.8
138221,68221,2026-04-28,Debit Card,Paid,17710.28
138222,68222,2025-09-16,Upi,Paid,11927.14
138223,68223,2024-09-29,Upi,Paid,3513.67
138224,68224,2024-07-21,Wallet,Paid,11620.62
138225,68225,2026-03-27,Credit Card,Paid,8041.3
138226,68226,2024-07-28,Upi,Paid,25796.15
138227,68227,2024-01-28,Upi,Paid,24872.18
138228,68228,2025-09-24,Debit Card,Paid,5104.35
138229,68229,2025-05-20,Net Banking,Refunded,13140.21
138230,68230,2025-09-26,Upi,Refunded,18794.01
138231,68231,2025-03-24,Wallet,Paid,4370.83
138232,68232,2025-08-05,Upi,Failed,23688.55
138233,68233,2024-12-08,Upi,Paid,18805.04
138234,68234,2025-03-26,Credit Card,Paid,18116.06
138235,68235,2024-06-13,Upi,Paid,13445.1
138236,68236,2025-10-28,Credit Card,Paid,27944.52
138237,68237,2025-07-31,Upi,Paid,8878.49
138238,68238,2024-11-09,Credit Card,Paid,28109.27
138239,68239,2025-07-08,Net Banking,Refunded,3067.3
138240,68240,2024-08-19,Upi,Paid,12403.92
138241,68241,2025-12-13,Debit Card,Paid,21036.53
138242,68242,2025-07-31,Credit Card,Paid,5596.28
138243,68243,2025-09-26,Debit Card,Failed,18504.67
138244,68244,2025-08-23,Upi,Paid,26373.38
138245,68245,2026-03-28,Credit Card,Paid,12045.0
138246,68246,2026-02-28,Credit Card,Paid,21235.27
138247,68247,2024-09-24,Credit Card,Paid,21011.5
138248,68248,2025-02-09,Net Banking,Paid,18077.28
138249,68249,2025-06-14,Upi,Paid,15028.23
138250,68250,2026-01-14,Cash On Delivery,Paid,10383.5
138251,68251,2024-02-11,Wallet,Paid,22391.68
138252,68252,2026-06-12,Credit Card,Pending,9120.81
138253,68253,2024-11-01,Upi,Paid,13036.57
138254,68254,2025-02-17,Upi,Paid,10434.59
138255,68255,2024-09-15,Net Banking,Paid,28905.23
138256,68256,2025-06-10,Credit Card,Paid,27664.25
138257,68257,2024-09-23,Upi,Paid,7532.62
138258,68258,2026-06-04,Debit Card,Paid,27588.88
138259,68259,2024-11-06,Net Banking,Paid,5601.99
138260,68260,2024-10-21,Net Banking,Paid,23569.55
138261,68261,2024-01-21,Upi,Paid,18728.1
138262,68262,2025-12-04,Cash On Delivery,Paid,7544.26
138263,68263,2026-06-09,Upi,Pending,5687.84
138264,68264,2025-07-13,Debit Card,Paid,18961.08
138265,68265,2026-06-02,Net Banking,Paid,18327.36
138266,68266,2025-02-05,Cash On Delivery,Paid,28659.73
138267,68267,2025-11-05,Upi,Pending,29065.11
138268,68268,2026-04-18,Credit Card,Paid,26682.63
138269,68269,2025-12-21,Credit Card,Paid,7306.51
138270,68270,2024-06-01,Credit Card,Paid,8702.7
138271,68271,2026-07-30,Debit Card,Paid,3048.87
138272,68272,2024-02-07,Debit Card,Refunded,2343.94
138273,68273,2024-04-26,Upi,Paid,5782.67
138274,68274,2024-07-22,Debit Card,Paid,9934.69
138275,68275,2025-12-01,Credit Card,Paid,14699.16
138276,68276,2026-04-30,Debit Card,Paid,29179.39
138277,68277,2025-06-10,Upi,Paid,17535.94
138278,68278,2024-12-01,Upi,Paid,740.07
138279,68279,2025-03-24,Wallet,Failed,15155.06
138280,68280,2025-10-26,Credit Card,Paid,12537.17
138281,68281,2024-07-31,Debit Card,Paid,4911.99
138282,68282,2024-08-12,Upi,Failed,20520.39
138283,68283,2024-10-13,Debit Card,Paid,7085.12
138284,68284,2025-04-23,Net Banking,Failed,25370.09
138285,68285,2025-12-14,Upi,Paid,6912.05
138286,68286,2025-05-24,Debit Card,Paid,20067.02
138287,68287,2024-04-05,Credit Card,Paid,5637.03
138288,68288,2024-08-26,Credit Card,Paid,16930.42
138289,68289,2024-02-13,Credit Card,Paid,18444.07
138290,68290,2025-01-11,Upi,Paid,26745.88
138291,68291,2025-05-08,Upi,Paid,16944.33
138292,68292,2024-09-12,Credit Card,Paid,7586.71
138293,68293,2024-02-13,Upi,Paid,14397.35
138294,68294,2024-04-09,Net Banking,Paid,26981.08
138295,68295,2025-11-02,Cash On Delivery,Paid,29917.3
138296,68296,2025-02-25,Debit Card,Paid,24539.38
138297,68297,2026-07-29,Wallet,Paid,19236.66
138298,68298,2025-07-01,Upi,Paid,10981.64
138299,68299,2024-10-22,Debit Card,Paid,13856.11
138300,68300,2024-03-28,Cash On Delivery,Pending,13028.97
138301,68301,2025-12-18,Credit Card,Paid,2055.59
138302,68302,2024-12-15,Upi,Paid,26964.16
138303,68303,2025-08-02,Credit Card,Paid,11561.12
138304,68304,2025-03-24,Upi,Paid,28241.55
138305,68305,2024-03-23,Upi,Paid,14069.64
138306,68306,2026-06-24,Upi,Paid,2192.24
138307,68307,2024-04-27,Wallet,Paid,8366.6
138308,68308,2025-08-15,Upi,Refunded,19966.32
138309,68309,2024-05-22,Upi,Paid,28687.63
138310,68310,2026-07-05,Net Banking,Paid,12357.12
138311,68311,2024-10-03,Debit Card,Paid,10406.91
138312,68312,2025-05-24,Cash On Delivery,Paid,901.54
138313,68313,2024-03-18,Debit Card,Paid,27561.25
138314,68314,2026-02-21,Cash On Delivery,Paid,18215.05
138315,68315,2024-08-06,Credit Card,Paid,332.47
138316,68316,2024-04-03,Debit Card,Paid,332.37
138317,68317,2024-10-02,Credit Card,Paid,18400.42
138318,68318,2025-07-03,Credit Card,Paid,21241.62
138319,68319,2024-11-15,Cash On Delivery,Paid,29726.1
138320,68320,2024-12-08,Wallet,Paid,2889.42
138321,68321,2024-03-16,Upi,Paid,2437.93
138322,68322,2025-12-08,Wallet,Paid,11269.8
138323,68323,2024-11-28,Upi,Paid,16553.48
138324,68324,2026-05-01,Upi,Failed,18766.48
138325,68325,2025-01-26,Credit Card,Paid,26840.03
138326,68326,2025-11-22,Net Banking,Paid,21822.4
138327,68327,2024-11-04,Debit Card,Paid,11259.0
138328,68328,2024-03-28,Cash On Delivery,Paid,17986.83
138329,68329,2025-09-15,Upi,Paid,25094.12
138330,68330,2025-08-25,Upi,Paid,16390.34
138331,68331,2026-08-08,Credit Card,Paid,24243.71
138332,68332,2025-12-25,Upi,Paid,18541.59
138333,68333,2025-09-06,Credit Card,Paid,10610.71
138334,68334,2024-01-29,Credit Card,Paid,3565.61
138335,68335,2026-03-13,Net Banking,Paid,13254.8
138336,68336,2024-06-13,Wallet,Paid,26825.13
138337,68337,2025-12-13,Credit Card,Paid,1331.69
138338,68338,2025-10-24,Cash On Delivery,Paid,26664.3
138339,68339,2026-02-20,Upi,Paid,22801.51
138340,68340,2024-11-02,Debit Card,Paid,18122.03
138341,68341,2025-04-26,Credit Card,Paid,21019.88
138342,68342,2024-03-02,Debit Card,Paid,26015.41
138343,68343,2024-12-11,Net Banking,Failed,19257.37
138344,68344,2026-05-14,Cash On Delivery,Paid,9319.48
138345,68345,2024-07-14,Cash On Delivery,Pending,18447.74
138346,68346,2026-07-15,Net Banking,Paid,25740.36
138347,68347,2024-02-21,Net Banking,Paid,28361.48
138348,68348,2024-12-31,Credit Card,Paid,28442.21
138349,68349,2025-01-01,Cash On Delivery,Paid,18138.8
138350,68350,2026-08-24,Debit Card,Failed,19061.73
138351,68351,2025-06-10,Credit Card,Failed,8504.37
138352,68352,2026-04-12,Credit Card,Paid,4569.29
138353,68353,2026-04-05,Wallet,Paid,8119.41
138354,68354,2025-06-23,Upi,Paid,11956.89
138355,68355,2025-12-01,Credit Card,Paid,25242.26
138356,68356,2025-12-25,Net Banking,Paid,28161.09
138357,68357,2025-05-04,Upi,Paid,23210.44
138358,68358,2026-06-30,Cash On Delivery,Paid,26542.19
138359,68359,2025-02-24,Credit Card,Paid,7578.92
138360,68360,2025-12-06,Upi,Paid,24666.27
138361,68361,2024-12-10,Debit Card,Paid,6465.66
138362,68362,2024-11-23,Debit Card,Paid,18403.57
138363,68363,2024-12-17,Upi,Paid,13229.13
138364,68364,2024-07-09,Net Banking,Paid,1323.79
138365,68365,2026-02-24,Upi,Paid,25141.29
138366,68366,2025-02-25,Upi,Paid,23994.22
138367,68367,2025-10-16,Upi,Paid,16510.2
138368,68368,2024-06-30,Net Banking,Paid,10946.91
138369,68369,2025-10-27,Credit Card,Paid,1613.94
138370,68370,2024-01-24,Cash On Delivery,Paid,18291.36
138371,68371,2025-09-21,Cash On Delivery,Paid,21697.81
138372,68372,2025-03-19,Upi,Paid,29115.82
138373,68373,2024-04-28,Credit Card,Paid,4592.84
138374,68374,2024-11-17,Credit Card,Paid,21276.54
138375,68375,2024-02-10,Cash On Delivery,Paid,4124.87
138376,68376,2024-04-04,Debit Card,Paid,12251.91
138377,68377,2026-02-28,Credit Card,Paid,7656.81
138378,68378,2026-04-25,Upi,Paid,16812.57
138379,68379,2026-03-13,Debit Card,Paid,19826.78
138380,68380,2024-04-30,Credit Card,Paid,8286.39
138381,68381,2025-07-24,Debit Card,Refunded,9592.63
138382,68382,2025-09-04,Upi,Paid,14898.94
138383,68383,2024-12-01,Upi,Paid,25225.4
138384,68384,2025-07-06,Debit Card,Paid,592.02
138385,68385,2024-09-23,Upi,Paid,7422.43
138386,68386,2026-08-08,Upi,Paid,2568.47
138387,68387,2024-08-29,Credit Card,Paid,3952.35
138388,68388,2024-09-06,Upi,Paid,3076.03
138389,68389,2026-01-16,Cash On Delivery,Paid,8045.63
138390,68390,2024-08-17,Credit Card,Paid,6707.34
138391,68391,2026-05-25,Debit Card,Paid,29478.8
138392,68392,2025-09-01,Cash On Delivery,Paid,25130.55
138393,68393,2026-05-30,Cash On Delivery,Paid,6723.44
138394,68394,2025-06-27,Debit Card,Paid,20941.9
138395,68395,2026-07-26,Debit Card,Paid,25780.18
138396,68396,2026-02-26,Net Banking,Paid,1985.51
138397,68397,2026-02-21,Upi,Paid,24436.62
138398,68398,2024-06-16,Cash On Delivery,Paid,11456.48
138399,68399,2026-02-20,Debit Card,Paid,4825.7
138400,68400,2024-10-18,Net Banking,Paid,22567.0
138401,68401,2026-03-21,Debit Card,Paid,15810.43
138402,68402,2024-01-07,Credit Card,Failed,2706.27
138403,68403,2024-03-02,Credit Card,Paid,22236.79
138404,68404,2025-12-03,Upi,Paid,16308.06
138405,68405,2024-03-06,Net Banking,Paid,20656.68
138406,68406,2024-11-11,Credit Card,Paid,27429.0
138407,68407,2025-03-25,Net Banking,Pending,2557.7
138408,68408,2024-08-18,Credit Card,Paid,2932.33
138409,68409,2025-12-19,Cash On Delivery,Paid,20571.22
138410,68410,2025-08-09,Cash On Delivery,Refunded,23942.59
138411,68411,2025-09-26,Wallet,Paid,12312.39
138412,68412,2024-09-01,Net Banking,Paid,16867.07
138413,68413,2024-01-25,Cash On Delivery,Paid,28790.61
138414,68414,2024-02-25,Credit Card,Paid,25376.31
138415,68415,2024-09-01,Upi,Paid,20452.6
138416,68416,2024-08-18,Net Banking,Paid,18658.01
138417,68417,2025-08-18,Debit Card,Paid,1646.04
138418,68418,2026-04-06,Net Banking,Failed,2406.91
138419,68419,2024-10-04,Wallet,Paid,21898.17
138420,68420,2025-08-03,Debit Card,Paid,13922.23
138421,68421,2026-06-12,Upi,Paid,12227.13
138422,68422,2025-04-02,Wallet,Paid,19051.66
138423,68423,2024-07-20,Upi,Paid,22541.22
138424,68424,2025-04-22,Cash On Delivery,Paid,5377.87
138425,68425,2024-03-02,Wallet,Refunded,21732.76
138426,68426,2026-08-27,Wallet,Paid,23980.45
138427,68427,2026-06-07,Upi,Paid,23216.04
138428,68428,2024-02-03,Cash On Delivery,Paid,26947.4
138429,68429,2024-09-16,Wallet,Failed,14515.52
138430,68430,2024-06-06,Upi,Paid,17304.79
138431,68431,2026-05-01,Cash On Delivery,Paid,4055.95
138432,68432,2026-04-19,Wallet,Paid,21431.23
138433,68433,2024-11-29,Credit Card,Paid,12530.85
138434,68434,2025-06-03,Upi,Paid,5857.66
138435,68435,2025-09-23,Debit Card,Paid,10500.84
138436,68436,2026-08-25,Upi,Refunded,9174.52
138437,68437,2026-03-09,Credit Card,Paid,29406.76
138438,68438,2025-10-25,Upi,Paid,29744.32
138439,68439,2025-03-20,Wallet,Paid,5759.94
138440,68440,2025-12-05,Net Banking,Paid,17696.87
138441,68441,2025-09-17,Credit Card,Paid,5770.52
138442,68442,2025-07-19,Wallet,Paid,13611.75
138443,68443,2024-07-25,Wallet,Paid,11423.81
138444,68444,2024-01-20,Upi,Paid,24955.55
138445,68445,2025-05-17,Upi,Paid,29589.11
138446,68446,2026-06-01,Upi,Paid,1012.36
138447,68447,2026-08-22,Upi,Paid,18534.72
138448,68448,2025-05-25,Credit Card,Paid,19865.25
138449,68449,2026-07-28,Debit Card,Paid,24682.0
138450,68450,2024-01-09,Credit Card,Paid,18446.96
138451,68451,2026-03-08,Debit Card,Paid,4511.35
138452,68452,2024-07-22,Net Banking,Paid,15379.91
138453,68453,2024-12-15,Credit Card,Paid,17337.12
138454,68454,2024-12-08,Cash On Delivery,Paid,11347.03
138455,68455,2024-08-08,Net Banking,Paid,6024.52
138456,68456,2024-10-06,Wallet,Paid,21905.2
138457,68457,2025-06-14,Upi,Paid,28494.54
138458,68458,2024-01-29,Net Banking,Paid,9557.99
138459,68459,2024-08-01,Upi,Paid,6269.65
138460,68460,2024-09-28,Upi,Paid,21825.77
138461,68461,2024-03-26,Credit Card,Refunded,21524.97
138462,68462,2026-05-20,Wallet,Paid,22864.73
138463,68463,2025-02-28,Net Banking,Paid,25818.18
138464,68464,2025-07-28,Upi,Paid,14471.91
138465,68465,2025-07-19,Credit Card,Paid,26879.48
138466,68466,2024-11-13,Upi,Paid,22621.51
138467,68467,2024-09-21,Debit Card,Paid,27816.38
138468,68468,2024-03-27,Debit Card,Paid,12103.65
138469,68469,2026-03-09,Net Banking,Refunded,17809.51
138470,68470,2026-01-01,Upi,Paid,6942.23
138471,68471,2025-09-29,Cash On Delivery,Paid,10408.08
138472,68472,2025-11-29,Wallet,Paid,10528.73
138473,68473,2026-02-21,Upi,Paid,10050.57
138474,68474,2024-01-05,Credit Card,Paid,29402.6
138475,68475,2025-10-14,Upi,Paid,29635.83
138476,68476,2026-08-21,Upi,Refunded,12297.48
138477,68477,2026-03-14,Net Banking,Paid,16516.61
138478,68478,2024-09-16,Cash On Delivery,Paid,16661.94
138479,68479,2025-07-25,Credit Card,Paid,4799.95
138480,68480,2024-09-14,Cash On Delivery,Paid,18586.48
138481,68481,2024-05-05,Debit Card,Paid,4546.79
138482,68482,2024-10-22,Net Banking,Paid,23282.05
138483,68483,2024-12-01,Debit Card,Refunded,15840.22
138484,68484,2026-07-23,Upi,Paid,18866.68
138485,68485,2025-04-02,Debit Card,Paid,18174.0
138486,68486,2026-03-26,Upi,Paid,24016.48
138487,68487,2026-07-15,Net Banking,Paid,26025.33
138488,68488,2025-09-13,Upi,Paid,1592.52
138489,68489,2025-04-25,Credit Card,Pending,22493.24
138490,68490,2025-04-25,Cash On Delivery,Paid,1696.68
138491,68491,2026-02-01,Credit Card,Paid,10310.09
138492,68492,2024-11-14,Credit Card,Paid,5645.06
138493,68493,2025-03-16,Cash On Delivery,Paid,23949.01
138494,68494,2024-11-21,Upi,Paid,5515.1
138495,68495,2024-09-09,Debit Card,Refunded,12218.28
138496,68496,2024-11-11,Upi,Failed,12588.79
138497,68497,2024-04-09,Cash On Delivery,Paid,26240.56
138498,68498,2026-04-18,Upi,Paid,24377.96
138499,68499,2026-04-25,Upi,Paid,7672.88
138500,68500,2025-10-23,Cash On Delivery,Paid,14584.62
138501,68501,2026-01-03,Wallet,Paid,17584.46
138502,68502,2025-01-29,Debit Card,Paid,15802.01
138503,68503,2025-05-26,Credit Card,Paid,24991.64
138504,68504,2026-08-23,Credit Card,Paid,22164.34
138505,68505,2024-02-25,Debit Card,Paid,725.07
138506,68506,2024-06-23,Upi,Paid,11083.75
138507,68507,2026-03-14,Upi,Paid,27531.39
138508,68508,2024-03-15,Cash On Delivery,Paid,23966.67
138509,68509,2026-01-24,Debit Card,Paid,26658.34
138510,68510,2024-12-23,Upi,Failed,6000.78
138511,68511,2025-11-18,Debit Card,Paid,17244.79
138512,68512,2026-08-10,Wallet,Paid,27890.5
138513,68513,2025-07-14,Upi,Paid,24812.53
138514,68514,2024-01-24,Net Banking,Paid,27839.52
138515,68515,2025-05-27,Upi,Paid,7625.09
138516,68516,2024-03-21,Upi,Paid,26456.53
138517,68517,2026-07-04,Debit Card,Paid,19364.57
138518,68518,2024-11-27,Debit Card,Paid,13942.98
138519,68519,2026-07-16,Upi,Paid,1531.81
138520,68520,2026-08-18,Upi,Paid,3507.51
138521,68521,2024-11-07,Debit Card,Paid,19720.51
138522,68522,2024-11-29,Credit Card,Failed,29178.62
138523,68523,2026-04-25,Upi,Paid,22976.94
138524,68524,2025-10-19,Credit Card,Paid,24034.94
138525,68525,2025-05-03,Upi,Paid,12900.89
138526,68526,2026-04-18,Wallet,Paid,25313.13
138527,68527,2024-09-09,Cash On Delivery,Paid,18789.12
138528,68528,2025-10-12,Credit Card,Paid,20665.35
138529,68529,2024-12-02,Credit Card,Paid,10336.7
138530,68530,2024-03-29,Debit Card,Paid,29695.78
138531,68531,2024-12-09,Upi,Paid,2186.97
138532,68532,2024-05-25,Cash On Delivery,Paid,19067.52
138533,68533,2026-08-22,Debit Card,Paid,24923.52
138534,68534,2024-09-11,Cash On Delivery,Refunded,2039.88
138535,68535,2026-06-24,Upi,Paid,23872.03
138536,68536,2026-02-12,Cash On Delivery,Paid,22404.6
138537,68537,2024-12-26,Upi,Paid,22572.73
138538,68538,2026-02-18,Credit Card,Paid,16210.51
138539,68539,2024-02-22,Debit Card,Paid,15015.24
138540,68540,2024-06-14,Debit Card,Paid,5677.07
138541,68541,2026-02-17,Wallet,Paid,11232.74
138542,68542,2025-01-05,Upi,Paid,29439.77
138543,68543,2024-05-29,Debit Card,Paid,5938.29
138544,68544,2024-05-17,Debit Card,Paid,29903.64
138545,68545,2026-02-21,Upi,Paid,3111.1
138546,68546,2025-04-05,Credit Card,Paid,12310.12
138547,68547,2025-03-04,Debit Card,Paid,16804.1
138548,68548,2024-12-22,Upi,Paid,19474.58
138549,68549,2024-04-02,Net Banking,Paid,24330.4
138550,68550,2026-08-20,Wallet,Paid,3430.89
138551,68551,2024-08-01,Upi,Paid,13560.23
138552,68552,2025-01-14,Credit Card,Paid,8226.6
138553,68553,2026-03-12,Upi,Paid,21433.24
138554,68554,2024-02-18,Cash On Delivery,Paid,22418.1
138555,68555,2025-07-25,Debit Card,Paid,11259.61
138556,68556,2025-05-20,Debit Card,Paid,11032.12
138557,68557,2025-12-02,Wallet,Paid,7910.73
138558,68558,2026-05-29,Upi,Paid,29124.05
138559,68559,2024-04-05,Debit Card,Paid,5104.42
138560,68560,2024-12-26,Cash On Delivery,Paid,1748.33
138561,68561,2024-12-19,Wallet,Paid,4305.08
138562,68562,2026-03-04,Credit Card,Paid,29256.34
138563,68563,2025-03-17,Net Banking,Failed,5813.49
138564,68564,2025-02-11,Net Banking,Paid,16073.24
138565,68565,2024-09-21,Credit Card,Paid,3533.99
138566,68566,2025-07-06,Credit Card,Paid,6548.6
138567,68567,2025-08-27,Debit Card,Paid,28602.21
138568,68568,2025-05-05,Upi,Paid,19050.57
138569,68569,2025-08-21,Net Banking,Paid,20033.55
138570,68570,2026-04-28,Upi,Paid,7135.1
138571,68571,2026-04-18,Cash On Delivery,Paid,18117.14
138572,68572,2025-07-06,Debit Card,Paid,9462.67
138573,68573,2026-07-10,Debit Card,Paid,28959.09
138574,68574,2025-01-05,Upi,Paid,3540.11
138575,68575,2024-01-24,Upi,Paid,14254.26
138576,68576,2026-01-16,Debit Card,Paid,29088.16
138577,68577,2026-01-18,Debit Card,Paid,9283.22
138578,68578,2024-02-21,Upi,Paid,10615.62
138579,68579,2024-11-17,Upi,Paid,21548.57
138580,68580,2024-09-22,Debit Card,Paid,9216.84
138581,68581,2025-05-26,Upi,Paid,19127.39
138582,68582,2024-10-05,Credit Card,Paid,3313.51
138583,68583,2025-12-22,Cash On Delivery,Paid,4011.9
138584,68584,2025-07-05,Debit Card,Paid,5453.4
138585,68585,2026-04-22,Debit Card,Paid,9791.2
138586,68586,2026-03-21,Credit Card,Paid,11562.8
138587,68587,2024-10-17,Upi,Paid,4080.07
138588,68588,2025-06-22,Debit Card,Refunded,28736.78
138589,68589,2025-08-23,Upi,Paid,4587.85
138590,68590,2025-03-20,Net Banking,Paid,24500.42
138591,68591,2026-07-23,Debit Card,Paid,28650.24
138592,68592,2024-03-05,Upi,Paid,29980.01
138593,68593,2026-06-09,Debit Card,Paid,1091.82
138594,68594,2026-07-30,Upi,Paid,6923.71
138595,68595,2024-12-21,Credit Card,Paid,2921.15
138596,68596,2024-10-16,Upi,Paid,11657.51
138597,68597,2024-02-11,Debit Card,Failed,1470.54
138598,68598,2024-05-06,Upi,Paid,5426.04
138599,68599,2024-08-14,Net Banking,Pending,22638.15
138600,68600,2026-03-20,Credit Card,Paid,4075.01
138601,68601,2026-01-21,Upi,Paid,2564.79
138602,68602,2026-05-14,Debit Card,Paid,11037.04
138603,68603,2024-11-06,Debit Card,Paid,16193.98
138604,68604,2024-10-16,Upi,Paid,12340.69
138605,68605,2026-03-08,Upi,Paid,6720.91
138606,68606,2025-06-17,Cash On Delivery,Paid,9460.38
138607,68607,2024-02-26,Upi,Paid,29658.32
138608,68608,2026-02-01,Upi,Paid,22085.35
138609,68609,2024-04-05,Upi,Paid,25060.11
138610,68610,2024-01-25,Net Banking,Paid,6237.12
138611,68611,2026-06-17,Net Banking,Paid,5978.31
138612,68612,2026-08-16,Debit Card,Failed,4440.96
138613,68613,2025-11-17,Debit Card,Paid,24496.37
138614,68614,2024-11-12,Debit Card,Paid,23390.88
138615,68615,2024-06-11,Upi,Failed,25895.4
138616,68616,2025-04-12,Debit Card,Paid,11894.44
138617,68617,2025-05-18,Debit Card,Pending,5743.07
138618,68618,2024-02-22,Upi,Paid,27416.12
138619,68619,2025-10-06,Upi,Paid,26570.12
138620,68620,2024-02-18,Upi,Paid,7992.34
138621,68621,2025-04-24,Upi,Paid,7967.77
138622,68622,2024-04-21,Credit Card,Paid,21090.89
138623,68623,2024-02-20,Cash On Delivery,Paid,9491.17
138624,68624,2024-11-09,Credit Card,Paid,17739.55
138625,68625,2025-07-25,Debit Card,Paid,15631.68
138626,68626,2026-06-15,Net Banking,Paid,14124.01
138627,68627,2024-02-25,Credit Card,Paid,27378.06
138628,68628,2025-05-14,Upi,Paid,29912.66
138629,68629,2026-01-13,Debit Card,Pending,5037.86
138630,68630,2024-11-14,Upi,Paid,22220.48
138631,68631,2026-02-22,Debit Card,Pending,26993.28
138632,68632,2025-03-14,Debit Card,Paid,18228.83
138633,68633,2024-01-09,Upi,Paid,7717.27
138634,68634,2024-09-17,Cash On Delivery,Paid,14850.05
138635,68635,2025-02-10,Upi,Paid,13972.76
138636,68636,2025-08-30,Credit Card,Paid,2855.14
138637,68637,2024-05-28,Credit Card,Paid,22939.55
138638,68638,2025-05-08,Cash On Delivery,Paid,21098.19
138639,68639,2026-02-03,Credit Card,Paid,3922.12
138640,68640,2025-01-04,Upi,Paid,24923.55
138641,68641,2024-07-11,Upi,Pending,27474.81
138642,68642,2025-10-27,Upi,Paid,5973.77
138643,68643,2025-09-08,Upi,Paid,5830.55
138644,68644,2025-01-16,Cash On Delivery,Paid,18530.58
138645,68645,2026-03-14,Wallet,Paid,6122.9
138646,68646,2026-02-21,Credit Card,Failed,12718.62
138647,68647,2024-04-12,Upi,Paid,3305.13
138648,68648,2025-08-05,Wallet,Paid,19128.98
138649,68649,2025-09-04,Debit Card,Paid,27767.7
138650,68650,2024-07-15,Net Banking,Paid,17304.34
138651,68651,2024-06-28,Credit Card,Paid,721.67
138652,68652,2024-06-07,Cash On Delivery,Paid,21830.35
138653,68653,2024-11-14,Credit Card,Paid,6467.68
138654,68654,2024-09-06,Upi,Failed,7079.57
138655,68655,2025-11-16,Credit Card,Paid,28488.84
138656,68656,2026-06-12,Upi,Paid,26855.5
138657,68657,2025-03-22,Debit Card,Paid,23275.32
138658,68658,2026-03-11,Debit Card,Paid,27116.6
138659,68659,2025-05-10,Credit Card,Paid,24376.95
138660,68660,2026-08-02,Cash On Delivery,Paid,28118.3
138661,68661,2025-01-10,Upi,Paid,25560.33
138662,68662,2025-12-23,Debit Card,Paid,25098.32
138663,68663,2026-04-01,Net Banking,Paid,21426.02
138664,68664,2026-06-06,Credit Card,Paid,24974.68
138665,68665,2025-01-22,Upi,Paid,8280.85
138666,68666,2024-12-11,Cash On Delivery,Paid,25455.79
138667,68667,2024-01-15,Credit Card,Paid,969.69
138668,68668,2025-08-26,Cash On Delivery,Paid,27519.84
138669,68669,2025-06-28,Cash On Delivery,Paid,26415.14
138670,68670,2025-01-17,Credit Card,Paid,13667.97
138671,68671,2024-07-30,Cash On Delivery,Paid,25366.97
138672,68672,2026-04-18,Upi,Paid,8279.56
138673,68673,2026-08-27,Credit Card,Paid,16045.81
138674,68674,2026-08-28,Debit Card,Failed,26940.54
138675,68675,2025-03-15,Credit Card,Paid,14524.76
138676,68676,2025-12-25,Credit Card,Paid,6278.16
138677,68677,2026-03-19,Net Banking,Paid,2130.78
138678,68678,2026-01-29,Net Banking,Refunded,16170.8
138679,68679,2024-12-11,Upi,Paid,28444.54
138680,68680,2026-05-04,Upi,Paid,14458.41
138681,68681,2025-10-03,Upi,Paid,4017.25
138682,68682,2024-04-04,Cash On Delivery,Paid,16116.2
138683,68683,2024-06-07,Net Banking,Paid,29999.59
138684,68684,2025-04-12,Upi,Paid,5893.59
138685,68685,2026-07-01,Credit Card,Failed,4609.38
138686,68686,2025-12-11,Credit Card,Paid,26991.32
138687,68687,2025-09-21,Debit Card,Paid,23806.24
138688,68688,2025-08-11,Upi,Paid,9601.39
138689,68689,2026-06-11,Cash On Delivery,Paid,23999.54
138690,68690,2025-06-11,Upi,Paid,27918.93
138691,68691,2025-01-30,Debit Card,Paid,15851.41
138692,68692,2025-01-12,Debit Card,Paid,3468.57
138693,68693,2025-05-22,Debit Card,Paid,16959.72
138694,68694,2024-08-02,Net Banking,Paid,25544.04
138695,68695,2026-07-21,Credit Card,Paid,669.76
138696,68696,2026-06-15,Upi,Refunded,6458.9
138697,68697,2025-01-06,Debit Card,Paid,19082.45
138698,68698,2025-12-15,Net Banking,Paid,11864.96
138699,68699,2026-01-21,Cash On Delivery,Paid,359.96
138700,68700,2025-08-21,Debit Card,Paid,1056.88
138701,68701,2024-04-17,Upi,Paid,28774.32
138702,68702,2024-03-25,Upi,Paid,11380.63
138703,68703,2025-11-26,Upi,Paid,15883.69
138704,68704,2024-04-18,Upi,Paid,15894.9
138705,68705,2026-03-07,Credit Card,Paid,4881.05
138706,68706,2025-02-24,Net Banking,Paid,12592.21
138707,68707,2026-02-20,Cash On Delivery,Paid,29056.33
138708,68708,2024-05-04,Wallet,Paid,27553.09
138709,68709,2025-01-18,Upi,Paid,12658.9
138710,68710,2024-05-26,Upi,Paid,15529.83
138711,68711,2025-04-22,Upi,Paid,16848.87
138712,68712,2024-03-22,Debit Card,Paid,17912.89
138713,68713,2024-09-23,Credit Card,Paid,11778.13
138714,68714,2024-10-12,Upi,Paid,4234.11
138715,68715,2025-05-09,Cash On Delivery,Paid,26658.96
138716,68716,2024-01-13,Cash On Delivery,Paid,2519.16
138717,68717,2024-11-01,Upi,Paid,6621.78
138718,68718,2025-12-14,Net Banking,Paid,11276.49
138719,68719,2025-01-31,Credit Card,Paid,15618.3
138720,68720,2025-08-06,Cash On Delivery,Paid,24983.5
138721,68721,2026-04-17,Upi,Paid,2679.1
138722,68722,2025-05-09,Wallet,Failed,17832.48
138723,68723,2026-05-03,Wallet,Paid,14367.33
138724,68724,2026-08-16,Net Banking,Failed,8205.84
138725,68725,2025-05-28,Debit Card,Paid,9205.91
138726,68726,2025-04-15,Upi,Paid,11250.89
138727,68727,2024-11-05,Net Banking,Paid,12257.64
138728,68728,2026-04-26,Upi,Paid,24160.6
138729,68729,2026-01-28,Debit Card,Paid,22791.47
138730,68730,2024-07-02,Credit Card,Refunded,11201.04
138731,68731,2025-09-25,Debit Card,Paid,10807.06
138732,68732,2024-09-15,Wallet,Paid,19790.63
138733,68733,2026-08-19,Cash On Delivery,Paid,17084.79
138734,68734,2024-11-14,Credit Card,Paid,18004.08
138735,68735,2024-03-23,Credit Card,Paid,12074.87
138736,68736,2026-08-21,Upi,Paid,21454.18
138737,68737,2025-08-14,Wallet,Paid,4838.95
138738,68738,2026-05-30,Wallet,Failed,7316.62
138739,68739,2026-05-15,Upi,Paid,10753.84
138740,68740,2025-03-14,Upi,Paid,5008.84
138741,68741,2025-03-05,Debit Card,Paid,1168.67
138742,68742,2026-04-02,Upi,Paid,23499.5
138743,68743,2025-01-05,Credit Card,Paid,23148.79
138744,68744,2024-08-14,Net Banking,Paid,29181.65
138745,68745,2025-07-03,Upi,Paid,5648.3
138746,68746,2025-07-29,Upi,Paid,12340.1
138747,68747,2026-03-09,Upi,Paid,20572.73
138748,68748,2024-06-08,Upi,Paid,26726.13
138749,68749,2025-04-19,Debit Card,Paid,17766.72
138750,68750,2025-07-13,Debit Card,Paid,28728.12
138751,68751,2026-07-21,Wallet,Paid,14255.43
138752,68752,2024-08-05,Wallet,Paid,29074.44
138753,68753,2025-08-27,Cash On Delivery,Paid,3963.41
138754,68754,2025-07-25,Upi,Paid,28061.1
138755,68755,2026-07-15,Upi,Paid,9155.15
138756,68756,2025-02-22,Debit Card,Paid,2552.11
138757,68757,2024-06-26,Upi,Paid,7005.88
138758,68758,2025-06-28,Upi,Paid,3785.82
138759,68759,2026-04-09,Credit Card,Paid,21160.64
138760,68760,2024-06-07,Wallet,Paid,20368.55
138761,68761,2025-11-28,Upi,Paid,13014.1
138762,68762,2025-05-06,Credit Card,Paid,17408.63
138763,68763,2026-02-11,Net Banking,Refunded,23664.78
138764,68764,2024-11-03,Upi,Paid,10216.62
138765,68765,2026-04-07,Debit Card,Paid,25589.07
138766,68766,2024-05-19,Credit Card,Paid,9425.55
138767,68767,2025-05-30,Credit Card,Paid,22113.1
138768,68768,2025-05-02,Credit Card,Paid,1670.79
138769,68769,2024-09-30,Wallet,Paid,23944.33
138770,68770,2024-05-16,Upi,Paid,12524.92
138771,68771,2026-07-05,Upi,Paid,8744.22
138772,68772,2025-02-21,Credit Card,Paid,16495.08
138773,68773,2026-06-20,Debit Card,Paid,15002.21
138774,68774,2024-11-11,Cash On Delivery,Paid,14858.3
138775,68775,2025-09-15,Upi,Paid,2443.67
138776,68776,2025-06-13,Wallet,Paid,20894.94
138777,68777,2025-01-28,Net Banking,Paid,7595.35
138778,68778,2025-04-16,Upi,Pending,19890.82
138779,68779,2024-09-07,Credit Card,Paid,12620.1
138780,68780,2024-05-12,Debit Card,Paid,15539.45
138781,68781,2025-10-10,Upi,Paid,27787.76
138782,68782,2024-09-27,Credit Card,Paid,7002.24
138783,68783,2025-06-01,Debit Card,Paid,23359.34
138784,68784,2025-06-27,Credit Card,Failed,19470.01
138785,68785,2026-08-28,Upi,Paid,17491.77
138786,68786,2026-03-21,Credit Card,Paid,13419.82
138787,68787,2024-06-29,Debit Card,Pending,3695.93
138788,68788,2024-02-29,Upi,Paid,4306.52
138789,68789,2026-07-28,Wallet,Paid,23607.49
138790,68790,2024-03-29,Credit Card,Paid,18052.03
138791,68791,2025-11-24,Cash On Delivery,Failed,21747.97
138792,68792,2026-02-15,Credit Card,Paid,7788.99
138793,68793,2026-04-22,Credit Card,Paid,22983.91
138794,68794,2024-11-25,Net Banking,Paid,6645.58
138795,68795,2024-12-06,Credit Card,Paid,13045.21
138796,68796,2024-09-08,Debit Card,Paid,11339.63
138797,68797,2024-06-15,Cash On Delivery,Paid,14452.2
138798,68798,2024-08-13,Upi,Paid,24275.02
138799,68799,2024-07-17,Debit Card,Paid,3495.05
138800,68800,2026-08-02,Wallet,Paid,5874.47
138801,68801,2025-04-16,Wallet,Paid,17951.22
138802,68802,2025-05-11,Wallet,Paid,17030.22
138803,68803,2025-09-02,Credit Card,Paid,15485.92
138804,68804,2024-06-08,Upi,Paid,22351.92
138805,68805,2026-08-16,Upi,Paid,19140.13
138806,68806,2025-01-28,Wallet,Paid,2550.19
138807,68807,2025-05-09,Upi,Paid,8552.89
138808,68808,2024-09-09,Credit Card,Paid,26579.12
138809,68809,2024-10-20,Cash On Delivery,Paid,8106.85
138810,68810,2024-06-13,Cash On Delivery,Paid,26216.24
138811,68811,2025-05-03,Wallet,Paid,8790.37
138812,68812,2026-08-07,Upi,Pending,9709.69
138813,68813,2024-01-22,Credit Card,Paid,28504.17
138814,68814,2025-03-10,Credit Card,Paid,1357.43
138815,68815,2025-01-15,Cash On Delivery,Paid,27366.6
138816,68816,2025-11-04,Upi,Paid,3723.9
138817,68817,2025-12-21,Upi,Paid,9911.77
138818,68818,2026-05-22,Upi,Failed,15647.44
138819,68819,2024-09-05,Upi,Paid,28258.45
138820,68820,2024-07-21,Debit Card,Paid,9407.86
138821,68821,2025-04-11,Net Banking,Paid,13571.42
138822,68822,2024-05-07,Cash On Delivery,Paid,1376.63
138823,68823,2025-04-12,Credit Card,Paid,29007.86
138824,68824,2024-09-09,Net Banking,Paid,4517.67
138825,68825,2024-11-02,Upi,Paid,5976.95
138826,68826,2025-11-24,Upi,Paid,28632.49
138827,68827,2024-05-25,Credit Card,Paid,11508.26
138828,68828,2025-01-05,Cash On Delivery,Paid,9389.43
138829,68829,2025-10-17,Upi,Paid,23340.19
138830,68830,2025-04-19,Debit Card,Paid,18318.27
138831,68831,2026-04-12,Upi,Paid,16153.5
138832,68832,2024-01-22,Upi,Paid,3995.33
138833,68833,2025-01-30,Upi,Paid,26229.67
138834,68834,2024-01-07,Net Banking,Paid,16731.78
138835,68835,2024-03-02,Upi,Paid,26914.04
138836,68836,2025-01-30,Cash On Delivery,Paid,7875.52
138837,68837,2024-08-31,Upi,Paid,4559.05
138838,68838,2024-05-28,Upi,Paid,7970.51
138839,68839,2026-07-23,Credit Card,Paid,22235.64
138840,68840,2026-02-06,Upi,Paid,27072.34
138841,68841,2025-02-26,Upi,Paid,28336.64
138842,68842,2026-07-12,Debit Card,Paid,23738.83
138843,68843,2024-03-23,Credit Card,Paid,29319.08
138844,68844,2026-06-18,Upi,Paid,9303.42
138845,68845,2026-05-01,Upi,Paid,16208.82
138846,68846,2025-03-30,Upi,Failed,6642.26
138847,68847,2025-11-23,Upi,Paid,2907.5
138848,68848,2024-10-05,Debit Card,Paid,17842.58
138849,68849,2026-07-25,Upi,Paid,26270.29
138850,68850,2025-04-17,Upi,Paid,21144.84
138851,68851,2024-07-31,Upi,Paid,3099.02
138852,68852,2024-04-11,Upi,Paid,14843.74
138853,68853,2025-11-10,Wallet,Paid,29215.05
138854,68854,2026-07-05,Net Banking,Paid,23503.66
138855,68855,2025-11-04,Cash On Delivery,Refunded,4558.64
138856,68856,2025-10-13,Upi,Paid,17438.5
138857,68857,2026-02-05,Upi,Refunded,12208.61
138858,68858,2024-10-07,Credit Card,Paid,26958.98
138859,68859,2024-11-24,Wallet,Paid,5121.3
138860,68860,2026-01-07,Upi,Paid,19395.68
138861,68861,2025-09-22,Credit Card,Refunded,3803.64
138862,68862,2024-08-26,Debit Card,Paid,19116.03
138863,68863,2024-02-29,Credit Card,Paid,22024.78
138864,68864,2025-12-29,Upi,Paid,1122.7
138865,68865,2026-04-14,Upi,Paid,27320.75
138866,68866,2025-01-24,Upi,Paid,29669.23
138867,68867,2026-03-19,Upi,Paid,15101.7
138868,68868,2026-04-18,Upi,Paid,25466.04
138869,68869,2025-11-11,Wallet,Paid,15973.78
138870,68870,2026-08-20,Upi,Paid,22472.65
138871,68871,2026-08-03,Debit Card,Failed,13304.06
138872,68872,2024-11-06,Net Banking,Paid,8114.11
138873,68873,2026-05-22,Upi,Pending,21599.64
138874,68874,2025-06-21,Net Banking,Paid,11317.88
138875,68875,2025-01-07,Upi,Failed,22738.24
138876,68876,2024-08-20,Wallet,Paid,13080.21
138877,68877,2025-10-31,Debit Card,Paid,7809.9
138878,68878,2026-02-16,Credit Card,Paid,21859.66
138879,68879,2024-07-16,Upi,Paid,11005.02
138880,68880,2025-04-24,Net Banking,Paid,19016.29
138881,68881,2026-05-15,Credit Card,Refunded,19718.48
138882,68882,2026-08-14,Upi,Paid,20739.18
138883,68883,2025-03-02,Cash On Delivery,Paid,20355.21
138884,68884,2026-05-10,Upi,Paid,4060.25
138885,68885,2026-04-09,Credit Card,Paid,12563.97
138886,68886,2024-09-23,Wallet,Paid,564.55
138887,68887,2025-03-19,Credit Card,Paid,6447.51
138888,68888,2024-04-27,Cash On Delivery,Paid,13220.5
138889,68889,2024-01-06,Wallet,Failed,21581.7
138890,68890,2025-08-27,Debit Card,Paid,21349.5
138891,68891,2024-01-06,Debit Card,Pending,20639.4
138892,68892,2024-11-07,Credit Card,Paid,5130.01
138893,68893,2024-06-20,Upi,Paid,29951.99
138894,68894,2024-09-05,Credit Card,Paid,27662.23
138895,68895,2024-08-25,Credit Card,Paid,23876.48
138896,68896,2025-06-14,Upi,Paid,10807.22
138897,68897,2026-01-22,Credit Card,Failed,10728.77
138898,68898,2025-06-06,Upi,Paid,8702.57
138899,68899,2026-01-06,Upi,Paid,9707.18
138900,68900,2025-06-06,Upi,Paid,9990.98
138901,68901,2025-10-29,Debit Card,Paid,10428.22
138902,68902,2024-10-12,Net Banking,Paid,4133.43
138903,68903,2024-11-17,Credit Card,Paid,8720.69
138904,68904,2024-06-01,Debit Card,Paid,18869.6
138905,68905,2025-05-20,Debit Card,Paid,4726.72
138906,68906,2024-06-28,Cash On Delivery,Paid,7240.47
138907,68907,2025-09-01,Cash On Delivery,Paid,19315.36
138908,68908,2025-11-30,Upi,Paid,25384.32
138909,68909,2026-05-08,Upi,Paid,7804.18
138910,68910,2025-03-31,Credit Card,Paid,27878.35
138911,68911,2026-08-22,Upi,Paid,5379.54
138912,68912,2025-04-02,Upi,Paid,29048.83
138913,68913,2025-11-24,Upi,Paid,9318.78
138914,68914,2026-08-07,Upi,Paid,22691.08
138915,68915,2025-05-29,Upi,Paid,10789.48
138916,68916,2026-06-09,Upi,Paid,16223.57
138917,68917,2025-07-12,Credit Card,Paid,970.66
138918,68918,2024-03-05,Cash On Delivery,Paid,7983.58
138919,68919,2025-04-27,Upi,Paid,507.61
138920,68920,2026-02-13,Upi,Paid,26042.21
138921,68921,2025-09-22,Upi,Paid,23991.42
138922,68922,2024-08-28,Wallet,Paid,5234.5
138923,68923,2024-10-07,Upi,Failed,17836.8
138924,68924,2025-12-04,Upi,Paid,23871.28
138925,68925,2026-02-16,Upi,Paid,20636.8
138926,68926,2024-06-18,Debit Card,Refunded,19151.5
138927,68927,2025-03-19,Upi,Paid,20676.65
138928,68928,2024-05-21,Upi,Paid,17954.98
138929,68929,2024-10-14,Net Banking,Paid,21687.5
138930,68930,2026-07-01,Credit Card,Paid,11161.97
138931,68931,2024-02-01,Net Banking,Paid,27868.69
138932,68932,2025-06-27,Debit Card,Paid,13568.38
138933,68933,2025-03-16,Upi,Paid,5236.39
138934,68934,2024-12-06,Wallet,Paid,29485.57
138935,68935,2026-05-22,Debit Card,Refunded,19907.45
138936,68936,2026-05-17,Upi,Paid,4258.32
138937,68937,2024-01-21,Wallet,Paid,2350.67
138938,68938,2024-10-08,Credit Card,Paid,26842.32
138939,68939,2024-08-17,Upi,Pending,919.29
138940,68940,2024-03-04,Cash On Delivery,Paid,15611.01
138941,68941,2025-05-04,Net Banking,Pending,24065.94
138942,68942,2025-01-17,Credit Card,Failed,12816.05
138943,68943,2025-01-23,Debit Card,Paid,14474.29
138944,68944,2025-11-17,Upi,Paid,2954.31
138945,68945,2026-07-31,Upi,Paid,4345.79
138946,68946,2025-10-05,Debit Card,Paid,1257.53
138947,68947,2025-08-22,Credit Card,Paid,16684.73
138948,68948,2025-04-05,Net Banking,Paid,8893.31
138949,68949,2025-01-27,Credit Card,Paid,28982.74
138950,68950,2025-05-11,Wallet,Paid,8493.88
138951,68951,2024-09-17,Credit Card,Failed,20658.51
138952,68952,2025-05-29,Upi,Paid,14282.45
138953,68953,2025-01-03,Upi,Paid,16105.21
138954,68954,2024-12-30,Debit Card,Paid,5029.13
138955,68955,2026-04-25,Debit Card,Paid,17195.32
138956,68956,2024-03-21,Upi,Paid,12659.93
138957,68957,2026-03-06,Upi,Paid,21503.86
138958,68958,2024-06-05,Upi,Paid,12520.51
138959,68959,2025-01-02,Debit Card,Paid,14177.82
138960,68960,2025-12-05,Upi,Paid,12909.62
138961,68961,2026-06-06,Net Banking,Paid,27204.16
138962,68962,2026-02-27,Credit Card,Paid,13704.8
138963,68963,2025-12-05,Credit Card,Paid,6222.94
138964,68964,2025-01-20,Upi,Paid,28047.01
138965,68965,2024-12-18,Upi,Paid,17359.0
138966,68966,2024-11-16,Upi,Paid,5584.62
138967,68967,2026-03-19,Net Banking,Paid,23736.34
138968,68968,2025-08-15,Upi,Paid,6856.1
138969,68969,2024-03-06,Net Banking,Paid,18978.63
138970,68970,2024-01-22,Cash On Delivery,Paid,19796.12
138971,68971,2024-04-28,Debit Card,Paid,24005.99
138972,68972,2025-07-09,Debit Card,Paid,19992.8
138973,68973,2026-08-12,Credit Card,Paid,29221.67
138974,68974,2025-04-01,Upi,Paid,12753.89
138975,68975,2024-08-30,Upi,Paid,25670.5
138976,68976,2025-03-05,Upi,Paid,16879.45
138977,68977,2025-11-20,Credit Card,Paid,10397.6
138978,68978,2024-01-04,Net Banking,Paid,13488.29
138979,68979,2025-10-02,Debit Card,Paid,4808.67
138980,68980,2026-07-04,Net Banking,Paid,21861.65
138981,68981,2026-06-26,Credit Card,Paid,2947.04
138982,68982,2024-06-19,Cash On Delivery,Paid,4999.71
138983,68983,2026-08-10,Upi,Paid,21327.39
138984,68984,2024-04-20,Credit Card,Paid,11014.71
138985,68985,2025-04-01,Upi,Paid,28869.16
138986,68986,2025-01-09,Credit Card,Paid,16227.51
138987,68987,2025-10-12,Credit Card,Paid,2041.1
138988,68988,2026-01-28,Upi,Paid,24574.05
138989,68989,2025-08-17,Debit Card,Paid,2187.34
138990,68990,2026-01-14,Cash On Delivery,Paid,26625.08
138991,68991,2026-08-12,Credit Card,Paid,19596.71
138992,68992,2025-05-11,Debit Card,Paid,3411.54
138993,68993,2025-07-17,Net Banking,Pending,10573.56
138994,68994,2025-06-17,Upi,Paid,17132.9
138995,68995,2024-09-18,Upi,Paid,26363.72
138996,68996,2025-03-19,Debit Card,Paid,1648.3
138997,68997,2025-06-27,Debit Card,Paid,23979.65
138998,68998,2024-01-25,Cash On Delivery,Paid,16944.66
138999,68999,2025-01-18,Upi,Paid,9033.42
139000,69000,2024-09-26,Upi,Paid,2805.41
139001,69001,2025-10-09,Wallet,Paid,16218.9
139002,69002,2025-01-13,Credit Card,Paid,17623.9
139003,69003,2024-05-14,Upi,Paid,14696.28
139004,69004,2025-06-22,Debit Card,Paid,14477.66
139005,69005,2025-03-23,Net Banking,Paid,563.23
139006,69006,2025-10-04,Credit Card,Paid,25906.73
139007,69007,2025-12-24,Cash On Delivery,Paid,26896.27
139008,69008,2026-08-18,Cash On Delivery,Paid,3193.79
139009,69009,2025-08-25,Upi,Paid,18398.47
139010,69010,2025-05-08,Cash On Delivery,Refunded,12949.66
139011,69011,2024-09-28,Upi,Paid,26285.68
139012,69012,2025-10-14,Credit Card,Paid,12165.54
139013,69013,2025-02-07,Cash On Delivery,Paid,20205.27
139014,69014,2026-07-21,Credit Card,Paid,23233.29
139015,69015,2025-10-29,Debit Card,Paid,28407.57
139016,69016,2024-09-28,Cash On Delivery,Paid,17280.02
139017,69017,2026-06-29,Upi,Paid,18552.4
139018,69018,2025-03-17,Wallet,Paid,6134.87
139019,69019,2025-08-24,Credit Card,Paid,3019.89
139020,69020,2025-11-30,Upi,Paid,11176.68
139021,69021,2025-09-26,Upi,Paid,23338.53
139022,69022,2025-07-05,Upi,Paid,5868.46
139023,69023,2025-12-12,Net Banking,Paid,19703.88
139024,69024,2026-05-19,Net Banking,Failed,15880.22
139025,69025,2024-06-08,Debit Card,Paid,11737.75
139026,69026,2025-07-03,Cash On Delivery,Refunded,21486.83
139027,69027,2025-08-13,Upi,Paid,23666.78
139028,69028,2026-06-13,Upi,Paid,13040.63
139029,69029,2025-07-14,Debit Card,Failed,16615.92
139030,69030,2024-05-26,Debit Card,Refunded,11562.34
139031,69031,2026-01-09,Debit Card,Paid,20790.91
139032,69032,2026-02-20,Net Banking,Failed,5091.02
139033,69033,2026-03-27,Debit Card,Paid,1482.15
139034,69034,2024-07-27,Debit Card,Paid,8199.52
139035,69035,2024-05-28,Credit Card,Paid,697.91
139036,69036,2024-02-19,Cash On Delivery,Paid,12193.23
139037,69037,2025-02-20,Debit Card,Paid,14258.32
139038,69038,2024-04-18,Cash On Delivery,Paid,9167.63
139039,69039,2026-01-14,Cash On Delivery,Paid,394.68
139040,69040,2025-07-18,Credit Card,Paid,29950.83
139041,69041,2024-11-02,Wallet,Paid,17872.42
139042,69042,2024-10-11,Credit Card,Paid,23193.89
139043,69043,2025-03-12,Credit Card,Paid,19407.04
139044,69044,2024-05-21,Upi,Paid,4856.79
139045,69045,2025-02-08,Debit Card,Paid,5457.68
139046,69046,2025-09-02,Debit Card,Paid,23035.5
139047,69047,2025-03-26,Credit Card,Paid,14699.55
139048,69048,2025-04-20,Upi,Paid,29137.01
139049,69049,2026-03-15,Cash On Delivery,Paid,24167.66
139050,69050,2025-01-04,Upi,Paid,8436.98
139051,69051,2024-04-30,Cash On Delivery,Paid,6947.0
139052,69052,2025-06-03,Credit Card,Paid,11523.89
139053,69053,2024-06-18,Upi,Failed,12754.02
139054,69054,2026-04-18,Cash On Delivery,Paid,3540.42
139055,69055,2024-05-31,Upi,Paid,6201.09
139056,69056,2025-12-06,Upi,Refunded,29641.21
139057,69057,2025-03-17,Debit Card,Paid,25092.42
139058,69058,2025-04-27,Upi,Paid,25946.56
139059,69059,2026-05-10,Cash On Delivery,Paid,18758.7
139060,69060,2026-03-11,Upi,Paid,23000.38
139061,69061,2024-06-16,Upi,Paid,29695.71
139062,69062,2026-04-17,Credit Card,Paid,16403.57
139063,69063,2024-11-07,Cash On Delivery,Paid,974.19
139064,69064,2024-12-30,Upi,Paid,27425.61
139065,69065,2026-03-15,Debit Card,Paid,29753.33
139066,69066,2024-05-28,Upi,Paid,26180.04
139067,69067,2025-02-04,Cash On Delivery,Paid,6837.53
139068,69068,2024-04-22,Upi,Paid,7767.76
139069,69069,2025-07-03,Cash On Delivery,Paid,21012.68
139070,69070,2025-09-13,Upi,Paid,5468.7
139071,69071,2025-07-19,Upi,Paid,23522.34
139072,69072,2026-06-29,Debit Card,Paid,10440.07
139073,69073,2025-11-22,Upi,Paid,7927.98
139074,69074,2024-02-07,Debit Card,Paid,10758.56
139075,69075,2024-07-22,Cash On Delivery,Paid,24877.16
139076,69076,2025-04-27,Net Banking,Paid,23032.51
139077,69077,2025-03-22,Credit Card,Paid,3979.85
139078,69078,2024-07-10,Upi,Paid,10633.51
139079,69079,2025-05-30,Debit Card,Paid,12286.68
139080,69080,2025-05-31,Net Banking,Paid,11261.48
139081,69081,2025-03-16,Cash On Delivery,Paid,4660.3
139082,69082,2026-04-12,Upi,Paid,24189.48
139083,69083,2025-01-04,Credit Card,Paid,21727.48
139084,69084,2026-02-03,Cash On Delivery,Refunded,27501.1
139085,69085,2025-11-08,Debit Card,Pending,7284.73
139086,69086,2026-08-03,Upi,Paid,4559.36
139087,69087,2025-09-11,Wallet,Paid,12351.94
139088,69088,2025-04-15,Upi,Paid,5258.67
139089,69089,2024-01-03,Credit Card,Paid,14650.9
139090,69090,2025-10-06,Cash On Delivery,Refunded,25455.73
139091,69091,2025-05-29,Upi,Paid,27897.89
139092,69092,2026-05-21,Cash On Delivery,Paid,1648.58
139093,69093,2025-08-04,Upi,Paid,6746.85
139094,69094,2025-11-09,Credit Card,Paid,12801.48
139095,69095,2026-06-04,Upi,Paid,7049.29
139096,69096,2026-07-25,Upi,Paid,18124.43
139097,69097,2024-08-02,Debit Card,Paid,8144.45
139098,69098,2024-08-28,Debit Card,Paid,28932.78
139099,69099,2026-01-31,Upi,Paid,15685.55
139100,69100,2024-05-11,Net Banking,Paid,28066.68
139101,69101,2026-03-06,Debit Card,Paid,18137.5
139102,69102,2024-05-27,Wallet,Paid,642.56
139103,69103,2024-12-22,Cash On Delivery,Paid,18727.06
139104,69104,2026-04-06,Credit Card,Paid,6577.18
139105,69105,2024-05-16,Upi,Paid,18214.45
139106,69106,2024-02-23,Upi,Paid,25650.28
139107,69107,2026-01-08,Upi,Paid,7391.98
139108,69108,2026-02-24,Credit Card,Paid,16898.52
139109,69109,2026-01-01,Credit Card,Failed,8762.72
139110,69110,2025-03-26,Cash On Delivery,Paid,24272.63
139111,69111,2026-01-13,Net Banking,Paid,15180.59
139112,69112,2025-11-03,Wallet,Paid,2921.18
139113,69113,2025-01-04,Credit Card,Paid,644.36
139114,69114,2025-12-27,Debit Card,Paid,14967.02
139115,69115,2024-07-08,Upi,Paid,13001.44
139116,69116,2025-02-17,Net Banking,Paid,9541.24
139117,69117,2026-03-16,Net Banking,Paid,7322.2
139118,69118,2024-05-23,Upi,Paid,1474.78
139119,69119,2025-02-15,Upi,Paid,16083.55
139120,69120,2025-08-24,Upi,Failed,2811.31
139121,69121,2025-08-04,Debit Card,Pending,9245.68
139122,69122,2026-07-17,Upi,Paid,4369.67
139123,69123,2025-10-03,Upi,Paid,23645.83
139124,69124,2024-01-28,Cash On Delivery,Paid,3986.34
139125,69125,2026-08-24,Upi,Paid,7620.98
139126,69126,2024-08-10,Credit Card,Paid,2456.96
139127,69127,2025-08-01,Upi,Failed,11489.71
139128,69128,2026-04-28,Credit Card,Paid,21687.59
139129,69129,2025-08-12,Credit Card,Paid,22480.65
139130,69130,2024-03-09,Debit Card,Paid,18056.49
139131,69131,2024-12-06,Upi,Paid,15004.05
139132,69132,2024-01-12,Cash On Delivery,Paid,29880.24
139133,69133,2025-02-13,Upi,Paid,2725.56
139134,69134,2026-05-04,Upi,Paid,28526.27
139135,69135,2024-09-06,Net Banking,Paid,19042.68
139136,69136,2026-01-16,Upi,Paid,26559.46
139137,69137,2024-02-14,Net Banking,Paid,14959.68
139138,69138,2024-09-03,Credit Card,Paid,9263.09
139139,69139,2025-07-10,Net Banking,Paid,18359.69
139140,69140,2026-07-26,Debit Card,Refunded,18852.97
139141,69141,2025-08-26,Debit Card,Pending,20802.93
139142,69142,2025-11-23,Upi,Paid,22134.55
139143,69143,2026-01-20,Debit Card,Paid,20865.87
139144,69144,2024-04-27,Wallet,Paid,12268.12
139145,69145,2026-07-21,Upi,Paid,6808.65
139146,69146,2025-03-25,Wallet,Paid,912.36
139147,69147,2024-10-29,Credit Card,Paid,25301.85
139148,69148,2026-04-19,Debit Card,Paid,4096.42
139149,69149,2025-04-22,Wallet,Refunded,16478.31
139150,69150,2025-10-12,Debit Card,Refunded,18504.5
139151,69151,2024-12-24,Credit Card,Paid,19747.84
139152,69152,2025-07-25,Upi,Paid,14340.37
139153,69153,2024-05-31,Debit Card,Paid,24258.49
139154,69154,2025-02-09,Upi,Paid,12419.98
139155,69155,2025-03-15,Upi,Paid,8311.52
139156,69156,2024-08-31,Upi,Refunded,12244.7
139157,69157,2026-06-05,Upi,Paid,366.12
139158,69158,2025-08-19,Wallet,Pending,27918.63
139159,69159,2026-04-27,Credit Card,Paid,12577.05
139160,69160,2024-06-01,Upi,Paid,1101.6
139161,69161,2025-02-17,Wallet,Paid,26012.91
139162,69162,2026-02-24,Cash On Delivery,Paid,7068.23
139163,69163,2024-06-08,Debit Card,Paid,12100.03
139164,69164,2024-07-25,Upi,Paid,18562.55
139165,69165,2026-06-16,Cash On Delivery,Refunded,11466.29
139166,69166,2024-04-28,Debit Card,Paid,26115.99
139167,69167,2025-03-23,Upi,Paid,5369.93
139168,69168,2024-03-10,Upi,Paid,10144.17
139169,69169,2024-11-27,Upi,Paid,15916.92
139170,69170,2026-03-02,Upi,Paid,18235.36
139171,69171,2024-12-21,Credit Card,Paid,17851.65
139172,69172,2025-03-31,Cash On Delivery,Paid,28911.66
139173,69173,2026-06-10,Upi,Paid,22197.26
139174,69174,2025-01-22,Cash On Delivery,Paid,3050.98
139175,69175,2025-08-05,Net Banking,Paid,6971.9
139176,69176,2025-05-23,Upi,Paid,28534.66
139177,69177,2025-11-28,Cash On Delivery,Paid,4943.86
139178,69178,2025-07-26,Wallet,Paid,12106.33
139179,69179,2026-03-17,Credit Card,Paid,2872.88
139180,69180,2026-05-07,Upi,Paid,11532.44
139181,69181,2026-08-15,Credit Card,Paid,27286.17
139182,69182,2024-12-01,Cash On Delivery,Paid,4550.67
139183,69183,2024-06-23,Credit Card,Paid,25486.28
139184,69184,2024-07-02,Wallet,Paid,4742.07
139185,69185,2026-02-06,Debit Card,Paid,20605.53
139186,69186,2026-04-25,Upi,Paid,8326.39
139187,69187,2024-08-23,Wallet,Failed,17857.02
139188,69188,2025-04-13,Net Banking,Paid,20787.39
139189,69189,2024-01-20,Net Banking,Paid,15800.43
139190,69190,2025-07-16,Upi,Paid,5907.01
139191,69191,2025-11-13,Upi,Paid,10638.42
139192,69192,2024-06-03,Net Banking,Paid,596.38
139193,69193,2026-06-17,Credit Card,Paid,27792.18
139194,69194,2026-04-17,Upi,Paid,22773.91
139195,69195,2026-07-17,Debit Card,Paid,11283.02
139196,69196,2026-07-02,Upi,Paid,20568.18
139197,69197,2024-03-24,Debit Card,Paid,5740.33
139198,69198,2025-03-11,Upi,Refunded,6630.67
139199,69199,2025-02-18,Upi,Paid,17180.68
139200,69200,2024-01-22,Credit Card,Refunded,4158.59
139201,69201,2026-06-26,Upi,Paid,16341.43
139202,69202,2024-01-30,Credit Card,Paid,2131.68
139203,69203,2025-11-05,Cash On Delivery,Paid,15815.96
139204,69204,2024-10-21,Debit Card,Paid,11457.75
139205,69205,2025-08-03,Wallet,Paid,12577.13
139206,69206,2025-04-23,Upi,Paid,17020.62
139207,69207,2024-08-04,Upi,Paid,18014.9
139208,69208,2025-02-23,Upi,Paid,25513.54
139209,69209,2025-11-19,Debit Card,Failed,3809.49
139210,69210,2025-07-07,Upi,Paid,12877.29
139211,69211,2024-08-07,Debit Card,Paid,1373.81
139212,69212,2024-09-07,Upi,Paid,15329.69
139213,69213,2025-11-08,Debit Card,Paid,1983.51
139214,69214,2024-07-23,Cash On Delivery,Failed,1020.58
139215,69215,2025-08-03,Upi,Refunded,2651.73
139216,69216,2026-08-04,Cash On Delivery,Paid,10504.31
139217,69217,2025-07-13,Credit Card,Paid,9364.98
139218,69218,2024-09-30,Upi,Refunded,2210.16
139219,69219,2025-10-11,Wallet,Paid,29731.32
139220,69220,2026-07-09,Wallet,Paid,17179.66
139221,69221,2025-09-21,Upi,Paid,19225.19
139222,69222,2025-07-08,Upi,Paid,15463.83
139223,69223,2025-08-21,Cash On Delivery,Paid,22118.74
139224,69224,2024-03-08,Cash On Delivery,Paid,13614.88
139225,69225,2024-01-23,Debit Card,Paid,18326.06
139226,69226,2025-08-01,Net Banking,Refunded,9820.03
139227,69227,2025-04-09,Debit Card,Paid,22447.24
139228,69228,2026-08-13,Upi,Paid,8071.89
139229,69229,2025-04-09,Upi,Paid,29944.13
139230,69230,2026-03-26,Debit Card,Paid,1442.67
139231,69231,2025-10-04,Credit Card,Paid,20859.48
139232,69232,2024-10-23,Debit Card,Paid,22038.63
139233,69233,2026-04-18,Upi,Failed,22503.61
139234,69234,2024-04-04,Cash On Delivery,Pending,12268.93
139235,69235,2025-11-09,Credit Card,Paid,3577.5
139236,69236,2025-03-25,Upi,Paid,7435.5
139237,69237,2025-12-04,Wallet,Paid,8319.71
139238,69238,2024-04-08,Upi,Refunded,12756.86
139239,69239,2024-07-18,Wallet,Failed,13413.12
139240,69240,2024-10-17,Credit Card,Paid,19917.36
139241,69241,2025-07-05,Credit Card,Paid,23976.68
139242,69242,2026-06-12,Wallet,Paid,9515.7
139243,69243,2026-05-30,Debit Card,Paid,5153.31
139244,69244,2025-09-27,Credit Card,Paid,22633.73
139245,69245,2024-04-21,Net Banking,Paid,20062.57
139246,69246,2026-01-30,Credit Card,Paid,27719.03
139247,69247,2026-04-03,Cash On Delivery,Paid,28476.06
139248,69248,2025-06-09,Wallet,Paid,15239.72
139249,69249,2024-03-05,Wallet,Paid,21445.53
139250,69250,2024-06-14,Debit Card,Paid,5297.92
139251,69251,2026-02-24,Credit Card,Paid,18673.84
139252,69252,2024-05-26,Debit Card,Paid,8464.89
139253,69253,2024-11-24,Credit Card,Paid,27091.11
139254,69254,2026-01-13,Net Banking,Paid,28722.67
139255,69255,2024-05-29,Debit Card,Paid,9353.59
139256,69256,2025-02-21,Upi,Paid,9781.37
139257,69257,2025-10-28,Credit Card,Paid,21758.04
139258,69258,2025-04-29,Upi,Paid,23029.12
139259,69259,2026-04-30,Credit Card,Paid,23647.71
139260,69260,2024-06-25,Upi,Failed,14863.4
139261,69261,2025-07-09,Wallet,Paid,25866.63
139262,69262,2024-12-19,Upi,Paid,29619.02
139263,69263,2025-06-28,Upi,Failed,1022.63
139264,69264,2024-05-11,Cash On Delivery,Paid,7349.55
139265,69265,2025-10-30,Debit Card,Paid,23496.83
139266,69266,2024-07-18,Net Banking,Paid,1024.84
139267,69267,2026-02-23,Upi,Paid,7007.76
139268,69268,2026-05-13,Credit Card,Paid,2042.56
139269,69269,2024-11-28,Upi,Pending,14611.53
139270,69270,2025-11-27,Upi,Paid,2990.7
139271,69271,2025-06-14,Cash On Delivery,Paid,28490.47
139272,69272,2026-04-08,Credit Card,Paid,26584.36
139273,69273,2026-06-20,Credit Card,Failed,5304.41
139274,69274,2026-04-30,Credit Card,Paid,23912.42
139275,69275,2024-09-08,Cash On Delivery,Paid,15409.63
139276,69276,2025-07-25,Cash On Delivery,Paid,24142.27
139277,69277,2024-04-03,Upi,Paid,25967.11
139278,69278,2024-10-24,Credit Card,Paid,18159.11
139279,69279,2024-12-20,Debit Card,Refunded,443.25
139280,69280,2025-04-24,Wallet,Paid,10784.4
139281,69281,2026-03-21,Credit Card,Paid,25422.01
139282,69282,2024-01-22,Upi,Refunded,7453.74
139283,69283,2025-04-26,Credit Card,Paid,12276.64
139284,69284,2026-03-03,Cash On Delivery,Paid,13720.77
139285,69285,2024-08-13,Credit Card,Paid,29428.58
139286,69286,2026-02-20,Upi,Paid,18528.56
139287,69287,2024-03-16,Credit Card,Paid,14147.33
139288,69288,2025-05-10,Upi,Paid,24771.61
139289,69289,2026-08-17,Upi,Paid,5869.79
139290,69290,2025-01-01,Debit Card,Paid,12113.31
139291,69291,2025-09-15,Credit Card,Paid,3095.32
139292,69292,2024-06-17,Upi,Paid,21749.4
139293,69293,2025-02-15,Net Banking,Paid,16067.61
139294,69294,2024-03-15,Net Banking,Paid,5354.39
139295,69295,2024-04-23,Upi,Paid,1586.1
139296,69296,2024-11-11,Cash On Delivery,Paid,4953.8
139297,69297,2026-08-12,Upi,Paid,12332.23
139298,69298,2026-06-29,Credit Card,Paid,11081.41
139299,69299,2024-02-26,Cash On Delivery,Paid,29318.03
139300,69300,2024-03-10,Upi,Paid,25550.56
139301,69301,2025-10-31,Wallet,Paid,24645.19
139302,69302,2026-07-11,Debit Card,Paid,14727.52
139303,69303,2025-05-07,Upi,Paid,16016.96
139304,69304,2025-05-29,Debit Card,Paid,7776.89
139305,69305,2025-08-08,Net Banking,Paid,2311.23
139306,69306,2025-03-03,Upi,Paid,8787.41
139307,69307,2025-12-23,Debit Card,Refunded,1753.85
139308,69308,2024-04-30,Wallet,Paid,3337.19
139309,69309,2024-02-28,Cash On Delivery,Paid,7185.01
139310,69310,2024-03-13,Upi,Paid,4102.73
139311,69311,2024-08-04,Debit Card,Paid,28287.42
139312,69312,2025-06-13,Cash On Delivery,Paid,5432.26
139313,69313,2024-09-14,Upi,Paid,1903.94
139314,69314,2025-08-05,Credit Card,Paid,19981.31
139315,69315,2024-01-21,Debit Card,Paid,883.28
139316,69316,2025-02-26,Upi,Failed,24342.18
139317,69317,2024-05-24,Cash On Delivery,Failed,3028.57
139318,69318,2024-10-05,Cash On Delivery,Refunded,29334.08
139319,69319,2025-09-21,Credit Card,Paid,28799.65
139320,69320,2024-01-15,Wallet,Failed,23374.08
139321,69321,2026-01-17,Cash On Delivery,Paid,16127.28
139322,69322,2024-09-17,Credit Card,Paid,8052.92
139323,69323,2026-04-18,Upi,Paid,12906.25
139324,69324,2025-11-26,Debit Card,Paid,10023.25
139325,69325,2026-05-30,Cash On Delivery,Paid,22531.56
139326,69326,2025-08-13,Cash On Delivery,Paid,11113.27
139327,69327,2025-02-04,Cash On Delivery,Paid,18738.32
139328,69328,2024-06-02,Net Banking,Paid,17169.53
139329,69329,2024-03-13,Upi,Paid,10789.66
139330,69330,2026-02-09,Upi,Paid,15228.89
139331,69331,2025-09-19,Net Banking,Paid,20186.73
139332,69332,2024-05-26,Net Banking,Paid,28319.7
139333,69333,2024-04-03,Wallet,Paid,6238.66
139334,69334,2026-02-10,Debit Card,Failed,16110.25
139335,69335,2024-02-28,Upi,Failed,16044.44
139336,69336,2025-05-12,Upi,Paid,23068.04
139337,69337,2024-11-11,Credit Card,Failed,8419.33
139338,69338,2025-11-28,Debit Card,Paid,18228.84
139339,69339,2024-02-27,Wallet,Paid,25782.87
139340,69340,2024-03-22,Credit Card,Paid,3785.06
139341,69341,2024-05-18,Credit Card,Paid,11386.36
139342,69342,2025-12-20,Credit Card,Paid,16848.87
139343,69343,2025-11-23,Credit Card,Paid,17109.08
139344,69344,2025-12-02,Credit Card,Failed,19452.27
139345,69345,2025-07-14,Net Banking,Paid,24218.25
139346,69346,2024-06-19,Debit Card,Paid,8834.93
139347,69347,2024-08-09,Credit Card,Paid,11298.01
139348,69348,2024-05-15,Net Banking,Paid,4176.53
139349,69349,2024-05-01,Upi,Paid,18985.02
139350,69350,2025-12-27,Upi,Paid,890.13
139351,69351,2025-03-22,Debit Card,Paid,2361.53
139352,69352,2025-02-09,Cash On Delivery,Paid,22433.63
139353,69353,2024-05-23,Debit Card,Paid,18893.19
139354,69354,2025-09-20,Upi,Paid,3021.36
139355,69355,2026-03-17,Upi,Paid,2477.37
139356,69356,2024-01-12,Net Banking,Paid,14583.6
139357,69357,2026-06-24,Upi,Paid,18378.8
139358,69358,2024-06-28,Upi,Paid,23606.96
139359,69359,2026-06-03,Cash On Delivery,Paid,17503.46
139360,69360,2025-12-24,Net Banking,Paid,13826.86
139361,69361,2026-05-15,Upi,Paid,3578.09
139362,69362,2024-07-11,Upi,Paid,15553.97
139363,69363,2025-07-04,Debit Card,Paid,25253.33
139364,69364,2024-03-18,Wallet,Paid,3031.74
139365,69365,2025-03-10,Wallet,Paid,25617.25
139366,69366,2024-06-19,Credit Card,Paid,27882.04
139367,69367,2024-03-09,Upi,Failed,27200.59
139368,69368,2026-03-20,Debit Card,Paid,9248.97
139369,69369,2026-01-03,Debit Card,Paid,5615.23
139370,69370,2024-12-04,Credit Card,Paid,7898.32
139371,69371,2025-02-07,Cash On Delivery,Paid,28112.71
139372,69372,2025-05-31,Credit Card,Paid,5312.26
139373,69373,2025-08-13,Net Banking,Paid,3706.21
139374,69374,2025-07-15,Credit Card,Paid,1972.34
139375,69375,2024-10-24,Upi,Paid,7430.62
139376,69376,2024-12-30,Upi,Paid,2256.49
139377,69377,2026-08-20,Debit Card,Paid,3330.69
139378,69378,2024-04-02,Cash On Delivery,Paid,15595.08
139379,69379,2025-01-30,Cash On Delivery,Paid,12666.97
139380,69380,2024-09-08,Upi,Paid,27424.45
139381,69381,2024-08-24,Upi,Paid,1225.62
139382,69382,2024-06-05,Wallet,Refunded,4963.58
139383,69383,2024-04-08,Cash On Delivery,Paid,25442.01
139384,69384,2026-06-02,Upi,Paid,5306.69
139385,69385,2026-04-26,Credit Card,Paid,3139.02
139386,69386,2025-12-19,Debit Card,Paid,9312.46
139387,69387,2026-06-21,Cash On Delivery,Paid,20767.18
139388,69388,2026-03-10,Credit Card,Paid,7541.08
139389,69389,2024-05-06,Upi,Paid,12230.08
139390,69390,2026-02-28,Wallet,Paid,28696.23
139391,69391,2026-02-25,Debit Card,Paid,28296.9
139392,69392,2024-01-04,Cash On Delivery,Paid,9594.15
139393,69393,2026-05-03,Cash On Delivery,Paid,1702.35
139394,69394,2025-12-28,Wallet,Paid,1977.45
139395,69395,2026-08-23,Credit Card,Paid,11862.12
139396,69396,2025-04-12,Cash On Delivery,Paid,23787.35
139397,69397,2025-12-20,Net Banking,Paid,24997.87
139398,69398,2026-01-23,Credit Card,Paid,23173.47
139399,69399,2025-10-08,Upi,Paid,25888.99
139400,69400,2026-07-20,Net Banking,Paid,7438.21
139401,69401,2024-05-18,Debit Card,Paid,9964.38
139402,69402,2024-12-12,Credit Card,Paid,6379.01
139403,69403,2024-04-02,Credit Card,Paid,14572.98
139404,69404,2025-08-09,Upi,Paid,19287.14
139405,69405,2024-01-24,Upi,Paid,11799.51
139406,69406,2024-10-22,Cash On Delivery,Failed,10294.85
139407,69407,2025-12-21,Upi,Paid,10566.16
139408,69408,2026-05-18,Debit Card,Paid,26750.11
139409,69409,2024-08-05,Upi,Paid,7613.48
139410,69410,2024-09-05,Cash On Delivery,Paid,28501.41
139411,69411,2024-01-26,Upi,Paid,17507.74
139412,69412,2024-12-06,Wallet,Paid,17829.82
139413,69413,2025-11-15,Credit Card,Paid,20588.24
139414,69414,2026-05-14,Cash On Delivery,Failed,26162.3
139415,69415,2025-02-14,Upi,Paid,24103.44
139416,69416,2024-04-08,Debit Card,Paid,16231.75
139417,69417,2024-11-10,Upi,Paid,18435.98
139418,69418,2025-04-24,Debit Card,Paid,15813.18
139419,69419,2025-08-13,Upi,Paid,16889.6
139420,69420,2025-07-17,Cash On Delivery,Paid,20963.49
139421,69421,2026-02-17,Cash On Delivery,Paid,27912.15
139422,69422,2025-07-15,Cash On Delivery,Paid,27182.2
139423,69423,2025-01-29,Upi,Pending,25584.79
139424,69424,2024-04-27,Net Banking,Paid,4646.16
139425,69425,2026-06-28,Debit Card,Paid,9895.2
139426,69426,2024-02-11,Cash On Delivery,Paid,12915.84
139427,69427,2024-11-17,Upi,Paid,23489.75
139428,69428,2025-02-10,Upi,Paid,24997.68
139429,69429,2026-05-13,Debit Card,Paid,2971.27
139430,69430,2025-03-19,Upi,Paid,10436.88
139431,69431,2025-02-06,Upi,Paid,23635.5
139432,69432,2026-07-03,Cash On Delivery,Paid,21116.7
139433,69433,2024-12-20,Credit Card,Paid,2464.2
139434,69434,2026-01-03,Net Banking,Paid,5190.8
139435,69435,2024-02-03,Debit Card,Paid,20234.11
139436,69436,2025-08-04,Upi,Paid,12125.08
139437,69437,2025-12-09,Debit Card,Paid,26753.51
139438,69438,2024-07-25,Credit Card,Paid,14951.6
139439,69439,2026-01-09,Credit Card,Paid,26855.11
139440,69440,2026-05-24,Wallet,Paid,21885.21
139441,69441,2024-02-22,Upi,Paid,26134.32
139442,69442,2024-07-09,Debit Card,Paid,24263.27
139443,69443,2024-05-19,Net Banking,Paid,3238.78
139444,69444,2026-07-07,Cash On Delivery,Paid,5026.66
139445,69445,2024-10-11,Upi,Paid,13901.84
139446,69446,2026-07-07,Upi,Paid,20892.91
139447,69447,2025-01-04,Upi,Paid,4431.69
139448,69448,2026-08-09,Upi,Paid,22581.79
139449,69449,2025-06-30,Credit Card,Paid,21826.1
139450,69450,2024-10-02,Upi,Paid,12827.7
139451,69451,2025-05-08,Credit Card,Paid,29672.32
139452,69452,2024-05-14,Credit Card,Paid,28049.61
139453,69453,2024-07-13,Upi,Paid,18787.79
139454,69454,2025-09-04,Cash On Delivery,Paid,27138.15
139455,69455,2026-01-03,Credit Card,Paid,12771.32
139456,69456,2025-02-14,Credit Card,Paid,28968.58
139457,69457,2026-04-11,Debit Card,Paid,12758.79
139458,69458,2025-01-12,Upi,Paid,23374.61
139459,69459,2024-12-29,Upi,Refunded,25130.62
139460,69460,2025-06-24,Cash On Delivery,Paid,17833.07
139461,69461,2025-01-20,Credit Card,Paid,8104.37
139462,69462,2025-10-30,Upi,Paid,6710.61
139463,69463,2026-05-27,Credit Card,Paid,3400.71
139464,69464,2024-11-18,Upi,Paid,18620.28
139465,69465,2025-04-20,Cash On Delivery,Paid,22831.76
139466,69466,2024-11-23,Wallet,Paid,16748.42
139467,69467,2025-07-28,Debit Card,Paid,15124.09
139468,69468,2025-08-15,Cash On Delivery,Paid,11352.45
139469,69469,2025-03-16,Upi,Pending,9120.19
139470,69470,2024-03-12,Upi,Paid,12106.79
139471,69471,2026-06-20,Debit Card,Paid,5311.57
139472,69472,2025-11-11,Credit Card,Paid,5083.96
139473,69473,2025-12-01,Upi,Paid,8892.74
139474,69474,2026-02-15,Upi,Refunded,23819.96
139475,69475,2024-01-29,Upi,Paid,19965.46
139476,69476,2026-05-04,Credit Card,Paid,20878.56
139477,69477,2024-03-27,Cash On Delivery,Paid,782.49
139478,69478,2026-01-03,Cash On Delivery,Paid,15195.18
139479,69479,2026-07-16,Upi,Paid,18207.94
139480,69480,2025-05-07,Net Banking,Paid,24854.08
139481,69481,2025-11-26,Net Banking,Paid,25582.02
139482,69482,2026-04-29,Debit Card,Paid,1316.78
139483,69483,2025-07-03,Debit Card,Paid,17936.53
139484,69484,2025-04-21,Upi,Paid,6243.25
139485,69485,2026-02-24,Upi,Paid,20900.19
139486,69486,2026-02-04,Debit Card,Paid,18613.82
139487,69487,2024-03-23,Credit Card,Paid,12645.89
139488,69488,2024-03-03,Credit Card,Paid,2732.84
139489,69489,2025-11-23,Credit Card,Paid,18528.47
139490,69490,2025-11-18,Credit Card,Paid,9489.19
139491,69491,2026-02-28,Credit Card,Paid,25240.87
139492,69492,2024-03-22,Wallet,Paid,9476.8
139493,69493,2024-05-31,Credit Card,Paid,20328.82
139494,69494,2024-01-28,Wallet,Paid,2772.43
139495,69495,2024-10-02,Credit Card,Paid,11044.75
139496,69496,2025-05-03,Upi,Paid,17867.13
139497,69497,2024-12-18,Upi,Paid,19466.66
139498,69498,2024-04-28,Wallet,Paid,29838.77
139499,69499,2025-06-20,Debit Card,Paid,9287.55
139500,69500,2024-11-13,Credit Card,Failed,26843.45
139501,69501,2024-10-06,Net Banking,Pending,29012.6
139502,69502,2026-01-22,Debit Card,Paid,25948.79
139503,69503,2024-11-06,Upi,Paid,5039.06
139504,69504,2025-06-18,Credit Card,Paid,22412.57
139505,69505,2024-03-06,Debit Card,Paid,1622.85
139506,69506,2025-12-12,Cash On Delivery,Paid,22897.84
139507,69507,2025-06-13,Upi,Paid,14238.31
139508,69508,2026-02-01,Wallet,Paid,13719.18
139509,69509,2024-10-21,Upi,Paid,29520.37
139510,69510,2025-04-12,Upi,Paid,10133.56
139511,69511,2025-02-22,Cash On Delivery,Paid,3213.52
139512,69512,2026-08-17,Cash On Delivery,Paid,11756.39
139513,69513,2024-04-08,Net Banking,Paid,26423.89
139514,69514,2024-07-15,Credit Card,Paid,8108.06
139515,69515,2026-07-29,Upi,Paid,6603.94
139516,69516,2024-03-23,Credit Card,Paid,16478.23
139517,69517,2024-09-27,Wallet,Paid,6379.46
139518,69518,2024-11-07,Debit Card,Paid,6729.71
139519,69519,2026-02-05,Upi,Paid,6054.32
139520,69520,2026-01-09,Cash On Delivery,Paid,10100.38
139521,69521,2026-04-24,Cash On Delivery,Paid,14902.24
139522,69522,2024-04-03,Debit Card,Paid,17197.02
139523,69523,2024-07-28,Upi,Paid,26649.1
139524,69524,2025-03-29,Upi,Paid,5160.0
139525,69525,2025-12-11,Upi,Paid,3800.38
139526,69526,2025-07-09,Upi,Paid,25113.29
139527,69527,2025-05-22,Credit Card,Paid,6017.36
139528,69528,2026-02-23,Upi,Paid,3293.24
139529,69529,2024-07-11,Upi,Paid,11804.42
139530,69530,2026-04-01,Upi,Paid,5144.01
139531,69531,2025-10-01,Upi,Paid,24366.62
139532,69532,2024-08-19,Upi,Paid,12181.19
139533,69533,2025-03-02,Debit Card,Paid,13886.54
139534,69534,2024-09-24,Wallet,Paid,1592.2
139535,69535,2024-10-28,Debit Card,Paid,23278.05
139536,69536,2025-10-28,Credit Card,Paid,29847.9
139537,69537,2024-10-22,Debit Card,Paid,531.25
139538,69538,2026-04-13,Net Banking,Refunded,19527.1
139539,69539,2024-04-04,Wallet,Paid,22781.31
139540,69540,2024-06-15,Credit Card,Paid,2928.48
139541,69541,2026-06-06,Upi,Paid,15035.24
139542,69542,2025-12-02,Debit Card,Paid,6932.97
139543,69543,2025-03-05,Credit Card,Paid,17181.99
139544,69544,2024-08-21,Credit Card,Paid,11143.6
139545,69545,2024-09-04,Debit Card,Paid,11162.76
139546,69546,2024-06-26,Debit Card,Paid,27913.78
139547,69547,2026-05-23,Credit Card,Paid,27587.2
139548,69548,2024-11-24,Credit Card,Refunded,24149.33
139549,69549,2026-06-29,Upi,Paid,26092.3
139550,69550,2026-02-09,Upi,Failed,16997.9
139551,69551,2024-12-16,Net Banking,Paid,4198.48
139552,69552,2025-12-21,Upi,Paid,15553.71
139553,69553,2025-04-09,Cash On Delivery,Paid,14175.33
139554,69554,2025-04-09,Credit Card,Paid,5651.87
139555,69555,2026-01-17,Upi,Paid,3020.37
139556,69556,2025-11-24,Credit Card,Paid,15271.81
139557,69557,2024-07-31,Upi,Paid,15352.24
139558,69558,2025-01-31,Credit Card,Paid,13561.53
139559,69559,2026-06-28,Cash On Delivery,Paid,10562.07
139560,69560,2024-07-25,Debit Card,Paid,12785.51
139561,69561,2025-11-24,Debit Card,Paid,14152.91
139562,69562,2026-03-28,Credit Card,Paid,9806.58
139563,69563,2025-08-08,Credit Card,Paid,25017.45
139564,69564,2024-02-24,Debit Card,Paid,17579.8
139565,69565,2026-04-07,Debit Card,Paid,19167.9
139566,69566,2026-05-25,Upi,Paid,12981.96
139567,69567,2025-09-16,Debit Card,Paid,7337.86
139568,69568,2026-02-04,Upi,Paid,2164.83
139569,69569,2024-02-13,Credit Card,Paid,29270.73
139570,69570,2025-12-02,Debit Card,Paid,6398.76
139571,69571,2026-02-20,Upi,Refunded,28722.82
139572,69572,2025-07-08,Upi,Paid,27556.9
139573,69573,2025-05-23,Net Banking,Paid,7554.73
139574,69574,2026-02-25,Credit Card,Paid,16961.64
139575,69575,2025-10-04,Net Banking,Paid,3167.83
139576,69576,2024-01-30,Credit Card,Paid,11360.4
139577,69577,2024-06-28,Debit Card,Paid,24853.37
139578,69578,2025-07-28,Credit Card,Pending,22974.86
139579,69579,2025-08-10,Cash On Delivery,Paid,15627.43
139580,69580,2024-09-12,Wallet,Paid,16453.13
139581,69581,2024-05-16,Debit Card,Paid,15910.96
139582,69582,2025-09-12,Upi,Paid,25735.65
139583,69583,2024-10-29,Upi,Paid,20962.44
139584,69584,2025-10-19,Upi,Paid,25177.22
139585,69585,2025-10-05,Upi,Paid,6396.34
139586,69586,2024-07-27,Debit Card,Paid,28664.41
139587,69587,2026-01-17,Upi,Failed,14298.74
139588,69588,2024-06-01,Debit Card,Refunded,24406.45
139589,69589,2025-01-22,Credit Card,Paid,19351.22
139590,69590,2025-07-26,Upi,Paid,14341.46
139591,69591,2026-05-10,Net Banking,Paid,8733.18
139592,69592,2026-07-02,Credit Card,Paid,13223.2
139593,69593,2025-11-06,Wallet,Paid,21580.25
139594,69594,2025-10-07,Upi,Paid,461.42
139595,69595,2025-05-03,Cash On Delivery,Paid,21310.39
139596,69596,2025-04-17,Upi,Paid,9181.7
139597,69597,2025-06-24,Debit Card,Paid,1685.26
139598,69598,2026-06-29,Upi,Paid,3182.47
139599,69599,2025-09-24,Credit Card,Paid,26902.92
139600,69600,2026-03-06,Wallet,Paid,4593.5
139601,69601,2025-06-19,Debit Card,Paid,20528.21
139602,69602,2025-12-11,Credit Card,Paid,27247.37
139603,69603,2026-04-04,Upi,Paid,8400.57
139604,69604,2025-03-01,Debit Card,Paid,24399.78
139605,69605,2025-09-20,Net Banking,Failed,17289.64
139606,69606,2025-04-23,Upi,Pending,22709.14
139607,69607,2025-05-10,Credit Card,Paid,1909.15
139608,69608,2024-09-15,Cash On Delivery,Paid,17122.58
139609,69609,2026-03-22,Debit Card,Paid,14392.03
139610,69610,2026-03-04,Credit Card,Paid,2135.9
139611,69611,2026-06-13,Upi,Paid,26676.86
139612,69612,2024-10-05,Wallet,Paid,4013.8
139613,69613,2026-08-28,Upi,Failed,12133.15
139614,69614,2025-11-16,Upi,Paid,26247.54
139615,69615,2024-11-26,Upi,Paid,3750.05
139616,69616,2026-04-30,Upi,Paid,14719.97
139617,69617,2025-06-28,Debit Card,Paid,7347.34
139618,69618,2025-06-19,Wallet,Paid,3793.22
139619,69619,2026-01-07,Upi,Pending,16567.37
139620,69620,2024-05-31,Credit Card,Paid,2591.07
139621,69621,2025-03-30,Upi,Paid,5498.12
139622,69622,2024-01-27,Credit Card,Paid,11690.32
139623,69623,2025-02-20,Debit Card,Failed,6596.35
139624,69624,2025-10-18,Upi,Refunded,17728.64
139625,69625,2026-08-17,Upi,Paid,13415.24
139626,69626,2024-08-07,Upi,Paid,11203.91
139627,69627,2026-04-29,Cash On Delivery,Paid,14824.36
139628,69628,2024-02-08,Net Banking,Paid,422.49
139629,69629,2024-01-14,Upi,Paid,6808.63
139630,69630,2024-12-01,Upi,Paid,7264.78
139631,69631,2024-10-09,Credit Card,Paid,21233.11
139632,69632,2025-07-18,Debit Card,Paid,5740.65
139633,69633,2024-07-07,Upi,Paid,2938.12
139634,69634,2025-06-19,Upi,Paid,11432.05
139635,69635,2026-08-18,Upi,Paid,3898.3
139636,69636,2024-06-12,Debit Card,Paid,2854.35
139637,69637,2025-02-25,Upi,Paid,5836.4
139638,69638,2025-08-09,Upi,Paid,21061.78
139639,69639,2025-02-21,Cash On Delivery,Paid,23298.06
139640,69640,2025-02-04,Upi,Paid,26324.44
139641,69641,2024-02-09,Debit Card,Paid,4430.51
139642,69642,2025-04-08,Upi,Paid,16297.08
139643,69643,2026-06-21,Credit Card,Failed,20225.36
139644,69644,2026-04-28,Cash On Delivery,Paid,1680.83
139645,69645,2026-02-14,Net Banking,Paid,28568.13
139646,69646,2024-03-17,Credit Card,Paid,12994.8
139647,69647,2024-05-03,Debit Card,Paid,20063.38
139648,69648,2025-05-30,Upi,Paid,23261.95
139649,69649,2024-10-17,Upi,Paid,4773.93
139650,69650,2024-06-19,Credit Card,Paid,931.57
139651,69651,2024-06-29,Upi,Paid,3259.27
139652,69652,2024-06-28,Credit Card,Paid,10159.5
139653,69653,2024-04-02,Debit Card,Paid,3490.21
139654,69654,2025-08-17,Debit Card,Paid,7475.86
139655,69655,2025-02-06,Upi,Paid,4094.07
139656,69656,2025-10-12,Debit Card,Paid,25014.13
139657,69657,2024-07-30,Upi,Paid,11209.46
139658,69658,2025-08-12,Credit Card,Paid,25942.88
139659,69659,2024-06-28,Debit Card,Paid,22634.38
139660,69660,2026-06-14,Upi,Paid,28792.16
139661,69661,2024-06-16,Debit Card,Paid,11712.86
139662,69662,2026-02-12,Debit Card,Paid,19328.97
139663,69663,2025-10-30,Credit Card,Paid,22677.94
139664,69664,2024-07-13,Upi,Paid,15202.38
139665,69665,2024-03-31,Credit Card,Paid,17169.11
139666,69666,2025-09-08,Credit Card,Paid,7073.69
139667,69667,2024-02-14,Debit Card,Paid,25450.48
139668,69668,2025-08-25,Upi,Paid,13982.69
139669,69669,2025-10-20,Credit Card,Paid,5871.58
139670,69670,2025-09-21,Net Banking,Paid,10352.87
139671,69671,2026-08-06,Credit Card,Paid,19766.46
139672,69672,2025-02-20,Wallet,Paid,28270.11
139673,69673,2025-05-01,Debit Card,Paid,4888.49
139674,69674,2026-07-09,Cash On Delivery,Refunded,27532.89
139675,69675,2026-04-15,Upi,Failed,8047.8
139676,69676,2025-03-26,Upi,Paid,7346.84
139677,69677,2025-02-14,Upi,Paid,10270.31
139678,69678,2026-02-04,Upi,Paid,12091.88
139679,69679,2025-07-02,Upi,Paid,24305.62
139680,69680,2025-04-12,Debit Card,Paid,23941.72
139681,69681,2026-03-02,Net Banking,Failed,19366.22
139682,69682,2026-02-04,Credit Card,Paid,6958.79
139683,69683,2025-02-05,Upi,Paid,22413.41
139684,69684,2025-01-21,Upi,Paid,29722.52
139685,69685,2025-10-12,Credit Card,Paid,21738.97
139686,69686,2024-01-02,Upi,Paid,26543.87
139687,69687,2026-01-28,Net Banking,Paid,18553.5
139688,69688,2025-04-30,Upi,Paid,10680.88
139689,69689,2026-04-28,Upi,Paid,17990.73
139690,69690,2025-06-16,Cash On Delivery,Paid,2102.62
139691,69691,2025-01-12,Upi,Paid,18930.3
139692,69692,2024-04-24,Upi,Paid,12921.16
139693,69693,2024-01-02,Credit Card,Paid,9898.29
139694,69694,2025-10-09,Upi,Paid,17324.16
139695,69695,2024-07-12,Upi,Paid,8706.19
139696,69696,2026-04-09,Wallet,Paid,25249.05
139697,69697,2025-04-25,Net Banking,Failed,6083.07
139698,69698,2026-04-24,Credit Card,Paid,2134.72
139699,69699,2025-03-27,Credit Card,Paid,20732.07
139700,69700,2025-01-03,Cash On Delivery,Paid,18059.17
139701,69701,2024-05-17,Cash On Delivery,Paid,20328.47
139702,69702,2025-02-02,Credit Card,Paid,3420.41
139703,69703,2026-03-09,Upi,Paid,12399.16
139704,69704,2026-04-15,Debit Card,Paid,23780.87
139705,69705,2025-04-10,Credit Card,Paid,8758.83
139706,69706,2026-08-28,Debit Card,Paid,10146.23
139707,69707,2024-02-04,Upi,Paid,16257.02
139708,69708,2024-02-24,Debit Card,Paid,24927.32
139709,69709,2024-03-03,Net Banking,Paid,26555.28
139710,69710,2024-03-02,Credit Card,Paid,10295.37
139711,69711,2024-01-08,Debit Card,Paid,19207.55
139712,69712,2024-02-25,Upi,Paid,13699.91
139713,69713,2026-02-12,Net Banking,Paid,19799.34
139714,69714,2025-03-27,Upi,Paid,3503.25
139715,69715,2026-01-30,Credit Card,Paid,3758.54
139716,69716,2026-02-03,Debit Card,Paid,730.4
139717,69717,2025-11-01,Credit Card,Paid,9512.81
139718,69718,2024-04-02,Debit Card,Paid,17549.63
139719,69719,2024-05-01,Upi,Paid,24034.04
139720,69720,2025-11-01,Upi,Paid,19125.12
139721,69721,2026-07-14,Cash On Delivery,Paid,8447.38
139722,69722,2024-06-16,Credit Card,Paid,3912.68
139723,69723,2025-09-10,Wallet,Refunded,2057.01
139724,69724,2024-02-03,Wallet,Paid,25028.61
139725,69725,2024-07-13,Upi,Refunded,21509.72
139726,69726,2025-08-02,Upi,Paid,22663.67
139727,69727,2025-09-26,Credit Card,Paid,11693.72
139728,69728,2025-07-30,Net Banking,Paid,12279.55
139729,69729,2025-03-15,Credit Card,Paid,28383.59
139730,69730,2024-10-03,Wallet,Refunded,11255.42
139731,69731,2026-02-14,Upi,Paid,7500.22
139732,69732,2024-11-08,Net Banking,Paid,17811.76
139733,69733,2025-11-21,Net Banking,Paid,17128.21
139734,69734,2024-12-10,Cash On Delivery,Paid,28724.1
139735,69735,2025-05-18,Upi,Paid,11571.0
139736,69736,2026-06-23,Wallet,Paid,14751.23
139737,69737,2025-01-20,Upi,Pending,27570.65
139738,69738,2026-04-21,Upi,Paid,11049.04
139739,69739,2024-03-02,Net Banking,Paid,12170.98
139740,69740,2025-05-28,Debit Card,Paid,13677.45
139741,69741,2025-05-11,Debit Card,Paid,22968.56
139742,69742,2026-07-23,Upi,Paid,14327.59
139743,69743,2024-09-16,Upi,Paid,3746.02
139744,69744,2025-07-21,Upi,Paid,23577.91
139745,69745,2025-07-26,Upi,Paid,26457.48
139746,69746,2024-04-10,Upi,Paid,15060.4
139747,69747,2026-08-25,Credit Card,Paid,18909.26
139748,69748,2025-04-20,Upi,Pending,4558.68
139749,69749,2025-02-28,Credit Card,Paid,12916.5
139750,69750,2026-05-17,Cash On Delivery,Paid,11626.92
139751,69751,2024-03-07,Cash On Delivery,Paid,27000.14
139752,69752,2025-10-06,Cash On Delivery,Paid,6098.35
139753,69753,2024-01-19,Credit Card,Paid,26016.14
139754,69754,2026-07-13,Net Banking,Paid,14271.72
139755,69755,2026-02-26,Upi,Paid,20464.18
139756,69756,2025-05-30,Upi,Paid,10960.48
139757,69757,2025-01-17,Wallet,Paid,26154.95
139758,69758,2026-06-03,Upi,Paid,11926.93
139759,69759,2024-08-26,Net Banking,Paid,27384.09
139760,69760,2026-01-16,Upi,Paid,24230.99
139761,69761,2025-02-08,Net Banking,Paid,17472.67
139762,69762,2026-03-11,Debit Card,Pending,18710.62
139763,69763,2025-12-29,Debit Card,Paid,15606.64
139764,69764,2026-08-22,Credit Card,Paid,24328.11
139765,69765,2025-08-11,Net Banking,Paid,25875.67
139766,69766,2024-10-23,Upi,Paid,20118.29
139767,69767,2026-05-11,Credit Card,Pending,9193.19
139768,69768,2025-09-01,Cash On Delivery,Failed,12056.55
139769,69769,2025-11-15,Credit Card,Paid,28752.8
139770,69770,2024-09-06,Credit Card,Paid,2835.59
139771,69771,2025-05-29,Cash On Delivery,Paid,8137.09
139772,69772,2026-04-09,Upi,Paid,5635.01
139773,69773,2024-12-24,Upi,Paid,3326.24
139774,69774,2025-07-24,Upi,Failed,18648.26
139775,69775,2024-07-21,Credit Card,Refunded,27287.08
139776,69776,2024-06-22,Cash On Delivery,Paid,655.01
139777,69777,2026-01-17,Debit Card,Paid,726.98
139778,69778,2025-02-13,Upi,Paid,26256.16
139779,69779,2024-07-20,Wallet,Paid,28725.38
139780,69780,2024-06-25,Cash On Delivery,Paid,22190.63
139781,69781,2024-05-01,Credit Card,Paid,9019.57
139782,69782,2025-03-21,Cash On Delivery,Paid,15953.34
139783,69783,2024-10-28,Cash On Delivery,Paid,4660.31
139784,69784,2024-03-18,Upi,Paid,25582.4
139785,69785,2025-04-14,Cash On Delivery,Failed,10241.39
139786,69786,2026-07-28,Cash On Delivery,Paid,19518.28
139787,69787,2026-08-10,Upi,Paid,21598.92
139788,69788,2025-08-04,Upi,Paid,16201.94
139789,69789,2025-07-16,Net Banking,Paid,1850.37
139790,69790,2026-08-18,Debit Card,Paid,6877.15
139791,69791,2026-01-07,Upi,Paid,3627.79
139792,69792,2024-06-17,Net Banking,Paid,29204.03
139793,69793,2025-05-25,Credit Card,Paid,4325.19
139794,69794,2025-01-09,Credit Card,Paid,16256.04
139795,69795,2024-05-21,Credit Card,Pending,27911.41
139796,69796,2026-06-23,Debit Card,Paid,21493.32
139797,69797,2025-07-26,Cash On Delivery,Paid,11140.37
139798,69798,2025-11-03,Credit Card,Paid,365.24
139799,69799,2026-02-09,Cash On Delivery,Pending,1882.96
139800,69800,2024-03-10,Credit Card,Paid,26504.63
139801,69801,2024-11-03,Upi,Paid,10141.86
139802,69802,2026-05-09,Debit Card,Paid,27779.11
139803,69803,2024-07-17,Debit Card,Pending,28337.43
139804,69804,2024-07-05,Upi,Paid,11470.62
139805,69805,2025-08-20,Debit Card,Paid,26348.17
139806,69806,2024-09-10,Upi,Refunded,2889.55
139807,69807,2026-03-17,Upi,Paid,28313.87
139808,69808,2025-12-13,Cash On Delivery,Paid,24909.03
139809,69809,2026-01-18,Upi,Paid,12442.41
139810,69810,2025-11-22,Wallet,Pending,9582.6
139811,69811,2024-05-27,Upi,Paid,24337.7
139812,69812,2025-10-02,Credit Card,Paid,23817.7
139813,69813,2024-06-17,Debit Card,Paid,21829.77
139814,69814,2024-01-08,Cash On Delivery,Paid,15884.47
139815,69815,2026-08-06,Credit Card,Failed,21766.39
139816,69816,2024-08-30,Upi,Paid,9422.53
139817,69817,2025-11-10,Upi,Paid,26012.43
139818,69818,2024-12-02,Net Banking,Paid,1019.21
139819,69819,2025-11-12,Upi,Paid,16196.75
139820,69820,2025-01-26,Credit Card,Paid,9887.12
139821,69821,2025-03-05,Upi,Refunded,20534.02
139822,69822,2024-03-15,Upi,Paid,4728.03
139823,69823,2025-03-26,Credit Card,Paid,7948.75
139824,69824,2025-10-19,Upi,Paid,1487.15
139825,69825,2025-11-23,Debit Card,Paid,6001.81
139826,69826,2026-05-15,Debit Card,Paid,23820.53
139827,69827,2025-07-27,Credit Card,Paid,22800.37
139828,69828,2026-08-20,Wallet,Pending,700.8
139829,69829,2025-08-31,Upi,Paid,27898.87
139830,69830,2026-02-16,Upi,Paid,13846.87
139831,69831,2024-05-26,Cash On Delivery,Paid,21938.66
139832,69832,2024-07-16,Debit Card,Paid,20101.54
139833,69833,2025-07-27,Net Banking,Paid,11112.57
139834,69834,2025-05-10,Upi,Paid,14407.73
139835,69835,2025-04-24,Cash On Delivery,Paid,9787.06
139836,69836,2026-06-07,Credit Card,Paid,14521.71
139837,69837,2025-04-08,Debit Card,Paid,4079.83
139838,69838,2024-03-06,Upi,Paid,11787.17
139839,69839,2025-05-23,Credit Card,Paid,10682.17
139840,69840,2024-08-10,Net Banking,Paid,11637.97
139841,69841,2024-02-06,Wallet,Paid,7928.8
139842,69842,2024-09-15,Net Banking,Paid,21763.66
139843,69843,2024-01-01,Debit Card,Paid,7728.86
139844,69844,2025-08-17,Credit Card,Paid,19065.27
139845,69845,2025-03-27,Credit Card,Paid,16788.29
139846,69846,2026-07-13,Upi,Paid,17902.42
139847,69847,2024-03-04,Cash On Delivery,Paid,21624.87
139848,69848,2025-04-14,Upi,Paid,26617.74
139849,69849,2026-06-08,Upi,Paid,1381.44
139850,69850,2025-07-01,Cash On Delivery,Paid,7641.61
139851,69851,2024-12-18,Upi,Paid,29419.58
139852,69852,2025-09-12,Cash On Delivery,Paid,7116.65
139853,69853,2024-09-22,Credit Card,Refunded,15538.57
139854,69854,2026-04-07,Debit Card,Paid,19671.88
139855,69855,2025-10-09,Cash On Delivery,Failed,6822.96
139856,69856,2024-10-05,Cash On Delivery,Paid,8602.82
139857,69857,2024-03-15,Upi,Paid,19497.8
139858,69858,2025-09-02,Cash On Delivery,Paid,17478.55
139859,69859,2026-05-23,Cash On Delivery,Paid,18162.19
139860,69860,2026-06-19,Debit Card,Paid,6358.62
139861,69861,2025-10-08,Upi,Paid,10677.64
139862,69862,2026-06-29,Upi,Paid,24843.13
139863,69863,2026-03-02,Upi,Paid,1919.79
139864,69864,2025-01-09,Upi,Pending,27353.01
139865,69865,2026-04-01,Credit Card,Paid,25390.01
139866,69866,2024-04-20,Upi,Paid,25385.22
139867,69867,2026-05-14,Upi,Paid,14524.11
139868,69868,2026-06-15,Upi,Paid,10006.34
139869,69869,2025-07-03,Net Banking,Paid,20104.37
139870,69870,2026-06-15,Upi,Paid,22221.71
139871,69871,2024-05-10,Debit Card,Refunded,10776.18
139872,69872,2024-04-05,Credit Card,Paid,16870.36
139873,69873,2024-11-29,Upi,Paid,17250.86
139874,69874,2024-03-21,Cash On Delivery,Paid,13263.55
139875,69875,2024-08-21,Upi,Paid,10707.39
139876,69876,2024-06-28,Cash On Delivery,Paid,5045.21
139877,69877,2025-03-20,Credit Card,Paid,7264.17
139878,69878,2025-09-19,Upi,Paid,22495.21
139879,69879,2024-07-15,Credit Card,Paid,18972.39
139880,69880,2024-10-20,Upi,Paid,17709.46
139881,69881,2025-12-19,Debit Card,Paid,8741.58
139882,69882,2024-08-20,Net Banking,Paid,1283.97
139883,69883,2024-11-21,Debit Card,Paid,21535.68
139884,69884,2026-02-16,Cash On Delivery,Paid,658.39
139885,69885,2025-01-20,Wallet,Paid,24610.72
139886,69886,2024-08-27,Wallet,Paid,22567.38
139887,69887,2026-02-20,Net Banking,Paid,12122.52
139888,69888,2026-07-21,Wallet,Paid,25185.89
139889,69889,2026-05-25,Credit Card,Paid,14490.44
139890,69890,2025-03-01,Upi,Paid,4398.5
139891,69891,2024-01-22,Debit Card,Refunded,2486.31
139892,69892,2025-02-16,Upi,Paid,27989.74
139893,69893,2026-01-15,Cash On Delivery,Paid,12675.3
139894,69894,2026-07-04,Net Banking,Paid,8053.74
139895,69895,2024-03-08,Credit Card,Paid,3194.18
139896,69896,2024-04-28,Cash On Delivery,Paid,16542.85
139897,69897,2024-10-06,Credit Card,Paid,3662.87
139898,69898,2024-04-23,Net Banking,Refunded,10806.06
139899,69899,2024-06-20,Cash On Delivery,Paid,15102.33
139900,69900,2025-02-24,Upi,Paid,29924.55
139901,69901,2024-09-02,Credit Card,Paid,5072.59
139902,69902,2025-07-26,Upi,Paid,25760.41
139903,69903,2026-07-09,Upi,Failed,28851.44
139904,69904,2025-05-10,Debit Card,Paid,26539.64
139905,69905,2025-05-09,Credit Card,Paid,18820.74
139906,69906,2026-07-17,Cash On Delivery,Paid,14323.03
139907,69907,2025-08-11,Upi,Paid,29281.79
139908,69908,2026-08-23,Debit Card,Paid,6401.18
139909,69909,2026-06-17,Net Banking,Paid,6467.46
139910,69910,2024-02-11,Upi,Paid,8225.63
139911,69911,2026-07-02,Cash On Delivery,Paid,15858.2
139912,69912,2024-06-11,Upi,Paid,25887.8
139913,69913,2024-09-17,Upi,Paid,8785.48
139914,69914,2025-06-21,Upi,Paid,20386.32
139915,69915,2026-01-21,Net Banking,Failed,569.93
139916,69916,2026-07-10,Debit Card,Failed,27471.63
139917,69917,2025-03-23,Net Banking,Paid,25780.18
139918,69918,2024-09-29,Upi,Paid,27938.71
139919,69919,2025-01-11,Wallet,Paid,20230.03
139920,69920,2024-12-22,Upi,Paid,10557.97
139921,69921,2024-10-12,Upi,Paid,18226.9
139922,69922,2024-08-13,Wallet,Paid,11749.05
139923,69923,2025-11-21,Upi,Paid,22285.88
139924,69924,2026-07-27,Cash On Delivery,Paid,16131.69
139925,69925,2025-08-04,Upi,Paid,9828.48
139926,69926,2024-05-31,Upi,Paid,27673.41
139927,69927,2025-10-11,Wallet,Paid,24361.48
139928,69928,2025-07-03,Upi,Paid,16213.77
139929,69929,2025-01-23,Wallet,Paid,14132.18
139930,69930,2024-01-25,Credit Card,Paid,12500.47
139931,69931,2026-01-23,Upi,Paid,14843.82
139932,69932,2025-08-09,Net Banking,Paid,18681.4
139933,69933,2024-08-17,Upi,Paid,5221.1
139934,69934,2025-01-17,Credit Card,Paid,23984.87
139935,69935,2025-05-26,Upi,Paid,17133.04
139936,69936,2025-07-04,Credit Card,Paid,11081.52
139937,69937,2025-09-28,Debit Card,Paid,16756.48
139938,69938,2024-03-20,Upi,Paid,27126.53
139939,69939,2025-06-03,Net Banking,Paid,24979.35
139940,69940,2024-03-30,Credit Card,Refunded,29962.02
139941,69941,2024-06-08,Upi,Paid,26401.3
139942,69942,2024-04-02,Debit Card,Paid,3625.31
139943,69943,2025-08-27,Upi,Failed,19962.66
139944,69944,2026-03-23,Wallet,Paid,12628.9
139945,69945,2026-07-30,Debit Card,Refunded,21821.45
139946,69946,2025-12-05,Wallet,Paid,15225.92
139947,69947,2026-01-30,Wallet,Pending,12535.69
139948,69948,2024-05-06,Net Banking,Paid,12432.54
139949,69949,2024-01-07,Upi,Paid,18155.11
139950,69950,2024-11-02,Credit Card,Paid,2727.45
139951,69951,2024-12-19,Net Banking,Paid,26891.24
139952,69952,2025-02-28,Upi,Paid,26998.3
139953,69953,2025-10-09,Debit Card,Paid,24687.47
139954,69954,2024-04-07,Upi,Paid,554.72
139955,69955,2024-04-13,Upi,Paid,20346.68
139956,69956,2026-03-27,Debit Card,Paid,8586.42
139957,69957,2025-07-18,Upi,Paid,24375.75
139958,69958,2024-12-21,Debit Card,Paid,21235.25
139959,69959,2026-03-20,Wallet,Paid,6580.18
139960,69960,2025-10-13,Credit Card,Paid,1502.51
139961,69961,2026-03-26,Cash On Delivery,Paid,1744.8
139962,69962,2025-09-15,Upi,Paid,17632.22
139963,69963,2025-05-05,Upi,Paid,6827.48
139964,69964,2026-06-08,Debit Card,Paid,679.01
139965,69965,2026-08-20,Cash On Delivery,Paid,13771.64
139966,69966,2025-12-23,Credit Card,Paid,4721.01
139967,69967,2025-09-04,Cash On Delivery,Paid,23850.37
139968,69968,2024-02-04,Wallet,Paid,776.76
139969,69969,2026-04-23,Upi,Pending,7423.22
139970,69970,2024-05-30,Upi,Paid,9171.64
139971,69971,2024-02-02,Wallet,Pending,12329.95
139972,69972,2025-03-09,Net Banking,Paid,22897.55
139973,69973,2024-03-16,Debit Card,Paid,25262.6
139974,69974,2024-04-03,Upi,Refunded,25789.31
139975,69975,2025-03-25,Upi,Paid,675.26
139976,69976,2025-01-17,Credit Card,Paid,25177.62
139977,69977,2024-05-05,Cash On Delivery,Paid,11564.05
139978,69978,2026-08-07,Upi,Paid,27999.53
139979,69979,2024-07-19,Upi,Paid,16712.34
139980,69980,2024-07-19,Upi,Paid,10904.97
139981,69981,2026-02-23,Cash On Delivery,Paid,11008.82
139982,69982,2025-11-15,Wallet,Paid,1175.8
139983,69983,2024-12-14,Credit Card,Paid,21669.73
139984,69984,2024-09-10,Upi,Paid,21723.46
139985,69985,2026-06-07,Debit Card,Paid,6295.0
139986,69986,2024-02-03,Debit Card,Failed,9190.51
139987,69987,2025-09-13,Upi,Paid,20032.1
139988,69988,2024-04-07,Net Banking,Paid,9371.52
139989,69989,2024-01-05,Cash On Delivery,Paid,13790.44
139990,69990,2024-04-11,Credit Card,Paid,15120.92
139991,69991,2025-07-01,Upi,Paid,21987.05
139992,69992,2024-10-20,Upi,Paid,19226.63
139993,69993,2025-11-04,Net Banking,Paid,10903.77
139994,69994,2026-07-22,Upi,Paid,25959.35
139995,69995,2024-02-09,Debit Card,Paid,20239.93
139996,69996,2025-08-28,Cash On Delivery,Refunded,24579.18
139997,69997,2026-06-04,Debit Card,Paid,12837.75
139998,69998,2024-05-01,Debit Card,Paid,7801.99
139999,69999,2025-02-13,Upi,Paid,1142.84
140000,70000,2024-03-11,Debit Card,Paid,4980.98
