review_id,order_item_id,customer_id,review_date,rating,review_text
220001,112648,13450,2025-06-16,5,Average
220002,95648,12380,2025-01-06,5,Average
220003,109958,12129,2024-03-01,5,Excellent
220004,108443,11116,2025-05-14,5,Could be better
220005,116837,13191,2026-03-30,4,Could be better
220006,93728,11912,2026-05-11,3,Poor quality
220007,107918,11864,2024-08-13,5,Could be better
220008,103620,12042,2025-07-03,5,Average
220009,107417,12527,2024-09-03,1,Poor quality
220010,101792,12118,2024-03-27,1,Excellent
220011,104732,14679,2026-03-05,5,Very good
220012,94220,14874,2024-03-26,5,Average
220013,91149,10427,2026-07-03,4,Excellent
220014,113940,14933,2025-11-07,2,Good
220015,119929,13195,2024-05-11,4,Average
220016,119059,11056,2026-01-28,4,Average
220017,105765,12766,2026-01-19,4,Could be better
220018,118239,14306,2026-08-05,4,Excellent
220019,114783,14421,2025-12-04,4,Good
220020,102933,14404,2025-08-19,5,Poor quality
220021,118001,10821,2026-08-22,5,Very good
220022,106853,13252,2024-08-28,4,Average
220023,114523,10102,2025-04-19,5,Good
220024,115756,12352,2024-06-19,3,Poor quality
220025,108589,12132,2025-07-13,4,Good
220026,91321,10524,2026-05-26,5,Good
220027,111494,10221,2025-03-19,4,Good
220028,119074,11849,2026-06-07,5,Could be better
220029,96284,13276,2024-11-15,4,Good
220030,111515,12303,2026-07-15,1,Good
220031,110699,12873,2026-01-24,4,Good
220032,120668,12077,2024-01-11,4,Good
220033,92308,12933,2025-12-30,2,Excellent
220034,100327,11156,2024-06-30,4,Excellent
220035,103594,11509,2026-02-12,4,Excellent
220036,117475,14421,2024-02-10,5,Good
220037,93326,14830,2026-07-11,4,Poor quality
220038,105372,10990,2025-04-30,2,Very good
220039,117382,14518,2025-02-08,5,Poor quality
220040,109411,11399,2026-06-18,4,Excellent
220041,101327,10330,2025-11-21,5,Good
220042,100556,12684,2026-06-09,4,Very good
220043,96164,14967,2026-03-02,4,Very good
220044,111987,13558,2024-07-30,3,Very good
220045,107893,11857,2025-04-21,5,Poor quality
220046,112624,13152,2025-10-14,5,Very good
220047,104306,10590,2024-09-24,5,Good
220048,96339,12149,2025-04-19,3,Excellent
220049,98651,12413,2024-03-24,2,Poor quality
220050,114229,13034,2026-06-18,3,Poor quality
220051,101137,10180,2026-04-20,5,Very good
220052,97127,10637,2025-03-26,4,Very good
220053,100757,13957,2026-04-08,3,Good
220054,93279,10001,2024-07-21,4,Good
220055,117898,14745,2025-01-22,5,Could be better
220056,93582,12499,2025-12-09,4,Good
220057,116205,13061,2025-06-02,3,Could be better
220058,102896,12059,2026-02-20,4,Excellent
220059,103140,10988,2026-03-22,5,Good
220060,120768,14493,2024-01-02,5,Very good
220061,105246,14674,2025-02-20,5,Excellent
220062,106589,11435,2024-07-10,3,Could be better
220063,116355,13229,2026-05-31,4,Very good
220064,120773,13308,2025-04-17,2,Poor quality
220065,115745,11963,2025-02-09,2,Poor quality
220066,117687,12660,2025-03-21,5,Poor quality
220067,100139,10932,2024-06-06,5,NULL
220068,114897,10653,2025-06-21,5,Good
220069,100871,11131,2026-02-09,4,Average
220070,94973,10823,2025-11-12,1,Average
220071,98400,10224,2025-08-06,5,Good
220072,112963,11548,2024-10-16,4,Could be better
220073,95808,12313,2025-04-26,5,Very good
220074,119383,10369,2025-04-05,4,Poor quality
220075,119853,13789,2025-12-30,5,Good
220076,106989,11043,2024-12-29,4,Could be better
220077,108356,14645,2025-12-26,3,Excellent
220078,118154,10726,2024-11-25,5,Good
220079,91430,10217,2025-04-03,5,Very good
220080,92295,14916,2024-10-16,5,Poor quality
220081,93724,12003,2025-02-07,4,Very good
220082,91639,14608,2025-10-25,5,Poor quality
220083,120760,14255,2026-02-13,5,Good
220084,115130,13175,2024-10-02,3,Could be better
220085,100507,10475,2025-08-23,5,Very good
220086,106547,10261,2026-06-12,5,Poor quality
220087,103313,14047,2026-05-31,3,Good
220088,104650,11570,2024-11-30,5,Excellent
220089,99905,10953,2025-09-16,5,Excellent
220090,99772,13621,2025-10-04,4,Good
220091,102659,13461,2026-04-28,3,Poor quality
220092,104226,11952,2025-08-07,5,Average
220093,118373,11998,2024-10-06,4,Average
220094,113839,11413,2024-06-05,3,Very good
220095,115919,11249,2025-11-28,5,Excellent
220096,118172,11031,2024-01-23,3,Excellent
220097,93072,11154,2026-01-03,1,Very good
220098,90751,11288,2025-03-22,5,Poor quality
220099,97676,10006,2026-03-03,3,Excellent
220100,106431,10607,2026-01-05,3,Excellent
220101,107032,13031,2025-06-28,5,Could be better
220102,106997,12137,2026-01-02,4,Average
220103,116888,11052,2025-09-13,4,Average
220104,120432,13372,2025-07-06,4,Could be better
220105,116507,14109,2024-03-19,3,Good
220106,117121,11392,2026-01-19,4,Good
220107,97282,12052,2024-04-15,1,Could be better
220108,100313,10772,2026-05-04,5,Very good
220109,93413,14326,2025-09-12,4,Very good
220110,95814,11486,2025-08-23,4,Very good
220111,94842,10878,2025-09-16,4,Could be better
220112,90784,12219,2024-08-11,4,Average
220113,114434,13480,2024-06-19,2,Good
220114,90997,10386,2026-06-16,4,Good
220115,92257,12646,2024-01-23,4,Could be better
220116,105381,11119,2026-05-05,5,Good
220117,110634,12330,2025-10-27,3,Very good
220118,94296,11695,2024-08-13,3,Average
220119,110332,14465,2024-03-25,5,Poor quality
220120,97331,14409,2024-09-03,5,Average
220121,91657,13535,2025-03-12,5,Could be better
220122,98430,10107,2025-10-28,5,Good
220123,110030,14076,2025-10-28,2,Could be better
220124,106562,12606,2025-12-22,3,Could be better
220125,95939,13576,2025-01-03,5,Excellent
220126,107105,12361,2026-06-26,5,Could be better
220127,96151,14670,2024-07-24,4,Could be better
220128,107319,14828,2024-01-03,4,Excellent
220129,113037,12569,2026-07-08,1,Poor quality
220130,119041,14325,2026-06-09,5,Very good
220131,115008,14649,2026-05-12,5,Very good
220132,108359,14447,2024-12-13,4,Could be better
220133,97680,11504,2026-03-03,4,Could be better
220134,94559,10489,2024-08-10,3,Average
220135,97448,14653,2026-01-18,5,Average
220136,97878,14157,2025-03-07,3,Could be better
220137,90502,12512,2024-04-14,4,Excellent
220138,113974,10221,2024-02-17,4,Average
220139,115704,14185,2025-05-11,1,Could be better
220140,99493,14561,2026-08-20,5,Could be better
220141,118335,10072,2024-08-07,3,Good
220142,97604,10874,2025-01-14,5,Average
220143,117026,11149,2025-05-02,4,Excellent
220144,97781,13076,2024-05-06,3,Average
220145,92639,14694,2025-06-26,5,Could be better
220146,120739,11173,2026-08-22,5,Very good
220147,102560,12605,2025-12-22,5,Good
220148,105024,14121,2025-07-10,4,Good
220149,108236,14430,2024-01-27,4,Very good
220150,99812,10917,2025-12-15,1,Average
220151,109490,12331,2025-07-27,5,Excellent
220152,106441,13156,2024-04-08,4,Good
220153,96479,13928,2024-04-07,3,Poor quality
220154,108554,10825,2024-05-09,4,Good
220155,110148,13190,2025-07-14,4,Poor quality
220156,104047,14789,2025-10-17,4,Good
220157,107916,10021,2024-11-29,2,Could be better
220158,107800,10767,2025-08-22,3,Excellent
220159,119374,13504,2025-08-13,4,Could be better
220160,115399,14170,2026-07-05,4,Excellent
220161,100601,10795,2026-05-26,5,Average
220162,96557,10443,2025-02-13,3,Good
220163,120334,12342,2026-03-30,5,Average
220164,90204,14739,2026-04-22,4,Could be better
220165,103094,10399,2024-09-22,4,Very good
220166,90861,10439,2026-06-09,3,Average
220167,109849,11600,2024-02-20,4,Average
220168,90385,11314,2026-04-04,4,Could be better
220169,105010,13517,2024-07-06,3,Excellent
220170,93762,12521,2025-10-30,3,Could be better
220171,94627,10167,2025-10-16,5,Excellent
220172,94867,10203,2024-11-24,4,Average
220173,109267,12012,2024-01-04,3,Good
220174,118775,10331,2025-03-25,4,Excellent
220175,99175,14625,2025-06-04,3,Could be better
220176,95758,10448,2025-05-23,5,Average
220177,107374,13375,2024-01-31,5,Very good
220178,105503,13103,2025-07-18,5,Average
220179,112743,13112,2025-09-04,4,Average
220180,119802,12642,2024-10-12,5,Average
220181,120713,14764,2024-12-17,2,Good
220182,119590,11187,2024-05-28,4,Very good
220183,102993,12797,2026-04-18,5,Average
220184,101169,10504,2024-09-12,4,Good
220185,120076,12013,2025-09-26,4,Excellent
220186,113808,14532,2024-02-14,5,Good
220187,96203,12775,2025-06-10,4,Very good
220188,93638,13948,2025-04-29,2,Good
220189,92347,10070,2025-09-04,1,Could be better
220190,104520,13669,2026-08-08,5,Average
220191,99342,10627,2025-04-17,3,Poor quality
220192,97828,11010,2025-04-08,5,Could be better
220193,108000,14255,2024-05-03,4,Good
220194,92967,10711,2024-06-11,5,Average
220195,92587,14379,2024-12-21,4,Could be better
220196,91905,10542,2025-02-09,5,Very good
220197,107180,12106,2025-09-21,4,Very good
220198,111713,11970,2026-02-05,3,Poor quality
220199,107879,12973,2024-05-03,5,Excellent
220200,115545,13884,2025-12-25,4,Poor quality
220201,103659,10440,2024-11-06,3,Excellent
220202,94717,11511,2025-10-07,4,Very good
220203,110122,14354,2025-03-06,5,Very good
220204,112388,14894,2024-05-11,3,Good
220205,115791,13966,2025-08-12,5,Very good
220206,91330,10743,2025-03-10,3,Average
220207,117799,14783,2024-06-27,4,Excellent
220208,91176,11054,2024-05-09,4,Excellent
220209,92592,14868,2026-08-15,4,Very good
220210,116245,11840,2024-04-04,2,Excellent
220211,106498,11776,2024-10-12,4,Good
220212,114531,11540,2026-05-05,5,Excellent
220213,114008,12397,2024-06-16,2,Could be better
220214,112893,14141,2024-04-14,3,Poor quality
220215,98409,10482,2025-01-07,5,Could be better
220216,109556,11454,2026-04-10,5,Average
220217,118261,10742,2024-03-01,4,Average
220218,102009,14803,2025-10-13,3,Good
220219,119560,13046,2026-03-13,3,Average
220220,109351,12018,2025-08-17,3,Excellent
220221,107078,13536,2025-10-27,4,Could be better
220222,103443,12647,2025-06-27,3,Good
220223,113789,12574,2026-07-19,3,Excellent
220224,103254,11292,2026-05-13,5,Very good
220225,103724,11916,2025-03-19,1,Excellent
220226,115733,11622,2026-04-29,4,Good
220227,96117,10837,2024-02-13,4,Average
220228,97141,14363,2026-08-22,3,Poor quality
220229,105816,12088,2025-08-31,4,Poor quality
220230,101499,10101,2024-07-15,5,Very good
220231,118477,12728,2026-05-24,4,Poor quality
220232,104221,13256,2025-04-16,4,Very good
220233,106950,14176,2024-12-17,4,Average
220234,109896,12737,2026-01-01,5,Poor quality
220235,110687,13447,2025-07-20,3,Excellent
220236,116524,12931,2024-07-31,1,Good
220237,93862,12932,2024-04-25,3,Poor quality
220238,113391,13164,2024-10-26,5,Very good
220239,100615,12676,2026-06-02,5,Good
220240,106499,11786,2025-03-29,2,Poor quality
220241,117784,11443,2024-03-02,4,Excellent
220242,115645,12738,2025-05-04,2,Could be better
220243,104807,14209,2024-03-20,5,Average
220244,107301,13843,2025-11-09,4,Excellent
220245,101284,11389,2026-02-15,5,Very good
220246,97030,11752,2024-09-09,4,Excellent
220247,120413,10524,2026-04-23,4,Average
220248,118590,12780,2025-12-28,5,Very good
220249,117471,14870,2024-08-07,3,Could be better
220250,119592,10087,2024-04-22,5,Poor quality
220251,109505,12904,2026-05-06,5,Good
220252,103380,13877,2024-07-28,3,Good
220253,115815,13502,2025-08-04,4,Poor quality
220254,94453,11361,2025-05-27,3,Average
220255,106522,11189,2024-09-08,3,Good
220256,110999,11080,2024-10-20,4,Good
220257,114362,14354,2025-03-23,4,Could be better
220258,95359,13887,2026-07-05,3,Good
220259,113293,13376,2026-04-26,4,Excellent
220260,92337,14040,2024-09-04,1,Could be better
220261,96638,10860,2024-08-01,5,Excellent
220262,120504,12714,2025-04-15,4,Average
220263,119796,10305,2025-07-09,5,Could be better
220264,100081,12127,2024-02-16,4,Excellent
220265,90660,11634,2026-02-13,5,Average
220266,91747,14412,2024-07-07,5,Could be better
220267,99932,11582,2025-03-24,3,Excellent
220268,118310,10779,2025-10-10,2,Average
220269,114579,10582,2024-01-28,4,Excellent
220270,97044,14094,2024-05-02,5,Average
220271,110075,11605,2026-06-21,5,Excellent
220272,104683,11421,2024-07-16,4,Excellent
220273,118377,14136,2024-11-15,4,Could be better
220274,96407,12031,2025-09-13,5,Good
220275,107965,14785,2025-12-23,4,Could be better
220276,99507,10674,2024-09-13,4,Excellent
220277,112498,14097,2024-05-15,5,Average
220278,117655,14501,2024-05-14,3,Excellent
220279,102948,10522,2024-07-11,3,Good
220280,117486,11449,2024-10-01,4,Average
220281,100095,11275,2024-09-28,4,Very good
220282,99704,10412,2024-06-24,5,Average
220283,101570,14964,2024-02-03,5,Average
220284,95999,14888,2026-03-22,2,Poor quality
220285,101004,11604,2024-01-29,5,Good
220286,103153,11163,2025-05-18,4,Very good
220287,112946,11706,2025-11-21,2,Average
220288,91337,10969,2025-08-29,5,Poor quality
220289,96226,14179,2025-12-12,2,Very good
220290,106145,11432,2026-05-25,5,Could be better
220291,101871,14573,2024-06-21,5,Excellent
220292,113262,12859,2025-03-16,4,Poor quality
220293,114096,13003,2025-05-09,4,Could be better
220294,110356,13014,2024-03-20,4,Could be better
220295,118784,11970,2025-06-17,4,Very good
220296,91148,10427,2024-02-25,4,Average
220297,111942,10816,2024-06-07,5,Very good
220298,102139,13631,2025-09-09,5,Very good
220299,92561,12357,2024-10-09,5,Excellent
220300,110308,11289,2025-08-26,2,Very good
220301,116126,13002,2025-07-18,3,Excellent
220302,108182,12663,2024-04-23,5,Could be better
220303,103262,12502,2025-10-31,4,Poor quality
220304,99074,12934,2024-09-26,4,Average
220305,102269,10857,2025-08-11,4,Average
220306,101413,13811,2024-09-08,4,Could be better
220307,108964,14045,2026-05-20,3,Average
220308,117607,12378,2025-04-15,2,Could be better
220309,109419,14677,2025-03-11,5,Good
220310,94809,12511,2026-03-26,5,Average
220311,117838,13465,2024-07-14,4,Excellent
220312,101192,13085,2025-08-24,1,Excellent
220313,92302,12951,2025-07-26,4,Could be better
220314,97854,10355,2026-08-16,4,Poor quality
220315,108567,11119,2024-12-08,4,Average
220316,111310,12148,2026-06-09,1,Poor quality
220317,110940,10746,2025-09-11,4,Very good
220318,120900,14086,2026-01-15,5,Could be better
220319,104383,10732,2024-06-11,5,Average
220320,94789,13109,2024-11-03,4,Could be better
220321,99376,10401,2025-01-25,2,Very good
220322,95247,12187,2025-06-06,4,Could be better
220323,96380,12021,2024-09-06,4,Could be better
220324,114950,13968,2024-05-12,5,Could be better
220325,92244,10676,2026-01-30,4,Average
220326,102762,14433,2026-06-22,4,Poor quality
220327,115158,13327,2024-12-18,5,Could be better
220328,117234,10499,2026-02-26,3,Average
220329,113753,14783,2025-12-04,3,Poor quality
220330,91644,13920,2025-02-05,4,Could be better
220331,94800,11131,2024-12-05,2,Very good
220332,108586,12303,2025-09-23,5,Good
220333,118124,10527,2026-01-26,4,Excellent
220334,99885,14090,2025-08-28,5,Good
220335,102350,12762,2025-04-21,4,Poor quality
220336,95442,10895,2026-01-18,5,Average
220337,110152,12662,2026-06-11,3,Poor quality
220338,90933,10555,2026-01-04,3,Average
220339,109087,13560,2024-07-07,4,Very good
220340,115487,10773,2025-08-13,1,Poor quality
220341,91278,14354,2026-02-13,5,Good
220342,96265,13895,2024-07-26,4,Average
220343,100401,11408,2025-05-16,3,Average
220344,113455,13985,2025-12-06,4,Good
220345,92005,12549,2025-09-10,5,Average
220346,116124,13065,2026-01-09,5,Poor quality
220347,101161,13396,2025-03-05,2,Could be better
220348,99306,13325,2026-02-28,3,Very good
220349,120856,11253,2024-03-30,4,Good
220350,109202,10194,2024-09-21,4,Could be better
220351,116621,14036,2025-08-02,3,Excellent
220352,99092,13303,2025-02-20,4,Average
220353,101961,10154,2024-06-20,5,Very good
220354,103556,11506,2026-04-07,4,Good
220355,104501,11056,2025-06-21,5,Average
220356,95716,14092,2025-12-23,3,Excellent
220357,92520,14808,2026-08-14,4,Poor quality
220358,103055,12636,2025-05-08,5,Excellent
220359,99582,10323,2024-03-27,3,Could be better
220360,117856,12627,2025-02-17,3,Excellent
220361,106933,12762,2024-03-12,5,Average
220362,109962,13737,2025-05-27,5,Average
220363,93528,13757,2024-07-03,3,Could be better
220364,102268,10857,2025-10-23,4,Excellent
220365,96179,12720,2026-04-15,4,Excellent
220366,101542,13959,2024-01-30,3,Excellent
220367,94732,10525,2026-07-25,4,Poor quality
220368,114222,14548,2025-04-23,4,Excellent
220369,117739,10030,2026-08-24,5,Could be better
220370,119902,12447,2025-06-04,5,Excellent
220371,116162,14297,2025-04-09,5,Poor quality
220372,107630,10414,2026-04-19,4,Very good
220373,111128,11715,2024-10-30,4,Very good
220374,97963,12963,2024-09-05,5,Very good
220375,110519,13819,2024-12-19,2,Good
220376,95754,13578,2025-04-19,5,Excellent
220377,105120,12960,2025-09-16,5,Could be better
220378,106627,12348,2025-09-15,5,Average
220379,95800,12989,2024-03-09,2,Could be better
220380,109607,12053,2025-07-19,5,Could be better
220381,96271,11247,2025-03-10,5,Poor quality
220382,98950,13657,2026-03-25,4,Very good
220383,109445,14654,2025-12-25,4,Poor quality
220384,107612,13817,2026-04-09,4,Very good
220385,96136,12403,2024-12-01,4,Good
220386,109030,14153,2025-01-25,4,Good
220387,111125,13938,2024-04-26,4,Good
220388,112302,11447,2025-07-24,5,Excellent
220389,105539,13344,2026-01-01,3,Could be better
220390,91713,12572,2026-07-13,3,Excellent
220391,99877,10565,2025-02-06,2,Excellent
220392,120213,11366,2026-01-06,5,Very good
220393,97450,10373,2025-03-04,5,Good
220394,107137,13843,2026-05-17,5,Very good
220395,91627,10403,2025-04-11,4,Excellent
220396,100020,10567,2025-05-22,5,Excellent
220397,115277,14731,2026-03-05,4,Average
220398,108763,14421,2025-11-27,5,Excellent
220399,91660,12867,2024-01-26,4,Very good
220400,111824,14184,2025-01-28,5,Excellent
220401,107230,13169,2025-10-30,4,Good
220402,119100,12739,2024-02-28,4,Very good
220403,94173,13450,2024-05-27,5,Good
220404,111176,14396,2026-01-27,3,Excellent
220405,96892,14111,2024-10-08,4,Poor quality
220406,98295,11277,2026-01-27,4,Excellent
220407,116477,10129,2026-07-06,5,Good
220408,114882,11652,2025-04-14,4,Poor quality
220409,104860,10417,2025-07-25,5,Could be better
220410,120067,14394,2025-12-12,4,Poor quality
220411,119774,11129,2025-08-15,3,Excellent
220412,106314,12638,2024-07-08,4,Good
220413,103707,10264,2026-03-08,5,Could be better
220414,90210,14907,2025-07-20,3,Excellent
220415,98947,13563,2026-03-23,5,Very good
220416,105149,11658,2025-12-11,3,Average
220417,98355,14950,2026-01-31,4,Very good
220418,109321,14041,2026-01-10,3,Poor quality
220419,101737,12787,2025-11-26,5,Very good
220420,120254,14605,2024-08-23,4,Very good
220421,91296,14041,2025-05-10,4,Very good
220422,109885,13325,2024-07-17,3,Average
220423,100890,10673,2024-11-23,5,Average
220424,95036,13722,2024-12-14,5,Poor quality
220425,96323,10650,2024-11-12,5,Could be better
220426,96625,11183,2024-07-12,3,Average
220427,91872,13443,2026-04-03,5,Average
220428,103837,10863,2024-11-25,3,Very good
220429,98985,14489,2025-07-06,3,Poor quality
220430,113437,12350,2026-01-21,4,Could be better
220431,113472,11328,2025-05-10,5,Poor quality
220432,93073,11154,2026-01-29,4,Could be better
220433,102603,12769,2024-09-11,5,Average
220434,94771,11029,2025-12-06,4,Average
220435,100781,14787,2026-02-13,2,Could be better
220436,104575,12256,2024-10-05,4,Poor quality
220437,99739,13629,2024-11-28,4,Good
220438,93845,12463,2025-09-16,5,Could be better
220439,111521,14345,2026-05-01,5,Good
220440,119369,13812,2025-12-19,4,Very good
220441,118506,10751,2026-06-01,5,Could be better
220442,98972,14572,2024-11-05,4,Average
220443,93203,14491,2024-09-20,5,Very good
220444,102524,13741,2024-01-20,5,Good
220445,97377,13239,2025-07-19,4,Very good
220446,109638,14402,2025-05-25,5,Poor quality
220447,119011,14608,2024-08-04,5,Excellent
220448,104635,11962,2026-04-29,5,Very good
220449,100420,12481,2026-08-19,4,Very good
220450,93668,10016,2025-12-27,5,Very good
220451,117196,13398,2025-01-09,5,Poor quality
220452,90783,10757,2024-01-26,4,Could be better
220453,111747,13565,2024-07-12,4,Good
220454,106889,11161,2024-05-11,2,Poor quality
220455,96130,11211,2025-01-24,5,Could be better
220456,96766,13011,2026-07-10,5,Poor quality
220457,98732,14896,2024-04-13,4,Could be better
220458,94050,10325,2025-05-10,4,Average
220459,115528,13713,2025-09-16,2,Could be better
220460,95209,10917,2024-06-22,5,Average
220461,101379,14470,2026-08-16,5,Excellent
220462,109644,14548,2026-01-13,2,Excellent
220463,120284,11361,2024-04-15,5,Poor quality
220464,91250,10776,2026-06-30,4,Average
220465,115275,14984,2024-06-01,1,Excellent
220466,110045,10348,2025-08-14,5,Poor quality
220467,90758,10337,2025-03-07,4,Could be better
220468,113022,12932,2025-06-11,3,Could be better
220469,100064,10895,2024-10-27,3,Good
220470,118226,13777,2024-08-07,5,Could be better
220471,112666,13170,2024-01-19,3,Very good
220472,99091,14476,2024-10-04,5,Good
220473,102309,12732,2024-03-15,5,Poor quality
220474,105946,12927,2024-11-16,5,Poor quality
220475,106909,13682,2025-12-23,4,Very good
220476,107475,13099,2024-12-10,5,Very good
220477,106217,14765,2026-01-15,3,Very good
220478,90550,10850,2025-07-13,5,Excellent
220479,112945,10255,2025-12-08,5,Excellent
220480,115375,13611,2025-06-09,4,Could be better
220481,95847,14628,2024-12-09,3,Very good
220482,117963,14344,2025-07-22,5,Good
220483,95508,12989,2025-09-22,2,Could be better
220484,115628,10485,2024-12-16,2,Could be better
220485,106510,14069,2026-04-19,5,Very good
220486,106410,12953,2025-08-17,5,Very good
220487,90466,11418,2026-01-18,4,Good
220488,100350,13748,2024-12-12,5,Good
220489,101900,12953,2024-11-25,3,Could be better
220490,109125,11834,2026-02-04,4,Could be better
220491,116445,12689,2024-11-24,2,Could be better
220492,110392,13920,2025-04-27,5,Good
220493,108882,13086,2026-01-15,5,Could be better
220494,112817,10953,2024-09-26,3,Poor quality
220495,107679,12724,2025-04-03,5,Good
220496,119970,13407,2026-05-18,3,Poor quality
220497,100717,12033,2024-05-26,5,Good
220498,98647,13101,2024-06-02,4,Good
220499,100815,11670,2025-05-30,2,Could be better
220500,110849,12994,2024-06-04,4,Very good
220501,107738,14441,2024-04-03,2,Good
220502,100179,14296,2024-11-27,3,Good
220503,94358,10836,2026-05-29,1,Very good
220504,102535,12480,2026-04-08,5,Good
220505,105864,10507,2025-11-19,5,Excellent
220506,115245,14195,2024-03-02,5,Could be better
220507,119662,11383,2024-03-12,5,Excellent
220508,103601,12255,2025-09-25,5,Good
220509,106812,12678,2026-07-20,5,Could be better
220510,105107,14213,2025-02-13,3,Good
220511,96945,13375,2024-03-20,5,Excellent
220512,119191,12946,2024-07-15,1,Very good
220513,108656,13588,2025-01-30,4,Average
220514,100220,14827,2024-11-15,1,Could be better
220515,118961,13065,2024-11-22,3,Excellent
220516,113505,14685,2024-10-14,1,Could be better
220517,91570,13530,2024-05-01,1,Good
220518,106776,11184,2024-09-08,5,Very good
220519,120491,11557,2024-07-28,4,Average
220520,104019,11632,2025-10-16,4,Excellent
220521,94259,14757,2026-06-12,5,Average
220522,112628,10420,2025-03-23,2,Could be better
220523,102840,11307,2024-04-11,5,Average
220524,111004,14057,2026-01-29,5,Could be better
220525,117759,11423,2026-06-07,5,Good
220526,94571,12646,2025-11-28,1,Poor quality
220527,116463,11386,2025-08-10,3,Poor quality
220528,118560,10957,2024-04-15,5,Excellent
220529,106144,14726,2024-09-07,2,Average
220530,100367,11514,2024-02-07,5,Could be better
220531,97040,11534,2024-10-22,4,Poor quality
220532,110834,13911,2025-08-23,5,Very good
220533,108668,13353,2026-06-12,3,Very good
220534,97812,10437,2025-11-21,4,Average
220535,97803,12978,2024-02-17,5,Good
220536,118524,11068,2024-04-09,4,Good
220537,108216,13955,2025-04-27,3,Good
220538,107011,11684,2026-02-04,5,Very good
220539,102020,11234,2026-07-26,5,Good
220540,93859,11585,2024-03-05,4,Average
220541,105667,10842,2024-04-05,5,Excellent
220542,119842,10870,2025-03-22,1,Good
220543,111643,10507,2024-06-11,4,Very good
220544,105207,12368,2025-09-19,3,Excellent
220545,98690,12269,2024-05-16,4,Good
220546,95357,13240,2025-01-11,5,Average
220547,112118,12205,2025-06-12,5,Excellent
220548,113682,13556,2024-06-06,3,Average
220549,90267,12071,2024-07-24,4,Excellent
220550,106418,14262,2025-04-10,3,Excellent
220551,94155,12701,2024-03-16,3,Very good
220552,119778,14708,2024-01-22,5,Very good
220553,120040,13724,2026-01-05,5,Excellent
220554,102655,14582,2025-09-02,4,Could be better
220555,110456,13557,2025-08-21,5,Could be better
220556,99251,11993,2025-11-10,5,Average
220557,99348,10434,2025-01-29,4,Average
220558,120548,11221,2025-08-23,4,Excellent
220559,106121,12703,2026-07-29,2,Could be better
220560,113571,11503,2026-01-05,4,Good
220561,99066,10527,2024-07-26,1,Excellent
220562,108862,13208,2024-04-03,5,Very good
220563,119279,10709,2026-05-28,5,Poor quality
220564,104341,12591,2025-03-29,4,Very good
220565,108279,10225,2026-05-23,4,Very good
220566,91966,13191,2026-04-01,3,Good
220567,119631,11236,2024-06-14,3,Poor quality
220568,116717,12710,2026-04-05,5,Excellent
220569,120199,10466,2026-04-27,4,Average
220570,96940,13980,2025-02-09,5,Could be better
220571,115763,14777,2024-08-07,4,Very good
220572,102211,13595,2024-07-06,5,Average
220573,113661,12603,2025-06-14,3,Good
220574,93657,11848,2025-12-12,5,Poor quality
220575,91223,13763,2024-08-28,5,Average
220576,101476,12146,2025-12-04,3,Average
220577,105774,11440,2025-11-27,1,Excellent
220578,103117,10564,2025-04-10,5,Good
220579,93937,10140,2024-04-16,5,Average
220580,116153,14307,2024-03-01,3,Poor quality
220581,112877,12616,2024-12-13,5,Very good
220582,92749,13938,2025-09-25,5,Good
220583,114973,13334,2024-07-03,5,Excellent
220584,102711,11654,2026-07-13,2,Poor quality
220585,115677,14201,2025-03-21,2,Average
220586,119267,10161,2024-04-01,4,Excellent
220587,100907,14523,2026-07-01,5,Very good
220588,95659,11855,2025-12-17,5,Very good
220589,107950,11819,2024-12-27,3,Could be better
220590,102207,11662,2024-06-02,4,Good
220591,111395,11088,2024-01-03,1,Poor quality
220592,109398,14114,2025-06-14,2,Very good
220593,103215,10320,2024-09-06,5,Poor quality
220594,97193,12513,2025-07-09,3,Poor quality
220595,90006,10447,2025-07-07,5,Could be better
220596,99625,13431,2025-08-26,3,Average
220597,102643,11041,2024-06-30,2,Poor quality
220598,101377,11194,2026-02-24,4,Poor quality
220599,90538,13319,2026-02-02,5,Average
220600,115788,13881,2026-07-28,4,Excellent
220601,101241,10072,2025-05-28,4,Very good
220602,117859,13364,2025-06-06,3,Could be better
220603,91929,14030,2026-08-04,4,Excellent
220604,92374,13431,2025-02-06,5,Very good
220605,120817,13797,2024-03-21,5,Could be better
220606,108785,10612,2026-06-03,5,Poor quality
220607,90957,12568,2025-11-16,3,Average
220608,118971,12440,2025-11-01,1,Very good
220609,118839,12553,2025-01-08,5,Average
220610,113602,12041,2026-07-04,5,Could be better
220611,93383,13870,2024-12-21,5,Poor quality
220612,100308,11162,2024-03-10,5,Excellent
220613,94442,10621,2024-09-07,4,Good
220614,116855,11602,2025-02-25,5,Average
220615,111783,13398,2026-08-14,5,Could be better
220616,111753,14498,2025-06-11,4,Excellent
220617,120308,11091,2024-08-09,4,Poor quality
220618,104382,11179,2026-07-08,4,Could be better
220619,104246,13288,2025-02-21,2,Average
220620,92216,11985,2024-10-02,3,Very good
220621,112850,14469,2025-04-10,5,Average
220622,120138,10729,2025-01-22,3,Could be better
220623,106446,13598,2025-11-11,4,Very good
220624,110689,13005,2025-09-03,2,Excellent
220625,112033,10780,2025-08-31,2,Poor quality
220626,94228,14439,2025-02-20,5,Very good
220627,112930,11114,2024-09-25,4,Average
220628,94950,11537,2025-01-24,1,Good
220629,118365,11733,2024-10-26,4,Could be better
220630,107512,13731,2026-06-29,4,Excellent
220631,118121,10481,2026-06-22,4,Could be better
220632,112810,14155,2026-01-02,3,Could be better
220633,110013,11675,2025-11-16,4,Could be better
220634,112991,11711,2024-09-08,5,Poor quality
220635,103854,10277,2026-05-16,5,Excellent
220636,119918,10914,2024-03-22,4,Very good
220637,99423,13475,2024-10-27,4,Good
220638,100979,11419,2025-04-24,4,Excellent
220639,104386,10866,2024-03-09,4,Very good
220640,116576,11316,2024-05-04,3,Average
220641,101341,11705,2024-06-20,2,Poor quality
220642,120829,11353,2025-02-15,5,Good
220643,113144,11162,2024-03-10,3,Very good
220644,105111,11555,2026-07-18,2,Could be better
220645,105716,13252,2025-03-27,4,Very good
220646,109253,12886,2024-06-19,2,Good
220647,90728,12312,2025-09-09,4,Excellent
220648,97072,14828,2026-03-22,5,NULL
220649,108163,14315,2024-07-16,3,Excellent
220650,96632,12601,2025-05-24,3,Good
220651,95303,11003,2025-01-10,5,Could be better
220652,114147,12627,2025-10-02,5,Poor quality
220653,101324,14417,2025-08-15,4,Average
220654,101396,11776,2024-11-08,4,Good
220655,115957,12954,2025-09-07,5,Poor quality
220656,96808,13528,2025-12-18,5,Poor quality
220657,100965,14787,2026-04-23,5,Good
220658,111049,14083,2024-02-12,5,Very good
220659,103750,11891,2024-01-12,4,Excellent
220660,100385,12845,2026-03-20,5,Could be better
220661,97132,14713,2025-09-07,2,Poor quality
220662,96971,10443,2024-10-01,4,Poor quality
220663,100953,10715,2024-10-13,4,Good
220664,91427,13879,2024-09-19,2,Could be better
220665,108185,13938,2024-12-03,1,Excellent
220666,111519,12334,2024-11-27,5,Excellent
220667,101218,11047,2025-08-23,5,Average
220668,112050,10948,2024-09-18,4,Excellent
220669,120226,13611,2025-02-26,5,Excellent
220670,92870,11670,2025-02-02,5,Excellent
220671,96960,10395,2024-07-14,4,Excellent
220672,99304,13773,2025-04-18,5,Very good
220673,101388,11277,2026-02-23,4,Average
220674,91696,14560,2024-02-11,4,Good
220675,104292,10928,2025-11-03,5,Could be better
220676,96535,11861,2024-10-25,5,Poor quality
220677,91228,11824,2026-06-21,3,Average
220678,92715,11400,2025-09-30,4,Very good
220679,120556,11079,2024-07-26,1,Average
220680,92196,11963,2026-04-01,5,Could be better
220681,117818,10601,2025-01-29,5,Excellent
220682,114582,12815,2024-11-01,5,Very good
220683,92643,12847,2025-11-11,4,Average
220684,109243,11114,2026-01-09,5,Very good
220685,114478,12853,2024-11-15,3,Excellent
220686,101483,11860,2026-05-21,5,Could be better
220687,98484,14265,2026-03-06,3,Good
220688,114030,11018,2025-07-31,5,Good
220689,106592,14960,2024-06-08,4,Poor quality
220690,95205,11376,2026-05-08,3,Excellent
220691,100115,12313,2026-08-10,4,Average
220692,118389,10131,2025-02-21,5,Could be better
220693,118329,14593,2024-11-11,3,Very good
220694,115152,11507,2026-01-31,5,Very good
220695,115323,10713,2026-07-07,5,Could be better
220696,101436,14288,2024-06-13,4,Excellent
220697,108822,12673,2025-11-11,4,Poor quality
220698,102606,14379,2025-11-16,3,Average
220699,105138,10285,2024-04-04,5,Poor quality
220700,90424,14753,2026-04-21,3,Good
220701,96832,12258,2024-02-24,5,Could be better
220702,94324,12184,2026-02-02,1,Good
220703,120317,13484,2025-12-13,3,Excellent
220704,93064,11278,2026-05-04,3,Average
220705,91817,13576,2024-01-20,5,Could be better
220706,112579,10983,2026-02-05,5,Average
220707,98343,10293,2024-03-03,5,Good
220708,92476,11036,2024-02-27,3,Very good
220709,90137,12679,2026-08-23,3,Excellent
220710,108265,11577,2024-06-30,4,Excellent
220711,92346,10070,2025-08-24,5,Excellent
220712,120611,11102,2024-06-11,5,Average
220713,102321,12311,2025-05-05,5,Very good
220714,117715,10006,2024-02-03,4,Poor quality
220715,114431,12783,2026-07-30,4,Poor quality
220716,94951,13150,2024-06-02,5,Excellent
220717,103581,10215,2025-08-23,5,Excellent
220718,113313,13849,2025-09-25,5,Very good
220719,96504,14107,2025-02-06,3,Poor quality
220720,112128,10381,2024-01-20,4,Average
220721,95275,11022,2025-08-11,2,Could be better
220722,112166,10380,2026-04-15,5,Good
220723,94346,13738,2024-03-11,5,Could be better
220724,114957,14362,2026-02-11,3,Good
220725,91036,14224,2024-12-10,5,Good
220726,117215,13716,2025-10-09,4,Good
220727,99347,14850,2024-05-22,3,Excellent
220728,108925,11442,2024-12-03,4,Poor quality
220729,113703,11115,2025-07-24,5,Good
220730,112070,10797,2025-03-24,3,Very good
220731,93153,10037,2024-10-28,4,Excellent
220732,93189,11474,2024-05-11,4,Could be better
220733,115415,14414,2024-02-20,2,Very good
220734,100810,13748,2024-01-29,1,Average
220735,119377,10235,2026-04-14,5,Excellent
220736,97621,14022,2026-04-21,4,Very good
220737,96101,11533,2026-04-30,4,Average
220738,109765,14918,2026-05-06,5,Very good
220739,119132,13621,2026-05-31,4,Average
220740,98968,12438,2026-07-08,3,Could be better
220741,100257,11740,2025-07-04,5,Very good
220742,119237,14104,2026-03-25,3,Poor quality
220743,105259,13756,2025-10-18,3,Very good
220744,98055,10639,2024-03-17,4,Very good
220745,100430,11511,2026-02-27,4,Excellent
220746,95872,12129,2026-06-15,5,Excellent
220747,109695,12428,2026-03-10,3,Could be better
220748,118068,13752,2025-01-14,5,Average
220749,100310,10762,2025-07-22,4,Excellent
220750,113562,12494,2025-09-28,5,Could be better
220751,99572,11061,2025-11-20,4,NULL
220752,103768,12788,2025-09-14,3,Could be better
220753,97534,11312,2025-11-04,2,Good
220754,119522,10035,2024-04-15,5,Very good
220755,109528,12128,2024-02-10,4,Excellent
220756,92680,14105,2026-02-12,5,Could be better
220757,101164,13323,2026-08-20,1,Average
220758,94336,12635,2024-09-21,5,Very good
220759,94542,13120,2025-01-13,5,Excellent
220760,106954,12889,2025-01-13,3,Very good
220761,120338,14058,2024-09-23,4,Very good
220762,116961,13867,2024-02-24,3,Average
220763,107051,14448,2024-03-17,4,Good
220764,95109,10647,2026-06-08,4,Very good
220765,98588,11632,2024-05-18,5,Very good
220766,102416,12162,2026-07-08,3,Excellent
220767,103103,10147,2026-03-06,4,Excellent
220768,98843,12708,2026-07-10,4,Excellent
220769,100006,14706,2026-01-13,2,Very good
220770,91092,11216,2025-07-15,5,Excellent
220771,118602,11363,2025-12-24,5,Could be better
220772,91053,12645,2025-06-08,4,Good
220773,90551,10200,2025-05-28,1,Average
220774,94740,11021,2026-06-28,3,Could be better
220775,107700,14506,2026-04-14,4,Good
220776,96544,11196,2025-11-09,2,Poor quality
220777,100576,13139,2026-05-29,5,Average
220778,101770,10831,2026-01-27,4,Excellent
220779,95787,14630,2026-06-03,4,Very good
220780,110807,14527,2026-04-17,5,Could be better
220781,110822,14924,2024-07-07,5,Poor quality
220782,114486,14076,2026-03-17,4,Excellent
220783,114758,11864,2024-12-30,4,Very good
220784,116869,14999,2024-06-22,5,NULL
220785,97107,12279,2025-09-30,5,Average
220786,98918,11896,2025-12-16,5,Average
220787,108157,13665,2025-12-22,4,Could be better
220788,114570,12796,2024-07-13,5,Average
220789,98098,11160,2025-02-05,4,Poor quality
220790,105258,11252,2025-10-20,4,Excellent
220791,92703,10403,2025-05-08,4,Poor quality
220792,105524,11492,2026-03-09,5,Could be better
220793,90002,14533,2025-03-30,5,Excellent
220794,109077,11414,2024-01-18,5,Average
220795,98917,12861,2026-08-06,5,Good
220796,99561,12136,2026-01-23,5,Excellent
220797,96150,12749,2024-08-07,1,Could be better
220798,112267,12139,2024-10-16,5,Poor quality
220799,96492,10348,2025-07-11,5,Good
220800,96107,13808,2025-07-21,3,Poor quality
220801,118219,14708,2025-01-29,5,Could be better
220802,98993,13678,2024-03-14,5,Could be better
220803,107580,12471,2025-05-29,4,Average
220804,117446,14104,2025-12-01,3,Poor quality
220805,102074,14831,2025-12-06,2,Could be better
220806,111166,13553,2024-04-17,3,Very good
220807,115761,14055,2026-08-03,5,Good
220808,101560,12439,2024-09-06,5,Very good
220809,100255,12864,2026-06-23,3,Could be better
220810,113622,13995,2025-07-23,5,Average
220811,114978,13744,2026-03-14,4,Very good
220812,110992,12637,2024-08-30,5,Excellent
220813,108900,13563,2026-03-22,2,Very good
220814,106976,11672,2024-09-29,4,Poor quality
220815,115240,13816,2025-07-26,5,Very good
220816,101533,12621,2025-04-04,5,Poor quality
220817,98054,10639,2026-08-23,5,Excellent
220818,113357,14983,2024-05-27,3,Good
220819,105250,12282,2025-07-20,5,Could be better
220820,113113,14279,2025-04-30,5,Could be better
220821,107937,14822,2026-01-29,2,Good
220822,109922,10146,2024-11-16,3,Excellent
220823,107560,13585,2025-10-16,4,Excellent
220824,95824,14576,2024-02-23,3,Very good
220825,112244,14969,2025-11-06,5,Average
220826,119275,14735,2025-12-22,4,Could be better
220827,104788,13718,2024-12-04,3,Excellent
220828,119029,12055,2026-02-15,4,Good
220829,101583,12775,2024-06-24,5,NULL
220830,118767,11976,2026-02-20,4,Good
220831,118370,14729,2025-11-17,3,Very good
220832,90624,14205,2024-01-14,5,Poor quality
220833,96475,11187,2025-01-09,4,Good
220834,97470,14289,2026-06-06,4,Could be better
220835,96405,14315,2025-06-30,4,Good
220836,96549,11423,2025-02-11,4,Poor quality
220837,110192,10303,2026-01-22,4,Very good
220838,114918,13867,2026-06-27,2,Very good
220839,113008,12137,2026-01-08,4,Could be better
220840,93544,10805,2026-05-06,3,Poor quality
220841,99748,14744,2025-01-06,4,Very good
220842,109581,12656,2026-08-20,5,Good
220843,99013,13530,2025-01-04,1,Could be better
220844,105401,12310,2024-01-17,2,Good
220845,117395,13736,2024-12-12,4,Average
220846,93470,13118,2024-01-25,4,Poor quality
220847,93567,12349,2024-06-03,3,Excellent
220848,108544,10605,2025-08-25,4,Excellent
220849,95781,10825,2026-03-06,2,Excellent
220850,119616,12184,2024-05-27,1,Very good
220851,105468,11301,2024-10-22,5,Good
220852,104561,12541,2026-07-06,3,Could be better
220853,116965,10396,2026-07-13,4,Good
220854,110755,11661,2026-05-24,5,Could be better
220855,111508,10528,2025-07-16,4,Poor quality
220856,95286,11465,2024-04-05,3,Very good
220857,114430,12510,2024-01-13,4,Average
220858,110721,10539,2024-12-22,4,Average
220859,110247,14636,2026-05-01,4,Good
220860,109545,11587,2024-01-21,2,Excellent
220861,113321,13731,2024-03-05,4,Excellent
220862,120455,12249,2024-03-09,5,Very good
220863,98252,11986,2025-09-01,4,Excellent
220864,113014,10691,2026-07-18,4,Very good
220865,116997,14578,2025-01-08,4,Average
220866,91432,10892,2024-08-03,1,Very good
220867,98333,10275,2024-01-24,4,Very good
220868,90432,14790,2026-01-28,5,Poor quality
220869,101247,11852,2025-03-15,4,Could be better
220870,102260,14376,2026-05-13,3,Could be better
220871,110473,14577,2025-06-29,5,Very good
220872,102366,11059,2024-10-04,4,Excellent
220873,91832,11598,2024-03-09,5,Very good
220874,98829,13789,2024-11-05,4,Very good
220875,90691,10997,2026-05-15,5,Average
220876,99026,10554,2024-07-31,4,Very good
220877,113827,12114,2025-05-24,5,Excellent
220878,95816,11486,2025-04-26,3,Could be better
220879,109301,14092,2026-03-01,3,Poor quality
220880,115017,12565,2024-03-04,5,Poor quality
220881,93790,12138,2025-12-13,3,Average
220882,114144,11092,2024-11-05,5,Excellent
220883,102341,13737,2024-12-02,4,Average
220884,114186,14251,2024-08-23,3,Could be better
220885,112646,13450,2025-11-14,5,Could be better
220886,103844,13858,2026-03-16,5,Average
220887,100141,10932,2025-11-13,5,Good
220888,114886,14352,2025-11-06,5,Average
220889,110443,11436,2025-04-26,5,Very good
220890,116115,14399,2025-01-20,4,Excellent
220891,104655,13320,2026-08-13,5,Average
220892,103270,13654,2026-03-26,5,Excellent
220893,105975,12427,2025-09-18,4,Average
220894,119015,12315,2025-07-17,4,Good
220895,115571,11031,2024-06-14,3,Poor quality
220896,101747,12723,2024-12-08,3,Good
220897,101181,12015,2026-04-29,4,Very good
220898,93071,11154,2024-10-13,2,Average
220899,97906,11995,2026-03-15,4,Poor quality
220900,90645,12379,2026-04-18,4,Could be better
220901,99176,14625,2024-09-06,4,Excellent
220902,104008,13400,2024-08-30,5,Very good
220903,99181,11735,2025-03-22,4,Very good
220904,109595,14289,2025-01-13,3,Good
220905,120300,13755,2024-03-18,5,Good
220906,103430,14453,2025-12-11,3,Excellent
220907,110422,14984,2024-07-01,3,Average
220908,116900,13595,2025-12-02,5,Average
220909,115358,11335,2025-03-19,2,Average
220910,111909,13839,2025-01-05,2,Could be better
220911,102834,12511,2025-03-16,1,Very good
220912,111098,12248,2025-11-24,4,Average
220913,91891,13262,2025-06-10,5,Could be better
220914,104015,10894,2024-03-21,4,Could be better
220915,118105,13898,2025-06-15,5,Good
220916,96963,13807,2025-11-16,5,Excellent
220917,115883,12957,2024-05-04,3,Could be better
220918,96133,14201,2025-06-05,4,Could be better
220919,90148,10061,2026-07-10,4,Could be better
220920,90760,10848,2024-01-17,1,Excellent
220921,113975,11086,2026-03-23,5,Very good
220922,108169,12066,2024-04-04,4,Could be better
220923,93498,12196,2026-08-22,5,Good
220924,119925,10759,2025-07-27,5,Excellent
220925,93031,14179,2024-08-06,4,Average
220926,114529,12771,2024-12-19,5,Very good
220927,117547,10211,2025-10-31,3,Poor quality
220928,103473,10309,2024-09-08,3,Could be better
220929,95952,11648,2024-03-23,4,Poor quality
220930,115652,14175,2024-01-23,5,Very good
220931,104314,14046,2026-05-30,5,Poor quality
220932,92098,13831,2025-02-08,3,Average
220933,105895,14131,2024-11-26,3,Could be better
220934,99199,11616,2024-05-07,3,Average
220935,114456,14891,2024-09-23,2,Good
220936,111837,10268,2025-10-17,5,Excellent
220937,116657,12719,2025-05-31,2,Could be better
220938,97915,10174,2024-01-03,2,Excellent
220939,93178,10811,2025-11-26,3,Poor quality
220940,103766,12788,2025-06-11,2,Could be better
220941,108187,13913,2025-04-04,5,Excellent
220942,92916,14865,2025-07-15,4,Very good
220943,105075,13600,2024-05-22,4,Very good
220944,104324,10299,2026-01-19,5,Could be better
220945,95325,12530,2024-11-07,5,Very good
220946,115381,14461,2024-12-04,5,Excellent
220947,117832,14938,2025-01-28,1,Very good
220948,119020,12756,2024-03-24,5,Average
220949,117241,14266,2025-09-10,5,Average
220950,115390,13600,2024-02-16,5,Could be better
220951,118211,13547,2025-04-08,5,Average
220952,113797,13362,2026-02-05,4,Average
220953,95779,13024,2026-03-09,4,Very good
220954,110050,12352,2025-08-11,5,Average
220955,100956,14092,2024-04-14,3,Good
220956,110786,11331,2024-06-27,3,Good
220957,93646,11908,2024-05-08,4,Poor quality
220958,95907,13118,2026-02-10,4,Average
220959,92119,11781,2024-02-01,3,Poor quality
220960,99131,13765,2025-03-11,4,Could be better
220961,117242,13808,2025-12-22,5,Could be better
220962,104081,10554,2024-05-27,3,Average
220963,118366,11383,2024-06-23,4,Very good
220964,117076,12872,2026-02-08,4,Very good
220965,114502,14426,2025-08-28,4,Very good
220966,101783,14850,2025-02-20,4,Very good
220967,101954,13381,2026-04-16,4,Good
220968,95790,11916,2026-07-12,1,Poor quality
220969,104920,14171,2025-07-27,4,Excellent
220970,105874,11001,2026-06-16,5,Could be better
220971,110353,10146,2024-05-21,5,Could be better
220972,90146,10061,2025-11-02,5,Excellent
220973,95491,13459,2025-06-11,5,Poor quality
220974,116195,12105,2026-02-01,4,Very good
220975,119202,11771,2024-01-07,4,Good
220976,111263,10665,2024-08-26,4,Could be better
220977,113990,10611,2025-03-15,1,Excellent
220978,117627,14665,2025-11-09,4,Average
220979,90154,10269,2026-05-13,5,Could be better
220980,118722,12062,2026-08-20,4,Very good
220981,116088,12432,2025-03-15,1,Very good
220982,109047,12869,2026-08-16,5,Average
220983,93899,11339,2026-02-20,4,Average
220984,91519,10035,2025-08-22,2,Excellent
220985,114457,14891,2025-11-01,4,Average
220986,93242,12529,2024-11-23,5,Excellent
220987,119749,13601,2024-10-24,4,Very good
220988,96950,13640,2025-08-22,5,Very good
220989,106527,10047,2026-05-07,1,Could be better
220990,94949,13565,2024-12-28,5,Average
220991,113605,10744,2024-05-07,4,Poor quality
220992,91357,11931,2026-04-04,2,Could be better
220993,103441,10347,2024-10-03,4,Average
220994,114764,14516,2024-08-21,3,Average
220995,114953,14687,2026-05-04,5,Average
220996,103869,13474,2026-03-27,5,Good
220997,100875,14910,2026-02-14,5,Good
220998,98349,14923,2026-07-22,4,Poor quality
220999,103683,13819,2025-09-13,5,Good
221000,97881,10948,2024-11-08,3,Excellent
221001,96251,10805,2025-06-24,3,Average
221002,110636,14826,2024-02-06,4,Excellent
221003,90604,12247,2024-01-20,4,Excellent
221004,107140,14676,2025-04-23,5,Excellent
221005,103821,12084,2024-10-11,4,Excellent
221006,119160,12556,2024-08-26,4,Average
221007,117695,10644,2024-12-18,4,Could be better
221008,109809,14946,2025-03-07,4,Average
221009,111170,11923,2024-03-15,5,Very good
221010,118876,14039,2024-10-07,2,Average
221011,92714,13512,2025-09-22,3,Very good
221012,104189,11428,2024-01-25,4,Could be better
221013,104554,10181,2025-01-28,2,Average
221014,94188,14242,2024-02-12,4,Could be better
221015,95811,12641,2024-02-21,4,Excellent
221016,113106,13361,2025-02-21,5,Very good
221017,112096,12074,2024-10-02,5,Average
221018,93879,14243,2025-09-16,3,Average
221019,109061,10477,2024-01-29,5,Could be better
221020,100770,10421,2025-12-18,5,Could be better
221021,103796,14126,2024-04-21,4,Excellent
221022,108229,11056,2024-08-22,5,Poor quality
221023,100153,10601,2024-10-06,4,Excellent
221024,110310,13322,2025-01-01,5,Average
221025,108171,10382,2025-10-25,4,Could be better
221026,102847,10584,2026-05-18,5,Good
221027,90976,11056,2024-07-24,5,Very good
221028,102351,12762,2024-11-28,3,Average
221029,92521,14110,2026-03-12,3,Excellent
221030,116528,12009,2025-08-01,2,Excellent
221031,109441,13011,2026-05-31,3,Average
221032,100486,10203,2024-02-02,4,Poor quality
221033,111845,14231,2025-07-21,5,Excellent
221034,116283,12836,2026-05-15,1,Average
221035,112224,12272,2024-09-24,5,Average
221036,98081,12119,2024-01-17,5,Excellent
221037,114155,14126,2026-06-07,5,Good
221038,91650,11933,2024-04-15,4,Very good
221039,100948,14384,2025-07-05,5,Good
221040,119589,11187,2026-02-06,4,Good
221041,95300,10539,2025-11-13,4,Excellent
221042,100080,11403,2025-07-11,4,Average
221043,117678,11808,2026-07-12,3,Could be better
221044,93291,13253,2025-08-20,5,Excellent
221045,114648,11630,2024-04-03,4,Average
221046,109493,10102,2024-12-13,2,Poor quality
221047,119555,14376,2026-06-01,3,Excellent
221048,103476,11949,2025-05-25,5,Excellent
221049,91500,10919,2026-06-04,4,Very good
221050,94250,10230,2025-06-26,4,Poor quality
221051,112135,10294,2025-09-04,4,Average
221052,94159,10038,2024-11-11,2,Poor quality
221053,107047,11554,2024-02-26,3,Average
221054,118409,10909,2025-06-01,3,Excellent
221055,104358,14449,2024-02-11,5,Could be better
221056,91852,10748,2026-08-02,3,Very good
221057,115577,13037,2025-05-28,4,Good
221058,114433,13480,2024-06-12,5,Very good
221059,110223,12541,2024-05-28,1,Very good
221060,98444,10582,2024-02-15,5,Average
221061,91290,12665,2026-02-19,5,Could be better
221062,104981,11585,2025-08-24,3,Average
221063,116209,11373,2026-03-24,5,Good
221064,114595,10128,2024-11-21,4,Very good
221065,92784,11655,2024-11-27,2,Excellent
221066,119490,11222,2026-07-26,3,Excellent
221067,101103,13564,2024-03-12,4,Poor quality
221068,99117,10874,2024-07-26,5,Average
221069,118201,12257,2026-05-21,5,Good
221070,108365,14620,2025-10-07,5,Good
221071,102575,12156,2024-12-04,5,Could be better
221072,90968,10550,2025-04-18,4,Excellent
221073,104282,14752,2025-09-30,2,Average
221074,96310,11230,2025-09-25,2,Excellent
221075,107833,13989,2025-02-13,5,Good
221076,100622,11523,2025-06-26,4,Poor quality
221077,111144,12929,2025-01-07,5,Poor quality
221078,117764,14596,2025-01-28,5,Excellent
221079,116101,13174,2026-04-20,5,Average
221080,113627,10173,2026-04-11,4,Very good
221081,113995,10453,2025-05-16,5,Poor quality
221082,90436,10431,2024-10-24,5,Good
221083,100076,14360,2024-03-02,3,Could be better
221084,118755,11137,2025-04-25,4,Excellent
221085,118163,11788,2026-05-14,5,Very good
221086,91170,10172,2025-12-06,2,Very good
221087,101082,12891,2026-03-12,4,Very good
221088,110150,13127,2024-07-11,5,Could be better
221089,91863,13396,2024-08-28,2,Excellent
221090,117450,14133,2024-04-06,4,Average
221091,107175,10445,2026-03-26,4,Poor quality
221092,119579,13290,2024-01-27,4,Poor quality
221093,103130,13527,2024-08-20,2,Average
221094,112057,14323,2025-12-05,4,Poor quality
221095,106356,10874,2025-04-24,5,Very good
221096,100513,12716,2024-07-17,5,Average
221097,114768,13765,2025-08-03,2,Very good
221098,112181,10256,2024-09-01,3,Poor quality
221099,119203,11771,2026-07-31,4,Very good
221100,102144,13889,2025-02-07,5,Excellent
221101,114775,10769,2025-09-11,5,Could be better
221102,105113,10850,2024-09-20,3,Good
221103,92988,11975,2025-07-02,2,Excellent
221104,108429,11312,2024-07-22,5,Very good
221105,102032,11167,2026-01-31,3,Poor quality
221106,104581,14676,2024-11-12,4,Could be better
221107,92753,13879,2024-05-18,4,Average
221108,107543,14154,2026-08-24,5,Good
221109,102992,10023,2025-11-02,4,Average
221110,110232,13412,2024-12-02,4,Good
221111,103328,13007,2025-06-10,2,Poor quality
221112,108132,13816,2024-09-17,5,Average
221113,97388,10141,2025-04-04,4,Good
221114,117868,12801,2025-02-06,2,Average
221115,116182,11438,2026-08-08,4,Poor quality
221116,103635,11401,2024-01-30,4,Poor quality
221117,120105,12663,2026-06-12,3,Good
221118,99010,14293,2024-09-16,5,Could be better
221119,114125,13986,2024-02-07,3,Poor quality
221120,119973,14810,2026-07-02,5,Good
221121,115184,10867,2025-05-20,3,Average
221122,119386,13506,2025-02-24,5,Poor quality
221123,91588,11298,2026-05-28,4,Could be better
221124,98151,11592,2024-08-06,4,Good
221125,105178,14466,2024-12-18,5,Good
221126,97650,13421,2025-04-15,4,Very good
221127,108151,14452,2024-08-10,3,Excellent
221128,90920,14190,2026-03-29,3,Could be better
221129,111377,11026,2024-03-24,5,Excellent
221130,110091,11760,2026-05-02,2,Average
221131,96692,12869,2024-11-30,5,Good
221132,99632,12220,2026-08-20,5,Poor quality
221133,113541,13441,2024-03-12,2,Excellent
221134,116208,13276,2026-08-05,5,Poor quality
221135,100324,10826,2026-06-10,5,Excellent
221136,117801,11671,2026-08-02,4,Poor quality
221137,112591,10369,2026-03-30,5,Average
221138,115604,10973,2024-10-26,4,Average
221139,97266,11323,2025-07-11,5,Good
221140,115649,14622,2024-06-30,5,Could be better
221141,108783,14384,2025-12-27,2,Very good
221142,99413,10915,2026-01-22,3,Very good
221143,110837,11816,2025-02-26,3,Average
221144,115369,14098,2026-06-18,5,Very good
221145,120122,12299,2025-02-05,5,Poor quality
221146,120797,10085,2024-01-04,5,Could be better
221147,91034,12649,2024-04-30,4,Could be better
221148,97581,13845,2026-04-08,3,Good
221149,118011,13125,2025-09-19,3,Could be better
221150,101215,14836,2024-05-24,4,Very good
221151,93122,12568,2024-07-17,5,Could be better
221152,91088,12933,2024-03-07,5,Good
221153,91619,13189,2024-07-11,5,Very good
221154,102102,13567,2025-12-25,2,Could be better
221155,116073,12418,2026-06-02,4,Poor quality
221156,91021,11519,2025-09-11,4,Good
221157,95550,10973,2025-10-25,5,Excellent
221158,90978,10355,2024-10-29,5,Good
221159,102922,14300,2024-08-23,4,Poor quality
221160,95901,13143,2025-12-06,5,Average
221161,94505,12741,2025-05-24,4,Poor quality
221162,105876,12079,2024-12-04,3,Good
221163,105323,11148,2026-06-16,5,Excellent
221164,109434,11451,2024-12-20,4,Excellent
221165,102473,13732,2025-03-27,5,Average
221166,112982,13298,2024-10-20,4,Very good
221167,118789,14681,2025-03-24,5,Very good
221168,112171,11765,2025-05-30,4,Could be better
221169,108782,14384,2024-07-10,2,Poor quality
221170,103576,12511,2025-09-14,5,Good
221171,119489,11222,2026-01-30,5,Poor quality
221172,106110,12362,2024-11-18,5,Very good
221173,111748,13689,2025-09-04,5,Very good
221174,112639,12106,2026-08-10,4,Average
221175,103938,13032,2024-06-10,4,Average
221176,100541,12484,2024-08-27,5,Poor quality
221177,93251,13719,2025-02-15,5,Average
221178,100249,10995,2024-08-14,4,Could be better
221179,110865,11646,2025-10-22,5,Could be better
221180,103914,13523,2025-02-07,5,Very good
221181,114597,10128,2026-04-27,5,Poor quality
221182,103551,12070,2025-05-11,5,Poor quality
221183,111296,12068,2025-04-11,5,Could be better
221184,114744,14696,2024-09-02,3,Good
221185,104804,13554,2026-05-12,4,Average
221186,102137,12839,2024-06-19,5,Average
221187,110885,14554,2024-10-22,5,Average
221188,90709,11951,2026-01-13,3,Could be better
221189,101318,11389,2026-03-10,5,Poor quality
221190,92675,13953,2025-07-06,5,Very good
221191,92702,10195,2024-04-01,4,Excellent
221192,112848,12673,2026-04-07,5,Poor quality
221193,106351,14679,2024-02-19,4,Good
221194,118566,14617,2025-01-05,5,Excellent
221195,93124,12722,2024-04-22,4,Could be better
221196,108722,11030,2024-05-14,5,Poor quality
221197,101589,11269,2024-06-03,5,Poor quality
221198,112589,13430,2025-01-29,5,Very good
221199,107534,14827,2024-02-25,5,Could be better
221200,97483,14299,2026-04-29,5,Poor quality
221201,116330,14145,2026-05-11,3,Poor quality
221202,91994,13040,2024-07-30,5,Excellent
221203,110683,14024,2024-09-28,4,Could be better
221204,107744,14028,2024-04-30,5,Very good
221205,113312,13312,2026-06-22,4,Good
221206,100155,14733,2024-05-26,3,Very good
221207,99351,13580,2026-06-19,3,Good
221208,98794,14063,2025-08-21,3,Poor quality
221209,104396,10804,2024-03-30,4,Very good
221210,103901,10755,2024-11-17,5,Excellent
221211,101587,13299,2025-09-24,5,Average
221212,111137,13821,2025-01-18,4,Average
221213,112811,14155,2026-05-08,4,Poor quality
221214,95228,14510,2025-04-29,4,Average
221215,94203,12991,2025-05-18,4,Excellent
221216,117285,12437,2024-08-24,5,Poor quality
221217,100363,14980,2025-02-13,5,Very good
221218,98809,11321,2025-02-26,4,Average
221219,98266,11603,2024-07-29,4,Average
221220,113822,13745,2025-03-13,4,Very good
221221,114064,14714,2024-04-22,5,Good
221222,96912,13717,2024-10-19,5,Excellent
221223,111510,13811,2025-03-03,2,Poor quality
221224,102636,11795,2024-05-13,4,Poor quality
221225,119556,12857,2024-03-10,5,Poor quality
221226,96393,11779,2024-03-16,5,Could be better
221227,108413,11446,2024-12-24,5,Very good
221228,96579,13252,2024-06-18,4,Excellent
221229,114539,14145,2024-06-03,4,Good
221230,93556,12978,2025-07-20,3,Good
221231,103838,12701,2024-04-07,3,Very good
221232,91826,12996,2024-10-10,5,Average
221233,119073,11849,2024-05-08,4,Poor quality
221234,119130,12639,2026-03-13,2,Very good
221235,108353,11939,2026-04-20,3,Poor quality
221236,101329,13514,2026-01-23,4,Average
221237,105256,13245,2024-11-28,5,Could be better
221238,107520,10965,2025-01-08,4,Very good
221239,107215,12729,2026-07-28,4,Good
221240,113523,11294,2024-01-04,3,Good
221241,108301,11244,2026-07-15,3,Excellent
221242,110872,13887,2026-07-21,4,Average
221243,92164,13665,2025-01-08,4,Could be better
221244,105106,14213,2024-12-07,5,Poor quality
221245,115588,14567,2024-11-12,5,Poor quality
221246,110601,12491,2025-02-26,5,Could be better
221247,105749,11005,2025-09-20,5,Poor quality
221248,115841,11955,2025-08-26,3,Excellent
221249,117398,10085,2025-03-01,2,Could be better
221250,107173,13027,2026-08-16,2,Poor quality
221251,93461,13638,2026-01-25,3,Could be better
221252,92238,11337,2025-05-09,5,Average
221253,115696,10116,2025-08-09,5,Excellent
221254,116133,12620,2025-10-02,5,Poor quality
221255,120920,14827,2024-09-16,5,Good
221256,97144,14127,2025-05-13,5,Excellent
221257,98239,12756,2025-06-19,3,Could be better
221258,109446,13360,2025-08-17,3,Poor quality
221259,100077,14577,2025-11-28,4,Average
221260,119331,14221,2025-02-05,3,Very good
221261,96233,13868,2025-10-24,4,Average
221262,110100,13987,2024-07-02,5,Excellent
221263,94395,10156,2024-10-31,5,NULL
221264,95161,11473,2026-05-12,5,Excellent
221265,118967,11462,2026-03-26,2,Could be better
221266,102206,12057,2024-06-12,5,Good
221267,105479,12069,2024-10-30,4,Good
221268,109273,12915,2024-12-03,3,Very good
221269,96135,10509,2025-05-04,2,Average
221270,91563,14587,2025-07-30,1,Could be better
221271,98033,14772,2024-05-17,5,Average
221272,118093,13027,2025-11-20,5,Good
221273,101280,10960,2024-03-15,4,Very good
221274,111082,13169,2025-02-06,2,Excellent
221275,93554,12747,2025-08-29,4,Very good
221276,93926,12541,2025-01-17,4,Good
221277,100657,10410,2024-11-19,3,Average
221278,113932,11120,2025-02-02,2,Very good
221279,112016,13840,2025-04-08,1,Good
221280,109821,10859,2024-12-16,3,Good
221281,115370,14290,2026-03-01,4,Poor quality
221282,118623,14515,2024-01-02,3,Could be better
221283,113498,12535,2025-10-24,5,Very good
221284,112432,10778,2024-01-19,2,Could be better
221285,91231,14846,2025-02-20,5,Average
221286,116973,12649,2025-04-18,2,Good
221287,94351,11540,2025-03-08,1,Excellent
221288,103099,10214,2025-09-01,2,Poor quality
221289,111855,11328,2025-02-03,4,NULL
221290,114624,11840,2024-04-07,5,Average
221291,99479,14604,2026-08-16,3,Excellent
221292,110372,10012,2026-07-07,5,Could be better
221293,98217,13188,2025-12-03,4,Very good
221294,97527,10083,2025-08-21,3,Good
221295,112032,10295,2024-12-03,5,Good
221296,120446,13267,2025-01-15,3,Average
221297,103648,14641,2024-08-03,4,Poor quality
221298,117451,14037,2026-04-01,5,Could be better
221299,101993,14455,2025-09-02,4,Poor quality
221300,101895,14728,2024-01-01,4,Average
221301,112941,14123,2024-04-26,2,Excellent
221302,98167,12990,2025-07-25,5,Average
221303,111344,10420,2024-05-15,5,Excellent
221304,91884,10012,2026-04-06,4,Could be better
221305,112798,13018,2026-05-17,3,Excellent
221306,115163,10781,2024-10-26,3,Very good
221307,105526,11492,2025-09-18,3,Very good
221308,106991,14576,2024-03-14,5,Good
221309,118749,11621,2025-06-06,5,Average
221310,100946,13237,2026-01-26,4,Poor quality
221311,109508,14390,2025-06-12,4,Could be better
221312,114761,10272,2025-03-09,4,Excellent
221313,110373,13566,2025-02-03,2,Could be better
221314,98741,10953,2024-01-23,2,Good
221315,90528,12829,2025-11-18,5,Very good
221316,98304,13528,2025-03-21,5,Could be better
221317,93244,10123,2025-11-08,4,Poor quality
221318,92913,10860,2025-02-24,4,Poor quality
221319,116825,13555,2025-11-11,4,Good
221320,119511,13507,2024-08-26,4,Good
221321,97240,13466,2024-02-21,3,Could be better
221322,101378,11194,2026-03-26,5,Excellent
221323,116677,14179,2025-03-14,5,Very good
221324,103929,13421,2024-11-20,3,Very good
221325,112278,11546,2024-11-10,4,Poor quality
221326,105070,11207,2026-05-03,4,Excellent
221327,104549,13605,2026-06-27,3,Good
221328,112020,13516,2025-08-02,2,Could be better
221329,100519,12385,2025-11-22,5,Average
221330,102734,13059,2025-06-06,1,Excellent
221331,113129,11344,2025-03-02,3,Very good
221332,104203,14909,2026-05-22,4,Average
221333,108986,11563,2026-04-20,4,Could be better
221334,115595,11537,2026-04-21,5,Average
221335,110870,13038,2024-04-29,5,Good
221336,99511,14408,2024-08-06,5,Good
221337,99645,11493,2026-07-30,2,Average
221338,94548,12376,2025-01-16,5,Good
221339,117997,10783,2025-02-25,4,Average
221340,118503,10317,2024-05-03,4,Good
221341,90699,11565,2026-06-07,4,Excellent
221342,103769,12352,2025-09-04,5,Very good
221343,112607,10090,2025-03-22,4,Very good
221344,120716,14641,2026-03-30,4,Excellent
221345,110477,10243,2025-04-25,2,Poor quality
221346,106240,14152,2024-03-03,5,Good
221347,102281,12118,2024-07-14,4,Very good
221348,111027,13214,2026-04-01,3,Very good
221349,120299,13755,2024-06-17,4,Good
221350,92461,14920,2026-08-16,4,Poor quality
221351,90790,10500,2026-02-10,5,Poor quality
221352,115082,10832,2024-08-03,4,Could be better
221353,90872,13059,2026-06-04,1,Very good
221354,95782,12721,2024-10-26,5,Very good
221355,103610,10051,2024-06-25,5,Good
221356,102547,12971,2025-04-03,5,Could be better
221357,106484,12362,2025-11-16,5,Poor quality
221358,99760,11524,2026-05-28,2,Could be better
221359,92555,10772,2025-12-06,4,Very good
221360,93661,12970,2024-01-15,4,Very good
221361,114867,10260,2024-05-28,3,Poor quality
221362,96290,13789,2026-03-19,4,Very good
221363,92565,10810,2025-03-15,5,Excellent
221364,111805,13046,2025-04-19,3,Good
221365,99829,12240,2025-08-03,4,Average
221366,96936,11495,2026-02-04,3,Average
221367,104061,10350,2024-10-05,5,Poor quality
221368,97306,12654,2025-06-08,3,Poor quality
221369,116996,14578,2025-04-15,5,Poor quality
221370,91027,10304,2026-04-30,1,Poor quality
221371,108446,11648,2024-11-24,1,Average
221372,105411,14529,2024-11-29,2,Could be better
221373,114293,14506,2025-10-01,5,Could be better
221374,112321,14259,2026-03-24,1,Good
221375,108439,12105,2024-09-11,5,Poor quality
221376,101700,14736,2025-07-31,5,Good
221377,107113,10784,2024-12-03,4,Very good
221378,109800,13637,2024-06-05,4,Average
221379,90969,13142,2025-09-28,4,Average
221380,94957,10109,2024-06-02,1,Very good
221381,91421,14015,2024-12-12,3,Excellent
221382,92695,11798,2024-12-24,4,Very good
221383,96951,13530,2026-01-06,5,Very good
221384,116154,10189,2026-06-02,2,Good
221385,104065,12272,2025-02-28,3,Could be better
221386,113853,14638,2025-06-20,5,Could be better
221387,94569,13866,2025-06-14,1,Average
221388,107340,14676,2024-09-02,5,Excellent
221389,105294,12616,2025-04-15,5,Good
221390,120198,12550,2025-07-15,4,Good
221391,99355,12571,2026-08-15,4,Excellent
221392,118236,13503,2026-02-14,3,Excellent
221393,115320,12215,2026-01-18,2,Average
221394,117743,13355,2024-03-28,4,Very good
221395,91266,10471,2024-12-19,4,Good
221396,102313,14937,2026-05-19,3,Poor quality
221397,116213,14902,2025-04-10,5,Could be better
221398,96283,13276,2024-03-22,3,Excellent
221399,107729,12964,2024-09-22,4,Good
221400,105306,14847,2025-06-25,4,Very good
221401,114355,13729,2026-03-26,4,Average
221402,90351,12983,2024-06-26,5,Very good
221403,112270,13287,2025-02-21,5,Excellent
221404,116342,10032,2025-11-28,5,Good
221405,112029,12682,2025-04-16,4,Very good
221406,95394,11870,2026-07-20,5,Average
221407,106423,14551,2025-12-06,2,Could be better
221408,110389,12268,2025-02-08,4,Excellent
221409,102444,13970,2025-10-08,5,Excellent
221410,113533,10984,2026-04-30,4,Very good
221411,96318,13438,2025-02-03,4,Excellent
221412,96881,10524,2025-12-16,4,Good
221413,100007,10382,2025-03-12,4,Excellent
221414,110621,14548,2025-06-24,2,Poor quality
221415,105272,12959,2026-01-20,4,Poor quality
221416,102886,14337,2024-02-20,3,Average
221417,96108,12011,2024-01-17,3,Could be better
221418,110942,11388,2024-11-02,5,Poor quality
221419,103385,12300,2024-12-14,4,Could be better
221420,90720,13713,2025-12-12,5,Good
221421,116148,10438,2025-02-28,3,Very good
221422,112550,10048,2024-04-30,5,Good
221423,120318,13484,2025-03-08,4,Very good
221424,119771,11911,2024-05-18,4,Could be better
221425,102546,11269,2026-06-05,2,Poor quality
221426,93745,10147,2026-08-15,3,Good
221427,110191,13815,2024-09-13,5,Very good
221428,118922,14821,2026-01-24,1,Very good
221429,112071,14223,2024-09-19,5,Poor quality
221430,114769,13765,2024-06-04,1,Could be better
221431,94103,13993,2026-01-22,3,Poor quality
221432,96673,14981,2024-06-06,5,Average
221433,99148,13319,2024-04-14,4,Average
221434,100223,11322,2026-06-13,5,Poor quality
221435,109560,10887,2025-05-13,3,Excellent
221436,92716,11400,2026-02-26,2,Could be better
221437,112463,11172,2025-05-05,5,Poor quality
221438,118067,10447,2025-10-05,4,Could be better
221439,108800,13993,2024-11-11,3,Good
221440,120415,10524,2026-03-16,3,Poor quality
221441,107822,12887,2025-04-11,3,Very good
221442,117593,11244,2026-08-07,5,Excellent
221443,91741,13662,2025-06-22,4,Poor quality
221444,114621,14209,2024-06-30,4,Excellent
221445,119219,12611,2026-03-09,5,Average
221446,98047,13785,2025-10-14,5,Very good
221447,118511,13110,2025-07-04,5,Excellent
221448,113938,14920,2025-10-16,2,Good
221449,111699,10486,2024-12-15,3,Poor quality
221450,106579,11222,2025-10-07,5,Average
221451,116405,11071,2024-03-17,2,Very good
221452,102262,11162,2024-10-07,1,Poor quality
221453,113043,12263,2026-06-13,5,Good
221454,94181,11141,2024-11-25,5,Poor quality
221455,97422,12106,2025-05-07,4,Excellent
221456,115406,12104,2025-11-11,5,Excellent
221457,106161,14708,2024-08-28,3,Could be better
221458,97554,10737,2025-02-05,3,Poor quality
221459,91431,11920,2025-03-04,5,Good
221460,109219,12004,2024-01-10,1,Average
221461,114284,11146,2025-06-21,3,Average
221462,116462,10487,2025-07-04,4,Good
221463,93415,14096,2025-02-18,1,Poor quality
221464,91833,14449,2026-03-03,5,Excellent
221465,114369,11698,2024-02-28,4,Good
221466,118109,11581,2024-09-09,3,Could be better
221467,104670,14477,2025-10-28,5,Poor quality
221468,113348,14020,2026-07-08,3,Average
221469,105001,14473,2024-12-17,5,Excellent
221470,105433,11924,2025-12-15,4,Poor quality
221471,96340,12149,2026-04-27,5,Very good
221472,101860,13336,2024-10-26,1,Excellent
221473,95871,11842,2026-08-08,4,Good
221474,117732,14812,2025-03-17,5,Good
221475,94913,14076,2024-11-10,4,Average
221476,98739,12930,2025-03-29,5,Could be better
221477,100245,10551,2024-04-11,4,Excellent
221478,118693,10916,2026-04-14,4,Could be better
221479,101848,11764,2026-07-23,4,Very good
221480,120255,14605,2026-04-05,5,Average
221481,110420,12170,2026-05-10,5,Excellent
221482,102445,11144,2025-09-05,4,Good
221483,92737,10438,2024-03-24,1,Could be better
221484,112787,14009,2025-05-04,5,Good
221485,103345,11148,2024-02-27,4,Could be better
221486,96469,10536,2024-12-03,1,Good
221487,102649,14716,2025-10-08,5,Average
221488,96499,10235,2026-08-07,5,Could be better
221489,108371,14626,2025-03-12,4,Excellent
221490,98112,14099,2025-03-17,5,Very good
221491,103676,12294,2025-04-01,1,Very good
221492,116680,13657,2024-10-06,3,Poor quality
221493,118763,11717,2024-02-02,4,Excellent
221494,108264,11564,2025-06-18,5,Good
221495,94873,12992,2024-11-30,4,Average
221496,110434,14645,2026-02-17,1,Good
221497,108673,11552,2024-09-24,5,Poor quality
221498,111132,14930,2024-09-09,4,Very good
221499,108047,14391,2024-12-15,4,Average
221500,107280,10078,2025-11-15,4,Very good
221501,90009,13584,2024-05-18,5,Very good
221502,99756,14725,2024-12-01,4,Very good
221503,109126,10639,2025-10-17,5,Very good
221504,115133,10177,2026-06-08,5,Could be better
221505,113268,14297,2026-02-12,4,Good
221506,100646,12797,2025-11-01,4,Good
221507,97658,12866,2026-03-29,4,Poor quality
221508,110063,13198,2026-05-18,5,Poor quality
221509,99093,14172,2025-10-19,5,Could be better
221510,101960,10154,2026-05-07,5,Could be better
221511,103870,11369,2024-01-26,4,Average
221512,106861,10914,2026-01-13,4,Could be better
221513,117150,13674,2025-12-02,4,Could be better
221514,93503,11322,2024-08-11,4,Very good
221515,113965,12088,2026-08-10,3,Excellent
221516,110949,11255,2025-12-01,2,Poor quality
221517,99964,14261,2024-10-20,3,Very good
221518,91397,12460,2025-03-29,4,Very good
221519,96194,11882,2024-10-18,4,Very good
221520,113967,14504,2025-06-06,5,Poor quality
221521,99116,10225,2025-06-29,4,Average
221522,104488,10878,2024-10-02,2,Average
221523,100532,14586,2024-11-23,3,Average
221524,116739,10556,2025-12-26,5,Poor quality
221525,106614,14055,2024-03-07,3,Good
221526,110742,10054,2026-06-30,4,Very good
221527,103240,13799,2025-07-19,4,Very good
221528,114809,13195,2024-10-15,5,Excellent
221529,112416,11419,2025-08-09,4,Could be better
221530,100834,13035,2024-06-02,4,Poor quality
221531,109829,10780,2024-03-23,5,Good
221532,100156,14009,2025-05-04,5,Very good
221533,91470,10315,2025-10-09,5,Average
221534,99168,10250,2024-11-19,4,Poor quality
221535,106533,12459,2026-04-19,3,Average
221536,107407,11449,2026-06-18,4,Very good
221537,97062,11799,2025-09-17,4,Poor quality
221538,120916,11032,2026-06-30,1,Could be better
221539,99059,13886,2024-09-13,4,Excellent
221540,107278,14996,2024-10-31,5,Excellent
221541,95255,13162,2024-01-05,5,Good
221542,109808,14398,2024-05-07,4,Good
221543,113726,12239,2024-11-23,5,Average
221544,109384,14057,2026-01-01,3,Excellent
221545,90281,13684,2024-08-23,5,Average
221546,108766,13015,2024-06-01,2,Poor quality
221547,98743,14912,2024-04-17,4,Good
221548,90222,10952,2025-03-05,4,Poor quality
221549,118741,14694,2025-02-22,4,Good
221550,106770,13842,2025-03-25,4,Good
221551,97747,13940,2024-04-10,5,Could be better
221552,98011,12262,2026-06-04,4,Very good
221553,96898,14473,2025-06-09,1,Very good
221554,103682,13819,2026-06-25,5,Average
221555,104002,10822,2025-07-23,4,Very good
221556,106556,12159,2025-07-26,1,Very good
221557,103622,14622,2024-02-12,2,Average
221558,110154,10787,2026-03-11,4,Average
221559,117435,14902,2025-02-02,5,Average
221560,99984,13016,2025-03-01,5,Poor quality
221561,99045,14860,2026-01-28,4,Could be better
221562,109393,12943,2026-08-08,5,NULL
221563,91779,12738,2025-02-09,3,Very good
221564,116033,10538,2024-03-15,4,Excellent
221565,98405,13675,2026-06-06,5,Excellent
221566,109747,10184,2025-11-25,5,Could be better
221567,119595,10553,2025-03-19,5,Poor quality
221568,109283,14396,2025-01-27,5,Very good
221569,99691,12099,2024-01-28,4,Excellent
221570,96966,13587,2024-03-13,1,Could be better
221571,99556,10067,2026-02-19,4,Could be better
221572,94530,10493,2025-06-17,5,Poor quality
221573,92015,12990,2025-05-24,5,Average
221574,114605,13546,2025-12-04,5,Very good
221575,91429,10217,2024-08-19,5,Very good
221576,101230,12560,2024-01-04,3,Poor quality
221577,101922,10818,2026-06-04,1,Excellent
221578,100386,13483,2024-09-07,4,Poor quality
221579,101816,14336,2024-09-09,5,Excellent
221580,117536,14885,2025-01-04,3,Average
221581,112441,10939,2025-05-14,4,Good
221582,114670,13318,2024-07-23,2,Good
221583,90875,14287,2024-05-07,3,Good
221584,103233,14224,2025-09-02,2,Could be better
221585,117397,10085,2025-04-29,3,Good
221586,101741,13391,2025-07-10,3,Good
221587,116787,12187,2025-01-17,5,Poor quality
221588,117209,12272,2025-10-20,5,Excellent
221589,113875,11046,2025-07-25,2,Good
221590,96074,10296,2025-01-06,4,Good
221591,106590,11207,2024-12-31,3,Good
221592,119393,12257,2026-07-21,2,Could be better
221593,94183,13274,2024-03-02,3,Good
221594,113471,13382,2024-10-16,3,Average
221595,111060,14711,2024-04-25,5,Very good
221596,94102,12529,2026-03-26,4,Could be better
221597,97901,11811,2024-01-27,2,Good
221598,102905,10944,2026-02-20,1,Excellent
221599,120741,14871,2025-03-05,5,Excellent
221600,107172,14865,2026-04-20,5,Excellent
221601,116786,11088,2024-06-12,4,Average
221602,108045,12720,2026-08-20,4,Very good
221603,116304,10202,2026-05-29,3,Excellent
221604,105711,11728,2025-03-02,5,Excellent
221605,99279,11705,2024-01-02,5,Poor quality
221606,117401,11171,2024-07-12,5,Excellent
221607,100206,12085,2025-07-30,5,Could be better
221608,95045,11351,2025-02-17,3,Average
221609,103010,12623,2025-09-18,5,Good
221610,119725,12788,2025-01-24,2,Poor quality
221611,90529,12829,2025-12-07,2,Average
221612,102967,10486,2025-09-04,3,Poor quality
221613,117191,14301,2024-11-24,4,Poor quality
221614,100117,14247,2024-11-25,3,Could be better
221615,93850,13384,2025-06-11,4,Very good
221616,90207,14135,2024-01-28,5,Very good
221617,110629,14630,2026-04-29,5,Good
221618,100605,10231,2025-08-11,2,Average
221619,108202,10813,2025-10-19,5,Average
221620,119776,14708,2024-11-18,5,Average
221621,113658,10654,2024-01-26,5,Average
221622,112534,10343,2025-09-01,4,Average
221623,110060,13262,2025-03-21,4,Very good
221624,93392,10249,2026-05-01,4,Poor quality
221625,115855,12682,2024-11-30,5,Good
221626,106511,14069,2025-08-18,5,Could be better
221627,112405,10282,2025-04-12,3,Poor quality
221628,108339,10085,2024-10-05,5,Poor quality
221629,101951,12466,2026-05-07,4,Excellent
221630,102161,14511,2025-12-02,4,Poor quality
221631,113752,14783,2026-02-28,5,Good
221632,113508,10409,2024-01-06,2,Poor quality
221633,110990,13068,2024-10-26,4,Poor quality
221634,94058,10244,2025-05-17,5,Excellent
221635,113365,14983,2024-12-09,5,Good
221636,94996,12973,2024-11-18,4,Could be better
221637,112661,14539,2025-08-10,5,Good
221638,92986,12789,2026-03-23,3,Poor quality
221639,101282,10960,2025-07-29,2,Excellent
221640,100818,10875,2024-03-06,4,Very good
221641,115139,10819,2026-04-02,4,Could be better
221642,118565,14444,2026-03-16,5,Poor quality
221643,111762,11449,2025-05-20,4,Very good
221644,109658,14100,2025-08-28,4,Good
221645,110073,10885,2024-10-25,4,Average
221646,93309,12169,2024-04-01,4,Very good
221647,98424,11644,2024-08-18,3,Excellent
221648,115003,12835,2024-06-10,4,Good
221649,95405,10507,2026-02-01,3,Average
221650,98185,13262,2026-04-04,5,Very good
221651,120485,11738,2024-08-01,3,Average
221652,107346,11428,2025-08-17,4,Average
221653,110339,11251,2026-06-25,5,Excellent
221654,104498,14372,2024-12-11,2,Good
221655,98634,10148,2024-12-05,3,Average
221656,107012,11684,2025-03-11,5,Could be better
221657,105715,10410,2024-01-15,3,Very good
221658,116872,11678,2024-07-11,3,Poor quality
221659,105203,13692,2026-07-07,3,Poor quality
221660,115409,11768,2024-10-26,4,Good
221661,99819,10204,2025-07-28,4,Very good
221662,95760,14572,2024-06-27,2,Poor quality
221663,97288,14531,2026-01-26,5,Excellent
221664,106729,10640,2025-04-04,5,Very good
221665,93775,11465,2025-09-21,4,Excellent
221666,109647,12200,2024-04-05,2,Excellent
221667,118546,13341,2025-12-12,5,Average
221668,110679,12769,2025-06-30,5,Could be better
221669,115290,13131,2026-02-26,5,Poor quality
221670,110369,10035,2025-02-23,3,Poor quality
221671,98396,10736,2024-12-26,5,Excellent
221672,114012,14475,2024-12-26,5,Excellent
221673,111417,13222,2024-11-22,4,Poor quality
221674,108747,12373,2024-04-15,3,Excellent
221675,113591,14742,2026-01-14,4,Very good
221676,104366,14149,2026-08-10,5,Good
221677,113594,13136,2024-08-08,3,Average
221678,91346,11305,2025-08-07,5,Excellent
221679,116038,14482,2025-11-19,4,Good
221680,116385,12095,2026-04-20,4,Could be better
221681,93111,13886,2026-03-07,3,Poor quality
221682,105325,10743,2025-03-03,4,Very good
221683,106881,11846,2025-07-28,3,Poor quality
221684,118581,14306,2025-03-24,5,Excellent
221685,105837,14830,2025-10-28,2,Could be better
221686,102954,12042,2025-05-07,4,Poor quality
221687,98849,13589,2025-04-01,5,Very good
221688,112890,11021,2024-01-03,5,Good
221689,95623,10653,2025-03-09,5,Average
221690,115643,11185,2025-03-03,2,Poor quality
221691,107562,12810,2025-12-15,2,Average
221692,100884,14453,2025-01-05,4,Poor quality
221693,98317,10263,2025-06-12,4,Very good
221694,93497,12196,2025-03-02,4,Poor quality
221695,94616,10250,2026-07-16,3,Average
221696,106114,12867,2026-08-24,4,Good
221697,98101,13405,2025-07-31,5,Could be better
221698,108100,14261,2024-01-18,4,Very good
221699,92707,10682,2026-07-24,5,Could be better
221700,118746,12017,2026-02-02,5,Good
221701,113332,10631,2026-06-13,5,Good
221702,94563,10384,2025-10-29,5,Poor quality
221703,99680,14789,2025-12-17,4,Average
221704,92788,13146,2026-08-19,5,Could be better
221705,98235,12095,2025-03-21,2,Excellent
221706,91077,10895,2024-05-05,5,Very good
221707,96618,14147,2025-11-12,5,Very good
221708,110901,13725,2024-03-13,5,Could be better
221709,106903,10892,2026-04-21,1,Could be better
221710,93505,11182,2025-04-03,5,Could be better
221711,101845,13344,2024-10-07,5,Good
221712,113754,14601,2025-11-23,4,Good
221713,115084,10236,2024-01-06,5,Average
221714,112990,11711,2025-01-19,4,Good
221715,90190,11191,2024-07-10,4,Excellent
221716,109265,10304,2025-11-10,2,Could be better
221717,90846,10203,2024-06-13,4,Good
221718,115031,12675,2025-09-20,4,Could be better
221719,108922,10578,2024-10-03,2,Average
221720,102983,13408,2025-10-17,1,Good
221721,112865,11924,2025-04-21,2,Very good
221722,108827,11278,2025-09-02,5,Very good
221723,120612,13685,2026-07-27,3,Average
221724,98591,13058,2024-09-04,5,Could be better
221725,119683,11925,2025-11-23,5,Poor quality
221726,113007,14878,2025-10-07,5,Very good
221727,94202,12991,2025-03-09,5,Poor quality
221728,107008,14946,2024-08-08,2,Excellent
221729,96386,14065,2024-06-03,3,Poor quality
221730,106331,13253,2024-06-06,4,Excellent
221731,96886,11686,2024-02-21,5,Poor quality
221732,119945,12939,2024-02-05,4,Very good
221733,120365,12769,2026-02-25,5,Very good
221734,93001,11744,2024-06-19,4,Could be better
221735,119578,14423,2026-05-08,1,Good
221736,91373,12470,2025-11-26,4,Good
221737,91289,10865,2025-11-14,5,Average
221738,98698,13391,2024-08-25,4,Good
221739,105015,13158,2026-02-03,3,Poor quality
221740,99346,14850,2024-03-21,3,Poor quality
221741,92267,10414,2024-04-17,5,Could be better
221742,106219,11328,2025-07-06,5,Excellent
221743,109654,13251,2025-11-05,1,Very good
221744,116193,12321,2026-01-20,5,Poor quality
221745,116357,11471,2024-08-03,4,Could be better
221746,112765,12844,2025-04-29,3,Very good
221747,118178,12858,2026-02-02,5,Good
221748,90889,14410,2024-09-10,4,Excellent
221749,90494,13513,2024-08-31,4,Excellent
221750,112544,11613,2024-01-03,4,Average
221751,97593,12053,2026-04-22,4,Good
221752,119392,14775,2024-05-25,5,Could be better
221753,90274,12894,2024-10-27,4,Good
221754,112745,11140,2026-05-09,4,Poor quality
221755,94275,10544,2024-07-27,4,Good
221756,92414,11976,2025-07-24,2,Good
221757,116275,10043,2025-09-17,2,Poor quality
221758,119307,12931,2024-07-01,2,Good
221759,97129,12821,2026-04-18,5,Good
221760,109026,13889,2026-02-28,4,Excellent
221761,114137,10176,2024-07-08,3,Average
221762,100852,12315,2024-08-21,3,Average
221763,110210,14720,2024-04-11,4,Excellent
221764,92906,11091,2025-08-31,4,Poor quality
221765,117768,14667,2024-09-11,2,Poor quality
221766,104852,10974,2024-11-22,5,Average
221767,102327,10715,2026-03-13,2,Excellent
221768,95401,14580,2024-09-07,4,Average
221769,101619,11976,2025-06-23,4,Average
221770,120830,14227,2025-01-11,5,Excellent
221771,106014,10497,2026-08-24,5,Good
221772,99724,13937,2025-10-31,5,Excellent
221773,96662,12137,2024-04-25,3,Good
221774,100928,14949,2025-12-18,3,Average
221775,110883,11228,2024-10-20,3,Very good
221776,120478,10103,2025-12-19,5,Average
221777,90174,10481,2024-05-28,3,Good
221778,97164,12938,2024-01-25,5,Average
221779,112067,14799,2025-11-02,5,Poor quality
221780,107294,11569,2025-04-09,4,Average
221781,119619,12708,2025-08-08,3,Poor quality
221782,103539,13268,2024-02-25,5,Poor quality
221783,106742,12003,2024-07-26,3,Excellent
221784,108968,14995,2025-01-21,5,Very good
221785,114253,10531,2025-04-05,5,Poor quality
221786,108024,14181,2025-06-25,3,Poor quality
221787,94090,10814,2024-02-21,5,Good
221788,113242,14937,2025-08-03,4,Could be better
221789,113382,12643,2025-10-02,5,Excellent
221790,111774,13278,2024-10-01,2,Excellent
221791,110338,11251,2025-06-27,4,Poor quality
221792,101738,12787,2026-06-26,2,Excellent
221793,113284,10421,2026-04-24,5,Good
221794,99596,13047,2025-12-21,3,Excellent
221795,113561,12001,2025-05-17,5,Average
221796,98565,14344,2026-05-06,5,Poor quality
221797,105639,10030,2024-06-23,1,Good
221798,115251,13166,2026-02-21,5,Very good
221799,93268,13390,2024-05-08,4,Good
221800,114666,12418,2025-11-24,4,Poor quality
221801,112545,11613,2026-02-21,5,Average
221802,119888,11508,2024-10-10,5,Excellent
221803,106395,10336,2025-04-28,5,Average
221804,94319,13541,2024-01-11,3,Very good
221805,114499,13967,2025-10-05,1,Average
221806,117137,14937,2024-05-19,5,Poor quality
221807,98104,14390,2025-05-09,3,Average
221808,106301,11489,2025-06-16,3,Excellent
221809,119398,12607,2024-09-17,1,Average
221810,120217,10842,2026-03-09,4,Could be better
221811,91965,13191,2024-07-11,5,Very good
221812,95666,14308,2025-07-03,3,Poor quality
221813,103638,12021,2026-07-12,4,Could be better
221814,113159,13438,2024-04-17,3,Average
221815,98388,12158,2024-10-22,1,Average
221816,97630,11036,2024-08-04,5,Good
221817,92637,11454,2026-08-12,4,Very good
221818,114999,10773,2024-04-25,1,Poor quality
221819,103858,12994,2025-05-23,5,Very good
221820,91268,11735,2024-08-13,4,Average
221821,114052,13365,2025-07-13,1,Good
221822,99769,11781,2026-05-24,2,Average
221823,113992,14093,2024-02-22,2,Very good
221824,111691,10476,2026-03-05,2,Average
221825,116176,13067,2025-09-27,3,Good
221826,112846,13876,2025-08-18,2,Could be better
221827,104040,12129,2024-10-03,4,Very good
221828,107147,10896,2026-03-01,5,Average
221829,111863,11693,2025-12-12,4,Average
221830,90086,10170,2024-10-02,1,Excellent
221831,110609,10846,2025-07-22,5,Good
221832,118507,10751,2025-10-28,5,Very good
221833,106158,12517,2024-09-14,5,Very good
221834,94529,12696,2026-02-12,5,Excellent
221835,105787,14688,2024-10-06,1,Could be better
221836,116548,12226,2026-06-12,5,Average
221837,119840,10689,2026-06-15,2,Very good
221838,107418,12527,2025-06-22,3,Good
221839,108872,14699,2024-01-18,4,Poor quality
221840,93673,11112,2026-08-25,4,Average
221841,100561,11122,2024-06-20,4,Poor quality
221842,103468,10075,2024-11-25,4,Excellent
221843,94843,10316,2025-07-18,5,Excellent
221844,92263,14326,2025-03-14,4,Average
221845,99467,12281,2025-11-26,1,Could be better
221846,93655,13578,2025-01-06,3,Poor quality
221847,98970,12919,2025-09-12,4,Excellent
221848,93611,14458,2025-12-28,3,Very good
221849,117806,12877,2024-10-20,4,Poor quality
221850,110004,13920,2025-04-23,5,Could be better
221851,102972,10113,2025-12-26,4,Poor quality
221852,102419,11394,2024-08-03,2,Very good
221853,95691,10854,2025-06-10,5,Good
221854,94477,13196,2024-12-24,3,Average
221855,116923,10584,2025-11-05,4,Very good
221856,97608,11367,2024-09-14,3,Good
221857,94170,13134,2024-11-29,5,Excellent
221858,92094,12267,2024-07-13,5,Could be better
221859,109646,12432,2024-10-21,2,Excellent
221860,90526,10595,2026-08-10,5,Good
221861,106512,12537,2024-12-22,5,Very good
221862,103307,13654,2025-01-13,3,Could be better
221863,94147,12197,2026-03-08,3,Very good
221864,108696,14955,2025-09-01,5,Average
221865,110579,10326,2024-06-11,5,Excellent
221866,97076,13629,2024-07-15,5,Excellent
221867,97111,14904,2025-04-15,5,Poor quality
221868,93003,11928,2026-03-26,4,Could be better
221869,99757,14474,2024-02-21,5,Could be better
221870,98989,12362,2026-07-30,4,Excellent
221871,95383,13821,2026-06-22,3,Could be better
221872,113127,11329,2025-06-12,4,Excellent
221873,93635,13913,2026-05-31,1,Average
221874,111616,12133,2026-07-17,2,Very good
221875,101382,11678,2025-10-08,5,Could be better
221876,92384,13575,2024-06-26,5,Good
221877,113973,13335,2024-05-28,5,Good
221878,103376,11278,2025-01-05,5,Good
221879,104704,13339,2025-08-31,5,Average
221880,118333,13049,2024-08-24,3,Good
221881,105442,14516,2024-10-29,3,Good
221882,107108,10972,2025-09-10,5,Could be better
221883,118074,10544,2024-09-18,5,Could be better
221884,118821,13779,2026-07-25,4,Excellent
221885,119722,11002,2024-03-22,5,Could be better
221886,98453,12824,2025-05-21,1,Average
221887,98811,11155,2025-08-10,4,Good
221888,97061,13007,2024-06-11,5,Good
221889,109201,10194,2025-08-20,3,Average
221890,115444,11095,2026-02-08,4,Could be better
221891,100473,14234,2024-10-08,5,Excellent
221892,98363,13331,2026-03-06,1,Could be better
221893,92328,11470,2024-02-02,4,Poor quality
221894,93091,13525,2025-10-09,4,Good
221895,108667,13181,2026-06-13,4,Average
221896,94385,14032,2026-04-22,3,Good
221897,96435,11765,2024-09-07,5,Could be better
221898,102059,14892,2024-10-03,5,Average
221899,103323,10433,2025-06-24,5,Could be better
221900,116391,10774,2025-11-22,3,Excellent
221901,112689,11388,2024-09-26,4,Average
221902,101258,12240,2024-03-24,5,Could be better
221903,95503,13868,2026-08-17,4,Excellent
221904,101143,11679,2026-05-14,3,Average
221905,94122,14472,2024-08-12,4,Could be better
221906,93903,11111,2026-06-08,3,Poor quality
221907,97137,12953,2024-05-11,3,Excellent
221908,118300,12755,2025-07-18,5,Could be better
221909,90679,13969,2024-10-19,4,Good
221910,95349,11452,2026-06-23,5,Good
221911,100533,11471,2026-02-09,4,Excellent
221912,110153,14088,2026-05-01,3,Very good
221913,93664,13064,2024-12-15,4,Good
221914,97070,10551,2025-03-04,5,Excellent
221915,93428,13020,2025-09-23,5,Could be better
221916,93851,13384,2025-02-26,5,Good
221917,117890,12068,2025-11-29,3,Could be better
221918,105802,12941,2024-01-24,4,Excellent
221919,112300,12061,2025-12-08,1,Could be better
221920,93816,12383,2024-05-31,4,Very good
221921,116593,10972,2026-02-01,1,Poor quality
221922,114117,10255,2026-07-03,4,Poor quality
221923,98943,14106,2025-11-24,4,Average
221924,107733,13615,2026-06-19,3,Average
221925,115426,11760,2024-12-03,3,Good
221926,91781,12517,2026-05-19,4,Very good
221927,105506,13376,2025-08-25,5,Excellent
221928,107315,10564,2026-06-30,3,Poor quality
221929,100393,13132,2025-04-03,1,Good
221930,101914,11596,2026-04-01,4,Poor quality
221931,107650,11245,2025-08-16,3,Excellent
221932,105056,13568,2024-09-21,3,Good
221933,98063,12933,2025-07-04,4,Could be better
221934,101832,11146,2025-12-18,2,Excellent
221935,93478,13353,2026-05-03,3,Good
221936,117022,14008,2026-06-11,5,Excellent
221937,104316,14090,2024-03-20,5,Excellent
221938,91298,13859,2025-06-05,3,Average
221939,103978,12002,2025-10-05,3,Could be better
221940,120101,11772,2025-10-22,1,Poor quality
221941,101076,12196,2026-01-30,5,Poor quality
221942,107914,10078,2024-04-02,4,Very good
221943,95252,12304,2024-10-26,2,Average
221944,118368,11383,2024-06-01,5,Could be better
221945,105805,11245,2024-11-07,5,Excellent
221946,103332,13036,2024-08-17,1,Poor quality
221947,112517,14840,2025-09-28,4,Good
221948,118069,13195,2024-04-25,4,Excellent
221949,91951,11101,2024-01-31,4,Poor quality
221950,104894,10240,2025-10-19,5,Poor quality
221951,118773,10144,2024-10-06,5,Excellent
221952,106472,13106,2026-01-05,5,Poor quality
221953,102078,12010,2024-12-04,5,Excellent
221954,112987,12597,2026-01-03,4,Average
221955,120726,14235,2024-09-27,4,Good
221956,115001,10228,2024-12-23,3,Very good
221957,103288,10437,2025-10-05,5,Poor quality
221958,120690,14765,2025-08-31,3,Poor quality
221959,118303,13331,2024-10-08,1,Average
221960,115033,11125,2025-11-03,5,Excellent
221961,98270,10637,2024-11-06,5,Poor quality
221962,97898,12015,2026-07-21,5,Could be better
221963,93523,12295,2024-07-17,5,Poor quality
221964,118965,11504,2026-06-20,5,Average
221965,104056,11016,2024-11-20,1,Good
221966,115578,13037,2024-06-11,5,Average
221967,116929,10089,2026-05-07,4,Good
221968,109774,13024,2024-12-31,5,Average
221969,94193,10611,2025-07-25,5,Very good
221970,111821,12620,2026-03-16,4,Good
221971,97449,12412,2025-07-02,5,Poor quality
221972,92462,13195,2024-08-04,4,Could be better
221973,120225,12052,2025-01-13,4,Excellent
221974,107758,13701,2025-01-09,4,Could be better
221975,94154,12701,2024-07-05,5,Excellent
221976,100514,12257,2025-12-26,5,Very good
221977,116431,12022,2025-10-20,5,Very good
221978,115838,13320,2026-04-10,5,Poor quality
221979,119367,13552,2024-06-23,5,Good
221980,101585,12775,2024-02-25,5,Excellent
221981,105758,11256,2025-01-11,4,Could be better
221982,94885,13818,2024-08-06,3,Excellent
221983,119469,11454,2025-10-12,5,Excellent
221984,104865,10653,2025-04-02,1,Excellent
221985,91492,11836,2024-09-29,4,Average
221986,102775,11839,2026-08-15,5,Poor quality
221987,107097,11177,2024-01-25,4,Good
221988,95985,10982,2026-02-23,5,Very good
221989,90716,10220,2024-09-08,5,Excellent
221990,94305,13632,2024-03-14,5,Excellent
221991,100011,10297,2026-02-12,5,Very good
221992,102068,12416,2025-06-14,4,Good
221993,107375,11767,2024-06-17,4,Excellent
221994,111448,14331,2026-05-02,3,Excellent
221995,104183,11814,2024-03-22,4,Very good
221996,114085,11525,2024-05-12,4,Very good
221997,114462,10159,2025-04-19,4,Could be better
221998,115716,14058,2025-09-22,5,Poor quality
221999,95846,10437,2024-04-03,5,Average
222000,105004,10458,2024-02-15,4,Very good
222001,92782,14761,2025-03-25,4,Excellent
222002,118896,14100,2025-04-19,5,Could be better
222003,94422,10035,2024-01-05,5,Excellent
222004,94879,12578,2025-03-30,4,Good
222005,100963,10271,2026-05-07,1,Excellent
222006,96747,14065,2026-07-11,3,Could be better
222007,95596,13351,2024-02-14,5,Good
222008,113511,14100,2024-07-15,4,Very good
222009,99802,10665,2024-07-23,5,Excellent
222010,111782,11845,2025-09-08,4,Could be better
222011,120018,10416,2025-02-03,5,Good
222012,94445,11314,2026-06-29,3,Poor quality
222013,96765,13011,2025-03-11,5,Excellent
222014,107719,11009,2025-05-25,5,Good
222015,101443,14675,2026-04-13,3,Average
222016,98206,10786,2025-10-08,5,Poor quality
222017,116851,12510,2024-09-09,4,Good
222018,118589,14358,2024-08-08,3,Could be better
222019,101331,11017,2025-07-06,1,Average
222020,117519,14318,2025-11-04,5,Good
222021,114940,12484,2026-06-06,5,Excellent
222022,116250,10055,2025-03-24,5,Could be better
222023,93174,11344,2024-03-13,3,Very good
222024,96214,11195,2024-08-26,5,Good
222025,91853,10748,2025-04-12,4,Excellent
222026,110078,11438,2025-02-10,5,Could be better
222027,92151,13174,2025-03-14,5,Average
222028,105301,12911,2025-08-04,5,Excellent
222029,118861,10561,2025-06-27,3,Average
222030,108395,11136,2025-12-07,5,Average
222031,95070,13196,2026-08-11,4,Excellent
222032,103651,10459,2025-10-20,5,Poor quality
222033,103252,12235,2025-08-11,1,Poor quality
222034,113835,12591,2024-05-26,3,Good
222035,107284,11169,2026-02-20,3,Poor quality
222036,104080,10431,2024-03-31,4,Very good
222037,112143,11656,2024-06-13,2,Average
222038,113395,10925,2026-07-21,5,Could be better
222039,90713,12406,2026-07-28,5,Average
222040,94153,14579,2025-04-27,1,Excellent
222041,105889,12849,2024-08-21,5,Very good
222042,110258,11883,2024-02-19,4,Could be better
222043,120128,13270,2025-02-05,4,Excellent
222044,110193,10303,2025-04-18,4,Average
222045,120676,12249,2025-07-25,5,Excellent
222046,116675,12841,2024-10-24,4,Poor quality
222047,111145,13262,2025-09-25,4,Good
222048,117163,12936,2026-03-23,1,Excellent
222049,96859,11357,2025-09-01,2,Very good
222050,102346,11385,2024-12-14,5,Excellent
222051,105696,14547,2025-06-25,4,Poor quality
222052,109017,11065,2025-09-17,5,Poor quality
222053,109637,14402,2024-01-08,3,Good
222054,111367,12222,2026-06-10,3,Excellent
222055,94634,10515,2024-08-13,2,Good
222056,105603,12133,2025-06-23,2,Could be better
222057,99335,13054,2025-01-12,4,Poor quality
222058,98028,13143,2025-07-13,5,Could be better
222059,118075,10544,2025-09-14,5,Very good
222060,93757,11808,2024-08-22,5,Very good
222061,116184,11212,2025-01-10,4,Good
222062,120759,14255,2024-07-25,2,Excellent
222063,104540,14287,2026-06-06,1,Good
222064,99106,11760,2025-03-01,3,Poor quality
222065,112960,11125,2025-02-04,4,Could be better
222066,101168,10249,2024-12-22,5,Very good
222067,92494,11204,2025-04-25,5,Could be better
222068,108420,13759,2025-01-04,5,Could be better
222069,105801,11537,2026-08-23,1,Good
222070,92805,11758,2024-09-19,4,Average
222071,97709,13954,2024-04-15,2,Could be better
222072,110082,10598,2025-03-15,4,Poor quality
222073,111229,12657,2025-04-29,5,Excellent
222074,91217,10560,2026-06-30,4,Average
222075,119375,10400,2024-02-06,5,Good
222076,119557,10378,2025-10-31,3,Poor quality
222077,91132,11517,2025-05-06,5,Average
222078,112563,14950,2024-01-18,5,Very good
222079,111295,12068,2025-09-25,4,Could be better
222080,117929,12870,2025-06-06,5,Good
222081,98549,10304,2025-05-24,4,Excellent
222082,101357,12011,2024-08-09,5,Could be better
222083,109525,11680,2026-05-13,2,Good
222084,96931,12136,2026-03-29,5,Excellent
222085,117035,11605,2025-03-05,2,Excellent
222086,103531,14640,2024-12-30,3,Excellent
222087,114857,13625,2025-10-08,2,Excellent
222088,119427,14470,2025-07-18,5,Average
222089,103763,12871,2025-10-17,2,Good
222090,119052,11679,2024-07-14,5,Could be better
222091,91416,13497,2024-04-26,3,Very good
222092,90346,11442,2026-01-25,4,Poor quality
222093,120234,10424,2024-05-19,4,Could be better
222094,108520,12143,2024-11-07,4,Good
222095,107303,10636,2024-04-16,2,Poor quality
222096,95407,10538,2024-06-25,5,Poor quality
222097,112126,10351,2026-03-02,5,Could be better
222098,108432,11950,2024-10-16,4,Average
222099,120813,13847,2025-06-09,4,Average
222100,109331,12667,2025-10-11,5,Poor quality
222101,107843,10094,2025-09-02,3,Excellent
222102,101395,11776,2026-08-02,4,Poor quality
222103,114007,13054,2024-12-20,2,Could be better
222104,115445,10540,2026-01-06,4,Excellent
222105,112872,13078,2026-04-09,5,Good
222106,109426,11194,2024-09-19,5,Could be better
222107,96814,10466,2024-09-28,1,Good
222108,111104,12717,2026-07-16,4,Excellent
222109,95037,11691,2026-03-23,3,Could be better
222110,116485,11495,2026-06-01,3,Average
222111,103855,10277,2025-03-08,2,Poor quality
222112,101439,11032,2024-03-08,5,Average
222113,97686,10350,2024-05-15,3,Excellent
222114,113559,11126,2026-01-26,5,Average
222115,92539,12005,2024-02-12,3,Poor quality
222116,92160,12608,2026-02-16,3,Very good
222117,120656,11961,2026-04-03,5,Very good
222118,98358,10530,2024-10-15,5,Good
222119,113186,13821,2026-03-12,4,Good
222120,108534,10823,2025-03-22,5,Average
222121,119447,11911,2025-10-13,4,Very good
222122,114472,11536,2025-05-13,4,Could be better
222123,93218,10806,2025-09-04,5,Good
222124,108856,13147,2024-12-22,3,Very good
222125,109860,10529,2025-03-19,4,Average
222126,98853,14791,2026-06-30,4,Could be better
222127,119525,11790,2024-06-29,3,Poor quality
222128,116857,11282,2025-10-06,5,Good
222129,109075,11414,2025-03-28,3,Very good
222130,103863,13029,2025-06-26,5,Poor quality
222131,99504,12273,2026-06-10,3,Could be better
222132,100304,10010,2025-03-31,5,Very good
222133,107781,14482,2025-10-16,2,Average
222134,118986,11659,2025-09-16,4,Could be better
222135,112213,14235,2025-09-21,3,Very good
222136,100212,13022,2025-06-23,5,Poor quality
222137,102294,10915,2025-10-26,4,Average
222138,105613,10528,2026-08-02,5,Average
222139,104215,11051,2024-02-11,3,Good
222140,110348,11868,2025-12-12,4,Poor quality
222141,104992,12407,2026-05-09,4,Excellent
222142,119758,12591,2025-02-12,4,Very good
222143,101945,11433,2026-04-21,4,Good
222144,111760,13639,2026-01-01,2,Could be better
222145,94914,13448,2024-10-10,4,Excellent
222146,90123,13243,2025-05-21,3,Average
222147,91359,11259,2024-06-14,2,Excellent
222148,100396,12314,2025-02-16,4,Good
222149,100967,10179,2025-05-07,2,Poor quality
222150,91843,12250,2025-03-10,5,Excellent
222151,90175,12349,2026-04-27,3,Good
222152,94396,13180,2025-02-22,4,Very good
222153,120329,14652,2024-04-23,3,Very good
222154,112995,14152,2025-12-20,5,Very good
222155,112391,11078,2025-12-12,4,Poor quality
222156,116480,10622,2025-04-05,4,Excellent
222157,107558,13585,2024-03-03,5,Good
222158,120608,14484,2025-10-24,5,Excellent
222159,113044,11920,2024-08-06,4,Good
222160,105867,11231,2025-10-22,2,Excellent
222161,99379,12191,2025-09-27,4,Poor quality
222162,108426,10679,2024-10-09,4,Average
222163,120517,14931,2025-07-09,4,Excellent
222164,106403,14191,2024-05-10,5,Excellent
222165,116921,13584,2026-08-15,5,Very good
222166,94935,10687,2024-07-27,4,Average
222167,118977,12761,2025-06-29,2,Good
222168,101104,13564,2024-04-11,4,Good
222169,114796,12574,2024-06-04,4,Could be better
222170,98935,11969,2026-04-08,3,Could be better
222171,91214,11673,2025-06-11,5,Excellent
222172,95652,12376,2025-02-11,5,Poor quality
222173,97772,11741,2025-04-21,2,Poor quality
222174,115658,14474,2024-07-25,4,Very good
222175,90091,10953,2024-04-17,5,Good
222176,102671,10863,2025-07-01,2,Good
222177,107279,13256,2025-12-24,5,Excellent
222178,103267,10397,2026-05-30,4,Very good
222179,96491,10348,2026-06-16,5,Average
222180,93637,13948,2025-10-15,5,Could be better
222181,101890,11746,2026-05-19,1,Very good
222182,111420,11092,2025-01-08,4,Excellent
222183,106780,14561,2024-10-23,1,Could be better
222184,90177,12295,2024-08-19,3,Excellent
222185,105320,11877,2026-03-25,5,Could be better
222186,113998,12983,2024-10-07,4,Could be better
222187,90001,11745,2026-03-13,5,Very good
222188,93034,14961,2024-04-09,3,Very good
222189,93950,14222,2026-05-14,4,Good
222190,91837,13517,2026-06-19,5,Excellent
222191,96597,13945,2024-05-13,4,Good
222192,90008,13584,2025-09-12,5,Could be better
222193,97973,11841,2024-05-09,4,Very good
222194,93596,13473,2025-04-06,3,Excellent
222195,91822,13527,2025-01-19,3,Good
222196,99373,11774,2025-11-27,4,Good
222197,110326,12875,2026-03-21,5,Good
222198,94393,14766,2026-05-22,4,Poor quality
222199,117168,11000,2024-11-05,3,Poor quality
222200,106716,13950,2024-02-25,5,Average
222201,100966,10179,2025-04-01,5,Very good
222202,109476,14944,2024-10-04,1,Poor quality
222203,114130,14731,2024-01-31,3,Very good
222204,113656,14161,2026-03-24,5,Good
222205,102493,10374,2026-01-06,4,Could be better
222206,101574,14802,2025-07-19,4,Good
222207,91695,14560,2024-06-25,5,Could be better
222208,92889,14582,2024-03-16,5,Could be better
222209,100658,10410,2024-06-16,4,Could be better
222210,105965,11263,2026-08-16,4,Good
222211,116028,14474,2025-03-14,5,Poor quality
222212,95600,13413,2026-07-13,4,Average
222213,99657,13162,2025-09-16,4,Very good
222214,113690,11369,2024-11-22,3,Poor quality
222215,99484,12925,2025-09-29,3,Could be better
222216,115046,12945,2026-01-10,3,Very good
222217,105575,13809,2026-02-03,2,Excellent
222218,115949,11291,2026-03-29,2,Good
222219,97007,14877,2025-12-14,4,Poor quality
222220,99084,11763,2025-06-03,2,Could be better
222221,91581,14164,2024-01-10,4,Poor quality
222222,113857,10143,2024-05-16,4,Very good
222223,104391,13781,2026-04-01,4,Excellent
222224,104291,10928,2025-11-03,3,Average
222225,109886,13785,2025-08-06,4,Excellent
222226,119692,12781,2024-03-08,4,Good
222227,114108,10835,2024-09-06,4,Excellent
222228,113237,14042,2026-08-10,4,Poor quality
222229,90262,14754,2026-07-04,5,Could be better
222230,98808,11321,2024-03-30,5,Good
222231,115294,11039,2024-04-23,5,Poor quality
222232,114167,11808,2025-12-08,4,Poor quality
222233,90568,13032,2024-02-07,5,Average
222234,90477,10950,2024-02-07,4,Excellent
222235,106299,10380,2026-01-03,4,Could be better
222236,94048,14164,2026-07-21,3,Could be better
222237,102957,14825,2024-04-21,2,Excellent
222238,117376,10703,2026-01-24,2,Very good
222239,100860,11420,2025-07-17,5,Very good
222240,92255,12646,2025-10-13,5,Poor quality
222241,96349,14954,2026-06-13,4,Excellent
222242,96457,11995,2025-02-05,5,Poor quality
222243,104152,13358,2024-05-27,4,Very good
222244,119028,12055,2026-03-24,5,Average
222245,103462,11767,2024-01-23,1,Could be better
222246,109371,11263,2024-11-24,5,Average
222247,103108,12944,2024-08-15,4,Poor quality
222248,99968,11769,2025-01-30,5,Average
222249,113341,11293,2024-02-03,5,Good
222250,113258,14953,2025-10-27,5,Very good
222251,97461,14774,2026-01-24,4,Average
222252,92949,13407,2026-06-18,4,Poor quality
222253,120486,14528,2025-08-01,3,Average
222254,118319,11025,2024-01-09,2,Could be better
222255,112295,13070,2025-09-22,3,Very good
222256,118343,13993,2025-03-17,5,Average
222257,101167,10507,2024-05-16,1,Average
222258,107663,14670,2024-11-29,4,Good
222259,112619,13531,2024-11-06,3,Average
222260,91656,12548,2026-06-09,5,Poor quality
222261,113745,10339,2025-06-20,1,Could be better
222262,98013,12558,2024-03-17,5,Average
222263,98559,14235,2024-04-30,5,Very good
222264,90339,10818,2025-10-01,4,Excellent
222265,120511,13434,2024-11-15,2,Poor quality
222266,97298,13837,2025-07-28,4,Could be better
222267,97116,10959,2024-01-03,5,Average
222268,92796,10443,2024-04-05,5,Very good
222269,93193,14818,2024-07-19,3,Average
222270,100194,12990,2026-08-23,5,Excellent
222271,107727,11803,2025-05-01,1,Could be better
222272,116893,14279,2026-08-10,4,Poor quality
222273,119806,12097,2025-07-02,4,Average
222274,99557,13252,2025-01-06,5,Could be better
222275,95819,12698,2025-07-18,2,Excellent
222276,118669,11957,2026-02-02,5,Good
222277,120381,11451,2024-11-28,5,Could be better
222278,103021,14340,2024-07-09,5,Very good
222279,116982,14890,2024-07-16,3,Could be better
222280,112919,10675,2025-10-20,3,Could be better
222281,102454,13869,2026-08-23,3,Could be better
222282,103134,12797,2024-06-02,3,Excellent
222283,96170,10137,2024-07-31,5,Could be better
222284,93306,14380,2024-03-29,5,Average
222285,98380,13840,2025-07-20,2,Good
222286,110448,13509,2024-12-15,3,Excellent
222287,113075,11632,2025-12-26,5,Could be better
222288,105906,14044,2026-05-31,5,Excellent
222289,92356,10863,2024-12-30,1,Could be better
222290,117292,11081,2026-08-15,5,Very good
222291,96780,14001,2026-03-05,4,Poor quality
222292,110624,12045,2025-09-05,3,Could be better
222293,94797,13041,2024-05-20,5,Good
222294,91903,14908,2025-12-09,3,Good
222295,112564,12058,2024-03-22,4,Good
222296,103359,13280,2025-05-07,3,Good
222297,92426,10064,2025-05-30,3,Could be better
222298,118603,13749,2026-02-20,5,Poor quality
222299,93834,10285,2025-10-03,2,Good
222300,106607,13839,2025-03-17,5,Average
222301,91465,10410,2024-11-24,3,Could be better
222302,119993,13452,2024-03-10,4,Poor quality
222303,111336,13845,2025-06-13,5,Could be better
222304,102229,13521,2024-05-08,5,Poor quality
222305,94313,10150,2026-03-08,4,Could be better
222306,118315,13819,2026-07-03,5,Could be better
222307,101269,14642,2025-09-04,5,Could be better
222308,105710,14414,2025-06-25,3,Poor quality
222309,109730,14273,2024-01-28,3,Very good
222310,106937,14510,2024-12-29,3,Poor quality
222311,96395,11809,2024-08-02,3,Good
222312,96530,14301,2025-10-17,4,Good
222313,91338,12944,2026-08-20,5,Average
222314,103842,14963,2025-09-09,4,Poor quality
222315,116704,14929,2024-12-20,5,Poor quality
222316,102884,13986,2024-03-20,1,Average
222317,101263,10290,2024-06-20,5,Poor quality
222318,111010,13601,2024-01-02,2,Could be better
222319,92952,14309,2024-03-01,3,Could be better
222320,120479,13167,2025-01-14,1,Good
222321,100769,10421,2025-11-12,5,Could be better
222322,103481,11469,2024-06-21,4,Average
222323,104255,10115,2026-03-11,5,Could be better
222324,92168,11309,2024-11-10,5,Good
222325,100919,13098,2025-11-26,5,Excellent
222326,100915,13531,2025-04-10,1,Very good
222327,112261,10161,2024-12-15,3,Good
222328,102079,12010,2025-06-09,4,Average
222329,114009,11035,2025-01-24,3,Could be better
222330,98247,13583,2026-08-06,4,Excellent
222331,100005,14706,2025-06-26,5,Very good
222332,113625,10173,2025-07-18,2,Could be better
222333,120807,13275,2024-08-29,4,Average
222334,112042,12730,2024-10-22,5,Good
222335,107977,13244,2026-07-31,4,Excellent
222336,117623,12905,2025-12-26,5,Poor quality
222337,92739,14452,2025-09-29,4,Could be better
222338,95087,10351,2026-04-09,2,Poor quality
222339,91453,12773,2026-07-17,5,Average
222340,112338,12287,2024-12-16,1,Excellent
222341,109884,13325,2024-09-08,5,Excellent
222342,102222,14905,2026-04-28,1,Average
222343,105878,13077,2025-04-01,4,Poor quality
222344,115861,12547,2024-11-13,5,Very good
222345,100851,12315,2025-08-05,5,Good
222346,116217,12953,2024-02-12,4,Could be better
222347,102646,13770,2025-09-11,5,Excellent
222348,112541,10432,2025-12-20,4,Could be better
222349,114528,12771,2025-08-26,4,Poor quality
222350,101299,12803,2026-01-06,3,Very good
222351,90020,10942,2024-02-25,4,Average
222352,107339,14676,2024-12-08,4,Poor quality
222353,95515,11299,2026-01-08,5,Poor quality
222354,105326,10791,2024-05-18,4,Very good
222355,92218,11985,2025-12-29,3,Excellent
222356,105089,14752,2025-10-08,3,Good
222357,110132,13540,2024-10-23,5,Could be better
222358,101006,11371,2024-12-12,5,Good
222359,96276,10114,2025-03-31,3,Excellent
222360,97255,10349,2025-09-03,4,Average
222361,92349,14809,2025-07-22,4,Could be better
222362,98729,10598,2025-02-13,1,Very good
222363,90800,13582,2024-04-28,5,Excellent
222364,92282,12714,2025-09-17,5,Could be better
222365,94874,11008,2025-06-06,5,Average
222366,92006,13408,2024-07-17,3,Poor quality
222367,109323,14515,2024-06-16,5,Excellent
222368,99103,14913,2024-02-04,5,Poor quality
222369,120879,11154,2026-02-04,2,Could be better
222370,94199,11318,2024-04-17,3,Excellent
222371,106149,13437,2024-03-24,5,Very good
222372,120441,10068,2026-01-08,5,Average
222373,116412,10745,2025-10-17,4,Good
222374,94187,14242,2024-07-12,4,Very good
222375,117416,10814,2024-04-15,5,Very good
222376,108971,10884,2025-10-28,5,Very good
222377,107264,14551,2026-02-12,4,Good
222378,100214,11484,2025-03-26,5,Poor quality
222379,109254,14132,2026-07-20,5,Could be better
222380,116990,12080,2024-03-11,5,Excellent
222381,109744,14448,2025-11-24,5,Very good
222382,105176,10928,2025-05-02,2,Average
222383,96905,13789,2026-08-10,5,Average
222384,90300,14668,2024-05-20,5,Very good
222385,117140,12479,2026-08-24,4,Poor quality
222386,102557,12551,2024-05-30,5,Good
222387,99527,13434,2024-01-06,5,Could be better
222388,93241,10189,2026-07-18,5,Very good
222389,100129,14693,2025-12-09,4,Excellent
222390,117427,11733,2024-09-19,3,Very good
222391,90907,12075,2025-11-03,5,Excellent
222392,95499,10653,2026-05-18,3,Average
222393,91473,14074,2025-08-25,5,Could be better
222394,100114,12313,2024-03-27,4,Poor quality
222395,97875,13295,2024-12-12,5,Average
222396,102218,14534,2024-02-23,5,Could be better
222397,106600,10713,2024-11-05,4,Very good
222398,110736,12142,2026-05-10,4,Excellent
222399,106766,13173,2024-03-19,5,Good
222400,116611,11105,2025-07-27,5,Good
222401,98902,13992,2025-12-07,3,Poor quality
222402,111174,13398,2026-07-22,1,Good
222403,103118,11972,2026-07-25,3,Average
222404,113212,12299,2024-06-21,5,Average
222405,90435,12610,2025-03-25,5,Very good
222406,106313,12638,2024-04-12,3,Very good
222407,103002,12648,2025-09-27,2,Could be better
222408,98443,10582,2025-12-27,2,Very good
222409,105292,11261,2025-05-28,1,Average
222410,105267,14619,2025-09-01,3,Poor quality
222411,91979,11622,2025-04-22,4,Good
222412,102297,10676,2025-05-15,4,Poor quality
222413,90852,12109,2026-04-02,4,Very good
222414,110425,11085,2025-04-08,4,Very good
222415,101438,10864,2025-11-09,5,Average
222416,118141,14071,2026-02-16,5,Could be better
222417,116913,13518,2024-03-30,5,Very good
222418,116676,14391,2025-10-09,5,Good
222419,100365,14980,2025-01-18,4,Average
222420,101888,14103,2025-01-05,4,Excellent
222421,113841,11207,2024-04-22,4,Average
222422,103521,14711,2025-01-22,4,Good
222423,93751,13026,2024-03-15,5,Average
222424,96588,12179,2025-04-01,1,Could be better
222425,99886,12425,2024-11-06,3,NULL
222426,106448,12960,2026-07-22,4,Good
222427,112998,11047,2024-07-23,4,Average
222428,107575,12661,2024-02-24,1,Average
222429,120630,10488,2024-10-22,4,Average
222430,105430,10160,2026-07-16,4,Poor quality
222431,90476,11603,2024-04-12,4,Very good
222432,117352,11252,2025-11-14,1,Poor quality
222433,91514,11751,2025-11-29,5,Could be better
222434,105683,14265,2024-06-29,1,Good
222435,92040,12188,2026-02-13,4,Excellent
222436,120598,11090,2026-03-08,3,Very good
222437,108885,10062,2026-04-11,5,Could be better
222438,97819,11170,2026-08-20,2,Could be better
222439,120386,12938,2024-01-05,5,Good
222440,92596,13542,2025-08-17,3,Average
222441,93603,14224,2025-12-25,5,Good
222442,102946,10243,2025-03-03,1,Average
222443,93253,12106,2025-03-16,3,Average
222444,102333,14206,2026-06-08,4,Very good
222445,116170,10982,2024-01-10,5,Poor quality
222446,104722,12931,2025-10-01,4,Excellent
222447,118464,10433,2024-12-17,5,Could be better
222448,108417,12024,2024-02-25,5,Average
222449,98682,12832,2026-07-21,5,Average
222450,98161,11741,2025-08-07,4,Could be better
222451,98517,13871,2025-03-25,5,Very good
222452,118087,11591,2025-04-09,3,Could be better
222453,116072,13666,2025-12-13,5,Good
222454,109663,12774,2025-07-14,4,Poor quality
222455,96735,14940,2024-05-19,3,Good
222456,106078,12211,2024-08-09,2,Average
222457,104164,11521,2024-11-20,3,Good
222458,115402,14444,2024-10-25,3,Poor quality
222459,120286,10103,2024-04-13,4,Very good
222460,109639,10558,2024-05-17,5,Excellent
222461,111298,14147,2024-02-09,5,Could be better
222462,120700,14287,2026-02-05,4,Excellent
222463,116116,14399,2024-02-08,4,Excellent
222464,102740,11909,2024-05-28,5,Good
222465,101352,14086,2024-07-14,5,Very good
222466,113141,14938,2025-04-13,5,Poor quality
222467,107576,12661,2024-06-28,5,Excellent
222468,91251,10178,2025-04-08,3,Excellent
222469,99853,12050,2024-08-11,2,Good
222470,96694,12517,2024-09-10,4,Poor quality
222471,116521,13093,2025-03-14,5,Very good
222472,98106,11742,2026-04-20,4,Excellent
222473,109510,10658,2025-11-15,3,Excellent
222474,120701,12460,2024-08-03,4,Very good
222475,115718,12088,2024-09-25,5,Very good
222476,97268,13263,2025-12-03,4,Excellent
222477,113200,13615,2025-03-08,3,Poor quality
222478,114881,13478,2025-06-11,5,Excellent
222479,98085,12340,2024-05-05,5,Could be better
222480,116065,14380,2026-02-02,2,Could be better
222481,104607,14480,2024-07-18,3,Could be better
222482,108210,10522,2024-02-28,4,Average
222483,90845,10203,2025-10-22,3,Very good
222484,107546,14661,2026-03-22,5,Excellent
222485,118538,13470,2024-05-05,5,Poor quality
222486,109405,13279,2026-06-16,5,Excellent
222487,119162,13025,2025-04-05,5,Good
222488,94343,13171,2025-08-04,4,Excellent
222489,102626,14150,2025-02-16,5,Could be better
222490,110745,12541,2024-09-09,2,Very good
222491,118346,13000,2025-02-25,4,Average
222492,118444,12630,2024-08-08,5,Poor quality
222493,102062,11754,2026-07-20,5,Very good
222494,101338,10184,2024-01-28,4,Very good
222495,113759,13775,2025-07-06,5,Good
222496,95501,14702,2025-04-16,4,Very good
222497,117271,12428,2026-01-17,4,Good
222498,100268,14042,2025-02-03,5,Excellent
222499,97679,11504,2025-09-27,5,Good
222500,116540,11014,2026-03-22,4,Average
222501,90576,12397,2026-03-08,4,Very good
222502,98465,14286,2026-03-11,3,Poor quality
222503,112584,14866,2024-05-01,1,Average
222504,96817,13338,2025-05-20,4,Poor quality
222505,96514,14740,2025-12-23,5,Poor quality
222506,93120,11010,2025-06-25,5,Poor quality
222507,99773,10118,2026-06-10,5,Good
222508,96575,12372,2025-04-01,3,Good
222509,106151,12774,2025-03-18,4,Poor quality
222510,119941,10936,2026-08-09,4,Poor quality
222511,95107,11478,2024-01-11,3,Average
222512,108691,14449,2026-08-09,4,Very good
222513,106450,10342,2025-09-18,5,Good
222514,112667,12661,2026-03-22,5,Could be better
222515,96037,14430,2026-04-11,5,Excellent
222516,99549,14789,2024-01-06,4,Could be better
222517,91206,10053,2025-02-12,4,Very good
222518,115112,12647,2024-03-17,5,Excellent
222519,97073,12599,2025-04-13,3,Average
222520,93059,13750,2025-11-08,5,Average
222521,101985,11627,2025-10-28,3,Could be better
222522,117490,13388,2024-04-09,3,Very good
222523,91315,14183,2024-05-29,4,Average
222524,119748,14482,2024-11-16,5,Good
222525,97662,11502,2025-05-27,4,Excellent
222526,92954,12365,2026-05-29,5,Excellent
222527,90039,13692,2026-05-30,3,Good
222528,118969,11097,2024-01-01,2,Very good
222529,106566,13364,2025-12-23,4,Excellent
222530,95154,12700,2025-02-22,3,Very good
222531,114729,10725,2026-03-27,3,Very good
222532,99965,14261,2026-08-12,5,Good
222533,113893,12248,2024-05-19,1,Average
222534,117004,10135,2024-02-11,3,Very good
222535,108777,13614,2026-03-20,5,Average
222536,98075,10556,2025-02-01,4,Excellent
222537,120209,14001,2026-07-29,4,Average
222538,111843,12899,2024-11-28,5,Average
222539,103152,12658,2024-08-10,5,Average
222540,106882,10443,2025-03-18,5,Very good
222541,112488,11094,2025-03-07,5,Average
222542,106004,13693,2024-07-10,2,Good
222543,103000,12648,2026-02-13,5,Average
222544,119361,11919,2024-12-13,3,Could be better
222545,119119,14974,2024-03-31,5,Could be better
222546,106008,11739,2024-10-18,4,Excellent
222547,106805,10780,2025-02-12,5,Could be better
222548,97340,14967,2024-10-02,5,Could be better
222549,100023,13721,2026-07-01,4,Could be better
222550,102282,13069,2026-05-25,4,Average
222551,107023,14525,2024-09-08,3,Could be better
222552,94364,11525,2024-12-09,5,Average
222553,101383,11678,2024-06-21,5,Average
222554,91556,10137,2024-11-23,4,Good
222555,109873,12786,2025-11-15,3,Excellent
222556,118337,12665,2026-01-08,3,Good
222557,90789,10500,2024-08-21,4,Poor quality
222558,113733,14862,2025-06-16,5,Could be better
222559,94491,10240,2024-10-31,5,Could be better
222560,95984,14528,2026-04-09,1,Very good
222561,110099,13987,2026-08-11,5,Very good
222562,102324,13587,2025-01-01,4,Excellent
222563,93250,11700,2024-09-07,4,Poor quality
222564,99385,11364,2026-02-21,5,Poor quality
222565,104871,11753,2026-04-17,3,Good
222566,112858,10220,2025-08-24,5,Poor quality
222567,105425,11590,2026-01-16,4,Average
222568,117509,10509,2024-08-12,5,Good
222569,110043,14094,2026-02-28,5,Average
222570,90561,14905,2025-06-04,2,Good
222571,99208,11163,2026-07-13,4,Very good
222572,116616,10615,2025-01-07,3,Poor quality
222573,103618,11507,2025-04-06,5,Poor quality
222574,99545,10199,2024-12-21,3,Good
222575,119400,11631,2025-01-07,3,Very good
222576,113788,14803,2025-12-01,4,Excellent
222577,95715,10628,2024-10-22,4,Could be better
222578,95193,13619,2024-08-20,4,Very good
222579,101693,11332,2026-03-18,3,Poor quality
222580,99525,12240,2025-08-08,2,Very good
222581,98507,14794,2025-03-10,4,Very good
222582,103998,13220,2024-02-13,3,Good
222583,100470,10356,2024-10-11,4,Average
222584,117053,13114,2026-03-11,5,Very good
222585,101138,13182,2025-06-06,1,Poor quality
222586,98599,10673,2026-03-21,4,Could be better
222587,119484,12988,2026-07-06,5,Poor quality
222588,107571,13741,2025-07-25,1,Very good
222589,110270,11700,2025-10-16,5,Poor quality
222590,111345,10420,2024-06-01,5,Could be better
222591,119585,12751,2024-03-12,3,Average
222592,113004,11100,2026-03-26,4,Excellent
222593,120113,12968,2025-11-20,4,Average
222594,107556,12398,2026-04-17,5,Very good
222595,112078,13489,2024-03-29,4,Could be better
222596,118379,13725,2026-03-11,3,Poor quality
222597,101892,10207,2025-09-10,4,Average
222598,94402,12477,2026-08-20,4,Could be better
222599,92326,14439,2026-02-02,4,Good
222600,95703,12752,2024-08-25,4,Very good
222601,97463,13190,2025-08-10,5,Excellent
222602,113832,14392,2024-01-14,5,Poor quality
222603,117656,12776,2024-02-24,4,Could be better
222604,98227,12297,2026-06-27,4,Could be better
222605,91320,14637,2024-05-31,5,Average
222606,107711,11463,2025-02-27,1,Excellent
222607,97920,11323,2024-05-22,4,Average
222608,92612,13915,2025-05-20,4,Very good
222609,102939,11207,2025-11-05,4,Excellent
222610,119486,13818,2024-02-15,5,Very good
222611,93286,11475,2025-07-30,4,Poor quality
222612,106444,11832,2025-01-07,4,Average
222613,100878,13229,2024-06-02,2,Could be better
222614,107868,11401,2025-11-12,5,Excellent
222615,103543,14211,2026-03-20,5,Poor quality
222616,95031,11802,2024-02-16,5,Very good
222617,108241,10028,2024-01-14,4,Poor quality
222618,100729,13158,2025-05-24,5,Very good
222619,115864,12067,2026-01-25,3,Poor quality
222620,104045,12579,2026-08-23,1,Excellent
222621,114981,13077,2026-08-27,1,Excellent
222622,92403,12085,2024-10-01,5,Good
222623,117615,12425,2025-01-29,4,Very good
222624,104271,13853,2024-04-03,3,Could be better
222625,112790,11192,2024-06-10,4,Very good
222626,114968,14044,2025-07-06,3,Poor quality
222627,96705,14188,2025-12-18,5,Good
222628,93969,11647,2024-03-23,5,Excellent
222629,112695,10802,2025-11-30,4,Could be better
222630,118244,11730,2024-11-30,4,Could be better
222631,117009,12712,2024-10-21,2,Good
222632,103574,12511,2025-10-23,2,Excellent
222633,111343,14843,2025-01-12,5,Poor quality
222634,98284,12157,2025-02-23,3,Average
222635,104207,13639,2026-05-25,4,Poor quality
222636,94339,10166,2024-08-17,3,Excellent
222637,117580,13111,2025-10-08,5,Good
222638,115631,13742,2026-07-01,3,Good
222639,119156,10164,2024-07-31,4,Very good
222640,100453,14938,2024-05-09,4,Excellent
222641,111590,14671,2026-02-16,1,Poor quality
222642,106125,10453,2025-08-20,5,Could be better
222643,98570,13543,2025-11-06,5,Very good
222644,111899,13694,2026-05-09,5,Average
222645,105987,10953,2025-11-23,2,Could be better
222646,95554,10062,2025-11-05,4,Good
222647,98782,11201,2024-04-25,5,Good
222648,104100,11251,2026-02-20,5,Very good
222649,95376,13728,2025-11-18,2,Excellent
222650,97209,11769,2024-09-22,4,Good
222651,98502,14545,2025-04-29,3,Good
222652,113084,10384,2024-03-12,5,Average
222653,120642,12733,2025-06-28,3,Could be better
222654,96404,13493,2026-07-25,4,Average
222655,102889,10845,2025-08-05,3,Average
222656,104451,14401,2025-11-06,3,Good
222657,104935,14436,2026-03-03,3,Very good
222658,113052,11521,2025-02-12,4,Excellent
222659,115058,14985,2025-04-20,4,Very good
222660,109661,14783,2026-01-21,2,Average
222661,118161,14479,2026-04-24,4,Poor quality
222662,115460,12902,2025-01-27,4,Excellent
222663,120530,11472,2024-08-21,4,NULL
222664,111386,10730,2024-06-12,4,Could be better
222665,90153,11793,2024-06-12,5,Good
222666,103159,14009,2024-11-24,4,Good
222667,118550,14425,2026-01-19,2,NULL
222668,115521,14545,2024-08-13,5,Very good
222669,119543,14842,2024-02-18,3,Average
222670,93355,10827,2025-02-26,4,Very good
222671,106682,13985,2025-01-30,4,Could be better
222672,120721,13614,2025-08-15,3,Could be better
222673,113303,13239,2025-10-31,4,Poor quality
222674,92610,10110,2026-03-20,1,Average
222675,112393,10084,2026-05-17,5,Excellent
222676,95830,11694,2025-07-18,5,Very good
222677,114313,12637,2026-06-12,2,Could be better
222678,90625,14533,2025-01-13,3,Very good
222679,98220,11057,2024-07-20,3,Could be better
222680,91830,13146,2024-04-27,3,Average
222681,91226,11824,2024-09-12,2,Very good
222682,116052,14561,2025-04-07,5,Could be better
222683,102361,11353,2026-06-25,3,Good
222684,92290,12064,2026-03-03,3,Good
222685,110538,11888,2024-03-11,5,Could be better
222686,107331,13845,2025-07-29,5,Very good
222687,96961,13160,2025-12-15,5,Good
222688,111937,13096,2026-01-28,5,Could be better
222689,101618,11487,2025-10-10,5,Average
222690,112968,10341,2026-03-26,4,Good
222691,92389,13123,2025-07-11,5,Good
222692,109432,10213,2026-01-23,4,Good
222693,104899,10244,2025-07-05,5,Excellent
222694,94416,12125,2024-06-26,5,Poor quality
222695,112706,14202,2026-01-31,4,Average
222696,117412,14974,2024-08-07,5,Average
222697,104952,13196,2024-12-25,4,Excellent
222698,101141,13454,2024-04-25,5,Good
222699,101865,12449,2024-09-30,2,Could be better
222700,93893,10498,2024-08-17,4,Average
222701,94076,14197,2024-12-01,3,Could be better
222702,103411,11155,2026-01-05,5,Average
222703,90005,11656,2024-12-13,5,Very good
222704,118973,11441,2026-02-08,4,Very good
222705,91752,13908,2025-11-29,5,NULL
222706,104990,12901,2026-01-23,4,Poor quality
222707,103988,10780,2024-01-12,4,Poor quality
222708,118442,10001,2026-01-02,5,Poor quality
222709,99712,12454,2024-05-11,5,Good
222710,104456,14878,2024-01-08,4,Poor quality
222711,101591,10349,2025-11-24,4,Good
222712,116590,13033,2025-11-19,4,Poor quality
222713,120377,10766,2025-02-25,3,Good
222714,117372,10986,2025-07-25,5,Average
222715,110985,12372,2024-06-13,4,Average
222716,115995,11484,2025-12-02,4,Poor quality
222717,95731,10727,2026-04-07,5,Good
222718,109662,10242,2025-11-14,4,Could be better
222719,92698,10018,2026-03-17,2,Average
222720,118596,10091,2025-09-10,4,Average
222721,93380,14822,2026-03-23,5,Could be better
222722,114406,12723,2024-10-24,4,Very good
222723,99142,12522,2024-12-05,5,Excellent
222724,91918,11744,2026-04-09,5,Excellent
222725,118047,13644,2026-06-23,3,Average
222726,114062,12470,2026-07-26,4,Very good
222727,120006,13512,2024-07-21,3,Could be better
222728,93336,11666,2026-06-26,1,Poor quality
222729,108958,13099,2024-01-05,5,Poor quality
222730,117699,12150,2025-01-02,4,Poor quality
222731,101034,14499,2026-05-15,5,Good
222732,107465,10562,2026-05-09,3,Could be better
222733,115490,11532,2024-04-11,4,Excellent
222734,100610,12910,2025-04-21,3,Poor quality
222735,91110,10720,2024-11-08,2,Good
222736,115461,12902,2025-06-29,5,Good
222737,94557,11001,2025-12-31,3,Average
222738,93233,11984,2025-09-26,3,Very good
222739,96696,12517,2026-06-19,4,Poor quality
222740,112464,11608,2026-03-05,3,Excellent
222741,106856,13860,2024-10-10,5,Excellent
222742,99350,12540,2025-09-21,1,Excellent
222743,118332,13049,2026-08-02,5,Very good
222744,105868,10096,2024-02-11,5,Good
222745,113236,14042,2025-09-06,1,Poor quality
222746,90015,14790,2025-08-12,3,Excellent
222747,114638,12098,2026-01-14,5,Average
222748,97149,11209,2024-04-15,5,Good
222749,110525,11151,2024-07-11,5,Poor quality
222750,115575,14794,2025-03-20,5,Excellent
222751,102904,14906,2026-03-08,4,Excellent
222752,93085,11172,2026-05-25,4,Could be better
222753,117729,11071,2025-03-09,5,Very good
222754,117080,10936,2025-03-20,5,Good
222755,95912,10119,2024-01-10,3,Very good
222756,91115,11088,2024-03-11,3,Good
222757,97903,11225,2024-02-17,5,Good
222758,111075,12232,2024-07-06,4,Very good
222759,100637,14615,2024-07-31,4,Poor quality
222760,117556,10801,2024-08-25,4,Poor quality
222761,96152,13134,2026-01-02,4,Could be better
222762,116339,14512,2025-07-30,3,Poor quality
222763,109263,13323,2026-01-27,4,Poor quality
222764,91061,10718,2024-10-17,2,Very good
222765,98898,14848,2024-04-21,5,Could be better
222766,91798,10766,2024-11-28,5,Could be better
222767,120852,11498,2025-06-07,2,Good
222768,92817,11040,2024-06-13,5,Excellent
222769,95483,12138,2025-06-09,3,Good
222770,120619,11465,2025-06-04,5,Good
222771,90131,13672,2024-12-30,5,Excellent
222772,105624,12538,2024-12-10,3,Poor quality
222773,106515,13881,2024-02-28,3,Very good
222774,96919,10430,2025-06-20,4,Good
222775,91104,13795,2026-06-16,5,Poor quality
222776,108459,11954,2024-06-19,5,Average
222777,114911,14848,2024-01-21,5,Average
222778,90678,13969,2024-12-11,4,Could be better
222779,92979,14134,2025-01-07,4,Good
222780,111745,11577,2026-07-09,4,Good
222781,113616,12451,2026-06-17,1,Good
222782,118063,11850,2026-04-18,5,Average
222783,97301,10046,2024-10-28,3,Excellent
222784,98525,10605,2025-08-27,5,Very good
222785,98745,12471,2025-07-13,5,Could be better
222786,100131,13915,2026-05-04,4,Average
222787,118245,11730,2026-06-12,4,Average
222788,106957,11580,2024-03-01,2,Excellent
222789,113888,11536,2024-02-25,5,Poor quality
222790,107747,14975,2024-04-12,5,Could be better
222791,111284,11089,2025-01-23,5,Very good
222792,109044,13358,2024-02-16,1,Average
222793,111396,14233,2024-06-12,4,Average
222794,101773,11717,2024-07-29,1,Very good
222795,104336,13769,2025-02-22,5,Excellent
222796,93939,11358,2025-03-22,4,Poor quality
222797,97248,12685,2025-12-15,3,Excellent
222798,108051,10134,2026-08-25,3,Good
222799,102668,13232,2025-07-25,4,Good
222800,103279,10467,2026-01-15,4,Could be better
222801,103614,12067,2024-03-04,5,Poor quality
222802,109069,12229,2024-01-13,3,Average
222803,117617,11621,2024-06-01,4,Poor quality
222804,107360,11511,2024-10-07,1,Average
222805,110521,13848,2026-02-21,3,Very good
222806,98977,14846,2025-06-18,3,Good
222807,102859,12562,2025-02-16,5,Very good
222808,118563,14444,2025-11-01,3,Poor quality
222809,99533,13299,2025-01-15,5,Excellent
222810,99427,14645,2024-12-07,2,Good
222811,99492,14897,2024-08-06,4,Poor quality
222812,113330,10856,2025-03-05,4,Excellent
222813,109704,14988,2026-02-22,3,Excellent
222814,109452,10965,2024-09-15,4,Very good
222815,116747,12401,2024-04-04,3,Poor quality
222816,95710,12478,2025-05-17,4,Very good
222817,112408,14350,2024-10-19,3,Good
222818,95477,13553,2026-01-21,4,Average
222819,109694,11418,2024-02-21,5,Good
222820,95927,11811,2025-07-23,3,Poor quality
222821,94592,13157,2025-12-05,4,Poor quality
222822,113389,12334,2025-10-02,4,Good
222823,120125,11936,2026-06-21,5,Excellent
222824,117512,13956,2025-12-09,4,Average
222825,92214,14094,2025-12-08,2,Very good
222826,108067,11001,2024-02-14,5,Very good
222827,94140,13386,2025-05-07,5,Very good
222828,108865,14014,2024-09-10,4,Very good
222829,102548,12971,2025-10-05,5,Very good
222830,110426,11356,2024-12-28,3,Excellent
222831,114479,12853,2024-02-14,4,Average
222832,112673,11375,2025-05-09,5,Good
222833,113860,14530,2024-09-10,2,Good
222834,98245,11429,2026-04-27,4,Poor quality
222835,114181,11215,2026-04-12,4,Very good
222836,98600,10673,2025-02-28,3,Very good
222837,114662,11103,2026-02-13,4,Very good
222838,101351,14086,2024-11-04,5,Average
222839,103303,11301,2024-04-23,5,Average
222840,91261,14634,2024-11-16,5,Excellent
222841,113374,12683,2026-01-13,4,Good
222842,99521,14147,2025-05-16,5,Excellent
222843,98787,11894,2025-11-20,5,Good
222844,95219,11796,2025-02-06,4,Very good
222845,103038,12023,2024-09-27,4,Poor quality
222846,92568,10145,2024-06-26,2,Average
222847,106948,12746,2024-05-05,4,Average
222848,102513,13787,2024-03-02,3,Good
222849,92608,11500,2024-11-25,4,Average
222850,114710,11474,2025-08-02,3,Good
222851,102387,11227,2026-01-10,4,Average
222852,90532,12706,2026-01-11,5,Average
222853,119437,14530,2024-02-14,4,Average
222854,103786,13570,2024-11-05,5,Good
222855,102010,12622,2024-07-06,1,Could be better
222856,106220,11328,2024-09-28,4,Poor quality
222857,94054,10981,2024-02-02,5,Excellent
222858,110130,10990,2024-10-26,4,Average
222859,100817,10875,2026-05-22,5,Good
222860,113843,10284,2024-09-26,5,Excellent
222861,102782,13665,2024-11-05,3,Average
222862,97201,11277,2024-11-07,4,Excellent
222863,95317,11483,2025-05-26,5,Poor quality
222864,115224,10005,2024-09-02,5,Poor quality
222865,117736,10602,2024-05-04,4,Poor quality
222866,109616,11374,2024-02-04,5,Very good
222867,112404,10282,2024-02-02,3,Excellent
222868,118022,10829,2024-08-18,4,Very good
222869,111694,12647,2026-02-03,4,Poor quality
222870,104911,10723,2025-06-15,2,Excellent
222871,99836,13347,2024-10-08,4,Average
222872,118061,13697,2024-07-05,4,Excellent
222873,113432,11365,2024-05-13,5,Average
222874,114707,14538,2024-10-25,2,Poor quality
222875,115057,11121,2025-08-28,5,Poor quality
222876,91993,13040,2025-11-27,4,Good
222877,105376,13940,2025-05-04,4,Good
222878,98667,10366,2026-02-22,4,Average
222879,96106,14686,2024-02-11,3,Excellent
222880,92619,10188,2024-10-26,3,Poor quality
222881,91819,11035,2026-03-25,4,Good
222882,117273,12428,2025-06-14,3,Very good
222883,94564,14760,2024-10-18,5,Could be better
222884,118880,11122,2025-03-08,5,Excellent
222885,116105,13920,2026-06-12,3,Very good
222886,94698,10346,2026-06-17,5,Poor quality
222887,113428,12320,2025-09-17,2,Average
222888,92962,14675,2025-11-07,1,Very good
222889,115047,12945,2025-12-12,3,Good
222890,99795,10170,2026-07-15,3,Excellent
222891,99189,14703,2024-02-27,5,Could be better
222892,116317,13592,2025-03-18,5,Average
222893,95713,10144,2025-01-22,4,Excellent
222894,109632,13997,2026-03-24,4,Could be better
222895,93885,14900,2024-04-24,1,Excellent
222896,118342,13993,2025-06-28,3,Very good
222897,95568,14847,2026-08-08,4,Excellent
222898,96161,14374,2026-05-25,2,Poor quality
222899,106362,13264,2024-10-15,4,Average
222900,108436,13505,2024-11-11,5,Average
222901,110269,12789,2024-05-06,1,Excellent
222902,110682,14024,2025-01-15,5,Average
222903,91234,14630,2024-04-18,5,Could be better
222904,110610,10533,2024-09-19,5,Could be better
222905,90247,14866,2025-07-25,5,Average
222906,100483,11287,2026-05-18,5,Excellent
222907,112113,12064,2025-06-29,5,Excellent
222908,91989,12682,2025-02-05,3,Very good
222909,117816,13077,2024-09-15,5,Could be better
222910,105151,14508,2026-03-13,2,Could be better
222911,97300,11503,2026-05-21,4,Good
222912,104194,10330,2025-01-18,3,Could be better
222913,98859,14423,2026-04-24,4,Could be better
222914,100088,11604,2025-10-01,4,Poor quality
222915,96834,10919,2024-05-16,4,Average
222916,113101,11738,2025-08-18,5,Could be better
222917,103879,12432,2024-09-01,3,Very good
222918,90408,13595,2024-07-02,4,Could be better
222919,117392,13437,2026-04-13,1,Good
222920,99468,12281,2026-08-01,3,Excellent
222921,120435,13289,2024-03-12,2,Average
222922,103711,13334,2025-04-03,5,Poor quality
222923,105629,11782,2024-06-30,5,Poor quality
222924,119803,14333,2024-01-24,1,Good
222925,96870,11710,2024-01-24,1,Poor quality
222926,103583,11172,2025-12-07,4,Very good
222927,110388,13272,2025-07-21,5,Good
222928,102298,12788,2024-06-06,5,Could be better
222929,120820,13558,2025-02-11,3,Very good
222930,96383,13085,2025-04-16,4,Poor quality
222931,93548,12416,2025-08-05,5,Good
222932,109359,13278,2025-02-10,2,Could be better
222933,120110,10126,2026-04-22,5,Poor quality
222934,114550,10110,2025-01-08,1,Good
222935,119634,12753,2024-11-01,3,Excellent
222936,107634,11707,2024-05-02,4,Poor quality
222937,90621,14043,2026-02-02,2,Could be better
222938,120758,10407,2026-08-10,5,Poor quality
222939,114611,10413,2025-12-04,5,Poor quality
222940,107364,14949,2025-11-22,5,Could be better
222941,118107,10487,2024-11-12,4,Poor quality
222942,114432,10563,2024-10-09,5,Average
222943,91949,13316,2026-01-19,5,Poor quality
222944,115121,13178,2026-04-02,5,Poor quality
222945,97462,13190,2025-02-03,5,Very good
222946,109111,13395,2025-04-07,5,Poor quality
222947,107406,10309,2025-07-10,5,Good
222948,93812,14952,2025-04-26,5,Very good
222949,90597,10543,2025-04-10,3,Could be better
222950,98432,11812,2024-01-14,3,Excellent
222951,118367,11383,2025-08-12,5,Could be better
222952,93192,14883,2025-04-18,4,Average
222953,107615,13023,2026-01-09,4,Very good
222954,116416,11614,2026-01-14,4,Good
222955,91098,11674,2024-08-30,5,Could be better
222956,119155,10820,2025-07-12,4,Very good
222957,92436,12996,2025-05-11,1,Poor quality
222958,106567,14508,2026-02-16,3,Very good
222959,120181,12260,2024-12-10,4,Average
222960,98693,12162,2025-03-27,2,Average
222961,95679,11332,2024-05-07,4,Poor quality
222962,106436,10432,2024-10-24,3,Average
222963,96545,13098,2024-12-05,5,Average
222964,119373,13765,2024-01-14,5,Excellent
222965,114174,12917,2024-08-10,5,Good
222966,115274,12128,2025-10-11,4,Very good
222967,95473,10566,2025-11-05,5,Average
222968,103086,11076,2025-09-12,5,Average
222969,120192,10594,2026-05-21,5,Average
222970,109165,10619,2026-04-17,2,Excellent
222971,117584,11698,2025-06-19,5,Poor quality
222972,112055,11501,2024-01-06,5,Excellent
222973,119966,10702,2026-08-26,3,Average
222974,119864,13629,2025-01-25,5,Good
222975,117662,11876,2026-05-22,3,Very good
222976,112080,10704,2024-07-02,5,Excellent
222977,105649,12179,2025-05-23,4,Excellent
222978,99562,10416,2025-05-20,5,Very good
222979,105831,10657,2026-04-18,3,Average
222980,108324,14767,2025-03-16,5,Excellent
222981,110694,14703,2024-07-02,5,Could be better
222982,111562,12082,2026-02-01,3,Poor quality
222983,113138,14788,2025-09-18,4,Very good
222984,109435,12180,2026-03-22,5,Excellent
222985,104974,14189,2025-11-06,5,Could be better
222986,108714,11817,2026-04-20,4,Could be better
222987,96356,13691,2024-02-11,4,Very good
222988,101868,13091,2025-09-02,4,Could be better
222989,114026,10972,2026-05-25,4,Good
222990,100195,10391,2024-10-30,4,Very good
222991,99943,12502,2026-07-18,4,Could be better
222992,112442,10939,2025-08-18,5,Good
222993,95240,11551,2024-02-29,5,Average
222994,118837,14137,2025-11-16,4,Good
222995,108923,10578,2026-01-02,3,Very good
222996,101461,12847,2025-02-08,5,Excellent
222997,109999,11826,2024-07-28,4,Very good
222998,117015,14063,2025-10-20,5,Could be better
222999,104560,12541,2025-10-16,5,Poor quality
223000,107476,11290,2026-01-21,4,Good
223001,102502,11558,2025-03-31,4,Could be better
223002,96472,12933,2025-12-09,3,Excellent
223003,114463,11108,2024-04-16,3,Good
223004,105736,13583,2026-06-27,4,Could be better
223005,114933,11677,2025-08-26,5,Good
223006,95809,12286,2026-02-09,4,Average
223007,94823,12142,2026-02-07,5,Poor quality
223008,113712,10424,2024-07-11,1,Poor quality
223009,108536,11002,2025-01-15,4,Very good
223010,103527,10539,2025-02-01,5,Could be better
223011,112657,13751,2024-08-23,3,Very good
223012,98372,12392,2024-12-27,5,Could be better
223013,110240,11065,2026-08-23,3,Good
223014,116608,11267,2025-06-19,5,Could be better
223015,111053,11313,2026-01-14,3,Very good
223016,115807,13636,2026-07-20,5,Poor quality
223017,102012,14780,2024-02-12,4,Poor quality
223018,106557,13094,2025-12-11,2,Very good
223019,98638,12737,2026-07-21,4,Good
223020,114115,10045,2024-11-03,5,Could be better
223021,98526,11545,2026-04-03,4,Could be better
223022,106292,13476,2025-03-15,4,Very good
223023,109811,12650,2024-03-04,2,Very good
223024,104098,11710,2025-05-20,4,Could be better
223025,116109,13537,2025-09-06,5,Could be better
223026,95431,14448,2025-08-25,4,Could be better
223027,99594,12997,2024-02-02,2,Average
223028,110800,10040,2025-06-20,3,Average
223029,114338,13283,2026-04-13,4,Very good
223030,116019,12821,2025-12-15,4,Could be better
223031,94302,12951,2025-07-23,3,Excellent
223032,92142,14430,2024-02-22,3,Average
223033,94746,13571,2026-01-23,5,Good
223034,115467,14133,2026-07-08,3,Average
223035,117158,12403,2026-02-28,2,Average
223036,115879,11518,2024-04-25,4,Good
223037,104599,10840,2026-08-09,3,Average
223038,92398,12547,2024-04-01,4,Very good
223039,103532,12288,2025-07-08,3,Poor quality
223040,117283,14617,2025-01-23,5,Excellent
223041,95875,13858,2024-02-20,2,Very good
223042,92154,10122,2025-08-16,5,Very good
223043,95063,12806,2025-05-05,4,Very good
223044,94673,13478,2025-06-22,2,Poor quality
223045,117072,13941,2025-11-07,4,Very good
223046,119754,11559,2025-07-26,5,Could be better
223047,104588,10488,2025-03-05,2,Could be better
223048,104825,10589,2024-02-15,5,Good
223049,116230,14532,2026-05-31,3,Could be better
223050,96807,13528,2026-04-26,4,Could be better
223051,91286,13459,2024-10-11,4,Poor quality
223052,118988,10247,2024-12-09,4,Good
223053,114872,13909,2026-03-12,2,Excellent
223054,103115,13359,2024-07-15,5,Excellent
223055,91685,13406,2024-06-26,5,Poor quality
223056,104818,10240,2024-07-31,4,Very good
223057,120131,12532,2026-03-04,2,Excellent
223058,95591,12391,2024-03-31,2,Excellent
223059,92301,12464,2026-08-17,5,Good
223060,102373,11306,2024-04-22,2,Excellent
223061,116655,12848,2025-04-17,5,Very good
223062,119391,14775,2024-02-09,5,Could be better
223063,106016,12303,2024-05-10,4,Average
223064,117368,14734,2025-01-21,4,Poor quality
223065,98039,11862,2026-06-20,5,Excellent
223066,108695,14955,2026-03-28,3,Poor quality
223067,100024,13721,2024-09-07,2,Excellent
223068,108129,11541,2025-02-15,4,Excellent
223069,97465,13543,2025-11-17,3,Good
223070,100191,13889,2026-08-21,1,Excellent
223071,120606,14596,2024-11-23,4,Average
223072,101346,14739,2024-02-06,4,Average
223073,97400,14363,2025-11-03,3,Very good
223074,101684,11298,2025-06-07,2,Excellent
223075,112861,14749,2024-07-24,5,Good
223076,116151,10306,2024-04-09,4,Average
223077,109844,13833,2024-06-18,4,Poor quality
223078,113943,12844,2026-03-14,4,Poor quality
223079,95915,10504,2026-05-04,3,Good
223080,111705,11065,2024-05-31,4,Could be better
223081,116633,14310,2024-05-05,5,Could be better
223082,115819,13483,2026-04-22,5,Could be better
223083,106900,10830,2024-07-19,4,Could be better
223084,110178,12522,2026-08-09,4,Poor quality
223085,99560,12136,2025-05-04,3,Average
223086,95092,10321,2026-02-19,3,Good
223087,101600,14843,2025-12-22,5,Excellent
223088,103129,11880,2025-06-09,3,Very good
223089,93905,12488,2024-08-08,3,Poor quality
223090,102552,10825,2025-08-15,4,Good
223091,92771,14716,2025-04-06,2,Poor quality
223092,90497,13241,2025-03-28,5,Good
223093,117933,13188,2025-06-20,5,Very good
223094,118221,14136,2026-07-07,5,Poor quality
223095,112052,12503,2025-01-23,5,Good
223096,97322,13287,2024-07-30,4,Very good
223097,98171,13982,2025-10-28,5,Average
223098,105574,14205,2024-12-20,5,Could be better
223099,98880,14456,2024-05-22,5,Could be better
223100,118599,13445,2025-09-14,2,Very good
223101,94227,14439,2025-12-05,4,Poor quality
223102,104941,12770,2026-02-16,4,Very good
223103,90930,14759,2026-07-05,2,Good
223104,93717,11349,2024-04-29,5,Very good
223105,99578,10116,2026-03-10,3,Could be better
223106,101912,10015,2024-08-13,3,Could be better
223107,114245,14818,2025-10-07,3,Good
223108,112129,14819,2026-04-06,3,Excellent
223109,110769,12494,2025-04-22,3,Could be better
223110,91468,13945,2024-10-11,5,Poor quality
223111,92046,10979,2026-01-01,1,Good
223112,96434,10196,2025-04-06,4,Could be better
223113,104757,11906,2025-01-15,5,Average
223114,111186,12584,2025-03-29,5,Poor quality
223115,115702,14220,2025-07-28,4,Very good
223116,119572,10690,2025-04-10,5,Good
223117,99655,13499,2024-10-11,4,Average
223118,96027,10880,2026-04-16,3,Poor quality
223119,111303,14202,2026-08-06,1,Excellent
223120,105227,10549,2024-06-27,2,Could be better
223121,113687,11201,2025-04-08,5,Average
223122,105274,13706,2026-06-19,4,Very good
223123,106862,13666,2026-07-06,4,Average
223124,90563,12752,2026-01-03,4,Could be better
223125,116930,10089,2026-02-17,5,Very good
223126,107314,10564,2025-12-05,5,Good
223127,109009,11060,2025-12-10,5,Good
223128,98170,14510,2024-08-29,5,Good
223129,97399,14363,2024-01-01,4,Excellent
223130,110470,13505,2026-01-26,2,Very good
223131,120459,11814,2024-01-20,4,Very good
223132,119450,10843,2026-01-19,3,Average
223133,97175,12695,2025-12-26,2,Could be better
223134,117493,10564,2025-05-02,4,Good
223135,104367,14149,2024-03-03,4,Poor quality
223136,109678,10294,2025-01-10,2,Excellent
223137,111732,14741,2025-06-02,5,Very good
223138,98758,12038,2024-03-30,5,Very good
223139,92980,14134,2025-04-19,4,Excellent
223140,101188,14909,2025-02-13,2,Excellent
223141,94025,14084,2026-01-23,4,Average
223142,101254,11859,2026-07-03,5,Poor quality
223143,97778,13038,2024-12-23,5,Could be better
223144,102413,13910,2024-11-23,5,Poor quality
223145,101944,13220,2025-06-21,5,Could be better
223146,97204,11406,2025-04-08,3,Poor quality
223147,99641,11399,2024-08-27,2,Average
223148,108412,11446,2024-09-02,5,Average
223149,97871,12153,2024-07-03,1,Could be better
223150,94582,10434,2025-10-20,5,Very good
223151,100806,11238,2024-10-27,4,Excellent
223152,108098,14034,2026-05-30,4,Poor quality
223153,118292,12429,2025-01-13,2,Average
223154,90899,10796,2025-10-16,5,Excellent
223155,112622,14442,2025-02-03,5,Excellent
223156,104117,12981,2025-10-02,1,Poor quality
223157,117127,11285,2024-11-20,4,Could be better
223158,94754,11128,2026-07-29,3,Poor quality
223159,118937,11538,2024-09-24,5,Very good
223160,102314,13420,2025-11-20,4,Good
223161,106317,10598,2025-06-18,3,Could be better
223162,103868,13474,2026-07-20,5,Excellent
223163,108075,10600,2026-03-15,5,Very good
223164,112312,13445,2025-02-04,2,Poor quality
223165,96312,10933,2024-02-28,2,Average
223166,97296,13452,2025-11-30,2,Poor quality
223167,111246,12887,2025-04-08,1,Could be better
223168,115516,10124,2025-04-21,5,Good
223169,110812,11928,2025-05-29,4,Could be better
223170,101031,14272,2025-11-18,3,Very good
223171,96438,11149,2024-10-22,5,Good
223172,113669,11684,2026-06-06,5,Poor quality
223173,96010,14269,2025-06-16,5,Good
223174,100460,13870,2026-04-13,2,Excellent
223175,99660,13214,2026-02-15,5,Very good
223176,118874,14083,2025-12-23,4,Excellent
223177,107088,10492,2024-05-14,4,Very good
223178,104971,11741,2025-03-20,5,Good
223179,117720,14250,2024-10-13,4,Good
223180,117808,10892,2025-09-01,3,Poor quality
223181,110791,14373,2025-12-12,5,Excellent
223182,99007,10846,2024-10-18,4,Poor quality
223183,93935,14916,2026-02-24,4,Very good
223184,111237,13172,2025-05-15,4,Could be better
223185,100210,12484,2025-12-15,5,Good
223186,113398,14962,2026-03-17,2,Average
223187,105417,12789,2025-11-27,3,Very good
223188,93046,13322,2025-03-15,5,Could be better
223189,104254,13666,2025-05-02,3,Excellent
223190,91998,13304,2024-05-29,1,Very good
223191,108456,13780,2026-03-08,3,Could be better
223192,98219,11170,2025-01-25,4,Could be better
223193,98347,11914,2025-02-17,3,Excellent
223194,98078,13620,2025-05-16,5,Could be better
223195,90867,14670,2025-06-09,4,Very good
223196,91587,11298,2026-03-03,5,Very good
223197,118189,11971,2026-03-29,4,Excellent
223198,95443,10619,2025-11-21,1,Poor quality
223199,104331,11874,2024-02-11,4,Average
223200,119349,12548,2024-12-08,4,Poor quality
223201,92908,10418,2024-11-07,3,Average
223202,108069,10312,2026-02-06,4,Good
223203,116656,12719,2026-06-24,4,Very good
223204,120350,11639,2024-09-07,4,Poor quality
223205,117420,13742,2025-08-20,3,Average
223206,120616,12250,2024-01-05,5,Excellent
223207,101826,12382,2026-04-17,5,Excellent
223208,114799,12126,2025-08-07,4,Good
223209,105601,10577,2025-05-02,5,Average
223210,120294,12355,2025-09-05,4,Poor quality
223211,110705,11987,2024-08-11,4,Very good
223212,113246,11218,2025-09-27,3,Could be better
223213,103399,11115,2024-05-31,1,Poor quality
223214,101547,13972,2024-03-27,4,Could be better
223215,93458,11969,2025-04-01,5,Average
223216,118123,10255,2026-07-04,5,Very good
223217,95708,14380,2024-04-21,4,Average
223218,119962,14983,2024-01-19,2,Average
223219,112522,13750,2025-07-28,5,Poor quality
223220,108648,10092,2025-11-02,5,Excellent
223221,112866,13217,2025-02-12,5,Could be better
223222,110562,11034,2024-12-21,5,Average
223223,106714,14524,2026-06-09,4,Excellent
223224,108861,10666,2025-04-01,4,Poor quality
223225,107468,10618,2024-01-05,3,Could be better
223226,91717,10122,2025-06-10,5,Very good
223227,100101,12593,2024-12-31,3,Could be better
223228,109816,13838,2025-09-22,4,Poor quality
223229,111527,12426,2026-01-10,3,Could be better
223230,94604,12101,2025-11-14,5,Good
223231,95577,11186,2025-01-06,5,Very good
223232,116592,14493,2025-05-12,3,Good
223233,96738,12841,2024-09-20,4,Very good
223234,97954,14662,2025-03-14,4,Could be better
223235,104466,14065,2026-08-20,5,Average
223236,113942,12844,2024-09-01,3,Could be better
223237,100655,12674,2024-08-03,5,Could be better
223238,99497,13532,2026-07-18,3,Could be better
223239,111313,12914,2026-06-10,4,Good
223240,119502,13482,2024-04-15,3,Good
223241,107433,14933,2024-05-08,5,Could be better
223242,114490,11730,2025-10-14,2,Could be better
223243,116129,12050,2025-09-18,3,Very good
223244,99203,10689,2026-02-16,3,Could be better
223245,109670,12803,2025-11-24,5,Good
223246,97168,10697,2026-02-23,1,Good
223247,90034,14832,2025-11-12,4,Average
223248,104053,10536,2024-10-24,4,Could be better
223249,93005,11079,2025-08-10,3,Excellent
223250,118279,11002,2026-04-26,5,Average
223251,104494,10041,2026-03-17,2,Good
223252,96894,13326,2025-04-14,3,Very good
223253,105998,10018,2024-02-13,2,Could be better
223254,115770,12049,2024-04-08,4,Good
223255,120522,11464,2025-06-30,2,Good
223256,103849,13487,2025-01-27,5,Poor quality
223257,108970,14328,2025-03-21,4,Could be better
223258,110763,12227,2025-01-10,3,Excellent
223259,107459,14177,2025-02-10,5,Could be better
223260,106017,12303,2024-04-16,1,Good
223261,97770,13088,2025-11-08,2,Could be better
223262,94692,11592,2026-01-03,2,Very good
223263,101602,14870,2025-02-12,1,Average
223264,107107,10972,2025-12-07,4,Very good
223265,100344,13242,2025-02-10,4,Could be better
223266,101424,13957,2024-11-01,1,Could be better
223267,120907,11349,2024-12-11,4,Excellent
223268,102579,14967,2025-04-10,2,Excellent
223269,115563,12871,2025-05-04,5,Good
223270,90668,13620,2024-08-03,3,Could be better
223271,90773,12992,2024-06-04,3,Good
223272,107136,11722,2025-03-07,5,Average
223273,99912,14784,2025-04-04,1,Very good
223274,92941,11068,2025-10-31,3,Poor quality
223275,104192,13867,2026-05-10,3,Excellent
223276,98169,13636,2024-11-13,3,Good
223277,94478,12210,2025-02-03,4,Very good
223278,98309,12683,2026-08-10,4,Good
223279,101488,14263,2026-07-03,5,Could be better
223280,115388,13798,2025-12-30,4,Could be better
223281,92350,10644,2025-03-03,5,Could be better
223282,91186,14533,2025-04-09,1,Poor quality
223283,107059,10507,2025-07-06,5,Average
223284,109238,10568,2025-02-08,5,Very good
223285,107936,14822,2026-03-07,1,Could be better
223286,92408,10611,2025-12-30,5,Very good
223287,95930,10264,2025-03-31,2,Good
223288,101174,14595,2026-02-21,5,Average
223289,93979,12217,2024-05-31,5,Poor quality
223290,101911,14468,2026-08-15,5,Good
223291,107480,13282,2024-07-14,4,Poor quality
223292,99714,10666,2024-10-18,5,Could be better
223293,93676,11157,2026-05-11,4,Poor quality
223294,101606,13995,2024-01-29,4,Could be better
223295,92857,14290,2025-09-05,1,Average
223296,95075,10033,2026-06-29,5,Excellent
223297,112774,10108,2024-09-08,5,Good
223298,94435,12974,2026-02-13,5,Excellent
223299,95882,12240,2024-10-04,5,Good
223300,112931,11291,2024-08-14,2,Excellent
223301,101010,12432,2024-12-10,5,Excellent
223302,101728,11232,2024-09-29,4,Very good
223303,120342,14389,2024-03-21,4,Could be better
223304,108181,12663,2024-11-06,2,Excellent
223305,109722,13041,2025-06-03,4,Good
223306,97965,12069,2026-08-11,3,Excellent
223307,111684,14700,2025-12-15,5,Poor quality
223308,109912,13327,2024-07-28,1,Could be better
223309,97275,12799,2026-01-16,5,Good
223310,98615,12525,2024-04-18,5,Excellent
223311,109602,13315,2025-03-21,5,Very good
223312,99178,14405,2024-10-08,4,Very good
223313,115273,12440,2025-11-30,5,Poor quality
223314,93533,11308,2025-01-01,4,Excellent
223315,109824,11926,2026-08-22,3,Average
223316,106246,14619,2026-07-04,4,Good
223317,101672,14876,2026-03-11,3,Very good
223318,120158,11463,2024-09-15,5,Very good
223319,104721,11541,2026-03-09,4,Average
223320,105954,11006,2026-03-22,5,Very good
223321,114917,11234,2024-10-01,3,Excellent
223322,96596,13980,2025-07-14,5,Poor quality
223323,109378,13455,2024-11-05,4,Could be better
223324,106205,14548,2025-07-01,4,Excellent
223325,119094,12821,2024-01-25,4,Could be better
223326,96935,12733,2025-04-30,4,Poor quality
223327,108883,10894,2024-09-24,5,Excellent
223328,118802,12244,2025-07-17,4,Very good
223329,110686,13447,2025-08-15,4,Average
223330,96441,13493,2026-07-07,4,Poor quality
223331,94083,14317,2024-10-23,5,Very good
223332,97737,12379,2026-06-07,3,Could be better
223333,109635,14646,2025-07-19,5,Very good
223334,96565,10606,2024-06-22,4,Excellent
223335,117461,10813,2024-12-05,5,Excellent
223336,104482,11970,2024-11-21,5,Very good
223337,110552,13376,2026-02-28,4,Average
223338,102172,10818,2024-04-24,3,Poor quality
223339,112690,11225,2024-05-13,1,Average
223340,92728,10800,2024-06-06,5,Excellent
223341,92732,10959,2025-08-07,4,Average
223342,91254,14389,2025-06-05,5,Very good
223343,111116,14873,2026-08-15,1,Average
223344,113878,10423,2024-11-10,4,Very good
223345,108058,13406,2026-03-12,5,Very good
223346,101771,10831,2024-07-08,5,Good
223347,94540,10615,2024-11-15,4,Excellent
223348,94546,12030,2024-10-26,5,Could be better
223349,103791,12312,2024-11-04,2,Average
223350,104229,11476,2024-02-26,3,Very good
223351,115080,13657,2026-05-26,3,Excellent
223352,115408,10466,2025-09-11,5,Could be better
223353,109892,11838,2026-08-23,3,Average
223354,115636,11389,2025-02-08,4,Could be better
223355,116103,14018,2025-05-19,5,Good
223356,120519,10844,2026-07-30,3,Could be better
223357,107487,11481,2024-02-10,4,Could be better
223358,109362,11344,2026-06-28,2,Average
223359,115054,11579,2026-01-29,5,Good
223360,107135,11722,2024-05-26,4,Excellent
223361,92919,12364,2025-03-08,4,Average
223362,111436,13213,2024-12-08,3,Average
223363,110423,14984,2024-12-15,5,Good
223364,101251,12109,2025-01-05,3,Average
223365,99602,12032,2024-12-31,4,Very good
223366,94810,12511,2026-08-13,4,Poor quality
223367,108220,12176,2025-09-07,5,Good
223368,107676,10734,2026-05-22,5,Very good
223369,102390,13369,2026-05-27,4,Could be better
223370,99053,14366,2026-01-28,3,Good
223371,104266,10634,2026-03-03,2,Good
223372,91078,10963,2024-08-31,4,Excellent
223373,103177,10478,2024-07-22,5,Poor quality
223374,106923,11328,2025-01-22,1,Could be better
223375,105656,13205,2024-08-17,3,Could be better
223376,101323,10562,2024-05-14,4,Poor quality
223377,117901,10148,2024-10-28,2,Excellent
223378,115640,11038,2025-07-17,3,Poor quality
223379,102714,12128,2024-07-18,5,NULL
223380,110775,13230,2024-05-25,3,Excellent
223381,93137,12695,2025-01-05,3,Good
223382,100571,10893,2025-05-24,5,Poor quality
223383,115849,11686,2024-10-30,5,Good
223384,91180,11262,2024-05-19,4,Average
223385,117175,12683,2026-06-01,4,Very good
223386,98572,10136,2024-05-24,3,Average
223387,95805,10051,2025-03-18,2,Could be better
223388,117275,13783,2024-08-02,4,Very good
223389,98773,13485,2025-09-06,5,Poor quality
223390,94265,10953,2025-09-29,3,Excellent
223391,118976,13979,2025-03-21,4,Very good
223392,105459,13086,2025-06-29,5,Poor quality
223393,103902,10755,2025-01-23,5,Could be better
223394,97638,13103,2024-08-05,4,Poor quality
223395,98336,13695,2026-07-17,5,Poor quality
223396,96351,13504,2025-07-05,5,Excellent
223397,107921,14458,2024-07-10,5,Excellent
223398,98214,14285,2024-03-18,3,Could be better
223399,98558,12228,2024-11-02,4,Average
223400,107830,12727,2026-06-30,1,Good
223401,106087,13803,2025-08-01,1,Could be better
223402,101782,12720,2024-01-01,4,Poor quality
223403,107385,10731,2026-01-17,4,Very good
223404,90847,13845,2025-01-07,5,Good
223405,97097,10277,2026-08-17,4,Good
223406,116829,11722,2025-07-16,3,Good
223407,119354,12275,2025-08-02,5,Excellent
223408,107750,11863,2026-04-10,4,Could be better
223409,119583,12849,2026-07-29,5,Could be better
223410,96524,12484,2026-03-29,5,Could be better
223411,113623,13749,2024-11-22,4,Very good
223412,94922,10756,2024-08-13,3,Poor quality
223413,120404,12513,2024-12-14,5,Very good
223414,116460,11750,2025-07-21,5,Very good
223415,93427,13020,2024-04-23,1,Very good
223416,118194,14138,2025-03-15,5,Average
223417,120586,13128,2024-02-07,1,Could be better
223418,93017,12182,2024-07-27,5,Very good
223419,98870,14738,2026-08-11,4,Poor quality
223420,107574,14112,2025-01-08,5,Average
223421,108012,14254,2024-03-14,4,Poor quality
223422,118112,11402,2024-08-30,5,Poor quality
223423,102565,13199,2026-01-05,2,Excellent
223424,117464,12092,2024-04-20,5,Very good
223425,115909,10965,2024-01-26,5,Excellent
223426,116508,10674,2024-12-14,3,Very good
223427,93508,13944,2025-07-07,5,Very good
223428,97596,11500,2024-03-29,5,Average
223429,102573,13205,2024-07-19,4,Good
223430,117896,10879,2025-08-15,5,Excellent
223431,113490,13052,2026-02-12,5,Good
223432,90686,14273,2024-09-15,2,Excellent
223433,95480,11179,2024-08-18,4,Excellent
223434,120017,13825,2024-11-26,4,Good
223435,99110,13967,2024-02-23,4,Average
223436,99975,10956,2024-09-24,5,Excellent
223437,99073,11038,2025-11-21,4,Could be better
223438,102392,10838,2025-08-29,5,Very good
223439,106096,14855,2026-08-04,5,Poor quality
223440,93652,11284,2025-09-07,5,Good
223441,100043,14507,2026-08-18,5,Excellent
223442,102856,13481,2024-07-30,5,Could be better
223443,109104,13502,2026-03-17,2,Very good
223444,99880,12661,2026-04-14,5,Very good
223445,111073,11865,2025-10-23,3,Average
223446,107882,14725,2025-01-03,4,Could be better
223447,92904,10583,2026-02-13,5,Poor quality
223448,102071,11851,2024-05-12,5,Very good
223449,112119,12891,2025-03-22,2,Poor quality
223450,102829,13318,2025-03-17,1,Very good
223451,104666,10646,2024-07-20,4,Excellent
223452,99723,10826,2026-06-05,4,Poor quality
223453,115998,13665,2024-04-02,5,Very good
223454,118436,13525,2025-01-19,4,Could be better
223455,114723,10546,2024-04-28,5,Could be better
223456,107115,12160,2025-04-02,5,Excellent
223457,112362,11652,2025-02-06,3,Average
223458,120051,14301,2024-07-30,4,Average
223459,105103,14177,2024-07-30,4,Could be better
223460,90652,12187,2025-04-19,2,Very good
223461,97242,10166,2024-02-26,3,Could be better
223462,99150,10336,2026-02-27,5,Poor quality
223463,118819,14907,2024-10-31,4,Poor quality
223464,104070,13251,2025-04-01,5,Poor quality
223465,94769,12700,2024-02-27,5,Excellent
223466,119168,10399,2024-03-11,5,Very good
223467,116353,10608,2025-01-15,3,Poor quality
223468,104495,10041,2024-07-29,1,Could be better
223469,109669,10636,2026-04-14,5,Good
223470,101303,14687,2025-07-21,5,Average
223471,103347,14811,2025-12-22,5,Poor quality
223472,93466,13529,2025-05-31,3,Very good
223473,98567,14355,2026-08-03,2,Average
223474,108147,10829,2025-12-10,3,Good
223475,94702,12231,2024-10-14,3,Poor quality
223476,91710,13955,2024-10-20,5,Could be better
223477,108433,14210,2025-11-13,1,Average
223478,91753,10049,2026-03-19,3,Could be better
223479,92004,12209,2026-03-04,2,Could be better
223480,103540,14927,2025-12-02,3,Could be better
223481,107837,10063,2026-01-16,5,Average
223482,107214,12729,2025-08-14,3,Excellent
223483,120890,14157,2025-04-27,4,Poor quality
223484,106245,13364,2025-11-10,4,Very good
223485,115310,11230,2024-10-25,3,Poor quality
223486,100799,10834,2026-01-14,3,Good
223487,91422,13395,2024-01-29,5,Could be better
223488,92360,11379,2024-01-28,5,Poor quality
223489,93522,12295,2024-04-09,4,Good
223490,114514,10981,2025-01-22,5,Poor quality
223491,118572,11345,2024-03-04,4,Good
223492,90658,13213,2025-08-24,5,Poor quality
223493,112447,13655,2024-01-16,4,Poor quality
223494,99953,14122,2025-12-23,3,Excellent
223495,92185,13768,2025-10-06,4,Excellent
223496,92181,10529,2026-02-09,4,Average
223497,104903,14667,2026-04-23,5,Very good
223498,119097,13004,2025-12-03,4,Good
223499,111912,13341,2024-04-29,4,Could be better
223500,114133,11033,2024-04-19,2,Good
223501,93644,10366,2026-08-11,4,Could be better
223502,108943,13651,2024-10-24,5,Excellent
223503,92179,13174,2024-12-31,4,Poor quality
223504,103470,14538,2024-03-07,3,Excellent
223505,98718,11086,2025-09-13,5,Excellent
223506,96921,14716,2024-09-13,5,Good
223507,103310,12538,2025-07-06,3,Poor quality
223508,114213,10584,2025-03-22,3,Very good
223509,95643,14986,2026-01-12,5,Poor quality
223510,119558,11757,2025-12-06,5,Poor quality
223511,100530,11445,2025-01-26,5,Poor quality
223512,105059,14026,2025-06-06,5,Excellent
223513,106097,12998,2025-09-04,5,Very good
223514,117649,13747,2024-08-27,4,Very good
223515,107296,10374,2025-10-26,1,Very good
223516,109116,13287,2026-07-20,5,Could be better
223517,111503,13625,2025-01-21,1,Could be better
223518,113535,14599,2026-03-28,5,Good
223519,108660,14691,2026-04-28,4,Average
223520,113824,12366,2026-07-27,5,Very good
223521,93057,11766,2025-05-18,5,Excellent
223522,96516,12936,2024-09-06,4,Poor quality
223523,108526,12172,2026-08-08,4,Good
223524,100274,11652,2026-03-06,5,Poor quality
223525,93713,10716,2025-07-01,3,Average
223526,97008,14877,2026-03-28,4,Very good
223527,112523,12648,2024-07-06,5,Good
223528,107144,11686,2026-01-10,3,Good
223529,112847,12673,2024-02-11,2,Very good
223530,97816,10733,2026-04-30,1,Excellent
223531,107662,11781,2025-12-30,5,Poor quality
223532,114467,14065,2025-08-04,4,Average
223533,96669,12340,2025-05-09,2,Average
223534,117405,11121,2026-08-12,5,Poor quality
223535,112524,11157,2025-07-08,4,Could be better
223536,107791,13996,2025-02-09,4,Could be better
223537,115307,12090,2024-04-24,5,Very good
223538,118184,13925,2025-12-14,2,Average
223539,105919,13322,2026-01-17,4,Good
223540,92180,14322,2026-07-27,3,Excellent
223541,96643,14940,2025-04-27,4,Average
223542,113831,14392,2024-01-17,5,Good
223543,107390,11103,2026-07-03,5,Very good
223544,115829,14927,2025-05-29,5,Could be better
223545,109529,12128,2026-01-30,5,Good
223546,109020,11139,2024-10-29,5,Very good
223547,104928,14116,2024-07-25,3,Could be better
223548,115560,11107,2025-08-25,2,Good
223549,107640,12883,2026-06-08,5,Excellent
223550,113300,13692,2026-01-19,5,Excellent
223551,112296,13039,2025-12-20,5,Good
223552,101345,14739,2025-01-01,5,Poor quality
223553,108078,14429,2026-08-18,1,Good
223554,112777,12935,2026-03-26,4,Excellent
223555,104830,12498,2024-09-12,4,Good
223556,116070,13994,2026-01-11,4,Good
223557,92770,14716,2026-02-21,3,Excellent
223558,107626,11072,2024-02-23,4,Poor quality
223559,105650,13298,2024-02-22,5,Poor quality
223560,93270,10504,2024-03-18,3,Excellent
223561,110804,11297,2026-05-09,5,Excellent
223562,100086,11301,2024-01-22,1,Excellent
223563,93217,10806,2026-01-29,3,Excellent
223564,109135,12884,2024-10-01,2,Poor quality
223565,120347,11536,2026-02-26,5,Excellent
223566,116406,14015,2025-12-06,5,Average
223567,114323,11978,2025-08-15,3,Good
223568,90453,12915,2024-01-08,4,Poor quality
223569,93173,14059,2025-08-07,4,Could be better
223570,102619,12527,2024-05-16,5,Poor quality
223571,120429,11559,2025-01-14,4,Average
223572,103892,13331,2026-01-08,4,Good
223573,102977,13975,2024-04-09,4,Very good
223574,96531,14301,2025-12-26,5,Excellent
223575,120104,12663,2025-03-02,5,Could be better
223576,95293,12994,2024-03-06,5,Very good
223577,118259,11391,2025-04-25,3,Very good
223578,107776,13571,2025-01-19,4,Excellent
223579,91277,14163,2025-03-17,5,Good
223580,107352,12666,2024-12-08,2,Good
223581,112134,10065,2025-07-20,5,Poor quality
223582,118753,13084,2025-05-23,5,Excellent
223583,91599,10317,2024-10-03,4,Excellent
223584,93891,12282,2026-02-07,3,Very good
223585,98079,10166,2026-08-22,3,Very good
223586,95740,10234,2024-04-18,4,Poor quality
223587,104427,10604,2025-07-28,5,Good
223588,114372,13574,2026-02-11,5,Poor quality
223589,93606,12946,2024-05-04,4,Could be better
223590,118658,11620,2026-06-15,4,Average
223591,112258,10705,2025-07-16,4,Excellent
223592,101469,10591,2025-08-30,4,Poor quality
223593,111028,10124,2024-10-04,5,Could be better
223594,95630,13951,2025-09-25,4,Could be better
223595,117858,10137,2025-09-24,4,Good
223596,96599,13945,2025-10-21,5,Very good
223597,117817,13874,2025-12-12,3,Could be better
223598,117006,11353,2024-04-14,4,Very good
223599,104774,14064,2026-07-21,3,Average
223600,107983,14852,2024-10-31,2,Excellent
223601,119395,14865,2026-07-25,5,Average
223602,90547,14284,2024-10-17,2,Good
223603,102337,10122,2025-12-21,4,Good
223604,119664,13471,2024-12-26,4,Could be better
223605,91395,14543,2025-02-11,5,Very good
223606,112351,13924,2024-01-08,2,Could be better
223607,113201,13637,2025-12-31,5,Could be better
223608,111362,14947,2024-12-02,3,Very good
223609,111949,12276,2025-08-28,2,Excellent
223610,119316,12201,2025-12-13,5,Poor quality
223611,108599,14134,2024-10-23,4,Very good
223612,105219,13713,2025-06-03,4,Good
223613,95926,14047,2025-01-01,5,Excellent
223614,108601,10198,2025-06-06,5,Excellent
223615,93492,12594,2025-09-16,4,Poor quality
223616,90510,11131,2026-03-05,5,Could be better
223617,105901,10001,2024-11-01,3,Very good
223618,112471,10613,2025-11-08,2,Could be better
223619,103562,11601,2025-12-13,5,Very good
223620,108167,10307,2026-08-24,4,Good
223621,108521,12143,2024-09-05,4,Very good
223622,107483,13578,2025-10-30,2,Excellent
223623,114138,11467,2026-02-05,5,Very good
223624,105934,13408,2026-01-16,5,Good
223625,102113,13085,2024-02-25,3,Good
223626,90129,14875,2024-01-14,5,Excellent
223627,97827,13205,2026-04-28,1,Could be better
223628,98783,13325,2026-01-10,4,Could be better
223629,111661,13422,2026-05-16,2,Could be better
223630,111199,11211,2026-03-13,4,Average
223631,103048,11044,2026-01-04,5,Very good
223632,119158,14852,2025-12-12,5,Could be better
223633,114952,14687,2025-10-15,4,Could be better
223634,110145,10842,2024-04-17,2,Excellent
223635,114232,13624,2024-03-30,4,Average
223636,95698,13177,2024-10-21,4,Poor quality
223637,101021,13491,2026-07-05,3,Very good
223638,111799,11179,2024-04-01,1,Average
223639,119332,13536,2026-04-17,4,Very good
223640,111275,10064,2025-08-10,3,Poor quality
223641,115332,12311,2026-04-02,4,Could be better
223642,109341,11745,2025-04-02,1,Excellent
223643,95865,14703,2025-03-01,5,Poor quality
223644,118536,10797,2024-08-12,5,Excellent
223645,116773,11770,2024-11-27,3,Very good
223646,112859,10869,2025-08-06,5,Very good
223647,94237,14238,2026-03-03,4,Very good
223648,106189,14618,2025-02-27,4,Good
223649,109231,10437,2024-05-19,5,Very good
223650,105892,12506,2024-04-12,5,Good
223651,120348,11639,2026-04-25,4,Poor quality
223652,113506,14271,2024-09-19,5,Average
223653,111818,13535,2024-08-31,3,Average
223654,114405,10739,2026-06-25,5,Could be better
223655,119198,13756,2025-01-16,5,Poor quality
223656,99854,11572,2026-08-24,4,Good
223657,110184,13428,2026-04-19,5,Excellent
223658,104222,13256,2026-04-02,3,Very good
223659,113282,12828,2025-05-19,4,Excellent
223660,117762,14981,2026-03-25,2,Poor quality
223661,90644,12379,2024-04-14,3,Average
223662,117095,13031,2025-01-07,3,Average
223663,106918,12763,2024-06-19,5,Excellent
223664,109852,13165,2024-11-29,5,Average
223665,119845,10343,2025-01-16,5,Very good
223666,93149,11091,2026-07-17,5,Very good
223667,114450,13125,2026-04-10,4,Excellent
223668,94694,14434,2024-07-15,5,Excellent
223669,111601,13681,2025-05-17,3,Could be better
223670,116648,10404,2024-12-21,5,Average
223671,113660,12603,2026-02-24,4,Excellent
223672,95695,14536,2025-06-08,5,Average
223673,93376,13338,2025-04-24,5,Average
223674,109144,14641,2024-02-19,4,Good
223675,101312,10585,2024-03-13,5,Very good
223676,110407,10946,2026-04-20,4,Average
223677,114841,14004,2024-07-20,2,Excellent
223678,100351,13514,2025-06-17,3,Excellent
223679,97811,14970,2025-06-08,5,Average
223680,107608,10586,2025-06-16,3,Excellent
223681,102417,11394,2024-11-10,1,Poor quality
223682,93459,12809,2026-05-08,5,Average
223683,92752,14511,2026-08-23,5,Excellent
223684,111671,13031,2025-05-24,5,Could be better
223685,109585,10353,2025-02-13,4,Excellent
223686,101830,10164,2026-04-22,4,Poor quality
223687,107986,14058,2025-04-10,4,Very good
223688,92671,10103,2026-07-09,5,Poor quality
223689,96774,11109,2025-08-29,3,Very good
223690,91297,14041,2024-01-13,5,Very good
223691,104168,12169,2024-10-01,3,Excellent
223692,95933,13008,2024-02-02,5,Average
223693,93526,10921,2026-02-17,5,Could be better
223694,100712,13873,2025-01-15,3,Good
223695,101866,12449,2025-07-15,2,Excellent
223696,117023,10036,2025-02-06,5,Excellent
223697,104432,12024,2026-08-06,5,Could be better
223698,93255,10074,2026-07-21,3,Could be better
223699,115646,11838,2026-07-07,4,Average
223700,98584,12027,2026-06-25,3,NULL
223701,104127,13916,2026-02-01,1,Average
223702,113328,11079,2025-06-16,5,Poor quality
223703,101155,12820,2024-01-10,2,Poor quality
223704,98026,11243,2026-04-23,5,Average
223705,97346,12427,2026-02-21,4,Average
223706,96629,14458,2024-10-22,3,Good
223707,108063,12630,2024-08-26,4,Poor quality
223708,120443,10068,2024-02-22,5,Good
223709,118210,13547,2026-06-02,3,Could be better
223710,93254,10074,2026-07-18,2,Could be better
223711,98454,13536,2025-07-29,3,Average
223712,104659,13483,2025-04-12,4,Excellent
223713,120723,10650,2024-03-12,3,Good
223714,115192,10110,2026-06-05,3,Very good
223715,108577,14148,2024-03-10,4,Good
223716,104893,13295,2024-07-24,5,Could be better
223717,97197,11486,2024-07-03,4,Good
223718,90916,13059,2024-04-26,4,Good
223719,101240,11269,2026-07-26,4,Poor quality
223720,92679,12582,2024-03-26,5,Could be better
223721,101529,12039,2024-08-28,5,Poor quality
223722,105163,13354,2024-09-26,5,Poor quality
223723,91114,11779,2026-07-09,5,Poor quality
223724,90366,14392,2025-02-24,4,Poor quality
223725,100714,11825,2024-12-12,2,Poor quality
223726,98969,12919,2024-03-23,5,Average
223727,115423,11751,2024-09-07,5,Could be better
223728,106678,10439,2026-03-20,3,Excellent
223729,96675,12140,2025-09-12,3,Could be better
223730,117453,11637,2024-02-24,3,Poor quality
223731,99024,14343,2024-07-11,4,Good
223732,91942,14284,2024-07-07,4,Very good
223733,112548,14803,2024-05-27,1,Very good
223734,105563,10830,2026-03-21,1,Poor quality
223735,113414,11722,2024-07-14,3,Average
223736,98192,13979,2025-10-16,4,Very good
223737,108156,11533,2025-02-14,4,Good
223738,104715,14976,2024-07-16,5,Could be better
223739,109409,13677,2026-07-11,4,Excellent
223740,109576,11186,2024-03-11,2,Poor quality
223741,118782,11970,2025-05-19,3,Could be better
223742,92743,14683,2026-03-10,5,Could be better
223743,93515,11257,2024-09-07,2,Average
223744,103947,12049,2025-02-26,1,Good
223745,106422,14907,2025-06-21,5,Poor quality
223746,120881,10221,2026-07-12,4,Average
223747,93820,10629,2025-09-12,5,Poor quality
223748,95318,14042,2025-01-06,2,Could be better
223749,94857,14900,2026-06-07,4,Good
223750,92546,13237,2025-10-26,3,Very good
223751,108110,13033,2024-02-18,5,Very good
223752,115330,10683,2026-03-26,5,Poor quality
223753,113110,12239,2025-12-03,4,Very good
223754,116943,10657,2024-04-01,4,Poor quality
223755,113961,14664,2025-06-03,4,Good
223756,108487,13206,2025-11-28,5,Very good
223757,100991,13194,2024-07-18,5,Very good
223758,91166,13623,2025-11-10,5,Could be better
223759,111520,12334,2024-04-17,3,Good
223760,105350,12054,2024-12-21,5,Poor quality
223761,113366,14721,2025-10-03,5,Could be better
223762,116150,10306,2024-07-27,4,Average
223763,114678,14754,2024-08-28,3,Excellent
223764,116980,13891,2024-05-15,5,Poor quality
223765,99476,14252,2024-01-12,4,Poor quality
223766,111756,13881,2024-02-19,2,Very good
223767,98831,11135,2025-03-15,3,Excellent
223768,115000,14810,2025-10-25,3,Good
223769,113496,14831,2025-12-09,3,Good
223770,116811,10031,2025-07-27,5,Poor quality
223771,107065,11069,2024-04-16,4,Good
223772,103053,13066,2025-09-19,4,Very good
223773,115534,11475,2026-03-24,5,NULL
223774,95892,10361,2024-08-23,4,Good
223775,95748,11299,2026-06-13,3,Average
223776,90718,11170,2024-09-03,1,Good
223777,109105,13502,2025-06-20,3,Very good
223778,93423,13640,2025-03-10,4,Could be better
223779,115459,13601,2024-09-23,4,Poor quality
223780,101302,14687,2024-01-25,2,Very good
223781,111289,12475,2025-10-01,4,Average
223782,98407,13455,2026-02-18,4,Very good
223783,119650,11299,2025-12-23,3,Could be better
223784,111999,10584,2025-07-10,4,Very good
223785,119083,12609,2024-06-26,5,Could be better
223786,119798,10305,2025-09-29,5,Excellent
223787,113556,11511,2025-11-25,3,Good
223788,104115,12138,2026-07-01,4,Could be better
223789,116624,10086,2024-05-25,5,Poor quality
223790,97551,12658,2024-02-02,4,Excellent
223791,93743,10147,2024-05-25,5,Average
223792,90582,12980,2024-12-13,4,Good
223793,107411,12743,2024-11-26,5,Average
223794,92227,11455,2026-01-10,4,Good
223795,99305,13773,2026-07-06,3,Excellent
223796,111180,11911,2026-07-11,3,Average
223797,99698,11406,2024-10-04,4,Excellent
223798,105995,11094,2024-12-23,4,Good
223799,115931,12669,2024-06-07,5,Could be better
223800,105054,12453,2025-07-04,4,Good
223801,103706,14193,2025-09-26,3,Could be better
223802,116604,12949,2024-05-11,5,Excellent
223803,110194,11909,2024-09-25,5,Poor quality
223804,90426,11794,2024-10-24,5,Poor quality
223805,92109,13386,2024-08-22,3,Very good
223806,102593,10412,2025-11-09,4,Could be better
223807,94807,10081,2025-03-01,5,Could be better
223808,110900,13725,2026-06-21,5,Very good
223809,109512,14841,2025-02-19,5,Could be better
223810,110777,11804,2024-09-06,4,Average
223811,114079,14213,2025-06-05,5,Average
223812,115372,10695,2025-04-05,5,Could be better
223813,113446,13957,2026-07-09,4,Good
223814,105803,14358,2024-04-22,5,Excellent
223815,115180,10851,2026-03-20,4,Average
223816,94782,14584,2026-07-02,5,Very good
223817,118919,11431,2025-12-16,5,Could be better
223818,99727,12802,2025-10-11,5,Excellent
223819,108901,12591,2025-01-24,5,Could be better
223820,117201,14592,2026-08-18,3,Poor quality
223821,109609,13497,2025-09-21,5,Poor quality
223822,115911,12776,2024-09-14,3,Excellent
223823,108505,10818,2024-02-27,4,Very good
223824,108364,14620,2026-02-23,5,Good
223825,104985,11171,2024-12-10,2,Good
223826,104294,11954,2026-02-06,4,Excellent
223827,104716,12754,2025-02-21,5,Excellent
223828,100479,11101,2024-12-01,4,Very good
223829,100107,14038,2024-09-25,5,Poor quality
223830,91585,13853,2025-06-05,4,Very good
223831,95278,12760,2026-04-11,4,Excellent
223832,105140,10081,2025-07-21,5,Could be better
223833,113584,12260,2024-11-18,4,Average
223834,116920,13584,2024-04-04,3,Excellent
223835,91963,12030,2024-02-04,4,Could be better
223836,110821,14322,2024-12-23,5,Good
223837,106249,14237,2025-08-10,5,Excellent
223838,100575,13139,2024-06-01,1,Could be better
223839,106783,13442,2026-02-21,1,Good
223840,92983,11963,2024-11-12,2,Average
223841,94246,14453,2025-06-23,4,Could be better
223842,120043,14446,2024-06-01,5,Could be better
223843,91597,13232,2024-01-22,3,Excellent
223844,115246,11851,2024-12-06,1,Good
223845,96219,13473,2025-02-07,4,Very good
223846,119222,13375,2024-05-20,2,Good
223847,98144,12591,2025-06-06,3,Average
223848,111220,13932,2025-09-07,4,Excellent
223849,115933,13745,2025-11-27,5,Good
223850,114661,11103,2025-06-26,5,Poor quality
223851,99316,10101,2024-07-22,4,Good
223852,98997,12507,2024-01-07,5,Very good
223853,97700,12524,2024-07-15,5,Could be better
223854,118169,12528,2026-01-06,5,Excellent
223855,97110,14904,2025-09-15,1,Very good
223856,94783,14719,2025-04-06,3,Very good
223857,115205,11862,2025-11-23,5,Could be better
223858,116849,11615,2025-06-08,3,Average
223859,95418,10634,2025-09-20,5,Very good
223860,106596,13229,2026-01-19,3,Very good
223861,92085,12411,2026-04-17,3,Very good
223862,115729,11402,2024-09-04,3,Very good
223863,92211,13039,2024-01-10,5,Average
223864,108509,13134,2026-01-02,5,Good
223865,102656,12540,2026-04-11,5,Excellent
223866,113707,12673,2024-04-19,4,Good
223867,107401,14350,2025-10-06,5,Excellent
223868,95146,11937,2024-11-26,2,Poor quality
223869,114028,14166,2026-02-21,4,Average
223870,106187,11810,2025-10-15,4,Very good
223871,106719,13250,2026-01-04,5,Excellent
223872,119843,10870,2026-01-07,3,Good
223873,92876,12153,2025-03-21,5,Average
223874,114735,13383,2024-01-01,4,Average
223875,99916,12787,2025-12-30,5,Could be better
223876,105286,14394,2025-06-26,4,Poor quality
223877,106660,12032,2024-01-26,3,Could be better
223878,95602,11175,2026-07-23,3,Could be better
223879,117005,10135,2025-04-19,4,Good
223880,90018,11338,2024-03-05,4,Could be better
223881,98593,11407,2024-06-16,3,Average
223882,92777,14515,2025-01-10,1,Could be better
223883,107766,14194,2024-11-19,5,Good
223884,97200,11277,2025-09-24,5,Poor quality
223885,103407,13351,2026-02-08,5,Very good
223886,98560,13636,2025-12-11,5,Very good
223887,92646,10634,2025-03-12,2,Very good
223888,92170,14655,2025-11-11,5,Poor quality
223889,95379,14764,2025-07-04,1,Excellent
223890,113538,10930,2024-04-27,5,Very good
223891,90736,14949,2026-01-13,3,Good
223892,115880,14814,2026-05-27,1,Excellent
223893,113407,10674,2025-07-25,4,Excellent
223894,106992,14811,2024-09-06,5,Excellent
223895,120012,10357,2025-07-13,5,Poor quality
223896,110622,14548,2024-10-14,4,Could be better
223897,93119,12935,2024-01-09,4,Could be better
223898,111984,10163,2025-06-30,2,Poor quality
223899,94639,10151,2025-04-01,2,Good
223900,109300,12299,2025-01-24,5,Average
223901,114078,14213,2026-03-04,3,Average
223902,95402,14580,2026-05-31,5,Poor quality
223903,101984,11176,2024-09-06,3,Very good
223904,104418,13106,2026-03-06,4,Good
223905,115614,14508,2024-01-14,1,Very good
223906,113724,12867,2024-07-24,5,Could be better
223907,112540,10432,2025-01-26,5,Good
223908,102846,12591,2024-06-26,3,Excellent
223909,106242,14716,2025-02-11,1,Could be better
223910,94731,11793,2025-08-14,2,Excellent
223911,112361,13757,2026-08-11,3,Poor quality
223912,114197,13058,2024-08-21,5,Could be better
223913,102357,11827,2024-06-16,5,Good
223914,95877,10701,2024-10-28,5,Could be better
223915,94900,13262,2026-05-01,5,Very good
223916,104205,14370,2024-04-12,4,Very good
223917,112478,10511,2025-11-10,4,Could be better
223918,106693,13675,2025-09-27,4,Excellent
223919,106619,12091,2026-08-09,4,Could be better
223920,97946,14957,2026-06-25,4,Poor quality
223921,107886,11326,2024-06-15,4,Excellent
223922,112623,13152,2024-02-10,4,Poor quality
223923,115616,14391,2026-02-19,5,Poor quality
223924,101657,13094,2026-07-03,5,Could be better
223925,97908,10367,2024-07-31,5,Could be better
223926,102600,10386,2024-06-12,4,Could be better
223927,119944,12939,2025-06-26,4,Very good
223928,98137,12632,2026-05-05,4,Poor quality
223929,120609,14817,2025-06-05,5,Good
223930,97785,13283,2025-09-11,5,Good
223931,106868,11619,2026-05-06,5,Average
223932,97634,13149,2024-08-22,1,Very good
223933,111621,13103,2024-08-28,5,Average
223934,102831,10660,2025-12-23,5,Very good
223935,113367,14721,2024-02-23,4,Poor quality
223936,104048,13442,2025-03-12,5,Could be better
223937,114895,13758,2024-11-19,3,Poor quality
223938,120560,10234,2024-03-15,3,Good
223939,113643,14190,2025-03-21,2,Very good
223940,114592,12308,2026-08-07,1,Excellent
223941,102559,12605,2024-01-15,4,Average
223942,118521,14483,2025-03-18,3,Very good
223943,120710,12567,2024-01-25,4,Average
223944,117796,12529,2026-02-11,5,Very good
223945,100863,11013,2024-01-09,2,Excellent
223946,106113,12867,2026-07-24,5,NULL
223947,96796,10111,2024-04-28,3,Poor quality
223948,96995,14638,2026-05-15,4,Excellent
223949,111840,12011,2025-11-30,3,Average
223950,110042,13194,2024-06-26,3,Good
223951,115692,11902,2024-12-19,3,Average
223952,112643,10361,2024-02-18,5,Very good
223953,106409,14665,2025-05-25,2,Excellent
223954,103069,10099,2025-08-17,5,Excellent
223955,99250,11993,2024-12-15,4,Good
223956,100052,14499,2026-08-20,5,Good
223957,92062,11552,2024-02-03,5,Average
223958,92599,13616,2026-02-15,4,Good
223959,113892,12248,2024-04-15,4,Could be better
223960,92509,13130,2024-09-12,5,Poor quality
223961,104755,11906,2024-04-14,5,Excellent
223962,114801,10701,2025-11-03,5,Good
223963,107525,11178,2024-09-15,2,Could be better
223964,93075,10166,2024-01-24,5,Could be better
223965,90952,10043,2025-10-16,5,Excellent
223966,118263,10611,2024-01-30,5,Poor quality
223967,101452,10446,2026-03-18,5,Average
223968,113531,12327,2025-04-13,4,Very good
223969,95113,14459,2026-03-03,5,Could be better
223970,111629,14826,2024-11-01,4,Good
223971,117619,11043,2025-07-03,3,Poor quality
223972,105002,12177,2026-04-08,5,Good
223973,103459,11080,2026-02-10,5,Very good
223974,98963,14065,2024-08-19,5,Good
223975,117741,13579,2026-01-23,5,Average
223976,101706,13007,2025-05-21,5,Poor quality
223977,112271,13287,2026-03-16,4,Good
223978,105930,10816,2026-07-08,5,Very good
223979,91133,13134,2024-04-02,1,Excellent
223980,101369,10726,2025-05-16,5,Excellent
223981,111120,13336,2025-09-04,2,Poor quality
223982,120445,13286,2026-02-26,4,Poor quality
223983,118614,11840,2024-10-04,5,Excellent
223984,96253,13799,2024-07-16,5,Excellent
223985,94299,10676,2025-05-18,5,Could be better
223986,106846,12310,2025-10-18,5,Good
223987,103824,11309,2026-03-25,3,Good
223988,95895,14384,2025-10-08,5,Average
223989,118009,10937,2025-07-06,2,Excellent
223990,99466,12281,2026-01-21,5,Average
223991,92478,12496,2024-08-13,4,Very good
223992,93048,10763,2024-05-07,5,Good
223993,108724,13470,2025-07-09,5,Very good
223994,115591,13912,2026-05-21,3,Excellent
223995,108600,13531,2024-10-30,5,Poor quality
223996,92136,13049,2026-06-27,5,Poor quality
223997,111548,14945,2025-02-09,4,Very good
223998,93032,13651,2024-05-31,5,Good
223999,100989,10319,2024-06-09,4,Poor quality
224000,103090,13370,2025-09-23,3,Average
224001,113901,12715,2024-09-02,4,Very good
224002,104929,14116,2024-11-25,4,Could be better
224003,104012,14331,2025-03-12,4,Good
224004,93237,10005,2026-03-29,2,Good
224005,119225,12656,2026-01-04,4,Could be better
224006,118254,12323,2024-02-14,5,Excellent
224007,113361,10636,2024-11-21,5,Excellent
224008,106434,12944,2026-02-03,5,Average
224009,107325,14159,2026-06-27,1,Very good
224010,113091,14802,2026-08-17,2,Could be better
224011,111703,12822,2024-03-21,2,Could be better
224012,95074,10033,2025-07-12,5,Poor quality
224013,94775,13783,2025-01-04,5,Could be better
224014,105364,13288,2025-12-28,5,Excellent
224015,94863,13399,2024-11-13,3,Excellent
224016,101527,14869,2024-10-26,4,Good
224017,106721,14097,2026-03-07,5,Could be better
224018,117642,14506,2026-05-18,4,Very good
224019,95346,10570,2026-05-06,5,Could be better
224020,112900,13198,2024-06-21,3,Poor quality
224021,93367,12781,2024-12-26,2,Very good
224022,109565,14033,2026-04-23,5,Could be better
224023,94691,11707,2024-06-01,4,Good
224024,104727,10476,2025-02-27,1,Good
224025,110288,14134,2024-02-18,4,Could be better
224026,108435,11119,2025-02-13,3,Very good
224027,118484,12550,2025-11-08,3,Average
224028,95307,14998,2025-04-05,5,Excellent
224029,91571,13824,2024-05-08,5,Very good
224030,100896,11724,2026-05-08,5,Poor quality
224031,99349,10434,2025-04-01,3,Excellent
224032,95947,12390,2026-05-18,4,Could be better
224033,95898,13210,2024-09-30,3,Very good
224034,107723,11523,2024-05-19,5,Good
224035,111654,13134,2025-04-10,5,Very good
224036,99889,14284,2025-04-05,4,Good
224037,91733,11362,2024-05-15,3,Could be better
224038,93319,14579,2026-08-06,3,Average
224039,99122,12290,2025-07-26,4,Average
224040,100343,13143,2025-04-05,4,Could be better
224041,115425,11760,2025-02-25,5,Very good
224042,106430,10607,2025-03-21,5,Good
224043,92570,11683,2025-12-15,5,Good
224044,90958,13711,2025-03-11,2,Very good
224045,108230,11863,2025-01-24,5,Could be better
224046,91795,11102,2024-06-07,2,Very good
224047,112319,14482,2024-03-16,5,Good
224048,98844,10395,2025-01-07,5,Excellent
224049,116040,13687,2025-06-29,4,Could be better
224050,103207,14800,2026-04-14,3,Very good
224051,113120,11574,2024-05-03,5,Could be better
224052,98618,13257,2024-10-22,4,Poor quality
224053,95269,11296,2026-06-18,3,Poor quality
224054,106469,11426,2025-07-16,3,Could be better
224055,103698,13596,2026-08-19,4,Excellent
224056,114123,11654,2026-07-05,5,Average
224057,118270,12315,2026-08-16,4,Good
224058,97652,14938,2024-10-09,2,Could be better
224059,93823,10277,2025-05-07,5,Excellent
224060,102422,12412,2024-04-19,5,Excellent
224061,118118,14471,2024-04-14,4,Good
224062,99564,12449,2025-11-09,5,Poor quality
224063,104476,14406,2026-03-15,4,Poor quality
224064,108894,13482,2025-07-30,5,Poor quality
224065,114005,12133,2025-10-05,5,Good
224066,91445,13109,2025-03-26,5,NULL
224067,93477,13353,2024-06-07,5,Excellent
224068,103744,12339,2025-03-31,4,Very good
224069,107508,10614,2024-04-01,4,Good
224070,113107,12565,2025-06-23,3,Very good
224071,116884,13459,2024-12-20,5,Very good
224072,116581,13868,2024-12-09,1,Excellent
224073,112598,13070,2025-09-23,5,Average
224074,115422,10204,2026-07-13,5,Very good
224075,91579,12822,2025-06-16,5,Could be better
224076,100075,12730,2025-08-28,3,Average
224077,109817,13838,2026-08-17,4,Very good
224078,102837,10688,2024-01-02,5,Could be better
224079,120653,11559,2024-10-30,4,Good
224080,94100,11292,2026-08-13,4,Could be better
224081,91215,14602,2025-10-26,5,Excellent
224082,113778,14354,2025-11-23,4,Very good
224083,112747,11804,2024-11-07,4,Excellent
224084,95948,13345,2026-05-22,4,Very good
224085,105099,13455,2026-07-06,5,Good
224086,90325,10202,2024-10-16,4,Could be better
224087,91136,11770,2024-04-09,5,Good
224088,105790,10602,2025-09-02,5,Good
224089,109357,14605,2025-01-06,4,Very good
224090,119440,13882,2026-05-09,5,Good
224091,91294,12859,2025-07-05,5,Good
224092,101662,12074,2024-11-30,4,Could be better
224093,116556,14239,2024-11-06,5,Excellent
224094,99672,14146,2025-01-13,4,Average
224095,99746,11599,2025-09-30,4,Very good
224096,118393,10556,2026-08-25,4,Very good
224097,114794,14807,2025-01-20,4,Poor quality
224098,108904,14708,2024-10-08,5,Excellent
224099,101921,10818,2025-12-06,5,Could be better
224100,117631,12061,2026-04-06,3,Good
224101,93422,11320,2024-02-23,5,Could be better
224102,119121,11676,2024-02-28,5,Very good
224103,118548,12960,2025-05-22,3,Could be better
224104,104653,13639,2025-12-05,3,Good
224105,108733,10341,2026-02-25,5,Excellent
224106,110355,13014,2025-10-24,4,Average
224107,111716,14750,2024-10-12,5,Excellent
224108,120036,12610,2024-09-29,4,Poor quality
224109,120902,11511,2024-12-05,2,Very good
224110,98973,14572,2025-07-20,1,Excellent
224111,108615,13254,2024-04-18,5,Very good
224112,109156,10014,2026-03-06,4,Excellent
224113,120035,13646,2026-04-06,3,Very good
224114,107493,12765,2025-03-05,5,Average
224115,92850,14961,2025-08-29,5,Good
224116,99341,10627,2026-06-08,4,Good
224117,120754,14709,2025-07-02,3,Could be better
224118,95246,14948,2025-02-03,5,Poor quality
224119,118526,12954,2026-03-21,1,Good
224120,106022,11222,2024-02-11,5,Excellent
224121,111272,11824,2024-07-08,3,Very good
224122,113459,11241,2025-05-08,5,Good
224123,113408,10833,2025-03-22,5,Poor quality
224124,120053,11885,2024-07-26,4,Very good
224125,110974,12043,2025-06-22,4,Could be better
224126,97859,11768,2024-03-31,3,Good
224127,102067,10142,2024-11-16,4,Average
224128,110662,14934,2024-04-26,5,Poor quality
224129,105166,13518,2025-12-31,2,Good
224130,101077,14631,2025-03-01,5,Excellent
224131,101462,14696,2026-06-30,4,Very good
224132,116867,12211,2025-05-17,5,Very good
224133,117726,11518,2025-11-16,5,Poor quality
224134,100133,13863,2025-04-27,3,Average
224135,107102,10039,2026-06-05,3,Good
224136,119236,14312,2025-01-10,3,Poor quality
224137,99622,10204,2024-02-12,4,Excellent
224138,96715,12210,2024-07-09,2,Could be better
224139,117863,13957,2026-03-16,5,Could be better
224140,100534,14156,2025-05-21,5,Good
224141,113655,11956,2025-06-25,5,Poor quality
224142,91721,12534,2024-02-14,4,Average
224143,105128,13776,2025-04-04,3,Poor quality
224144,112662,11222,2024-01-17,4,Excellent
224145,107677,12724,2026-06-20,3,Good
224146,116967,10640,2026-04-17,4,Good
224147,119584,12751,2024-08-10,5,Very good
224148,93359,10656,2026-06-15,5,Good
224149,111988,11050,2026-03-28,4,Excellent
224150,116928,10089,2024-06-10,4,Poor quality
224151,103734,10208,2024-09-24,2,Poor quality
224152,107644,12220,2026-03-28,4,Could be better
224153,109743,13461,2025-01-27,4,Poor quality
224154,92886,14686,2025-11-24,4,Poor quality
224155,113850,14275,2024-07-12,4,Excellent
224156,109222,13658,2026-04-12,2,Good
224157,107245,14890,2025-12-18,3,Very good
224158,109096,14014,2026-07-19,1,Good
224159,102185,10843,2025-05-04,5,Poor quality
224160,108854,12289,2024-01-10,1,Good
224161,112867,12812,2024-08-08,4,Good
224162,114889,10720,2025-07-01,4,Good
224163,103266,14267,2026-01-01,4,Excellent
224164,100563,10321,2025-10-24,4,Poor quality
224165,118666,10043,2026-01-25,3,Good
224166,103729,13571,2024-01-05,5,Poor quality
224167,109712,10470,2024-10-23,5,Poor quality
224168,98327,14499,2024-10-21,3,Average
224169,104096,14077,2024-01-23,4,Average
224170,94332,12770,2026-06-19,4,Average
224171,112047,10649,2024-02-19,2,Excellent
224172,98806,10974,2025-07-19,4,Poor quality
224173,118787,13722,2025-06-11,4,Poor quality
224174,117380,14518,2026-08-11,4,Good
224175,108666,11358,2024-09-14,3,Poor quality
224176,117965,10838,2024-04-15,4,Good
224177,99037,14357,2025-10-12,5,Good
224178,106894,12810,2024-09-02,4,Excellent
224179,119639,12834,2024-07-14,5,Poor quality
224180,112527,12690,2024-03-31,4,Good
224181,111088,14404,2025-04-15,3,Excellent
224182,111943,13239,2025-09-09,5,Poor quality
224183,108512,12351,2024-02-23,5,Good
224184,101442,11584,2025-01-31,5,Could be better
224185,96354,12837,2024-01-19,5,Excellent
224186,111872,12630,2024-09-10,4,Good
224187,97429,10976,2026-05-10,5,Good
224188,104027,13843,2025-08-12,3,Excellent
224189,103487,14475,2025-10-25,5,Average
224190,104906,10237,2024-11-27,3,Very good
224191,105634,10729,2025-02-01,5,Very good
224192,117999,10783,2026-02-07,5,Excellent
224193,93452,13049,2025-01-30,4,Could be better
224194,114299,10256,2025-09-01,3,Excellent
224195,95094,13235,2024-06-24,5,Average
224196,94541,13120,2025-08-03,3,Could be better
224197,96985,10311,2025-12-12,5,Could be better
224198,119465,11249,2024-04-14,5,Could be better
224199,111584,10814,2026-05-26,5,Very good
224200,97674,12932,2026-02-09,5,Could be better
224201,98021,11504,2025-07-21,3,Average
224202,90666,12821,2026-06-28,3,Could be better
224203,107859,14800,2024-03-22,5,Poor quality
224204,91386,13668,2025-04-11,5,Good
224205,120857,13602,2024-10-01,5,Excellent
224206,117781,10034,2024-09-26,4,Excellent
224207,96476,11187,2026-03-14,3,Excellent
224208,102825,11212,2024-09-21,5,Good
224209,90683,12346,2025-03-19,5,Could be better
224210,98065,11418,2026-05-08,2,Good
224211,106844,10380,2026-01-15,5,Could be better
224212,117740,10565,2024-10-06,2,Poor quality
224213,120859,12959,2024-05-24,3,Excellent
224214,105627,10601,2025-09-09,1,Good
224215,106685,11659,2024-10-27,5,Good
224216,115443,11095,2025-07-03,5,Excellent
224217,119294,13340,2025-01-19,5,Average
224218,97459,11176,2025-10-12,2,Could be better
224219,91108,10873,2024-06-08,4,Average
224220,111555,14795,2026-02-22,5,Could be better
224221,111074,12437,2026-05-02,5,Poor quality
224222,103918,10534,2026-05-23,4,Good
224223,111478,12990,2024-12-22,1,Good
224224,99207,13082,2024-09-20,4,Good
224225,90626,14533,2024-10-04,3,Poor quality
224226,99801,10193,2024-11-26,3,Poor quality
224227,91099,12119,2024-01-03,4,Excellent
224228,91890,11722,2025-05-04,2,Good
224229,114183,13165,2024-01-08,4,Could be better
224230,90085,10170,2024-08-18,4,Could be better
224231,107873,11656,2025-01-17,5,Could be better
224232,120505,12714,2026-01-22,5,Very good
224233,116223,14184,2025-06-17,4,Could be better
224234,110399,12958,2024-05-27,4,Average
224235,110474,14577,2025-07-06,3,Excellent
224236,111929,10796,2026-06-11,5,Average
224237,110275,13078,2026-05-16,2,Could be better
224238,93407,11601,2025-02-19,5,Could be better
224239,112675,12391,2025-08-02,4,Could be better
224240,95860,12171,2026-05-15,5,Average
224241,110299,12002,2025-05-12,4,Very good
224242,93714,13620,2025-07-17,5,Poor quality
224243,104191,13867,2025-11-11,5,Good
224244,114944,12262,2024-05-07,4,Very good
224245,101909,13193,2025-08-03,4,NULL
224246,114644,13703,2024-11-15,5,Very good
224247,112030,11652,2024-05-17,3,Good
224248,97719,11186,2025-07-07,1,Poor quality
224249,106397,10155,2024-10-27,5,Average
224250,90993,11249,2026-06-04,3,Average
224251,102162,12971,2024-01-17,2,Very good
224252,97905,11995,2024-09-05,5,Good
224253,91559,14252,2024-10-30,4,Could be better
224254,102408,12203,2025-05-10,4,Excellent
224255,90099,14023,2024-11-21,3,Very good
224256,99247,12447,2024-02-23,5,Excellent
224257,91458,13742,2024-01-28,5,Very good
224258,107609,14455,2024-07-02,5,Could be better
224259,100074,12730,2024-06-13,3,Average
224260,99052,14366,2025-09-20,5,Very good
224261,104712,12377,2026-01-05,3,Could be better
224262,101304,14687,2024-08-17,3,Could be better
224263,97382,12421,2026-02-05,5,Very good
224264,117055,13329,2024-06-22,5,Average
224265,114814,12684,2024-08-23,4,Poor quality
224266,103173,11281,2025-12-07,4,Very good
224267,102702,13015,2026-07-10,5,Average
224268,101598,14470,2026-02-07,4,Very good
224269,115446,10540,2025-09-10,3,Excellent
224270,115104,12582,2026-03-09,5,Poor quality
224271,92479,12502,2024-05-14,3,Could be better
224272,104104,12685,2024-01-21,4,Could be better
224273,91450,14676,2024-12-10,5,Poor quality
224274,98597,10356,2025-01-21,4,Very good
224275,112820,10457,2025-04-03,1,Excellent
224276,112237,13765,2026-07-10,3,Could be better
224277,109915,14663,2024-12-25,4,Very good
224278,93571,11381,2024-05-16,5,Good
224279,94175,14507,2026-02-16,1,Could be better
224280,105730,10417,2024-08-08,5,Average
224281,116699,10778,2026-02-02,4,Very good
224282,94661,12180,2024-11-03,1,Poor quality
224283,97186,11991,2025-07-22,4,Good
224284,105019,13480,2024-05-21,5,Poor quality
224285,113131,14021,2025-12-29,3,Excellent
224286,102403,11726,2025-03-17,3,Poor quality
224287,107351,12666,2026-05-17,5,Average
224288,101973,14808,2025-07-10,5,Good
224289,110554,12694,2025-04-25,5,Very good
224290,106257,11770,2024-05-28,3,Excellent
224291,115317,13658,2025-03-29,2,Excellent
224292,112162,11645,2024-03-09,5,Excellent
224293,90925,12124,2024-03-05,3,Average
224294,120400,10798,2025-11-06,5,Could be better
224295,104380,13528,2026-07-23,3,Average
224296,102468,11642,2024-09-17,5,Good
224297,109152,12271,2024-08-12,5,Good
224298,119388,13668,2024-11-05,4,Poor quality
224299,93694,13120,2024-12-01,5,Poor quality
224300,93914,13113,2024-05-09,3,Good
224301,101904,14755,2024-12-23,4,Excellent
224302,120444,12052,2024-07-29,3,Average
224303,90935,12837,2025-03-24,4,Average
224304,101929,13438,2025-04-03,4,Excellent
224305,108097,14034,2024-06-11,5,Could be better
224306,94906,11902,2025-08-25,2,Excellent
224307,117265,10855,2026-02-12,1,Average
224308,100071,14027,2026-07-14,4,Excellent
224309,106404,14191,2024-08-10,3,Poor quality
224310,100083,13089,2025-10-29,5,Could be better
224311,114962,13865,2026-01-20,5,Good
224312,96420,13668,2025-08-20,4,Very good
224313,106124,10370,2024-09-23,2,Poor quality
224314,105497,12243,2024-05-28,5,Poor quality
224315,116363,14972,2026-05-31,2,Excellent
224316,109205,13164,2026-08-24,2,Could be better
224317,96554,14915,2026-05-03,4,Good
224318,117001,12454,2025-01-25,3,Excellent
224319,109276,11714,2024-07-15,4,Average
224320,95856,14844,2025-12-30,5,Poor quality
224321,100760,14352,2025-09-11,4,Poor quality
224322,97102,12177,2026-06-25,3,Excellent
224323,113870,10893,2024-01-13,5,Average
224324,116456,11699,2025-10-20,4,Good
224325,92708,13041,2025-12-02,4,Poor quality
224326,101968,12452,2025-02-28,3,Very good
224327,106345,10126,2025-09-05,3,Average
224328,120248,12577,2026-01-01,3,Very good
224329,106532,14389,2025-05-07,4,Poor quality
224330,94214,11556,2024-11-09,5,Average
224331,100125,12410,2024-07-03,5,Good
224332,118487,14836,2024-07-09,4,Poor quality
224333,116683,13784,2026-07-14,5,Poor quality
224334,105647,10714,2025-10-10,5,Could be better
224335,99966,14261,2025-08-25,5,Good
224336,91961,11742,2025-08-21,3,Excellent
224337,111609,11980,2025-04-23,3,Good
224338,101307,10973,2025-04-19,5,Could be better
224339,111192,10695,2024-03-25,2,Poor quality
224340,97357,11837,2024-03-24,5,Average
224341,112100,11472,2024-06-03,4,Good
224342,93723,12585,2025-04-02,3,Very good
224343,114505,12243,2024-01-29,3,Good
224344,101372,12629,2025-03-30,5,Good
224345,96474,12163,2026-07-17,4,Very good
224346,105702,12686,2024-07-20,4,Average
224347,108177,11323,2024-06-09,4,Average
224348,93755,14705,2026-03-27,5,Excellent
224349,105999,14602,2026-06-27,4,Could be better
224350,114571,13874,2025-06-09,3,Could be better
224351,92890,11913,2026-06-24,4,Very good
224352,117924,10142,2025-05-20,2,Average
224353,112401,11758,2026-04-02,5,Poor quality
224354,97585,13801,2025-08-25,4,Very good
224355,99694,13682,2024-03-08,5,Poor quality
224356,107014,10319,2024-01-13,5,Good
224357,106960,10030,2025-12-20,4,Good
224358,118978,11529,2024-04-22,3,Average
224359,110123,10149,2026-04-12,5,Average
224360,111575,14231,2025-04-24,5,Excellent
224361,112965,11992,2025-06-16,4,Could be better
224362,106827,14847,2024-04-19,5,Poor quality
224363,120003,12793,2026-07-09,5,Could be better
224364,118034,11224,2024-08-11,4,Poor quality
224365,101087,10580,2025-02-16,4,Excellent
224366,105365,10335,2025-08-31,5,Average
224367,105980,13252,2024-05-28,2,Very good
224368,107426,12920,2024-09-14,4,Could be better
224369,117837,12910,2026-02-04,4,Poor quality
224370,92221,12494,2024-07-19,3,Good
224371,98670,12370,2024-07-31,4,Average
224372,102570,13059,2025-11-19,5,Excellent
224373,90277,12412,2025-08-30,5,Good
224374,118979,11529,2025-11-03,5,Average
224375,112197,11654,2025-05-25,5,Good
224376,109973,12678,2024-04-12,5,Excellent
224377,100273,10489,2025-03-26,4,Average
224378,94709,12793,2025-09-01,5,Very good
224379,102935,13037,2025-01-24,5,Excellent
224380,103932,13536,2024-03-25,5,Excellent
224381,93584,14929,2024-05-14,5,Average
224382,103997,12130,2024-04-10,1,Could be better
224383,93056,11766,2024-01-07,2,Very good
224384,90764,13608,2024-12-29,4,Good
224385,115128,12895,2025-03-29,3,Poor quality
224386,109684,14491,2024-08-21,2,Excellent
224387,112209,14977,2026-08-05,2,Very good
224388,111276,11288,2025-07-07,5,Very good
224389,94311,11779,2025-01-16,4,Very good
224390,96944,13375,2025-08-04,4,Could be better
224391,116207,13276,2024-01-08,4,Could be better
224392,103856,10370,2024-03-14,3,Could be better
224393,98357,13160,2025-08-26,5,Could be better
224394,90163,12806,2024-03-03,3,Excellent
224395,97325,10221,2024-05-07,5,Very good
224396,105142,10655,2026-04-17,1,Average
224397,118467,10336,2025-10-31,4,Excellent
224398,94799,14404,2024-12-25,3,Excellent
224399,94724,12966,2025-06-23,4,Average
224400,99235,13536,2026-01-16,4,Could be better
224401,119676,11641,2026-02-27,4,Good
224402,118504,10317,2025-07-14,5,Excellent
224403,99262,11093,2025-08-29,1,Good
224404,116865,12291,2025-03-18,5,Average
224405,91271,13631,2025-05-10,4,Good
224406,112175,13739,2024-06-13,2,Could be better
224407,97096,13223,2025-02-08,5,Average
224408,103940,12127,2026-01-07,5,Could be better
224409,117145,10251,2024-11-16,5,Very good
224410,114990,14851,2024-07-07,5,Average
224411,103895,13304,2024-03-14,1,Poor quality
224412,119258,12895,2025-12-23,4,Excellent
224413,100787,10571,2026-04-09,3,Excellent
224414,118372,14712,2024-10-27,5,Excellent
224415,96413,12603,2026-03-23,4,Excellent
224416,96809,10870,2025-10-20,5,Average
224417,115887,12900,2025-03-06,4,Could be better
224418,94741,14554,2024-09-26,5,Could be better
224419,91600,10317,2024-01-04,5,Excellent
224420,103771,12352,2024-10-03,3,Poor quality
224421,97863,12657,2025-11-10,4,Good
224422,114252,12577,2024-03-16,4,Average
224423,95008,10404,2024-02-10,4,Excellent
224424,106360,12994,2024-10-06,5,Poor quality
224425,90554,12028,2024-09-06,1,Average
224426,117880,10868,2024-10-06,4,NULL
224427,104596,11206,2024-01-31,2,Average
224428,95162,13732,2025-07-31,5,Good
224429,108549,14558,2026-03-20,4,Poor quality
224430,115902,11088,2025-09-24,4,Excellent
224431,115970,10370,2025-11-14,4,Good
224432,93695,13360,2026-05-28,4,Very good
224433,105474,11391,2025-10-14,5,Could be better
224434,96844,13346,2025-09-29,4,Poor quality
224435,107875,12004,2024-02-06,5,Excellent
224436,96076,12274,2026-06-18,1,Good
224437,113871,13497,2024-09-04,4,Poor quality
224438,108291,14711,2026-07-20,3,Good
224439,98622,14153,2026-07-19,1,Poor quality
224440,117251,14626,2025-12-12,1,Average
224441,97928,12791,2026-05-13,4,Average
224442,105162,13354,2024-03-31,4,Excellent
224443,90711,13480,2025-05-04,5,Good
224444,105423,14506,2024-03-27,1,Could be better
224445,117870,13072,2025-10-24,1,Poor quality
224446,101682,11191,2026-01-03,5,Good
224447,98458,12334,2025-04-24,4,Could be better
224448,108928,11492,2024-10-07,5,Poor quality
224449,106701,14373,2024-05-13,5,Very good
224450,92364,12703,2025-02-09,5,Very good
224451,94815,11966,2025-08-20,5,Good
224452,97319,10640,2026-01-26,4,Good
224453,97457,11089,2026-07-05,4,Poor quality
224454,111955,11170,2024-02-24,5,Very good
224455,104018,11632,2024-02-24,4,Very good
224456,92912,11704,2024-03-05,2,Very good
224457,101038,11405,2025-06-30,5,Poor quality
224458,110209,13222,2024-04-18,3,Very good
224459,110218,13551,2026-04-21,5,Excellent
224460,91417,13497,2025-07-17,3,Could be better
224461,106763,14924,2025-02-14,3,Average
224462,115308,12090,2024-01-24,4,Very good
224463,93382,13870,2026-01-01,4,Average
224464,115805,10313,2024-06-18,5,Very good
224465,120536,12386,2025-04-16,5,Excellent
224466,97488,12755,2026-02-24,5,Excellent
224467,98153,11103,2026-07-08,1,Excellent
224468,112947,11706,2025-06-08,4,Good
224469,96887,10814,2025-01-19,4,Very good
224470,106506,11532,2025-03-23,5,Poor quality
224471,107969,12755,2025-01-06,3,Very good
224472,116671,14170,2025-01-04,5,Average
224473,120687,10751,2024-07-25,5,Could be better
224474,104648,11483,2024-03-01,3,Could be better
224475,95468,10916,2024-04-29,3,Average
224476,119255,14628,2024-04-30,5,Excellent
224477,117748,10225,2026-07-26,4,Average
224478,92138,14682,2024-12-19,1,Very good
224479,118195,14138,2025-05-31,5,Good
224480,102529,12822,2026-02-05,2,Could be better
224481,95961,12321,2024-08-05,5,Average
224482,103346,14811,2025-08-19,4,Poor quality
224483,90211,12380,2024-08-24,4,Could be better
224484,102438,14724,2024-10-11,5,Poor quality
224485,105058,14152,2026-04-08,3,Good
224486,104634,11393,2024-03-13,5,Very good
224487,101242,13935,2024-06-12,3,Very good
224488,113982,14922,2026-05-29,4,Average
224489,117048,10839,2026-08-21,2,Good
224490,115373,12903,2025-04-26,4,Could be better
224491,112112,14408,2026-04-08,3,Excellent
224492,108806,10757,2025-08-27,4,Very good
224493,94668,11324,2024-05-08,4,Could be better
224494,116494,13454,2025-10-28,3,Excellent
224495,99977,14668,2026-06-15,4,Good
224496,119194,13549,2025-09-09,5,Average
224497,99861,13769,2024-04-15,5,Very good
224498,98354,14950,2026-07-11,5,Could be better
224499,111533,13989,2025-01-12,4,Poor quality
224500,106393,14820,2025-01-22,4,Average
224501,107456,14479,2025-05-21,4,Good
224502,112069,10797,2024-08-06,5,Excellent
224503,110331,13316,2024-04-27,4,Very good
224504,95256,13162,2025-12-28,5,Poor quality
224505,109633,13997,2025-01-14,5,Could be better
224506,109079,13673,2024-10-06,4,Very good
224507,102073,14831,2026-06-06,5,Average
224508,113078,14771,2025-06-28,3,Good
224509,119889,14941,2024-05-10,5,Excellent
224510,93651,14684,2024-12-11,4,Poor quality
224511,96977,13552,2026-06-26,3,Average
224512,90377,10513,2024-09-17,3,Very good
224513,102610,12578,2026-05-08,5,Good
224514,105596,12331,2026-07-12,5,Average
224515,93123,12722,2026-01-16,4,Average
224516,107006,10048,2024-08-09,3,Very good
224517,120228,11934,2026-04-30,4,Good
224518,91971,14871,2025-10-07,4,Average
224519,105759,11842,2026-08-25,2,Poor quality
224520,102037,13018,2024-12-07,3,Very good
224521,114239,14184,2025-02-10,3,Poor quality
224522,93857,14073,2026-04-18,4,Average
224523,103908,11964,2024-12-21,5,Excellent
224524,120086,14254,2025-10-10,5,Good
224525,100509,14011,2026-04-29,5,Poor quality
224526,91668,14509,2024-03-13,4,Good
224527,99621,13473,2024-12-08,5,Could be better
224528,104765,14051,2026-01-08,5,Very good
224529,96490,11903,2024-03-07,5,Good
224530,108740,10984,2024-01-12,5,Excellent
224531,98911,12466,2025-04-27,3,Very good
224532,111081,11478,2026-04-08,4,Excellent
224533,110182,11444,2025-06-20,4,Excellent
224534,96372,13215,2024-01-13,4,Average
224535,118429,14404,2025-12-29,5,Excellent
224536,92012,10082,2025-02-18,3,Average
224537,92341,14496,2024-11-23,4,Average
224538,106885,13322,2024-05-31,5,Very good
224539,118439,11832,2025-10-16,5,Good
224540,105602,10577,2024-04-15,2,Average
224541,98391,10415,2025-01-31,5,Good
224542,92985,10085,2024-03-13,5,Could be better
224543,106357,12271,2025-06-23,5,Very good
224544,93273,14943,2025-08-22,4,Could be better
224545,92493,11204,2025-08-11,5,Very good
224546,103326,11399,2026-03-03,4,Very good
224547,96561,10278,2025-08-01,2,Average
224548,96373,10916,2025-07-18,4,Good
224549,114474,12251,2025-04-05,4,Very good
224550,111238,10480,2024-01-16,2,Average
224551,95818,11161,2025-10-18,4,Excellent
224552,115138,11005,2024-04-03,3,Excellent
224553,97576,10631,2024-02-09,4,Excellent
224554,96411,12603,2025-10-13,5,Very good
224555,94882,13953,2024-07-09,5,Poor quality
224556,104148,13396,2025-12-07,3,Good
224557,103640,12025,2024-08-21,2,Average
224558,91735,10220,2025-08-02,4,Excellent
224559,94750,10852,2025-09-13,2,Good
224560,119743,14675,2024-03-28,5,Excellent
224561,94084,10213,2026-01-12,2,Excellent
224562,105713,13646,2026-01-18,5,Average
224563,112451,10738,2024-11-05,3,Very good
224564,90192,12488,2026-01-14,5,Very good
224565,107481,13809,2024-12-22,4,Could be better
224566,120448,10517,2025-03-03,5,Average
224567,90755,10804,2026-03-16,5,Poor quality
224568,112448,13655,2024-01-06,5,Good
224569,98557,12228,2026-08-12,4,Good
224570,118351,12831,2024-02-14,5,Excellent
224571,115232,12041,2025-03-24,5,Good
224572,112132,10285,2026-07-23,5,Poor quality
224573,91461,11420,2024-05-07,4,Could be better
224574,97860,14340,2026-06-07,2,Good
224575,91926,11022,2025-11-24,5,Poor quality
224576,107422,11523,2025-10-14,3,Poor quality
224577,107283,12477,2024-09-03,4,Very good
224578,108860,12560,2025-07-26,4,Poor quality
224579,109442,13509,2025-05-11,4,Excellent
224580,111467,13771,2025-12-11,5,Average
224581,104943,10323,2024-01-04,5,Could be better
224582,106224,12065,2024-02-06,4,Poor quality
224583,96517,12231,2025-03-06,5,Good
224584,107234,13457,2025-01-06,5,Could be better
224585,98418,11369,2025-11-14,3,Good
224586,102821,10731,2024-07-19,3,Good
224587,97151,14566,2024-09-24,4,Good
224588,112160,14315,2024-08-15,4,Excellent
224589,100085,11948,2024-04-03,4,Very good
224590,117598,13365,2025-07-22,3,Could be better
224591,114589,11611,2025-11-21,2,Average
224592,90850,11351,2025-06-20,5,Very good
224593,97806,14155,2024-08-14,5,Average
224594,120742,14871,2026-02-01,5,Poor quality
224595,91803,13894,2024-11-02,5,Could be better
224596,116664,12724,2026-06-22,3,Average
224597,114677,11959,2024-04-03,4,Very good
224598,116106,13815,2025-06-15,5,Very good
224599,111243,11668,2024-06-20,5,Excellent
224600,91769,14772,2025-08-25,4,Average
224601,94887,13471,2024-10-14,5,Could be better
224602,117713,11099,2024-04-05,5,Very good
224603,95481,11032,2025-09-23,5,Poor quality
224604,99656,13162,2025-10-12,5,Average
224605,112738,10523,2026-01-29,5,Could be better
224606,118715,11084,2025-07-22,4,Could be better
224607,109175,14694,2024-05-10,5,Excellent
224608,101330,13573,2025-05-10,5,Average
224609,101096,13788,2024-01-05,2,Average
224610,99420,10258,2025-04-17,2,Average
224611,114715,12151,2024-01-13,5,Average
224612,101070,12509,2026-05-21,4,Very good
224613,100881,10499,2025-08-29,5,Good
224614,97262,14737,2025-03-14,4,Could be better
224615,97511,12555,2026-04-09,5,Average
224616,113430,13459,2024-10-05,4,Good
224617,94894,14197,2025-05-02,4,Poor quality
224618,110280,14837,2024-03-09,5,Good
224619,97922,12484,2024-12-09,5,Could be better
224620,96032,14750,2025-09-20,5,Good
224621,95531,11440,2024-10-09,4,Poor quality
224622,92678,14699,2025-07-03,4,Very good
224623,115564,11896,2025-05-02,1,Could be better
224624,99568,11505,2025-01-10,5,Could be better
224625,111907,12862,2026-03-12,3,Very good
224626,112123,14117,2024-10-18,5,Excellent
224627,106320,14737,2024-07-09,3,Very good
224628,119897,12762,2026-05-10,4,Average
224629,100800,14289,2024-11-01,4,Poor quality
224630,115746,13263,2024-01-23,1,Poor quality
224631,108557,12028,2024-10-21,3,Excellent
224632,116004,10778,2026-01-01,3,Could be better
224633,104714,11523,2026-07-17,4,Poor quality
224634,95849,12365,2026-05-21,2,Excellent
224635,118277,10351,2026-08-04,3,Very good
224636,105733,12317,2025-10-25,2,Poor quality
224637,105664,11893,2024-08-25,5,Poor quality
224638,116759,12186,2024-11-25,3,Excellent
224639,117771,12719,2025-03-15,5,Very good
224640,115079,11617,2026-03-14,4,Average
224641,108251,13434,2025-09-09,5,Could be better
224642,119182,12365,2025-08-07,2,Good
224643,117383,12243,2025-09-24,4,Poor quality
224644,118374,13270,2026-05-17,2,Very good
224645,115719,13849,2024-03-18,4,Good
224646,120130,12559,2025-10-18,3,Poor quality
224647,98338,14646,2024-09-26,1,Excellent
224648,101950,12466,2024-02-11,3,Very good
224649,109782,11349,2024-09-08,5,Good
224650,113063,12082,2024-05-12,3,Excellent
224651,102949,13602,2024-01-27,4,Poor quality
224652,116518,12642,2024-10-28,4,Good
224653,97897,12641,2024-06-25,5,Poor quality
224654,100063,10995,2025-03-27,4,Excellent
224655,93871,11922,2024-12-08,5,Very good
224656,90659,13839,2024-08-10,5,Good
224657,117564,10766,2024-01-09,5,Good
224658,109363,10440,2025-12-07,3,Excellent
224659,95513,12350,2025-05-09,5,Very good
224660,90772,12992,2026-04-29,5,Very good
224661,90021,10942,2025-05-07,5,Very good
224662,103790,11220,2025-04-10,3,Very good
224663,107223,13026,2025-12-01,3,Good
224664,96122,10230,2026-04-06,4,Very good
224665,91614,11331,2024-03-12,5,Average
224666,117049,11244,2024-09-05,3,Average
224667,109979,10790,2025-01-02,5,Good
224668,92082,12231,2024-07-30,4,Very good
224669,94767,11264,2024-10-22,3,Very good
224670,109279,13406,2026-03-08,5,Could be better
224671,119644,10283,2024-07-03,5,Excellent
224672,110508,11768,2026-03-31,5,Poor quality
224673,114304,12639,2024-06-12,4,Excellent
224674,94037,10499,2024-03-28,5,Very good
224675,105779,10549,2025-06-22,5,Excellent
224676,116145,12134,2025-11-10,4,Very good
224677,117370,14692,2024-12-07,2,Excellent
224678,115230,10122,2025-03-04,5,Average
224679,106655,11443,2026-01-19,5,Very good
224680,96854,14272,2024-05-22,5,Good
224681,100248,10995,2026-05-06,5,Average
224682,100730,13601,2025-11-22,5,Poor quality
224683,102532,14017,2024-10-11,3,Average
224684,103272,11204,2025-01-16,5,Very good
224685,100606,12760,2024-09-16,5,Very good
224686,114050,13400,2024-04-07,3,Good
224687,101446,12128,2025-05-02,5,Very good
224688,97740,14705,2024-02-09,5,Poor quality
224689,90409,13595,2025-07-07,5,Good
224690,94094,14139,2025-05-18,3,Excellent
224691,98076,12723,2024-09-28,4,Very good
224692,119609,14589,2025-07-03,3,Poor quality
224693,116780,10284,2026-06-28,4,Good
224694,94253,13082,2024-09-01,5,Excellent
224695,106576,11815,2026-08-13,5,Average
224696,112854,11502,2024-04-10,3,Poor quality
224697,107146,10896,2025-02-24,5,Very good
224698,109624,10417,2024-01-09,5,Poor quality
224699,96222,10159,2024-07-09,5,Could be better
224700,112226,12272,2024-11-17,4,Very good
224701,99523,12566,2025-09-18,5,Excellent
224702,103274,10154,2025-04-21,5,Average
224703,109418,14677,2026-02-10,4,Very good
224704,116963,13382,2024-09-14,5,Good
224705,109098,12726,2026-03-12,3,Poor quality
224706,104370,11654,2026-03-12,3,Average
224707,115687,10741,2025-04-08,2,Could be better
224708,104926,11499,2026-02-25,5,Poor quality
224709,96100,11556,2024-04-03,4,Good
224710,115999,13665,2026-08-03,4,Could be better
224711,110220,14659,2025-05-04,3,NULL
224712,92530,10499,2025-02-01,5,Could be better
224713,110363,11242,2025-11-06,5,Average
224714,100886,10330,2026-01-15,5,Poor quality
224715,111704,10981,2026-07-13,5,Poor quality
224716,90336,12611,2025-04-30,4,Excellent
224717,115060,10476,2024-03-09,4,Excellent
224718,117301,12517,2025-11-13,5,Could be better
224719,116607,11267,2025-01-02,4,Average
224720,98508,11676,2024-07-01,5,Very good
224721,93112,13886,2025-06-17,5,Could be better
224722,98978,14846,2024-02-06,1,Good
224723,100694,13565,2026-07-21,5,Could be better
224724,116850,10370,2025-08-30,5,Excellent
224725,98316,10263,2024-09-25,4,Could be better
224726,107038,14495,2024-10-08,5,Very good
224727,116174,11759,2026-06-11,4,Average
224728,105427,11590,2025-02-10,1,Average
224729,107773,14672,2025-08-19,5,Poor quality
224730,91135,11770,2024-11-28,5,Good
224731,90890,12739,2025-12-21,3,Excellent
224732,113189,14830,2026-03-01,3,Poor quality
224733,103367,14588,2025-12-11,4,Very good
224734,90574,13148,2024-08-13,4,Average
224735,96653,10498,2025-02-12,5,Very good
224736,108584,14391,2024-07-01,3,Poor quality
224737,115985,12469,2026-03-30,4,Excellent
224738,117990,10968,2025-11-16,4,Excellent
224739,97167,14396,2026-04-04,5,Excellent
224740,109544,11587,2026-08-26,5,Average
224741,92545,14409,2024-02-25,3,Could be better
224742,93868,11122,2025-03-01,4,Excellent
224743,119695,11045,2026-08-18,4,Very good
224744,100938,13204,2025-02-19,4,Good
224745,106977,14447,2025-05-16,4,Excellent
224746,112680,10276,2024-04-08,5,Very good
224747,98494,13239,2025-04-01,5,Good
224748,106869,11619,2024-04-24,4,Good
224749,110855,13690,2026-03-19,4,Excellent
224750,104274,14951,2024-07-05,4,Excellent
224751,120013,12445,2026-04-28,5,Poor quality
224752,119783,10861,2026-06-03,4,Could be better
224753,96055,13882,2024-06-05,5,Could be better
224754,91675,12747,2024-03-08,1,Poor quality
224755,94338,12084,2024-05-17,4,Average
224756,108780,14088,2026-08-20,4,Average
224757,90703,12807,2024-04-30,4,Good
224758,99914,13351,2025-03-10,5,Poor quality
224759,97418,14461,2025-10-02,2,Poor quality
224760,113945,10981,2024-05-18,5,Good
224761,92602,13080,2025-10-16,5,Poor quality
224762,94572,12130,2024-02-14,4,Could be better
224763,115126,10204,2026-01-22,3,Could be better
224764,114902,14505,2026-04-20,3,Could be better
224765,101579,12496,2024-07-24,4,Average
224766,117291,11081,2024-10-28,5,Poor quality
224767,98404,13675,2025-09-26,4,Good
224768,119244,14455,2025-01-03,2,Poor quality
224769,99451,13388,2026-08-15,1,Excellent
224770,97789,11973,2026-03-08,5,Average
224771,107808,14452,2025-06-04,1,Very good
224772,92800,14564,2024-07-25,2,Very good
224773,107687,12642,2025-11-08,5,Very good
224774,92262,11569,2024-09-20,5,Excellent
224775,101429,14823,2026-04-09,5,Excellent
224776,114904,11972,2026-04-25,5,Very good
224777,118530,12484,2025-12-20,5,Could be better
224778,91727,13968,2025-01-26,2,Poor quality
224779,114041,11718,2024-08-14,1,Excellent
224780,118945,10174,2026-02-18,3,Very good
224781,117677,12948,2026-01-30,5,Could be better
224782,110648,14452,2026-01-08,5,Good
224783,118935,13420,2025-03-30,3,Poor quality
224784,114298,10256,2025-12-23,5,Average
224785,104087,14055,2026-04-05,4,Very good
224786,104350,12462,2025-12-20,5,Excellent
224787,93586,10737,2026-04-21,3,Very good
224788,96746,10618,2025-09-20,4,Very good
224789,91709,12636,2026-02-16,5,Very good
224790,99991,13610,2025-04-16,2,Could be better
224791,104113,10031,2024-07-05,5,Good
224792,102833,12922,2025-09-23,5,Very good
224793,111156,13366,2025-04-07,5,Good
224794,94455,10983,2024-06-24,5,Poor quality
224795,110114,13903,2026-04-14,1,Excellent
224796,95001,13885,2025-08-21,5,Excellent
224797,120061,14573,2025-08-27,4,Average
224798,114530,12771,2026-07-01,5,Could be better
224799,97814,13348,2025-07-23,2,Good
224800,93504,11997,2024-11-15,4,Excellent
224801,93358,10356,2024-12-11,5,Excellent
224802,91609,13746,2025-09-01,5,Excellent
224803,105686,14244,2025-07-02,5,Could be better
224804,102197,11305,2024-04-09,5,Excellent
224805,104062,10350,2024-05-04,4,Excellent
224806,100057,14293,2026-06-09,1,Very good
224807,108020,11168,2024-11-28,2,Average
224808,96946,14941,2024-07-23,4,Average
224809,116813,10031,2024-06-14,3,Very good
224810,104005,11305,2024-05-09,3,Could be better
224811,111239,14049,2026-02-11,4,Very good
224812,119433,12546,2026-06-06,5,Average
224813,107013,10319,2024-02-06,5,Very good
224814,120406,12513,2025-01-30,3,Very good
224815,98571,10136,2025-09-01,5,Very good
224816,113716,13891,2025-11-04,2,Could be better
224817,114256,13731,2025-12-22,2,Could be better
224818,107957,10157,2024-10-23,2,Average
224819,109667,13959,2024-07-07,4,Poor quality
224820,107356,11845,2025-11-14,5,Poor quality
224821,103871,13286,2024-02-01,1,Excellent
224822,115041,10277,2025-10-05,4,Average
224823,96691,13426,2026-01-21,4,Could be better
224824,120771,10741,2026-03-04,4,Could be better
224825,109078,14556,2025-11-23,3,Poor quality
224826,111994,12809,2024-02-21,4,Excellent
224827,101305,10951,2025-08-24,3,Poor quality
224828,119492,12513,2024-06-03,4,Poor quality
224829,101613,14109,2024-01-16,5,Excellent
224830,100600,11934,2024-12-27,4,Could be better
224831,100494,14394,2025-07-06,4,Excellent
224832,118813,14797,2024-03-30,4,Good
224833,118126,12702,2026-01-13,4,Good
224834,90423,13340,2026-06-16,5,Could be better
224835,102254,12984,2026-02-18,4,Good
224836,107539,13103,2025-09-28,3,Average
224837,119425,14350,2025-10-09,4,Very good
224838,116945,10657,2025-11-27,3,Average
224839,119026,14466,2025-06-14,4,Poor quality
224840,107693,14604,2026-05-24,4,Average
224841,98061,10409,2024-11-19,3,Could be better
224842,120290,12794,2024-08-30,4,Very good
224843,105289,12189,2024-12-06,3,Could be better
224844,109182,14038,2024-05-03,5,Very good
224845,93014,14743,2025-05-27,5,Average
224846,110889,13172,2026-02-20,5,Poor quality
224847,104033,12515,2025-04-02,4,Poor quality
224848,101665,14342,2026-04-13,4,Excellent
224849,110962,12592,2025-03-29,3,Poor quality
224850,95486,10913,2025-02-06,4,Could be better
224851,107405,10845,2025-08-10,5,Very good
224852,107191,11907,2024-03-07,4,Poor quality
224853,113193,14320,2026-03-09,4,Good
224854,90031,11198,2024-07-14,5,Good
224855,96375,13458,2026-04-21,3,Very good
224856,116895,13468,2026-02-03,5,Average
224857,92844,11745,2025-04-02,3,Excellent
224858,119291,10145,2025-10-06,3,Could be better
224859,104212,10615,2026-07-14,2,Average
224860,115177,14763,2026-03-19,5,Poor quality
224861,114697,14712,2026-01-02,4,Poor quality
224862,106938,14040,2024-09-14,4,Could be better
224863,120363,10598,2025-07-14,5,Poor quality
224864,117090,14905,2025-07-31,4,Excellent
224865,109420,11951,2026-01-16,4,Good
224866,119227,12859,2025-07-01,3,Average
224867,101767,14853,2024-08-29,5,Good
224868,109745,14448,2024-05-28,3,Very good
224869,105486,14788,2024-08-29,3,Poor quality
224870,103236,13480,2025-01-07,5,Could be better
224871,112664,11222,2024-10-29,4,Excellent
224872,106155,13819,2026-07-09,4,Good
224873,99260,11093,2025-03-04,4,Good
224874,100584,11107,2024-04-05,5,Very good
224875,90953,11054,2025-08-01,1,Poor quality
224876,103808,14233,2024-12-13,4,Could be better
224877,111976,14583,2024-03-27,3,Excellent
224878,111008,11756,2024-01-16,4,Very good
224879,114332,10922,2024-10-15,4,Very good
224880,118331,13838,2024-10-01,5,Average
224881,91178,11262,2026-07-27,5,Average
224882,114929,10667,2024-03-22,4,Good
224883,96651,12326,2024-10-09,4,Good
224884,111112,10807,2025-11-05,5,Average
224885,120693,14444,2026-02-13,2,Average
224886,96686,11853,2026-03-05,4,Excellent
224887,118956,11135,2025-09-27,5,Very good
224888,119432,11628,2026-04-17,4,Good
224889,93070,11850,2026-06-30,4,Good
224890,97017,10613,2025-09-19,5,Could be better
224891,107119,13208,2026-01-25,3,Poor quality
224892,110952,12578,2025-04-26,5,Average
224893,108590,10673,2024-05-12,5,Excellent
224894,117210,12272,2024-04-07,5,Good
224895,95409,10984,2025-03-18,4,Good
224896,95069,11829,2025-08-31,5,Very good
224897,114924,13601,2026-04-16,1,Good
224898,118338,11332,2026-06-29,5,Could be better
224899,91056,10297,2025-12-07,2,Good
224900,120733,12706,2024-08-12,1,Good
224901,119125,12807,2025-02-28,5,Good
224902,103164,13712,2025-01-15,5,Average
224903,109313,10610,2026-06-27,5,Good
224904,95923,14356,2024-11-01,5,Very good
224905,94248,10048,2024-06-26,4,Very good
224906,97341,10518,2026-02-15,3,Excellent
224907,101236,12440,2024-09-19,4,Could be better
224908,108253,11594,2026-07-26,5,Very good
224909,120049,14987,2025-04-26,2,NULL
224910,101623,11856,2025-12-12,3,Excellent
224911,115605,13525,2026-07-27,2,Good
224912,101742,14879,2025-03-17,4,Poor quality
224913,92697,12853,2025-05-30,3,Average
224914,91943,10339,2026-01-23,5,Poor quality
224915,90901,11216,2025-06-19,3,Poor quality
224916,110245,11712,2026-08-24,3,Good
224917,110691,14694,2024-06-18,2,Good
224918,116364,14972,2026-08-27,5,Average
224919,98141,11414,2024-04-10,4,Good
224920,91052,10401,2026-06-07,1,Average
224921,103143,10251,2025-10-16,3,Very good
224922,120179,14073,2026-02-19,4,Poor quality
224923,98122,10603,2024-12-16,5,Excellent
224924,97264,11898,2026-01-16,4,Very good
224925,91161,11816,2025-04-28,4,Poor quality
224926,112781,12429,2026-03-16,1,Poor quality
224927,117286,12437,2024-03-01,5,Average
224928,106518,13672,2025-08-16,4,Average
224929,114014,10947,2024-08-17,4,Good
224930,116055,13506,2026-06-05,4,Excellent
224931,99370,10166,2024-01-29,5,Average
224932,97491,12693,2025-06-07,5,Very good
224933,114267,12465,2024-07-02,5,Could be better
224934,100709,10446,2024-11-10,1,Average
224935,100964,13864,2024-11-22,3,Poor quality
224936,94805,12010,2025-02-22,3,Excellent
224937,97802,12978,2024-11-13,5,Very good
224938,94675,13121,2025-08-31,4,Excellent
224939,97681,14872,2024-08-29,4,Poor quality
224940,104464,13162,2024-07-20,4,Poor quality
224941,119378,10356,2025-10-24,5,Very good
224942,118568,13283,2024-10-09,4,Good
224943,93320,11839,2026-07-31,4,Good
224944,102925,12338,2026-08-12,4,Could be better
224945,119569,10392,2025-06-15,4,Excellent
224946,92751,13256,2024-01-20,5,Average
224947,114210,13992,2025-01-11,5,Average
224948,99524,10897,2025-08-02,5,Very good
224949,94846,12406,2026-05-19,3,Good
224950,102274,13629,2025-03-05,4,Very good
224951,91751,13908,2025-06-25,4,Good
224952,116335,14538,2024-09-11,2,Good
224953,103138,11620,2024-01-23,3,Good
224954,92435,12996,2024-09-14,5,Could be better
224955,110342,13952,2026-01-21,5,Could be better
224956,107461,13753,2024-03-09,5,Poor quality
224957,114675,11016,2025-01-30,4,Could be better
224958,92276,13079,2026-05-23,3,Good
224959,100570,13783,2024-07-14,5,Very good
224960,91575,13743,2025-09-18,5,Good
224961,114566,12196,2024-11-24,1,Good
224962,90116,12648,2026-07-03,2,Average
224963,96937,11495,2026-01-09,4,Could be better
224964,112571,14063,2024-04-22,4,Poor quality
224965,118994,14438,2026-01-08,5,Very good
224966,104816,13414,2025-10-27,4,Average
224967,114766,13765,2024-11-01,3,Average
224968,97125,10637,2025-05-02,4,Poor quality
224969,98890,12647,2024-10-25,5,Good
224970,110570,11661,2025-04-01,4,Very good
224971,115738,14306,2026-01-12,2,Good
224972,110756,11661,2025-06-16,4,Excellent
224973,102054,13763,2025-07-26,5,Excellent
224974,95082,12116,2026-01-07,1,Excellent
224975,111921,11582,2025-10-24,1,Could be better
224976,98449,10035,2025-05-15,4,Good
224977,92931,10366,2026-05-16,5,Very good
224978,118021,13393,2025-04-18,4,Could be better
224979,103799,12764,2026-08-07,5,Very good
224980,110126,12661,2026-05-24,4,Could be better
224981,93866,11783,2024-07-02,5,Excellent
224982,104470,11006,2024-06-27,2,Could be better
224983,93613,13861,2024-09-10,4,Excellent
224984,102482,12554,2025-04-18,5,Could be better
224985,99901,12564,2026-06-14,4,Could be better
224986,118218,14708,2026-04-22,2,Very good
224987,101177,14400,2025-10-26,1,Could be better
224988,94630,14634,2024-01-06,5,Excellent
224989,99863,14899,2025-12-16,5,Excellent
224990,102516,14340,2025-04-30,1,Poor quality
224991,116259,13498,2024-04-26,4,Very good
224992,93342,11568,2025-05-17,3,Average
224993,105768,13636,2026-02-01,5,Poor quality
224994,91158,13545,2026-08-09,3,Good
224995,100670,12514,2026-05-24,4,Could be better
224996,100620,14146,2025-04-17,4,Average
224997,93305,14380,2024-01-19,3,Excellent
224998,106767,10389,2024-05-09,5,Could be better
224999,94428,14488,2026-06-28,4,Could be better
225000,98475,11309,2024-06-01,5,Average
225001,113260,12458,2025-05-06,3,Very good
225002,99204,14869,2024-06-11,3,Poor quality
225003,92958,12697,2026-03-09,5,Poor quality
225004,97818,11170,2024-06-13,5,Average
225005,107903,12804,2026-02-15,4,Poor quality
225006,108578,11323,2024-08-08,5,Good
225007,103339,13620,2025-01-05,5,Average
225008,100626,11033,2025-09-05,5,Could be better
225009,101620,11976,2026-05-05,5,Good
225010,105835,11644,2025-01-22,1,Good
225011,105288,11631,2026-03-09,3,Poor quality
225012,118356,14686,2024-03-01,3,Could be better
225013,94719,14937,2025-03-01,5,Very good
225014,104153,13358,2024-01-05,4,Average
225015,105317,12146,2024-03-13,4,Poor quality
225016,119602,11565,2024-03-13,4,Good
225017,112871,13909,2024-04-23,3,Excellent
225018,98255,10947,2025-02-18,5,Average
225019,94498,11599,2025-03-08,4,Poor quality
225020,111331,11211,2026-07-09,3,Poor quality
225021,105608,10480,2024-07-29,4,Could be better
225022,102275,13629,2024-08-04,5,Good
225023,95943,11801,2025-01-09,4,Average
225024,96026,14828,2024-03-20,4,Very good
225025,108758,11311,2025-07-26,4,Excellent
225026,109019,14645,2026-08-04,5,Poor quality
225027,118079,12374,2024-12-30,5,Poor quality
225028,97870,14734,2026-04-26,5,Very good
225029,117599,13365,2026-02-27,1,Could be better
225030,114493,14546,2024-05-18,5,Very good
225031,93932,12972,2025-10-10,4,Very good
225032,112513,11292,2024-04-18,5,Good
225033,112265,11839,2025-08-30,1,Poor quality
225034,113199,13615,2024-02-09,5,Good
225035,102423,12881,2025-01-05,3,Excellent
225036,109549,10391,2024-05-26,5,Excellent
225037,105155,12542,2024-02-02,5,Poor quality
225038,97726,13629,2024-06-30,2,Could be better
225039,100758,13957,2024-09-02,3,Poor quality
225040,100699,12140,2024-06-27,5,Average
225041,108568,11071,2026-07-30,5,Excellent
225042,105242,13759,2026-07-04,3,Excellent
225043,92404,12085,2024-09-05,4,Very good
225044,110823,14924,2024-06-08,2,Poor quality
225045,109951,14166,2025-09-06,5,Could be better
225046,119503,10443,2025-04-17,3,Very good
225047,119613,13282,2024-02-23,4,Very good
225048,117651,13620,2024-06-30,1,Good
225049,94674,13478,2024-04-13,5,Good
225050,101283,11389,2024-10-12,5,Good
225051,104469,10851,2024-08-31,4,Good
225052,108960,12544,2025-10-26,4,Excellent
225053,107802,11778,2026-08-02,1,Poor quality
225054,109531,14599,2024-11-08,4,Good
225055,92114,14502,2026-01-18,4,Average
225056,112905,11519,2025-12-08,3,Very good
225057,108351,11102,2025-03-03,4,Very good
225058,114322,10742,2025-08-12,4,Good
225059,117693,14632,2025-12-18,5,Could be better
225060,111152,14536,2024-03-11,5,Good
225061,103615,12067,2026-05-16,4,Could be better
225062,92204,11836,2026-01-09,2,Good
225063,101918,10482,2024-05-20,3,Good
225064,110396,11105,2026-07-09,2,Average
225065,111681,13570,2025-10-07,5,Good
225066,103580,10215,2025-08-21,5,Very good
225067,90248,14866,2025-10-30,2,Excellent
225068,106007,11739,2025-08-30,5,Very good
225069,111975,11203,2024-10-05,5,Very good
225070,110766,10959,2024-07-09,3,Excellent
225071,97550,11879,2026-08-21,3,Very good
225072,105956,10581,2026-01-20,2,Average
225073,90611,13525,2025-08-19,3,Excellent
225074,114820,13655,2025-10-12,5,Average
225075,100933,13362,2025-04-05,5,Could be better
225076,104043,13046,2025-07-12,4,Could be better
225077,119846,10343,2024-01-06,5,Average
225078,112732,14601,2024-05-05,4,Could be better
225079,94550,13477,2024-02-08,1,Poor quality
225080,103962,11292,2025-10-10,3,Very good
225081,119104,11680,2026-06-14,4,Poor quality
225082,96410,10977,2025-07-29,5,Could be better
225083,91183,11520,2025-04-14,4,Good
225084,100551,13370,2024-09-09,4,Poor quality
225085,113768,14118,2024-11-18,3,Poor quality
225086,117087,10363,2024-04-06,5,Average
225087,91323,11800,2024-03-11,5,Poor quality
225088,103065,14156,2024-03-26,4,Poor quality
225089,93118,12191,2024-03-19,4,Good
225090,107668,10052,2025-06-23,5,Poor quality
225091,120146,11090,2025-04-28,4,Very good
225092,100056,14980,2025-02-13,1,Excellent
225093,108146,10829,2025-06-15,2,Good
225094,105476,10326,2024-07-01,5,Excellent
225095,90980,13849,2026-04-11,2,Very good
225096,114031,10179,2025-08-22,3,Good
225097,108622,11367,2025-10-16,2,Very good
225098,101720,10903,2026-08-18,5,Very good
225099,117250,14441,2026-06-05,3,Good
225100,108940,11639,2025-07-19,2,Good
225101,94716,13060,2025-10-18,5,Good
225102,109532,14599,2024-12-24,3,Could be better
225103,116432,12022,2025-06-18,4,Excellent
225104,102525,11486,2024-02-08,5,Poor quality
225105,113686,12392,2025-10-10,2,Could be better
225106,92761,14230,2025-05-25,5,Could be better
225107,112562,14950,2025-03-25,5,Excellent
225108,120604,13963,2025-11-30,4,Could be better
225109,95435,13437,2026-06-22,4,Average
225110,101514,12933,2024-08-10,4,Could be better
225111,120756,11781,2025-08-23,4,Could be better
225112,97568,11271,2026-05-30,5,Poor quality
225113,100119,14320,2026-07-21,5,Could be better
225114,120803,12894,2025-09-06,3,Could be better
225115,118391,11567,2024-10-28,4,Very good
225116,93620,11383,2025-06-02,5,Excellent
225117,98504,14545,2024-12-17,4,Poor quality
225118,105858,14242,2024-08-31,5,Very good
225119,102347,11385,2026-03-28,1,Excellent
225120,120117,10158,2026-02-02,4,Poor quality
225121,101041,13814,2025-06-21,4,Could be better
225122,119546,11158,2024-08-26,4,Average
225123,108833,12528,2024-04-07,2,Good
225124,108093,10149,2025-06-29,5,Excellent
225125,104909,10400,2025-09-27,4,Excellent
225126,118490,12968,2026-03-26,3,Excellent
225127,107436,10452,2025-07-03,3,Poor quality
225128,117903,13585,2024-11-06,5,Average
225129,108313,13728,2024-02-21,5,Excellent
225130,115587,13460,2026-07-17,3,Very good
225131,108799,12551,2024-05-27,5,Poor quality
225132,113499,11233,2025-09-21,5,Could be better
225133,119141,11642,2026-04-07,3,Good
225134,109500,11252,2025-03-22,3,Poor quality
225135,101597,14867,2025-09-29,4,Average
225136,105534,12026,2024-06-08,5,Could be better
225137,101881,12230,2024-03-23,4,Could be better
225138,104994,12511,2025-07-20,4,Average
225139,109899,14366,2025-07-25,3,Good
225140,93256,10724,2024-04-22,1,Poor quality
225141,109386,10548,2026-02-02,5,Average
225142,90405,14174,2025-06-29,5,Very good
225143,104534,14865,2025-02-09,5,Average
225144,115150,14682,2024-10-02,2,Good
225145,106854,13252,2024-01-17,4,Very good
225146,94580,10610,2025-07-15,2,Poor quality
225147,119453,10539,2025-08-26,5,Could be better
225148,109823,13284,2024-05-10,4,Very good
225149,103290,14726,2025-03-17,4,Average
225150,106561,12606,2026-02-13,1,Average
225151,101250,12109,2026-08-19,4,Good
225152,90417,13811,2026-07-25,5,Could be better
225153,115258,14844,2024-12-08,4,Average
225154,111808,12895,2024-10-30,4,Average
225155,90235,12541,2026-02-05,5,Average
225156,119407,10094,2025-08-11,4,Excellent
225157,98016,10300,2025-08-26,5,Excellent
225158,95141,14679,2024-09-29,5,Poor quality
225159,102986,13381,2025-03-20,4,Excellent
225160,94581,10610,2024-07-17,3,Good
225161,97587,13801,2025-11-14,4,Very good
225162,95445,13685,2026-07-09,5,Very good
225163,111669,14706,2024-05-01,4,Average
225164,116296,10970,2026-03-11,5,Poor quality
225165,114045,12717,2024-04-22,4,Could be better
225166,115304,10511,2025-07-26,4,Could be better
225167,110058,12977,2026-01-06,4,Could be better
225168,119820,12967,2024-04-18,4,Good
225169,91204,10053,2025-08-01,4,Good
225170,103336,11705,2026-07-01,5,Could be better
225171,101523,11929,2025-01-31,5,Good
225172,119329,12509,2024-07-27,3,Poor quality
225173,101550,14276,2025-10-23,5,Poor quality
225174,109382,13683,2025-07-08,4,Average
225175,115572,11031,2024-04-19,1,Very good
225176,113125,11329,2024-05-05,5,Good
225177,110759,10344,2024-03-06,5,Excellent
225178,104938,14275,2025-05-04,5,Poor quality
225179,108917,14663,2026-04-27,3,Good
225180,96570,11794,2024-11-03,4,Average
225181,97947,14957,2025-06-17,2,Good
225182,110103,10912,2025-02-24,5,Very good
225183,105983,10730,2024-11-29,5,Average
225184,105027,10126,2025-04-20,5,Good
225185,92977,12222,2024-05-26,4,Average
225186,103641,11845,2024-02-28,2,Poor quality
225187,90552,13782,2026-03-22,4,Average
225188,104483,11970,2025-11-06,3,Good
225189,109859,13422,2025-09-13,2,Excellent
225190,91762,14949,2024-12-27,3,Average
225191,106006,11739,2024-06-16,3,Average
225192,103813,10191,2025-04-23,1,Average
225193,100451,14245,2025-05-28,5,Excellent
225194,104525,10906,2025-10-13,3,Poor quality
225195,107515,11400,2025-09-08,4,Very good
225196,106216,10017,2025-01-29,2,Could be better
225197,119478,10172,2025-05-25,4,Could be better
225198,118192,11187,2025-10-29,5,Poor quality
225199,105302,14005,2024-12-05,4,Could be better
225200,113083,12405,2026-07-04,3,Very good
225201,90590,13340,2025-02-15,1,Very good
225202,97857,13885,2025-12-15,3,Excellent
225203,97651,11899,2025-06-09,5,Excellent
225204,102474,11742,2025-10-15,4,Could be better
225205,114010,13710,2026-07-16,5,Poor quality
225206,110761,12296,2024-01-01,2,Could be better
225207,95509,13199,2024-08-27,3,Good
225208,91505,14355,2025-09-24,4,Poor quality
225209,105404,14258,2025-11-12,5,Good
225210,113791,12293,2025-07-28,3,Good
225211,91827,12383,2024-09-12,4,Good
225212,111148,11585,2026-06-23,3,Average
225213,117044,12598,2025-06-29,4,Good
225214,99906,13078,2026-08-04,2,Very good
225215,118476,12597,2025-02-12,1,Very good
225216,106467,11197,2026-02-18,5,Could be better
225217,110843,10278,2024-03-01,5,Could be better
225218,99149,10336,2024-09-25,5,Good
225219,107872,13049,2024-03-30,5,Could be better
225220,96355,12837,2024-05-15,5,Could be better
225221,105011,10159,2025-11-28,2,Excellent
225222,100346,14649,2024-09-07,5,Average
225223,103019,10866,2025-10-20,5,Very good
225224,110012,10197,2025-06-22,4,Poor quality
225225,106248,12795,2024-12-27,5,Very good
225226,97519,13788,2024-11-19,5,Poor quality
225227,111423,11137,2024-10-25,5,Could be better
225228,107021,11411,2025-07-15,3,Excellent
225229,117105,12750,2026-08-13,4,Could be better
225230,112074,12550,2025-03-19,4,Poor quality
225231,115991,14117,2024-12-22,4,Could be better
225232,104858,13673,2026-01-10,5,Average
225233,94283,13512,2026-03-31,4,Poor quality
225234,95430,11965,2026-01-05,1,Very good
225235,115208,10965,2024-08-25,3,Good
225236,119112,13412,2026-01-10,5,Could be better
225237,90676,14971,2024-09-01,4,Average
225238,105420,13409,2025-05-19,5,Good
225239,100802,12157,2025-07-25,3,Very good
225240,119445,13703,2024-07-15,2,Excellent
225241,104227,10703,2024-05-14,4,Average
225242,90884,14096,2024-12-29,4,Could be better
225243,111992,10320,2024-08-02,3,Excellent
225244,116238,10622,2025-03-07,5,Poor quality
225245,117193,13872,2026-08-08,3,Very good
225246,104597,10386,2026-04-17,5,Could be better
225247,110109,10460,2026-07-27,5,Poor quality
225248,117214,13052,2026-03-28,3,Very good
225249,108159,10051,2024-04-29,4,Poor quality
225250,101311,10585,2024-12-10,3,Very good
225251,116408,11940,2024-03-02,5,Could be better
225252,92420,14065,2024-02-23,4,Excellent
225253,114485,11955,2026-05-16,5,Could be better
225254,90946,13590,2024-06-06,4,Could be better
225255,115573,11031,2025-03-13,5,Poor quality
225256,103050,12335,2024-06-05,4,Excellent
225257,98436,10884,2026-08-11,5,Good
225258,116954,13822,2025-08-14,5,Good
225259,111887,11067,2025-10-14,2,Average
225260,92369,14034,2024-11-06,3,Could be better
225261,115354,12947,2025-06-13,4,Very good
225262,107313,12521,2025-09-08,5,Could be better
225263,119229,12487,2024-01-16,5,Poor quality
225264,101361,11346,2026-06-27,1,Excellent
225265,97276,10992,2025-01-15,3,Poor quality
225266,118390,12154,2024-10-30,4,Could be better
225267,102578,10908,2025-07-25,5,Could be better
225268,112567,12173,2024-01-22,5,Could be better
225269,114067,13342,2025-11-30,4,Could be better
225270,98419,12432,2026-07-24,5,Could be better
225271,112608,12183,2026-05-01,5,Excellent
225272,105192,14979,2025-08-13,2,Average
225273,101593,14306,2025-08-11,2,Could be better
225274,94728,10276,2024-12-22,5,Very good
225275,101559,11608,2024-11-08,5,Good
225276,91456,13742,2025-03-04,3,Excellent
225277,107880,14556,2024-05-21,4,Very good
225278,90065,14116,2025-12-11,4,Good
225279,90433,11162,2025-12-26,4,Good
225280,98555,14895,2024-11-11,2,Excellent
225281,106256,13801,2026-04-22,4,Average
225282,107357,13984,2024-08-22,2,Poor quality
225283,100909,13763,2024-06-07,2,Average
225284,108148,10944,2026-06-27,4,Excellent
225285,103432,11700,2024-04-13,5,Could be better
225286,107152,13644,2026-07-20,5,Average
225287,109871,12786,2026-01-24,5,Could be better
225288,112015,11911,2024-03-08,5,Excellent
225289,94167,13670,2024-02-29,4,Poor quality
225290,114655,14800,2024-07-23,2,Could be better
225291,98715,14338,2026-03-08,2,Very good
225292,102323,10519,2025-09-15,3,Good
225293,116455,11699,2025-11-26,5,Poor quality
225294,107904,12804,2026-08-06,4,Very good
225295,112736,13944,2025-02-05,5,Good
225296,93274,14943,2025-02-27,4,Good
225297,115068,13580,2024-08-27,5,Good
225298,97281,12052,2024-08-25,5,Good
225299,115903,11088,2025-07-22,4,Very good
225300,95682,12251,2025-11-15,4,Could be better
225301,94901,13262,2024-05-25,4,Average
225302,94179,13871,2026-01-22,5,Poor quality
225303,120019,10416,2024-04-04,5,Excellent
225304,120002,12793,2025-09-10,3,Excellent
225305,110444,11436,2025-01-17,5,Could be better
225306,119532,13550,2026-04-06,3,Could be better
225307,97344,11147,2024-01-10,2,Excellent
225308,114159,11249,2026-03-19,2,Very good
225309,94690,11707,2025-11-22,4,Could be better
225310,90353,12846,2025-09-01,5,Poor quality
225311,99585,14112,2025-01-19,4,Average
225312,107470,11509,2025-11-26,3,Poor quality
225313,115734,11622,2024-10-10,3,Excellent
225314,103936,12210,2025-11-29,3,Could be better
225315,105915,14364,2024-06-01,3,Could be better
225316,94362,10961,2025-03-27,5,Good
225317,111254,14124,2024-03-20,2,Good
225318,110168,11857,2024-11-21,4,Could be better
225319,99938,12105,2024-09-10,4,Excellent
225320,101408,10280,2024-04-04,3,Very good
225321,116941,11239,2025-05-13,4,Poor quality
225322,111000,11080,2024-03-26,2,Very good
225323,108468,12854,2025-06-05,3,Very good
225324,90931,10555,2025-09-05,3,Average
225325,94747,14514,2024-01-04,4,Could be better
225326,92804,11588,2026-01-24,4,Average
225327,101477,11156,2025-09-11,1,Average
225328,92222,12285,2024-05-27,4,Poor quality
225329,105532,12392,2025-06-29,5,Average
225330,92558,12545,2026-03-25,5,Average
225331,97479,12546,2025-03-28,2,Poor quality
225332,99481,13141,2026-01-11,5,Poor quality
225333,109503,14149,2024-04-13,4,Excellent
225334,113462,10302,2025-03-01,4,Poor quality
225335,120680,13783,2025-11-06,4,Very good
225336,118941,14891,2026-01-13,4,Very good
225337,94710,12793,2024-05-05,5,Average
225338,120021,13718,2024-05-08,5,Poor quality
225339,107404,12134,2024-10-02,5,Excellent
225340,109910,13327,2026-03-12,5,Could be better
225341,102208,14026,2024-12-01,4,Could be better
225342,112200,11424,2024-04-03,5,Could be better
225343,105022,14501,2026-08-09,3,Excellent
225344,111918,10722,2026-01-22,4,Poor quality
225345,117432,10312,2024-02-22,2,Could be better
225346,108863,13498,2025-09-15,5,Excellent
225347,91030,14936,2025-05-09,5,Very good
225348,110162,10351,2026-03-16,5,Poor quality
225349,108719,10487,2025-01-05,4,Very good
225350,115021,11932,2024-08-17,5,Excellent
225351,118312,12735,2024-02-25,5,Poor quality
225352,94753,14395,2026-03-03,4,Poor quality
225353,90026,13599,2026-08-09,4,Average
225354,102001,12791,2025-03-09,5,Very good
225355,103464,10643,2026-06-16,4,Very good
225356,111930,10916,2025-03-19,4,Excellent
225357,100227,11262,2024-04-22,3,Very good
225358,119451,14507,2025-04-30,4,Average
225359,114344,11140,2024-02-28,4,NULL
225360,117195,10288,2026-01-26,5,Could be better
225361,101497,13411,2025-11-06,5,Good
225362,104259,14847,2026-07-29,4,Could be better
225363,90270,14610,2024-12-03,4,Very good
225364,92237,12406,2025-01-28,5,Very good
225365,97893,10963,2026-05-15,4,Could be better
225366,119481,13588,2024-05-02,5,Average
225367,98244,11475,2024-03-26,5,Average
225368,104979,12904,2025-08-02,4,Very good
225369,112912,12242,2025-05-25,4,Good
225370,117484,12492,2024-07-03,4,Average
225371,94925,14953,2025-02-06,2,Excellent
225372,92991,10614,2026-05-22,5,Very good
225373,95143,14228,2026-03-23,5,Excellent
225374,98276,13572,2025-09-26,5,NULL
225375,116305,10202,2024-09-03,5,Excellent
225376,119491,11222,2025-09-29,2,Could be better
225377,118707,10679,2024-07-22,4,Poor quality
225378,115641,11166,2026-04-09,3,Very good
225379,100667,11883,2026-07-03,4,Good
225380,119678,11965,2026-08-04,4,Poor quality
225381,112793,12526,2026-07-31,4,Good
225382,112868,14578,2024-01-01,5,Poor quality
225383,102284,10270,2024-01-25,4,Could be better
225384,120789,13587,2024-05-05,4,Excellent
225385,114551,14942,2024-12-27,4,Good
225386,96914,10768,2025-03-06,2,Excellent
225387,104937,14455,2025-07-17,2,Average
225388,103187,13389,2025-05-29,4,Poor quality
225389,118480,12756,2025-11-01,5,Poor quality
225390,109192,12233,2026-04-19,4,Average
225391,107197,14633,2024-01-03,2,Could be better
225392,106674,13044,2024-07-08,4,Average
225393,90857,14928,2026-01-19,4,Excellent
225394,108605,12471,2026-01-15,2,Good
225395,119045,10312,2025-06-01,5,Average
225396,107618,10433,2025-11-04,3,Could be better
225397,102086,13363,2024-10-19,4,Poor quality
225398,118481,13565,2026-06-29,4,Poor quality
225399,105985,14504,2024-06-15,1,Good
225400,104154,10927,2025-05-11,1,Poor quality
225401,102315,10555,2026-01-05,3,Poor quality
225402,103018,10866,2026-04-17,5,Average
225403,107131,11825,2026-05-16,4,Average
225404,113299,13751,2026-08-13,4,Poor quality
225405,119987,13132,2024-12-28,4,Excellent
225406,94955,10879,2024-09-08,5,Very good
225407,100518,11933,2025-02-27,4,Excellent
225408,104967,11221,2025-12-06,3,Very good
225409,91654,12302,2025-11-20,2,Could be better
225410,103100,14359,2025-11-20,3,Very good
225411,97865,11883,2026-04-04,5,Poor quality
225412,118086,12849,2026-01-14,3,Excellent
225413,111993,12809,2025-10-23,5,Very good
225414,94506,12741,2024-01-30,5,Poor quality
225415,106915,13587,2024-01-08,2,Could be better
225416,94862,13399,2025-06-21,4,Good
225417,96827,11746,2024-08-30,4,Could be better
225418,106584,13194,2026-08-22,3,Average
225419,118932,11156,2024-09-22,5,Could be better
225420,102148,10520,2025-08-05,2,Poor quality
225421,93393,11217,2025-01-25,5,Good
225422,104608,14182,2026-02-14,5,Very good
225423,109737,13005,2026-06-22,5,Very good
225424,102352,10558,2024-03-05,4,Excellent
225425,109767,14918,2025-03-04,4,Good
225426,96987,10880,2024-05-12,5,Poor quality
225427,104219,13715,2024-08-03,4,Poor quality
225428,116459,12418,2026-07-02,3,Very good
225429,111614,13005,2024-09-24,5,Good
225430,107694,14604,2026-01-08,5,Good
225431,112559,12313,2024-06-24,2,Average
225432,101401,11581,2025-12-23,4,Average
225433,109333,10230,2025-07-13,5,Could be better
225434,102108,11444,2024-11-20,4,Very good
225435,113384,11608,2024-07-06,5,Good
225436,91651,11933,2026-07-11,3,Excellent
225437,107253,13600,2026-01-08,4,Good
225438,92187,13746,2024-08-07,4,Poor quality
225439,106414,13794,2025-04-03,4,Excellent
225440,104874,12717,2024-01-31,4,Poor quality
225441,105638,10030,2026-02-24,4,Very good
225442,96148,11938,2025-12-13,3,Excellent
225443,102213,11523,2025-04-11,4,Poor quality
225444,105379,10135,2026-01-16,2,Very good
225445,120390,14492,2024-07-24,4,Excellent
225446,103150,13213,2026-04-25,3,Excellent
225447,118850,14774,2025-02-15,3,Good
225448,93231,10646,2025-01-01,2,Excellent
225449,111736,10149,2026-07-30,1,Good
225450,106773,12531,2026-02-01,5,Good
225451,114387,14868,2025-03-29,4,Very good
225452,107940,12700,2025-04-16,4,Average
225453,99631,12220,2026-02-25,3,Average
225454,109906,13956,2024-09-05,4,Good
225455,111801,12693,2024-06-29,5,Average
225456,91925,10041,2024-07-25,3,Excellent
225457,117829,11801,2024-06-17,4,Good
225458,111915,12107,2025-09-13,4,Very good
225459,102924,11446,2026-01-24,5,Poor quality
225460,95341,11347,2025-09-01,2,Excellent
225461,102969,12344,2026-05-23,5,Average
225462,118921,12853,2024-12-14,3,Poor quality
225463,109993,14690,2025-05-04,5,Poor quality
225464,108311,12860,2025-02-21,5,Could be better
225465,112916,14690,2025-09-12,1,Could be better
225466,93403,13806,2024-02-14,5,Average
225467,110026,11966,2024-10-15,5,Poor quality
225468,95217,14423,2026-06-05,3,Poor quality
225469,103012,11438,2026-01-18,5,Average
225470,99675,10759,2026-03-04,5,Excellent
225471,92552,11568,2025-12-11,2,Poor quality
225472,91937,12037,2024-05-08,1,Excellent
225473,104559,14153,2024-09-28,1,Good
225474,106050,11734,2026-01-15,4,Poor quality
225475,100574,13177,2025-04-16,5,Average
225476,105057,10788,2026-06-01,3,Very good
225477,109498,11252,2024-08-30,5,Good
225478,116947,13555,2024-05-11,4,Very good
225479,109882,13281,2025-07-15,4,Excellent
225480,99401,10568,2024-04-03,5,Excellent
225481,91269,13342,2025-03-03,4,Poor quality
225482,114951,13007,2024-10-13,5,Poor quality
225483,114719,11972,2024-09-04,5,Good
225484,114649,13807,2025-09-08,4,Average
225485,106263,14295,2026-02-09,3,Average
225486,100808,11847,2025-05-30,5,Average
225487,105579,11123,2025-10-24,4,Average
225488,102617,13731,2025-08-25,3,Good
225489,99539,13706,2026-05-27,1,Good
225490,91962,12030,2025-08-25,5,Could be better
225491,103264,13748,2026-08-25,5,Excellent
225492,93877,13184,2024-02-04,5,Good
225493,102041,11721,2024-10-21,4,Excellent
225494,96880,13856,2024-11-03,4,Average
225495,120847,13007,2025-10-27,3,Average
225496,102406,12203,2025-12-21,1,Good
225497,95139,12999,2025-01-24,5,NULL
225498,117468,11777,2024-11-20,5,Could be better
225499,120858,13602,2025-02-24,4,Good
225500,113445,13957,2025-04-16,4,Good
225501,112827,13639,2026-07-21,4,Excellent
225502,91678,11356,2024-02-22,3,Very good
225503,91425,11133,2025-06-11,5,Could be better
225504,115536,13770,2024-12-09,2,Average
225505,108405,10245,2026-05-16,4,Excellent
225506,111492,10851,2024-01-26,1,Could be better
225507,109605,13439,2024-05-14,4,Average
225508,115544,13884,2025-02-14,4,Very good
225509,118064,13454,2025-09-13,3,Could be better
225510,102388,13414,2025-08-06,4,Could be better
225511,96726,13938,2026-06-18,4,Average
225512,93618,11750,2025-09-25,5,Excellent
225513,105045,14571,2025-07-02,5,Average
225514,96529,14457,2026-04-14,5,Poor quality
225515,105041,11382,2024-09-07,5,Excellent
225516,106521,11189,2026-07-26,1,Average
225517,94682,13439,2025-10-24,4,NULL
225518,102233,14039,2026-03-26,4,Excellent
225519,109242,11114,2026-03-30,3,Average
225520,104748,13609,2025-02-15,5,Excellent
225521,93105,10386,2026-05-31,5,Poor quality
225522,100241,13293,2026-05-03,3,Excellent
225523,112476,11227,2026-02-07,1,Average
225524,116553,13285,2026-03-11,3,Average
225525,93182,10964,2024-02-12,1,Average
225526,90035,14587,2025-01-09,4,Could be better
225527,92641,11048,2025-09-15,5,Could be better
225528,111688,11941,2025-06-06,4,Average
225529,98827,12581,2025-11-03,4,Good
225530,108399,10440,2026-04-10,5,NULL
225531,113136,10864,2024-03-30,4,Good
225532,91265,11664,2026-02-04,5,Could be better
225533,103205,12840,2025-09-01,5,Very good
225534,94045,10600,2026-01-01,3,Excellent
225535,119087,12050,2025-09-08,5,Average
225536,98802,12078,2026-06-21,4,Very good
225537,120464,14412,2024-02-28,4,Good
225538,90084,14819,2024-05-27,5,Good
225539,103554,11745,2024-05-08,3,Very good
225540,113626,10173,2024-10-02,3,Could be better
225541,91122,13928,2024-11-10,3,Good
225542,97243,10166,2025-04-27,1,Poor quality
225543,94232,12683,2025-04-15,5,Excellent
225544,118313,12655,2024-06-05,5,Could be better
225545,109037,13105,2024-02-07,4,Poor quality
225546,98211,14110,2026-07-07,2,Average
225547,109945,10182,2025-04-28,5,Poor quality
225548,106624,11518,2025-09-26,3,Average
225549,105405,14258,2026-01-10,3,Very good
225550,91892,13262,2026-06-14,2,Excellent
225551,101097,13788,2026-02-23,4,Very good
225552,95712,12780,2025-09-21,4,Poor quality
225553,91156,11914,2026-03-14,4,Average
225554,93589,10564,2024-01-25,4,Average
225555,94284,11613,2024-05-13,3,Very good
225556,107770,10946,2025-11-19,2,Very good
225557,107944,14626,2024-11-18,4,Poor quality
225558,111686,14759,2025-07-22,5,Very good
225559,98438,10884,2024-08-20,4,Excellent
225560,94274,14311,2025-07-05,4,Good
225561,105088,14752,2024-07-04,4,Good
225562,102329,10715,2026-05-31,4,Poor quality
225563,116397,14230,2024-10-26,4,Very good
225564,108411,11446,2026-03-11,4,Good
225565,105422,14397,2025-06-28,1,Could be better
225566,116099,13116,2024-01-26,4,Excellent
225567,116532,13737,2026-05-12,5,Could be better
225568,105482,10987,2024-06-28,2,Poor quality
225569,93100,10547,2026-01-05,4,Poor quality
225570,99647,13064,2024-12-08,5,Good
225571,111118,12979,2024-08-01,3,Excellent
225572,110397,14019,2024-01-08,5,Very good
225573,115507,14726,2026-07-06,3,Could be better
225574,92225,14299,2025-12-04,5,Very good
225575,97736,10159,2024-09-12,3,Could be better
225576,95089,11288,2026-06-14,4,Average
225577,108054,12547,2026-04-18,4,Average
225578,110431,11249,2025-05-22,4,Good
225579,95259,13426,2024-03-14,3,Good
225580,104156,14167,2026-03-18,3,Good
225581,118875,13861,2026-07-28,4,Very good
225582,102962,11995,2026-01-29,5,Could be better
225583,99047,11872,2025-08-17,4,Average
225584,104639,10333,2026-04-21,3,Average
225585,106768,10389,2024-11-19,4,Poor quality
225586,93000,13069,2024-09-10,5,Good
225587,91550,10080,2026-02-16,4,Could be better
225588,112373,13218,2025-02-26,3,Very good
225589,110337,14479,2025-01-03,1,Excellent
225590,104233,14783,2026-01-12,4,Could be better
225591,116706,10544,2024-09-07,5,Excellent
225592,103675,10479,2025-11-19,3,Very good
225593,103353,14498,2025-06-08,5,Poor quality
225594,109825,12208,2025-07-16,3,Average
225595,115176,14537,2024-08-21,5,Could be better
225596,112597,13070,2026-02-19,4,Excellent
225597,95511,11083,2026-02-21,1,Poor quality
225598,118592,12154,2024-09-23,5,Could be better
225599,95769,11792,2025-04-27,3,Excellent
225600,106704,11251,2024-03-18,4,Good
225601,106662,13228,2025-07-09,5,Average
225602,105018,11438,2025-11-15,4,Average
225603,96957,11257,2025-07-17,4,Good
225604,117709,10239,2026-04-05,3,Average
225605,110334,13819,2024-10-02,3,Could be better
225606,114311,11518,2024-08-09,5,Very good
225607,100517,14360,2025-08-03,3,Very good
225608,92842,12854,2024-08-06,5,Good
225609,92536,12907,2024-11-12,5,Average
225610,103257,12267,2024-05-15,4,Excellent
225611,104771,10672,2024-07-27,3,Poor quality
225612,100792,13775,2025-01-04,3,Poor quality
225613,102975,12291,2026-06-27,5,Average
225614,114497,14235,2026-06-22,4,Could be better
225615,93214,14716,2024-03-06,2,Average
225616,107358,13984,2025-08-24,1,Excellent
225617,111468,13706,2025-06-27,4,Could be better
225618,102737,10082,2025-05-17,4,Poor quality
225619,96403,10850,2024-11-17,4,Excellent
225620,95944,12681,2024-11-01,4,Could be better
225621,99800,11092,2025-10-01,3,Poor quality
225622,96099,14509,2024-11-06,4,Good
225623,107806,14962,2025-11-17,4,Very good
225624,119643,11437,2024-07-01,5,Poor quality
225625,106828,14847,2024-10-21,3,Very good
225626,91557,13334,2026-05-22,2,Very good
225627,110867,13923,2024-01-06,4,Poor quality
225628,105620,13377,2025-11-08,2,Very good
225629,102599,12741,2025-06-08,5,Very good
225630,105028,11954,2024-01-08,5,Good
225631,114938,12962,2025-02-02,5,Could be better
225632,94182,11141,2025-12-31,4,Good
225633,93516,10933,2025-06-27,5,Very good
225634,105843,12974,2024-05-02,3,Poor quality
225635,115867,11911,2025-11-12,5,Very good
225636,101062,13966,2025-02-27,3,Could be better
225637,113122,14828,2025-06-16,3,Excellent
225638,96658,10016,2025-05-22,3,Poor quality
225639,102058,10711,2025-03-21,5,Good
225640,97135,14047,2026-01-17,4,Could be better
225641,92519,10752,2024-06-30,4,Very good
225642,92056,13079,2026-01-22,3,Average
225643,110253,11008,2025-08-29,4,Very good
225644,118519,11252,2024-08-02,5,Average
225645,119863,13629,2026-02-08,1,Could be better
225646,94646,12262,2026-04-12,4,Poor quality
225647,113962,12464,2024-08-07,5,Average
225648,113611,10839,2024-06-05,4,Could be better
225649,92467,13430,2024-01-18,5,Poor quality
225650,117717,14347,2026-06-28,5,Very good
225651,119974,13672,2024-03-02,4,Good
225652,113423,11390,2024-03-29,5,Poor quality
225653,104265,12021,2025-11-17,4,Excellent
225654,105594,13595,2024-01-14,5,Average
225655,111653,13134,2025-05-04,3,Average
225656,112553,13005,2025-11-14,4,Could be better
225657,97176,12695,2025-05-04,4,Average
225658,120416,13468,2025-01-12,4,Good
225659,102703,13335,2026-03-20,4,Average
225660,120167,14211,2025-11-11,5,Poor quality
225661,98118,12443,2024-10-26,5,Good
225662,102895,10229,2026-04-23,5,Good
225663,107883,12820,2026-07-25,3,Poor quality
225664,106752,13637,2025-10-27,2,Could be better
225665,112885,14422,2026-04-11,1,Could be better
225666,100855,14579,2026-02-07,4,Poor quality
225667,106981,10365,2025-11-07,3,Excellent
225668,113989,10611,2025-11-28,4,Average
225669,120544,13037,2025-11-17,5,Poor quality
225670,92775,13539,2026-03-28,4,Very good
225671,99766,11003,2024-10-02,4,Very good
225672,107304,10636,2025-12-24,3,Could be better
225673,117828,12627,2025-01-10,3,Could be better
225674,113433,11365,2026-01-30,5,Very good
225675,97378,13239,2026-03-12,3,Poor quality
225676,103026,12962,2025-10-17,2,Average
225677,111388,11277,2024-02-12,1,Very good
225678,100951,13497,2025-07-08,5,Poor quality
225679,104850,14353,2026-07-30,4,Poor quality
225680,106867,11619,2025-02-09,4,Very good
225681,117103,12973,2026-01-20,5,Average
225682,97021,14022,2024-04-04,5,Average
225683,100831,10736,2024-12-08,3,Poor quality
225684,111168,10597,2025-11-23,2,Poor quality
225685,112180,10256,2026-07-29,2,Excellent
225686,91970,14871,2024-02-25,4,Average
225687,114380,12797,2026-07-11,5,Average
225688,101367,12837,2025-05-31,5,Poor quality
225689,116206,13061,2026-04-23,5,Very good
225690,105704,12962,2026-01-14,4,Very good
225691,90260,10818,2025-08-22,2,Excellent
225692,119960,13401,2026-05-01,3,Very good
225693,119930,13195,2024-07-23,5,Poor quality
225694,99750,11343,2024-09-23,4,Could be better
225695,109830,10780,2024-12-07,4,Average
225696,109943,10808,2026-06-16,3,Average
225697,94297,11065,2024-02-10,5,Could be better
225698,103886,12979,2025-05-10,3,Very good
225699,111825,13156,2024-09-04,2,Poor quality
225700,98509,11676,2025-08-26,2,Poor quality
225701,91169,14585,2024-01-04,5,Could be better
225702,110716,14826,2026-01-04,4,Very good
225703,101084,13501,2025-02-17,4,Good
225704,113632,12334,2024-10-01,4,Excellent
225705,113386,13653,2024-01-08,4,Good
225706,107992,10575,2025-01-23,5,Poor quality
225707,98863,13289,2025-06-04,5,Very good
225708,91091,11216,2024-02-24,2,Good
225709,109736,13187,2024-05-31,4,Very good
225710,91177,14143,2026-08-13,3,Poor quality
225711,117613,10119,2024-10-16,5,Very good
225712,93127,13779,2025-07-04,5,Very good
225713,108838,14824,2024-06-11,2,Excellent
225714,118515,11118,2024-01-16,5,Poor quality
225715,100234,12120,2025-12-26,5,Very good
225716,92661,12589,2026-02-02,5,Excellent
225717,102501,13821,2025-12-22,3,Good
225718,98893,10348,2026-02-16,5,Poor quality
225719,93710,12408,2024-05-18,5,Excellent
225720,109919,11985,2024-11-08,1,Poor quality
225721,100569,13783,2024-01-13,4,Good
225722,103402,13332,2024-12-01,4,Poor quality
225723,118199,14655,2026-07-27,4,Good
225724,103437,14195,2025-02-12,3,Good
225725,110873,12220,2024-07-17,4,Excellent
225726,115454,14335,2026-07-22,5,Excellent
225727,93080,11832,2026-05-04,5,Very good
225728,108170,10382,2024-02-22,2,Excellent
225729,90411,11672,2026-07-03,1,Good
225730,98306,12217,2024-06-28,4,Could be better
225731,115726,11232,2024-12-27,4,Poor quality
225732,100253,11016,2024-10-22,5,Very good
225733,112368,13330,2025-08-19,5,Could be better
225734,113396,10365,2025-06-19,4,Average
225735,114665,12418,2024-07-20,4,Poor quality
225736,107034,10112,2024-02-20,5,Average
225737,96711,12762,2026-08-14,5,Good
225738,118585,10243,2024-09-17,5,Could be better
225739,113192,12392,2025-08-13,5,Very good
225740,107623,11008,2025-11-04,5,Poor quality
225741,108896,11173,2026-07-24,4,Excellent
225742,95524,14694,2025-08-13,5,Very good
225743,107583,12100,2025-08-08,5,Could be better
225744,103133,14168,2026-04-20,3,Poor quality
225745,119649,11299,2024-09-18,3,Poor quality
225746,111509,14198,2024-09-24,5,Excellent
225747,116806,14931,2025-10-23,2,Very good
225748,117426,12333,2026-01-08,4,Poor quality
225749,113494,11384,2025-07-27,3,Good
225750,90512,12009,2024-05-12,4,Good
225751,113434,12121,2024-07-19,3,Could be better
225752,104544,13576,2024-03-22,5,Average
225753,102826,10130,2025-04-14,4,Average
225754,110360,11897,2024-12-25,3,Average
225755,100449,13169,2026-04-29,3,Excellent
225756,119839,11568,2024-05-30,4,Could be better
225757,112935,12018,2026-08-08,2,Could be better
225758,112903,13737,2024-06-27,4,Very good
225759,107900,10850,2025-01-08,5,Average
225760,119932,14578,2026-08-15,4,Average
225761,90368,10376,2026-06-10,4,Excellent
225762,111512,10443,2024-10-05,2,Excellent
225763,103552,14411,2024-02-08,4,Very good
225764,93318,14579,2026-01-06,3,Could be better
225765,115846,13792,2025-05-02,1,Average
225766,110697,13942,2025-03-13,4,Excellent
225767,120819,13558,2026-08-07,4,Very good
225768,103806,10427,2025-07-04,3,Average
225769,111879,10128,2026-05-05,5,Average
225770,97057,11606,2025-09-22,4,Good
225771,104829,10907,2025-04-18,2,Average
225772,107735,14821,2026-03-19,5,Average
225773,118908,12895,2025-05-09,4,Could be better
225774,111836,14041,2026-07-17,3,Poor quality
225775,96947,14941,2025-07-05,3,Excellent
225776,110201,14860,2025-04-19,3,Excellent
225777,98215,14285,2025-04-02,3,Excellent
225778,97787,10256,2026-07-06,4,Very good
225779,100983,12708,2024-01-03,3,Very good
225780,116047,10856,2024-04-29,3,Good
225781,119958,10915,2024-05-12,4,Excellent
225782,97225,11787,2024-08-12,5,Average
225783,108160,10051,2026-08-11,4,Excellent
225784,101430,13982,2025-01-25,5,Average
225785,91146,10990,2024-07-09,4,Excellent
225786,118260,10742,2024-01-01,4,Average
225787,104842,12448,2024-09-25,4,Poor quality
225788,109841,13733,2024-07-10,4,Good
225789,98624,14153,2025-09-12,5,Very good
225790,118619,11738,2025-03-10,4,Could be better
225791,95488,13762,2026-07-27,5,Could be better
225792,102920,11481,2024-06-15,3,Poor quality
225793,90344,10715,2024-12-27,1,Good
225794,116478,12251,2024-04-30,2,Could be better
225795,105847,12402,2024-05-31,4,Poor quality
225796,118649,13114,2025-08-07,5,Very good
225797,94323,12184,2025-12-01,5,Very good
225798,94060,12481,2025-05-07,3,Could be better
225799,106297,13345,2026-04-02,4,Average
225800,113934,13804,2024-05-10,4,Could be better
225801,117160,12746,2026-08-08,4,Could be better
225802,111554,14795,2024-12-07,5,Average
225803,108755,11936,2026-03-01,4,Average
225804,99717,10420,2024-04-24,5,Excellent
225805,101517,12531,2024-01-26,3,Could be better
225806,118066,10447,2026-04-24,4,Average
225807,104176,11906,2026-06-16,4,Very good
225808,102338,10834,2026-07-24,5,Average
225809,98903,12525,2025-03-26,4,Poor quality
225810,99850,12936,2025-10-26,4,Good
225811,98487,13944,2024-11-06,5,Excellent
225812,107660,13366,2024-07-09,5,Very good
225813,96045,12628,2026-04-12,5,Excellent
225814,102410,11772,2025-01-18,4,Could be better
225815,105169,11553,2024-03-12,4,Poor quality
225816,102183,14624,2025-07-01,3,Excellent
225817,108329,12103,2025-07-16,4,Good
225818,117385,11278,2026-01-30,4,Poor quality
225819,101045,14070,2025-10-26,2,Good
225820,91428,13879,2024-06-19,4,Average
225821,93883,13648,2025-03-05,1,Very good
225822,105012,11298,2026-03-03,4,Excellent
225823,108676,14185,2024-06-03,4,Poor quality
225824,105494,10041,2025-11-16,5,Good
225825,93375,14574,2024-03-10,5,Could be better
225826,108944,10777,2025-01-23,3,Could be better
225827,98488,13518,2025-05-19,4,Good
225828,115077,12765,2025-11-02,5,Good
225829,91054,12645,2025-10-10,3,Average
225830,116487,14741,2026-02-22,5,Poor quality
225831,120572,10006,2026-08-02,4,Average
225832,115253,12674,2026-03-05,2,Poor quality
225833,93737,12610,2025-05-01,4,Very good
225834,102665,14460,2024-09-16,5,Poor quality
225835,119620,13071,2026-06-13,3,Average
225836,116074,12418,2024-04-08,4,Average
225837,108610,13076,2025-10-27,4,Excellent
225838,95215,14423,2026-02-24,5,Average
225839,113838,10333,2024-02-25,4,Very good
225840,117529,10772,2025-02-13,4,Poor quality
225841,91225,13763,2025-01-11,5,Average
225842,107577,14629,2026-04-19,5,Poor quality
225843,111499,10742,2024-11-05,4,Could be better
225844,93484,11529,2026-04-11,2,Poor quality
225845,91194,13065,2025-05-13,5,Good
225846,116619,14067,2025-04-12,3,Could be better
225847,90290,12135,2024-07-23,3,Average
225848,106825,13681,2025-02-06,4,Very good
225849,100695,12626,2025-01-26,3,Excellent
225850,107945,14626,2024-11-06,4,Very good
225851,118174,14749,2024-12-22,5,Average
225852,110757,11973,2025-05-18,5,Excellent
225853,96890,12953,2024-10-05,4,Poor quality
225854,98058,13417,2025-11-22,5,Average
225855,93557,14584,2024-02-08,5,Average
225856,104857,13673,2024-06-16,4,Average
225857,95646,11882,2025-04-20,3,Could be better
225858,96843,12654,2025-11-15,4,Average
225859,98922,12908,2024-10-05,5,Good
225860,99313,12501,2025-03-06,5,Could be better
225861,108162,13139,2026-06-28,5,Poor quality
225862,95997,13403,2025-05-17,3,Excellent
225863,120079,11400,2024-06-05,3,Average
225864,92603,13271,2024-05-14,3,Good
225865,94822,12142,2024-08-18,4,Good
225866,98948,11918,2024-07-08,5,Good
225867,95686,12310,2026-07-28,5,Excellent
225868,111321,13347,2024-07-24,5,Average
225869,114543,10201,2025-04-14,5,Very good
225870,120787,10623,2024-02-20,5,Average
225871,98988,10353,2025-12-23,2,Very good
225872,107258,11297,2026-02-24,2,Could be better
225873,95592,10848,2025-10-10,5,Very good
225874,116140,11656,2026-08-23,5,Could be better
225875,103846,12470,2026-05-14,5,Could be better
225876,117597,12707,2026-03-13,5,Average
225877,96059,11605,2025-06-26,2,Excellent
225878,106683,14224,2024-09-10,5,Poor quality
225879,95609,13247,2026-08-24,3,Poor quality
225880,102660,12624,2024-07-25,5,Average
225881,108933,10621,2026-05-06,4,Could be better
225882,96109,12011,2026-02-01,5,Poor quality
225883,116236,12040,2024-11-03,4,Very good
225884,118758,11137,2025-07-30,3,Good
225885,115915,14698,2025-07-08,4,Poor quality
225886,114900,12796,2024-09-23,2,Excellent
225887,113751,14257,2026-08-19,4,Excellent
225888,92927,12570,2024-10-22,5,Average
225889,101636,13796,2024-03-26,5,Poor quality
225890,93334,14897,2024-06-23,5,Good
225891,90223,14180,2024-08-21,4,Average
225892,107955,13993,2025-10-18,2,Very good
225893,97051,12386,2026-04-02,5,Excellent
225894,97335,10933,2025-07-07,4,Excellent
225895,112282,11756,2024-09-22,4,Poor quality
225896,109004,13752,2024-06-05,4,Excellent
225897,116095,13526,2024-07-23,5,Average
225898,96968,11181,2025-09-12,5,Excellent
225899,113972,13335,2026-01-01,4,Good
225900,113872,13497,2026-02-04,2,Good
225901,92705,10403,2026-07-25,5,Could be better
225902,110187,10782,2024-11-08,5,Poor quality
225903,102995,13346,2024-01-15,4,Very good
225904,90677,11091,2024-01-03,5,Could be better
225905,96637,10860,2025-07-09,2,Poor quality
225906,116715,14370,2024-09-10,5,Could be better
225907,92644,10387,2026-01-14,4,Excellent
225908,108729,14487,2025-04-02,3,Could be better
225909,103341,10559,2025-04-22,2,Poor quality
225910,119780,10458,2025-01-07,4,Very good
225911,99963,11787,2026-03-02,4,Excellent
225912,92152,13174,2026-02-23,5,Could be better
225913,91236,12094,2024-01-22,4,Excellent
225914,119972,11965,2024-05-14,4,Average
225915,106366,13964,2024-08-25,5,Good
225916,93146,12005,2024-01-30,4,Poor quality
225917,107427,12920,2025-07-28,4,Very good
225918,116163,14297,2026-08-25,4,Could be better
225919,92589,13889,2026-01-24,3,Average
225920,114184,13165,2026-01-17,3,Very good
225921,106185,11021,2025-10-23,4,Excellent
225922,106069,12160,2026-01-27,5,Good
225923,111926,13438,2025-09-23,5,Very good
225924,110541,13634,2026-04-18,4,Excellent
225925,102194,13384,2025-09-18,5,Excellent
225926,120480,13167,2026-08-06,5,Poor quality
225927,103987,10780,2025-11-14,5,Average
225928,102932,14404,2025-04-27,5,Poor quality
225929,112090,14400,2026-08-10,1,Average
225930,91191,10939,2026-06-28,4,Poor quality
225931,95785,12868,2024-11-21,4,Excellent
225932,113444,12096,2025-07-09,2,Excellent
225933,102687,14861,2026-02-15,5,Very good
225934,120745,13814,2026-02-24,5,Excellent
225935,95220,10994,2026-01-07,1,Average
225936,110329,13316,2025-12-10,4,Could be better
225937,104007,10589,2026-04-28,5,Very good
225938,95410,10984,2026-03-23,5,Could be better
225939,109869,12788,2025-02-06,5,Good
225940,97708,12860,2025-07-02,5,Poor quality
225941,105541,11664,2025-04-08,5,Excellent
225942,120305,11270,2025-09-01,5,Average
225943,101420,13568,2025-08-05,5,Good
225944,102767,11320,2025-06-08,5,Good
225945,117324,10038,2025-03-31,5,Good
225946,92801,13119,2024-06-13,5,Very good
225947,94327,10104,2026-06-30,4,Average
225948,90309,12192,2026-05-31,4,Excellent
225949,100233,14739,2024-06-30,5,Good
225950,102618,12527,2025-05-31,4,Poor quality
225951,91714,12553,2025-03-17,5,Excellent
225952,97689,13629,2024-07-14,4,Average
225953,94838,10064,2025-01-23,4,Average
225954,90757,12514,2024-02-05,5,Good
225955,101122,13249,2024-05-26,3,Average
225956,111920,10341,2025-11-14,4,Could be better
225957,119682,14156,2025-03-13,2,Could be better
225958,110709,14731,2026-07-18,4,Could be better
225959,92905,10727,2026-05-01,5,Could be better
225960,108760,14448,2026-05-11,2,Very good
225961,99637,14545,2026-02-20,3,Average
225962,91448,10134,2025-05-22,5,Poor quality
225963,119280,12943,2025-04-16,4,Poor quality
225964,114772,14009,2026-08-18,5,Good
225965,101313,10585,2024-04-09,5,Could be better
225966,101279,10083,2025-03-04,5,Poor quality
225967,111636,13824,2025-11-09,5,Poor quality
225968,92871,11670,2025-07-13,4,Very good
225969,110787,13596,2025-02-28,4,Good
225970,96620,14072,2024-09-15,4,Poor quality
225971,116012,12505,2026-01-29,5,Excellent
225972,95727,12262,2024-01-27,5,Very good
225973,101723,14527,2025-09-01,5,Very good
225974,102471,10118,2025-03-25,4,Average
225975,101788,10309,2024-02-24,5,Could be better
225976,111500,10742,2024-06-05,4,Good
225977,106195,10732,2025-02-21,5,Could be better
225978,91914,13264,2026-03-11,2,Very good
225979,90622,14043,2026-08-12,5,Could be better
225980,106176,10928,2026-01-15,5,Could be better
225981,104109,14424,2025-04-08,5,Excellent
225982,120679,12309,2025-11-14,5,Very good
225983,119381,12522,2026-01-25,4,Could be better
225984,93773,11465,2026-06-29,3,Good
225985,103749,11891,2025-07-11,4,Poor quality
225986,103645,14604,2024-04-29,3,Average
225987,111216,10766,2025-11-17,3,Very good
225988,114736,13432,2025-05-20,5,Good
225989,117064,10412,2025-01-23,3,Average
225990,119071,10208,2024-12-14,4,Average
225991,116394,14023,2024-09-25,3,Could be better
225992,93777,12777,2024-05-25,5,Excellent
225993,98835,13283,2024-08-29,3,Very good
225994,90704,12807,2026-08-25,4,Excellent
225995,114754,14900,2025-08-20,3,Excellent
225996,98145,11915,2025-12-31,4,Poor quality
225997,105324,10743,2026-03-24,4,Good
225998,93837,14812,2024-11-28,5,Could be better
225999,117552,13919,2026-05-21,2,Very good
226000,96660,15000,2026-07-27,4,Could be better
226001,102691,12035,2025-08-22,5,Average
226002,97287,10426,2024-08-06,1,Excellent
226003,114386,11214,2025-10-05,2,Very good
226004,117559,11982,2026-05-12,5,Average
226005,108751,12884,2025-09-22,4,Excellent
226006,107767,14194,2025-01-11,4,Poor quality
226007,102374,10734,2025-02-19,5,Very good
226008,108618,14153,2024-02-05,2,Poor quality
226009,111031,12266,2024-04-04,4,Poor quality
226010,101051,10118,2025-09-30,3,Excellent
226011,104252,11440,2024-01-10,2,Very good
226012,103830,10325,2025-07-19,2,Average
226013,109462,10875,2026-05-18,4,Could be better
226014,112196,10300,2026-02-14,5,Very good
226015,98930,14189,2025-05-19,4,Could be better
226016,112836,12731,2024-03-25,4,Excellent
226017,91923,12668,2025-10-17,3,Could be better
226018,100649,13177,2026-01-07,3,Very good
226019,104076,12003,2025-12-10,5,Excellent
226020,98984,14489,2026-08-19,5,Very good
226021,117708,13148,2026-04-12,5,Excellent
226022,95573,13739,2025-09-22,5,Good
226023,93294,13497,2024-04-27,3,Poor quality
226024,111947,10301,2026-03-27,1,Could be better
226025,103081,11106,2024-06-13,5,Poor quality
226026,118931,11342,2024-04-11,5,Average
226027,115110,10526,2026-01-01,2,Average
226028,115532,13404,2025-11-08,5,Good
226029,96851,14806,2024-02-20,5,Average
226030,103491,10673,2025-01-17,5,Average
226031,94593,13157,2024-06-06,5,Average
226032,108609,12486,2024-02-06,4,Average
226033,101652,10521,2026-03-10,3,Very good
226034,91548,14942,2024-05-16,5,Poor quality
226035,113194,14320,2025-03-14,4,Could be better
226036,105060,12141,2025-09-30,4,Excellent
226037,103088,12799,2024-12-27,2,Good
226038,113329,11079,2025-03-18,4,Could be better
226039,112428,12827,2024-03-25,4,Excellent
226040,105658,10613,2024-06-04,4,Could be better
226041,104660,13022,2024-03-20,5,Poor quality
226042,113572,10736,2026-05-09,1,Very good
226043,105938,11428,2025-04-21,2,Very good
226044,96849,14466,2025-07-18,5,Very good
226045,107925,13117,2026-07-02,5,Very good
226046,104317,14090,2025-02-09,4,Good
226047,91471,12818,2024-08-12,4,Average
226048,101612,14109,2025-09-20,5,Very good
226049,112595,14249,2024-03-27,5,Very good
226050,108077,12547,2025-02-14,5,Very good
226051,113804,12688,2024-05-22,5,Very good
226052,92043,12213,2025-10-17,3,Poor quality
226053,114175,12917,2025-04-05,5,Poor quality
226054,113694,10727,2024-11-01,4,Average
226055,113393,10963,2024-10-08,3,Could be better
226056,103875,10451,2026-05-22,5,Poor quality
226057,94204,13818,2025-05-22,3,Excellent
226058,106169,13503,2025-06-12,2,Excellent
226059,103465,12320,2025-02-19,5,Good
226060,104377,14218,2024-01-21,3,Poor quality
226061,102069,13033,2025-04-16,5,Poor quality
226062,105536,13168,2024-10-15,4,Poor quality
226063,100812,14121,2024-08-02,2,Could be better
226064,105498,12243,2025-05-05,5,Poor quality
226065,92206,12899,2025-11-30,3,Excellent
226066,108327,10494,2024-12-20,5,Good
226067,116366,10786,2024-07-09,3,Very good
226068,106879,11198,2025-10-12,3,Poor quality
226069,112378,12568,2026-05-23,3,Good
226070,103695,13124,2024-08-12,5,Very good
226071,109029,14153,2024-01-19,3,Poor quality
226072,90037,14036,2026-07-24,5,Excellent
226073,99576,13141,2024-06-24,4,Very good
226074,93065,13396,2024-05-13,4,Excellent
226075,95289,10088,2025-07-12,5,Good
226076,100293,14509,2025-05-31,1,Excellent
226077,111163,11280,2024-01-17,4,Poor quality
226078,90841,14200,2024-06-06,4,Could be better
226079,104276,13838,2025-09-12,4,Excellent
226080,105891,12849,2025-12-10,5,Poor quality
226081,99211,12352,2024-02-27,5,Average
226082,106530,11206,2024-07-15,4,Very good
226083,93023,11144,2024-09-27,4,Very good
226084,109093,12655,2025-08-17,3,Could be better
226085,99806,14841,2026-04-23,3,Could be better
226086,103694,13221,2024-04-26,3,Could be better
226087,106608,12501,2025-11-29,5,Excellent
226088,101009,13420,2025-06-21,4,Very good
226089,106287,10885,2025-11-19,5,Very good
226090,104810,12101,2026-06-10,5,Could be better
226091,102539,14948,2026-07-08,4,Excellent
226092,108997,10459,2025-11-10,4,Could be better
226093,115384,12891,2024-05-31,5,Could be better
226094,120884,11318,2025-07-16,3,Poor quality
226095,110918,13665,2025-09-28,5,Very good
226096,93772,10731,2024-02-26,3,Very good
226097,94107,14135,2024-02-29,5,Very good
226098,117847,14563,2026-05-10,1,Could be better
226099,104766,13406,2025-02-08,5,Average
226100,103419,14137,2024-02-08,5,Very good
226101,92636,12639,2026-06-08,4,Could be better
226102,107982,13179,2025-02-04,5,Good
226103,92365,12693,2025-01-29,1,Average
226104,99689,14055,2026-08-24,2,Very good
226105,98282,11353,2025-04-08,4,Average
226106,95702,11882,2024-12-26,4,Could be better
226107,106198,14522,2025-12-10,1,Very good
226108,111563,12082,2025-03-04,5,Poor quality
226109,120336,10946,2025-03-08,3,Good
226110,113502,13403,2026-08-04,2,Could be better
226111,96540,11346,2024-07-28,4,Very good
226112,114116,10255,2026-03-27,3,Good
226113,90032,11198,2024-02-26,4,Good
226114,114447,11393,2026-07-01,1,Could be better
226115,117182,12534,2026-08-03,3,Average
226116,116352,10608,2025-01-10,5,Excellent
226117,104820,12375,2024-03-04,1,Could be better
226118,90386,11314,2026-03-23,3,Poor quality
226119,116249,10055,2024-10-26,5,Good
226120,100000,11999,2026-05-09,3,Poor quality
226121,114871,10578,2026-05-18,4,Poor quality
226122,119799,14143,2026-03-14,3,Very good
226123,92268,14491,2024-05-22,3,Good
226124,110380,10648,2024-08-24,3,Could be better
226125,95204,12620,2025-01-22,4,Excellent
226126,117321,11325,2025-04-23,5,Poor quality
226127,103268,10608,2024-04-09,3,Could be better
226128,98884,11494,2025-12-15,5,Very good
226129,99512,14408,2026-07-24,5,Could be better
226130,109828,10780,2025-02-21,2,Could be better
226131,99629,11925,2026-06-23,3,Poor quality
226132,107593,10850,2025-03-23,4,Poor quality
226133,102435,12428,2025-05-20,3,Poor quality
226134,99151,12144,2025-09-25,5,Good
226135,117359,13188,2024-08-17,5,Could be better
226136,103074,14832,2026-01-21,4,Average
226137,100242,13293,2026-04-02,5,Excellent
226138,105255,12902,2024-04-13,5,Could be better
226139,118101,11941,2026-08-16,5,Excellent
226140,90150,11558,2026-07-22,4,Average
226141,115548,13159,2025-08-15,3,Average
226142,115922,11229,2024-09-06,2,Very good
226143,97356,11837,2024-07-18,5,Average
226144,96556,10443,2025-10-04,4,Good
226145,91259,10715,2025-11-14,5,Could be better
226146,116711,10920,2025-11-22,5,Could be better
226147,94169,14341,2024-12-26,2,Very good
226148,103825,12769,2024-04-23,4,Poor quality
226149,92393,13408,2025-06-04,5,Very good
226150,106708,10851,2025-11-10,3,Good
226151,103801,11401,2024-02-04,5,Could be better
226152,118601,13445,2026-05-22,3,Average
226153,116007,12126,2026-03-14,5,Could be better
226154,96230,10933,2025-11-17,4,Very good
226155,110411,10083,2024-11-25,5,Poor quality
226156,116322,10025,2024-03-12,5,Good
226157,92812,11124,2026-03-07,5,Could be better
226158,93400,10679,2024-05-18,3,Very good
226159,120170,13408,2024-03-29,5,Average
226160,111860,11457,2026-05-27,3,Excellent
226161,99147,13319,2024-07-15,5,Poor quality
226162,98796,10230,2026-06-23,5,Could be better
226163,110712,10194,2025-07-17,4,Poor quality
226164,110886,14554,2024-04-14,3,Poor quality
226165,107018,14054,2024-06-08,5,Excellent
226166,92035,12040,2026-02-21,4,Very good
226167,98955,12790,2024-01-18,4,Could be better
226168,98564,12539,2024-09-30,5,Poor quality
226169,103334,11807,2024-08-17,3,Very good
226170,91189,11152,2024-02-25,3,Very good
226171,96083,13893,2026-05-29,4,Good
226172,108679,13775,2025-07-18,1,Excellent
226173,119180,10743,2025-12-23,5,Excellent
226174,101265,14091,2024-10-15,3,Poor quality
226175,120777,12687,2026-03-07,3,Poor quality
226176,100906,13238,2026-07-08,4,Excellent
226177,105373,10990,2024-08-09,5,Poor quality
226178,117356,14189,2026-08-16,5,Average
226179,118737,13933,2025-09-21,5,Could be better
226180,94224,10471,2024-11-16,4,Could be better
226181,120854,11144,2026-01-19,5,Good
226182,111922,11307,2025-07-04,4,Excellent
226183,116108,13815,2024-05-13,4,Very good
226184,111933,12132,2025-12-05,5,Good
226185,107363,13443,2025-08-03,5,Could be better
226186,93061,10737,2024-02-02,5,Average
226187,116079,12466,2026-06-08,4,Excellent
226188,99931,13411,2026-06-10,5,Very good
226189,115248,11851,2026-07-11,4,Could be better
226190,103668,12111,2026-04-16,4,Poor quality
226191,116744,14753,2025-03-24,4,Could be better
226192,111114,10807,2025-06-07,1,Excellent
226193,100930,10792,2026-04-21,4,Very good
226194,120552,12789,2025-01-28,2,Could be better
226195,105206,12368,2025-04-23,5,Good
226196,114249,13505,2025-06-14,3,Very good
226197,104690,14012,2024-04-17,4,Poor quality
226198,97373,10601,2026-02-20,1,Average
226199,105931,10737,2025-09-24,4,Average
226200,111944,12764,2024-02-15,5,Good
226201,115185,10774,2025-05-23,5,Poor quality
226202,111151,14289,2024-05-13,4,Excellent
226203,114919,14270,2026-08-10,5,Good
226204,111323,13327,2025-04-12,5,Good
226205,103013,13720,2026-04-22,4,Very good
226206,115955,11583,2025-03-15,5,Could be better
226207,118065,10447,2025-09-02,4,Could be better
226208,104346,13130,2025-05-03,2,Poor quality
226209,93450,14839,2025-03-27,4,Good
226210,103023,13639,2025-12-06,5,Could be better
226211,116567,11226,2026-07-06,4,Very good
226212,108041,14301,2024-09-17,5,Very good
226213,114958,12832,2024-08-18,5,Could be better
226214,111375,11026,2026-02-13,2,Very good
226215,110020,14819,2026-02-05,4,Very good
226216,92532,10317,2026-02-18,4,Average
226217,112220,14307,2025-06-18,3,Good
226218,98390,13326,2025-03-15,4,Could be better
226219,91219,13605,2024-01-13,3,Poor quality
226220,114263,12305,2026-07-02,3,Excellent
226221,104545,13144,2026-06-07,5,Good
226222,104922,11600,2025-05-29,3,Poor quality
226223,108507,10007,2026-02-15,5,Excellent
226224,115939,11332,2026-07-01,5,Good
226225,96412,12603,2024-12-24,5,Excellent
226226,99591,11636,2025-09-28,5,Good
226227,118870,13770,2026-06-15,2,Average
226228,109867,14004,2025-09-08,3,Average
226229,95904,12791,2024-10-27,5,Poor quality
226230,120717,12121,2025-01-18,5,Excellent
226231,113735,14892,2025-10-09,5,Poor quality
226232,116264,14192,2025-04-28,5,Could be better
226233,97374,13746,2024-07-25,4,Excellent
226234,119475,14263,2024-06-03,3,Excellent
226235,96682,12362,2024-02-01,5,Could be better
226236,93044,10163,2024-02-06,5,Good
226237,93830,10117,2024-03-15,5,Poor quality
226238,101434,12075,2026-01-03,2,Very good
226239,119920,10914,2026-02-10,4,Poor quality
226240,101403,13296,2024-11-14,5,Excellent
226241,105766,14962,2024-04-01,5,Very good
226242,107095,13758,2025-08-15,5,Average
226243,115218,12981,2025-01-19,2,Excellent
226244,119102,11425,2024-02-23,4,Average
226245,91974,12059,2024-11-14,5,Excellent
226246,101496,10066,2026-04-11,3,Very good
226247,99988,14295,2024-10-31,5,Very good
226248,113273,12258,2025-08-26,3,Good
226249,110559,14258,2025-02-01,3,Average
226250,119371,10994,2024-04-22,5,Good
226251,116500,11460,2024-03-02,4,Poor quality
226252,119273,14003,2025-06-26,5,Could be better
226253,107090,10308,2026-04-16,4,Average
226254,119709,14498,2025-02-09,4,Could be better
226255,95749,13665,2025-05-30,3,NULL
226256,113631,12334,2024-06-24,5,Very good
226257,115662,12534,2024-09-05,4,Good
226258,108358,14447,2026-08-07,2,Good
226259,101427,12069,2026-04-30,3,Poor quality
226260,104877,10202,2025-02-11,5,Good
226261,115327,14921,2025-05-19,3,Very good
226262,99190,14743,2025-04-27,5,Very good
226263,112751,13508,2025-01-30,5,Good
226264,94734,10525,2024-03-16,2,Very good
226265,116388,12194,2026-02-16,5,Good
226266,102391,10838,2025-03-25,5,Average
226267,109911,13327,2024-10-01,4,Average
226268,119343,13005,2024-11-08,3,Excellent
226269,94282,11878,2026-06-25,2,Average
226270,101261,14034,2026-05-30,4,Poor quality
226271,91137,11770,2024-02-01,3,Good
226272,110895,10190,2025-07-22,4,Good
226273,119826,12396,2024-04-10,5,Poor quality
226274,102999,10511,2024-09-13,4,Could be better
226275,114121,12597,2025-05-27,4,Poor quality
226276,96888,12953,2024-08-31,5,Average
226277,113013,13839,2026-02-08,4,Excellent
226278,115190,10748,2024-09-13,3,Could be better
226279,94796,12102,2024-05-13,4,Could be better
226280,99264,12171,2024-07-16,5,Poor quality
226281,108634,12873,2026-02-12,5,Poor quality
226282,94460,10512,2024-10-13,4,Very good
226283,118358,11193,2026-08-21,4,Average
226284,91776,11655,2024-02-02,5,Very good
226285,109251,12036,2024-05-05,2,Average
226286,102098,11263,2024-12-22,2,Very good
226287,103509,11102,2024-04-19,3,Good
226288,92077,11738,2024-11-04,5,Poor quality
226289,101133,14679,2025-08-17,4,Poor quality
226290,120364,10598,2024-04-17,1,Excellent
226291,94320,11627,2024-01-20,5,Excellent
226292,105235,11672,2026-05-11,5,Excellent
226293,106927,11355,2026-01-31,4,Good
226294,119773,10719,2024-07-19,5,Good
226295,103660,10440,2024-08-09,5,Average
226296,109215,12601,2024-05-22,2,Excellent
226297,99530,14731,2024-04-08,5,Could be better
226298,92429,10625,2025-12-31,4,Excellent
226299,101451,10783,2024-10-08,4,Average
226300,100030,12429,2024-09-08,4,Excellent
226301,97498,10784,2025-10-24,3,Very good
226302,95062,14123,2024-08-10,3,Good
226303,119732,10801,2026-07-13,4,Good
226304,93239,13743,2026-04-09,5,Poor quality
226305,102169,14248,2026-04-21,4,Good
226306,106727,11653,2024-02-07,5,Average
226307,108341,14389,2024-09-09,4,Average
226308,119129,12639,2024-04-29,5,Good
226309,112103,11232,2026-05-07,4,Poor quality
226310,119665,12172,2024-09-22,3,Average
226311,108561,10082,2026-02-05,4,Average
226312,96207,12132,2024-07-24,4,Average
226313,99371,11502,2026-05-27,4,Excellent
226314,99559,12136,2026-05-05,3,Excellent
226315,114875,13399,2024-10-05,5,Average
226316,111432,14725,2025-04-24,4,Very good
226317,106644,14074,2025-09-16,4,Very good
226318,117641,12594,2025-03-16,2,Average
226319,116481,10622,2025-07-01,5,Good
226320,98190,14580,2025-08-08,5,Average
226321,110853,14432,2024-05-14,4,Could be better
226322,103160,14009,2026-08-20,4,Average
226323,119261,13415,2026-01-30,2,Excellent
226324,98298,14199,2025-09-14,4,Average
226325,115618,12515,2024-12-12,4,Good
226326,98996,12507,2026-03-22,3,Excellent
226327,111119,13336,2024-07-17,4,Good
226328,107298,10616,2024-06-28,1,Excellent
226329,118643,13895,2024-12-10,5,Poor quality
226330,119552,14811,2025-09-24,4,Good
226331,102544,11269,2024-09-11,5,Average
226332,107619,12759,2024-08-27,2,Poor quality
226333,101545,12605,2024-07-07,5,Average
226334,109401,13653,2024-12-31,4,Average
226335,100568,13783,2024-09-20,5,Average
226336,105840,14792,2026-01-23,5,Average
226337,117833,11356,2025-12-23,4,Excellent
226338,110171,13838,2025-10-16,4,Good
226339,112297,10347,2024-10-13,5,Average
226340,95873,12129,2026-06-20,2,Average
226341,120592,14321,2024-09-13,3,Average
226342,101291,12211,2026-05-17,4,Very good
226343,95762,10810,2026-04-30,5,Could be better
226344,113598,14221,2024-03-12,5,Very good
226345,101003,11604,2026-03-17,1,Average
226346,110361,11897,2024-03-04,3,Could be better
226347,120369,14941,2024-10-20,4,Very good
226348,112532,13897,2026-04-23,5,Poor quality
226349,117517,13387,2024-03-08,4,Could be better
226350,116085,10503,2026-03-01,5,Good
226351,109936,13752,2024-01-27,2,Very good
226352,118964,12061,2025-04-30,4,Very good
226353,99574,10496,2024-07-03,1,Excellent
226354,110846,10999,2024-02-19,5,Good
226355,118092,13165,2025-02-02,1,Very good
226356,119957,10915,2026-07-15,5,Very good
226357,103885,13572,2025-03-03,4,Could be better
226358,112784,11450,2025-07-30,2,Excellent
226359,109349,13000,2024-11-18,5,Excellent
226360,120212,10778,2024-10-23,4,Very good
226361,110246,14636,2025-10-13,5,Very good
226362,90776,14021,2025-11-09,5,Excellent
226363,112446,11338,2024-02-10,4,Excellent
226364,117142,13334,2024-03-29,4,Could be better
226365,111384,13620,2024-08-15,4,Very good
226366,102007,10048,2024-09-11,5,Good
226367,94316,14883,2024-01-02,5,Excellent
226368,116110,13537,2026-03-29,5,Good
226369,104977,13374,2026-07-25,3,Very good
226370,113633,14286,2025-02-19,5,Excellent
226371,114119,12715,2024-09-26,3,Very good
226372,110047,12788,2025-02-23,5,Excellent
226373,115348,12122,2025-08-24,4,Very good
226374,116046,14353,2024-04-09,5,Good
226375,92146,12839,2025-10-16,2,Good
226376,105535,13250,2025-02-28,4,Poor quality
226377,106560,11230,2024-10-11,4,Average
226378,108082,11536,2025-12-24,3,Average
226379,90674,14894,2024-07-02,4,Average
226380,116537,12425,2026-01-10,5,Excellent
226381,95203,13982,2024-05-17,4,Could be better
226382,102196,14834,2025-06-22,5,Very good
226383,115207,10965,2026-03-07,4,Excellent
226384,109045,11111,2024-06-12,5,Very good
226385,120489,11583,2026-05-24,5,Poor quality
226386,95937,11507,2024-09-10,5,Poor quality
226387,99573,10496,2024-06-24,5,Could be better
226388,101957,11464,2024-01-02,3,Average
226389,92451,11519,2024-04-10,4,Very good
226390,118227,10982,2025-08-29,4,Excellent
226391,97521,12520,2025-05-08,4,Could be better
226392,111446,10644,2025-03-07,5,Poor quality
226393,92511,11934,2024-12-24,4,Good
226394,91757,11185,2024-08-06,5,Average
226395,119835,13872,2026-04-02,4,Very good
226396,119791,12659,2025-10-27,5,Very good
226397,93172,14920,2025-01-23,4,Excellent
226398,109862,11659,2025-03-31,5,Poor quality
226399,106337,11847,2026-01-26,1,Could be better
226400,90894,11374,2025-06-21,5,Could be better
226401,92825,12249,2024-03-03,5,Very good
226402,95614,10960,2026-02-24,2,Excellent
226403,107909,13727,2025-10-10,2,Average
226404,112138,14064,2026-06-28,5,Excellent
226405,99055,12814,2024-10-11,5,Good
226406,91706,11332,2026-02-06,5,Excellent
226407,97659,10956,2024-07-07,4,Very good
226408,118274,11950,2025-07-11,3,Could be better
226409,116696,14278,2026-08-09,4,Could be better
226410,112503,13351,2025-10-11,4,Could be better
226411,112949,14198,2026-04-22,5,Good
226412,90143,12416,2024-01-20,5,Very good
226413,91015,14402,2024-01-08,3,Average
226414,100893,12885,2025-08-26,3,Very good
226415,104717,13188,2024-05-21,5,Excellent
226416,114156,14126,2024-08-26,5,Excellent
226417,114520,11069,2025-01-20,2,Excellent
226418,96913,14730,2024-03-09,2,Good
226419,99674,10759,2024-02-10,4,Average
226420,104662,12206,2025-06-18,3,Very good
226421,108180,14338,2025-01-22,5,Excellent
226422,118171,11031,2026-02-17,4,Excellent
226423,104781,11482,2025-11-15,4,Good
226424,92583,12434,2025-11-11,4,Excellent
226425,92235,13061,2024-12-29,4,Very good
226426,106797,12256,2025-10-13,5,Poor quality
226427,113590,13990,2024-12-18,4,Excellent
226428,118907,13079,2025-11-27,1,Average
226429,93097,14795,2026-07-29,3,Poor quality
226430,99127,11321,2024-10-24,5,NULL
226431,98895,14550,2026-05-09,1,Average
226432,91241,12103,2025-05-06,3,Excellent
226433,111096,11731,2024-07-13,5,Could be better
226434,101468,10591,2026-06-12,4,Average
226435,94218,11853,2024-07-21,5,Very good
226436,93954,12248,2024-06-22,5,Average
226437,104629,14550,2026-02-08,3,Average
226438,90694,12291,2026-03-22,4,Very good
226439,99345,11346,2025-12-22,5,Could be better
226440,94262,12175,2025-05-05,5,Could be better
226441,98262,13390,2025-08-18,5,Could be better
226442,94317,13080,2024-08-01,4,Excellent
226443,112742,11885,2025-02-02,5,Poor quality
226444,108331,13105,2026-01-30,5,Poor quality
226445,116443,11755,2025-03-27,3,Poor quality
226446,97841,10789,2026-05-24,5,Could be better
226447,99284,11930,2025-05-13,5,Good
226448,116546,14272,2026-01-17,3,Good
226449,118690,11810,2024-08-09,5,Excellent
226450,91793,11474,2026-02-24,2,Good
226451,96415,12586,2024-09-04,5,Poor quality
226452,101061,13966,2024-07-26,5,Could be better
226453,94198,10355,2026-07-17,3,Excellent
226454,111342,14539,2024-02-18,4,Could be better
226455,114131,14731,2025-06-17,5,Very good
226456,117624,12905,2025-05-19,4,Excellent
226457,113665,13353,2025-06-28,4,Very good
226458,117950,12783,2025-06-14,5,Excellent
226459,112974,11246,2024-05-07,4,Poor quality
226460,117902,10148,2025-05-21,3,Excellent
226461,111439,12785,2026-02-14,5,Poor quality
226462,93826,11630,2025-02-26,4,Could be better
226463,96788,12213,2024-11-17,3,Poor quality
226464,93132,11641,2025-12-16,4,Good
226465,114884,10156,2026-03-07,5,Average
226466,117097,12206,2025-05-11,4,Very good
226467,104553,10181,2026-08-24,4,Very good
226468,106536,11852,2024-08-10,5,Average
226469,112124,12589,2026-01-14,3,Could be better
226470,115530,11646,2025-03-17,4,Poor quality
226471,98850,12673,2026-05-29,4,Very good
226472,101872,10795,2026-05-05,5,Poor quality
226473,102738,12825,2025-05-23,3,Good
226474,90807,11191,2025-11-15,5,Could be better
226475,113056,11139,2026-02-08,3,Could be better
226476,94443,10621,2025-04-21,4,Excellent
226477,103253,12235,2026-07-14,3,Could be better
226478,109887,11171,2024-02-29,4,Very good
226479,111038,12354,2026-04-20,5,Poor quality
226480,116008,14353,2025-10-12,5,Very good
226481,109439,13480,2026-04-04,1,Poor quality
226482,103764,14013,2026-03-08,5,Poor quality
226483,109059,10900,2025-03-03,2,Average
226484,104238,13556,2024-02-28,4,Poor quality
226485,92742,12894,2025-05-08,4,Excellent
226486,115894,11262,2024-07-02,4,Average
226487,90545,10807,2025-10-28,4,Could be better
226488,96938,13786,2024-10-03,4,Excellent
226489,94931,12602,2024-02-08,1,Good
226490,117421,13742,2025-04-02,5,Very good
226491,99900,14064,2025-11-29,4,Excellent
226492,90237,14430,2025-03-26,1,Average
226493,95129,12798,2024-04-07,5,Excellent
226494,94573,12130,2025-08-11,3,Average
226495,97625,14892,2024-10-03,5,Excellent
226496,92654,10289,2024-05-06,1,Could be better
226497,120596,11090,2025-08-04,5,Very good
226498,116092,14929,2024-05-17,3,Average
226499,91072,14132,2026-01-23,2,Good
226500,108936,11709,2026-01-28,5,Poor quality
226501,104105,14459,2026-02-07,3,Excellent
226502,100865,11013,2025-09-04,4,Poor quality
226503,94528,14579,2024-02-21,5,Poor quality
226504,94034,14096,2024-03-20,4,Average
226505,120757,11781,2024-12-10,5,Poor quality
226506,114568,10016,2024-03-04,3,Could be better
226507,99095,10647,2025-04-22,3,Very good
226508,109239,14445,2026-02-25,3,Average
226509,107142,11686,2025-07-15,5,Average
226510,94772,11453,2024-05-02,4,Could be better
226511,112340,12287,2026-03-31,5,Average
226512,119154,12283,2026-02-04,5,Poor quality
226513,114071,10129,2025-01-21,4,Excellent
226514,98519,10734,2026-07-08,5,Very good
226515,100522,14608,2025-01-26,4,Could be better
226516,113638,11947,2025-02-24,4,Good
226517,99918,11686,2024-04-11,4,Excellent
226518,105798,14236,2025-11-18,4,Excellent
226519,95420,10234,2026-07-26,1,Excellent
226520,118412,13852,2025-11-30,5,Excellent
226521,109303,14092,2024-04-13,5,Good
226522,91582,10710,2025-01-30,5,Excellent
226523,101321,10487,2024-12-08,4,Excellent
226524,100856,11420,2025-05-17,5,Poor quality
226525,103329,13007,2026-03-26,1,Very good
226526,90119,12451,2025-08-01,4,Good
226527,115496,13719,2024-07-25,5,Excellent
226528,114384,10637,2025-12-08,5,Could be better
226529,98770,11049,2026-07-17,2,Excellent
226530,117438,14350,2026-01-05,4,Could be better
226531,105821,13906,2026-05-14,5,Very good
226532,93675,11944,2025-09-23,5,Very good
226533,114553,11422,2026-05-27,4,Excellent
226534,119861,11176,2024-10-25,4,Could be better
226535,96158,11962,2026-08-24,5,Very good
226536,104679,13097,2025-09-07,1,Excellent
226537,110640,10503,2024-11-11,5,Poor quality
226538,96466,14533,2026-07-16,3,Good
226539,108677,14902,2024-04-04,5,Very good
226540,115035,11212,2025-12-26,5,Poor quality
226541,98174,10084,2024-01-03,5,Good
226542,106617,10623,2025-09-07,3,Average
226543,107541,12759,2024-09-26,4,Very good
226544,117502,14040,2025-03-31,2,Could be better
226545,97732,11706,2024-11-04,4,Good
226546,90302,13067,2025-05-24,5,Excellent
226547,116665,10664,2026-04-28,5,Poor quality
226548,90180,11914,2026-01-07,4,Poor quality
226549,95692,14163,2025-09-15,5,Very good
226550,105125,10917,2024-09-23,4,Average
226551,117068,14752,2024-09-02,5,Poor quality
226552,118206,10938,2024-05-03,4,Good
226553,103658,12068,2024-01-14,3,Excellent
226554,112658,13751,2024-06-30,5,Could be better
226555,120274,13392,2024-09-15,3,Excellent
226556,90766,11859,2025-06-09,5,Poor quality
226557,93219,10537,2024-11-27,4,Poor quality
226558,111631,13744,2026-06-04,4,Could be better
226559,113576,13353,2026-04-04,4,Excellent
226560,109728,14257,2025-11-03,5,Poor quality
226561,90500,13967,2024-07-08,5,Excellent
226562,95678,11332,2024-06-28,4,Average
226563,118013,12172,2024-11-13,5,Very good
226564,100931,14458,2025-12-05,3,Poor quality
226565,119306,14591,2024-03-09,4,Could be better
226566,95711,14266,2025-05-07,4,Good
226567,102210,13595,2026-06-20,5,Very good
226568,109195,12797,2026-07-03,5,Could be better
226569,116685,13784,2024-01-19,5,Excellent
226570,113099,14037,2024-02-29,4,Very good
226571,116461,11750,2025-12-16,4,Could be better
226572,108736,11100,2024-08-25,4,Excellent
226573,111255,13536,2026-04-10,5,Average
226574,104925,14154,2026-04-08,5,Average
226575,116016,10644,2024-04-10,5,Excellent
226576,110292,10300,2026-03-29,5,Average
226577,118026,12332,2026-02-18,5,Very good
226578,103820,12084,2025-02-23,4,Very good
226579,90142,11770,2024-02-18,4,Could be better
226580,115672,11780,2025-03-02,5,Poor quality
226581,116702,13129,2026-07-17,5,Excellent
226582,111728,13839,2024-05-31,5,Average
226583,116425,10227,2025-09-30,1,Average
226584,95178,13040,2025-10-29,5,Average
226585,100488,14673,2025-06-20,4,Poor quality
226586,119062,13550,2026-03-08,1,Good
226587,119328,14407,2026-02-22,5,Poor quality
226588,97555,10737,2024-07-22,3,Very good
226589,90542,12514,2024-08-03,4,Excellent
226590,106129,13626,2024-08-26,3,Average
226591,92358,11279,2025-01-16,5,Good
226592,104419,11582,2026-08-22,4,Good
226593,113298,13751,2024-10-01,5,Excellent
226594,107801,10983,2024-09-26,5,Average
226595,117800,14987,2024-09-06,5,Excellent
226596,115773,10657,2024-09-14,2,Excellent
226597,94206,11782,2025-05-31,5,Poor quality
226598,109975,10011,2024-08-19,5,Average
226599,119196,13756,2026-08-26,5,Excellent
226600,96341,13885,2025-12-29,3,Poor quality
226601,99239,12012,2025-08-20,4,Very good
226602,92205,12899,2025-08-23,5,Very good
226603,118553,10001,2026-01-16,5,Poor quality
226604,106930,13634,2024-11-26,1,Very good
226605,107221,12906,2024-05-06,5,Excellent
226606,91940,10735,2024-06-04,4,Excellent
226607,116371,12046,2026-03-09,3,Poor quality
226608,118133,13963,2024-05-25,4,Average
226609,99044,14860,2025-06-30,5,Poor quality
226610,111677,12574,2024-10-23,5,Excellent
226611,95327,12439,2024-08-24,4,Could be better
226612,97385,14278,2025-01-19,5,Average
226613,93409,13351,2025-06-26,3,Could be better
226614,112102,14185,2025-02-27,5,NULL
226615,93709,12408,2026-02-05,3,Very good
226616,107084,11624,2026-06-29,5,Excellent
226617,98121,12466,2024-07-17,3,Good
226618,105788,10105,2026-05-09,4,Excellent
226619,114074,14167,2025-07-20,3,Could be better
226620,117755,11397,2024-11-07,5,Poor quality
226621,104167,13198,2026-07-09,2,Could be better
226622,113456,12864,2025-01-21,4,Could be better
226623,105778,12866,2025-08-08,3,Good
226624,104890,11549,2025-11-07,3,Average
226625,105728,14370,2026-08-15,1,Excellent
226626,107673,12329,2026-07-06,3,Average
226627,107844,14618,2024-04-14,5,Good
226628,91796,11436,2024-07-03,3,Average
226629,118357,11193,2024-02-18,4,Good
226630,105997,10018,2024-07-06,4,Poor quality
226631,104362,10738,2024-05-24,5,Poor quality
226632,105732,13004,2024-01-12,5,Very good
226633,119887,14518,2025-12-25,5,Average
226634,96220,12144,2026-08-05,3,Poor quality
226635,98243,11475,2026-08-06,4,Excellent
226636,96463,10485,2024-07-06,4,Could be better
226637,112045,10649,2026-05-04,4,Average
226638,114427,13706,2026-05-18,4,Good
226639,101590,10156,2024-11-02,5,Excellent
226640,111742,10813,2026-02-23,5,Average
226641,95125,12741,2024-12-12,5,Excellent
226642,92388,13123,2026-02-28,2,Excellent
226643,115074,13422,2024-11-14,5,Very good
226644,117491,10564,2024-08-27,5,Average
226645,120823,12818,2024-04-20,2,Good
226646,90902,11216,2025-09-11,3,Poor quality
226647,92189,14527,2025-01-10,2,Average
226648,120546,11938,2025-03-31,4,Very good
226649,114285,11146,2024-12-29,3,Could be better
226650,101778,10256,2025-11-05,5,Average
226651,90007,10556,2024-06-18,3,Good
226652,105838,14830,2024-01-13,5,Could be better
226653,95729,11500,2025-02-19,5,Poor quality
226654,107150,12291,2024-07-28,1,Poor quality
226655,97987,11002,2025-08-01,3,Very good
226656,114787,10306,2026-04-16,2,Excellent
226657,110747,10095,2024-08-26,4,Average
226658,109889,12616,2025-08-30,5,Very good
226659,112384,11498,2024-02-24,4,Good
226660,93971,11549,2025-04-02,5,Could be better
226661,117436,13110,2025-06-06,3,Could be better
226662,90321,13682,2025-11-27,4,Poor quality
226663,108328,10993,2025-10-13,4,Good
226664,90217,14686,2024-05-13,3,Very good
226665,116252,13584,2025-04-10,4,Very good
226666,98683,14972,2025-05-17,5,Could be better
226667,108850,14885,2025-07-28,5,Excellent
226668,95053,14107,2024-06-02,4,Excellent
226669,119043,11897,2024-02-12,5,Excellent
226670,105655,13189,2026-05-11,1,Excellent
226671,118531,12484,2025-09-02,5,Good
226672,94099,11497,2025-07-28,4,Very good
226673,106154,14849,2024-12-19,5,Good
226674,108017,13450,2025-09-26,5,Poor quality
226675,114397,10644,2025-06-08,5,Excellent
226676,108325,14767,2025-08-04,2,Could be better
226677,116241,12817,2024-12-31,4,Poor quality
226678,96889,12953,2024-01-13,4,Average
226679,112356,11706,2025-02-26,3,Good
226680,92525,13894,2025-07-21,4,Good
226681,104734,11702,2025-06-03,4,Excellent
226682,93922,12793,2025-04-11,5,Excellent
226683,113092,10039,2025-03-10,4,Good
226684,108717,10345,2025-09-20,5,Good
226685,113460,10302,2025-08-20,2,Could be better
226686,111182,13750,2025-02-05,5,Excellent
226687,108703,10118,2024-08-18,4,Average
226688,110087,13815,2025-08-14,5,Excellent
226689,114930,10667,2024-09-18,5,Could be better
226690,90350,13865,2024-01-20,5,Could be better
226691,100472,14234,2026-03-02,4,Good
226692,105611,13281,2026-04-22,5,Average
226693,108987,14789,2024-07-01,1,Excellent
226694,107041,12463,2024-09-30,3,Poor quality
226695,112250,13754,2026-05-05,4,Poor quality
226696,106669,10279,2025-01-01,5,Average
226697,93215,14716,2025-05-11,4,Excellent
226698,102486,10339,2024-01-09,5,Average
226699,114608,11551,2026-05-04,5,Average
226700,107657,14008,2026-05-15,5,Average
226701,96003,12682,2026-07-14,5,Could be better
226702,120425,14954,2024-11-18,3,Good
226703,98417,13144,2024-09-16,2,Excellent
226704,102688,13427,2026-02-27,5,Could be better
226705,91958,11865,2024-04-07,1,Excellent
226706,98364,14018,2024-03-19,5,Average
226707,108664,14914,2024-07-11,5,Average
226708,114548,13835,2026-02-26,3,Very good
226709,93785,14917,2024-05-15,4,Average
226710,102500,10857,2024-11-30,4,Good
226711,95766,11085,2026-05-03,5,Excellent
226712,120011,10554,2024-01-18,4,Good
226713,94936,14771,2024-05-22,5,Average
226714,98541,14706,2024-05-16,5,Could be better
226715,112804,12893,2025-07-25,2,Could be better
226716,106786,12017,2025-03-26,2,Could be better
226717,98107,10621,2024-04-26,5,Could be better
226718,113828,12114,2024-03-17,4,Poor quality
226719,117107,11316,2025-01-15,5,Excellent
226720,105049,11871,2026-08-19,4,Could be better
226721,90464,10896,2024-10-23,4,Average
226722,99169,12103,2025-06-24,4,Excellent
226723,102070,11851,2025-05-28,5,Excellent
226724,90618,12621,2025-07-15,1,Could be better
226725,104976,13374,2024-05-27,5,Excellent
226726,112022,14885,2025-03-22,2,Very good
226727,100995,12881,2026-01-25,3,Excellent
226728,118650,13155,2025-07-23,5,Excellent
226729,104511,12671,2024-09-10,5,Poor quality
226730,100259,10614,2024-04-15,1,Very good
226731,111190,10253,2024-10-22,4,Poor quality
226732,110970,14366,2025-09-22,4,Could be better
226733,91358,11931,2025-07-10,2,Could be better
226734,106162,14708,2025-08-07,3,Could be better
226735,116023,10428,2024-05-24,3,Average
226736,105491,12473,2025-10-30,4,Very good
226737,99888,14000,2026-02-23,3,Average
226738,113381,12346,2024-07-25,2,Average
226739,103463,10643,2025-10-22,4,Very good
226740,99017,11602,2024-05-10,5,Good
226741,113881,10622,2024-04-29,4,Good
226742,99947,14276,2025-12-22,2,Could be better
226743,96733,14996,2026-04-01,5,Poor quality
226744,90814,12238,2025-07-28,5,Could be better
226745,93665,11191,2025-12-13,3,Poor quality
226746,98463,10774,2024-01-05,5,Good
226747,104179,11788,2025-04-08,4,Average
226748,90445,12303,2024-05-21,4,Poor quality
226749,114828,14010,2025-03-21,5,Average
226750,113985,14588,2025-03-08,5,Very good
226751,93474,13576,2024-07-24,5,Could be better
226752,99899,14064,2024-02-15,2,Excellent
226753,105986,10919,2024-10-03,1,Could be better
226754,106759,14381,2024-04-07,3,Could be better
226755,98686,11206,2024-11-05,3,Excellent
226756,117189,10524,2025-03-09,4,Poor quality
226757,95251,12304,2025-10-31,4,Good
226758,103700,11599,2025-01-06,1,Very good
226759,97557,12335,2026-03-24,3,Poor quality
226760,108245,13331,2024-01-18,1,Good
226761,103423,10031,2025-10-29,3,Excellent
226762,103161,12541,2025-02-05,4,Could be better
226763,120897,13483,2025-06-18,2,Average
226764,100916,13296,2026-03-02,4,Average
226765,108647,10092,2025-10-25,5,Could be better
226766,99212,10526,2025-10-09,5,Very good
226767,119824,11717,2025-09-16,4,Average
226768,116137,10095,2026-01-09,1,Poor quality
226769,109327,13788,2025-12-08,4,Average
226770,105347,13873,2026-02-12,5,Could be better
226771,118940,10195,2026-07-14,2,Average
226772,117669,13775,2024-09-29,5,Excellent
226773,110272,13553,2025-03-29,3,Could be better
226774,119871,12218,2024-09-05,4,Poor quality
226775,93880,11944,2025-10-27,5,Poor quality
226776,99374,10731,2026-01-14,2,Excellent
226777,104329,12663,2025-05-12,5,Excellent
226778,117628,11871,2024-01-31,5,Poor quality
226779,95229,13632,2025-03-30,3,Could be better
226780,99325,11287,2026-05-05,5,Very good
226781,112352,13844,2025-08-31,5,Could be better
226782,116878,14944,2024-08-15,5,Could be better
226783,104885,11505,2025-12-27,3,Very good
226784,92026,10775,2025-07-22,3,Average
226785,114896,10653,2025-01-16,1,Could be better
226786,115211,10809,2025-02-05,5,Average
226787,104601,11192,2025-10-04,4,Good
226788,94123,13425,2025-05-15,2,Good
226789,91364,10121,2026-04-02,5,Very good
226790,108083,12192,2025-05-28,5,Poor quality
226791,98538,12055,2025-01-18,3,Good
226792,99826,14403,2025-02-19,3,Poor quality
226793,104550,12058,2025-12-24,1,Average
226794,112306,10279,2025-12-25,3,Poor quality
226795,118824,12478,2024-10-05,4,Good
226796,104356,10811,2024-04-11,3,Average
226797,99035,12382,2026-07-20,4,Poor quality
226798,93175,14453,2026-08-18,3,Average
226799,102428,14564,2024-08-15,4,Very good
226800,111608,12847,2024-01-06,4,Good
226801,106279,12565,2024-05-20,5,Very good
226802,90019,10824,2026-04-25,5,Could be better
226803,105492,13214,2025-06-11,2,Excellent
226804,101501,14862,2024-12-10,3,Excellent
226805,100581,13521,2024-07-06,5,Very good
226806,92600,12955,2025-07-17,4,Average
226807,91915,13264,2026-05-19,4,Very good
226808,97277,14731,2025-04-04,5,Very good
226809,120493,10130,2026-07-20,5,Very good
226810,118917,13637,2025-02-10,4,Could be better
226811,103981,11174,2025-04-14,5,Excellent
226812,119594,13216,2025-08-27,4,Excellent
226813,94481,11035,2024-12-24,5,Very good
226814,112083,11302,2026-08-26,5,Average
226815,102279,14133,2024-02-25,5,Average
226816,113646,10735,2024-05-28,3,Good
226817,107858,14800,2025-11-26,5,Could be better
226818,103980,12002,2026-01-26,5,Good
226819,115750,10200,2025-08-21,5,Could be better
226820,102952,10935,2025-01-12,3,Good
226821,113589,13990,2024-03-03,3,Could be better
226822,116324,10025,2024-03-07,5,Very good
226823,101308,11956,2025-09-16,4,Very good
226824,118230,13706,2025-05-02,4,Excellent
226825,109121,12884,2024-03-29,3,Could be better
226826,101069,13934,2024-03-25,5,Excellent
226827,104082,11552,2026-07-10,5,Excellent
226828,93700,13404,2026-01-16,5,Good
226829,98162,13703,2024-01-01,3,Good
226830,118018,11457,2024-03-15,5,Excellent
226831,119495,11531,2024-05-06,4,Good
226832,115562,11494,2026-07-11,4,Good
226833,94333,12620,2025-07-14,3,Good
226834,114629,12789,2024-02-11,5,Very good
226835,107578,11797,2025-09-12,3,Poor quality
226836,100466,11410,2024-07-29,5,Very good
226837,106206,14548,2024-08-09,4,Could be better
226838,114178,13087,2024-01-08,4,Could be better
226839,107927,10774,2024-01-29,3,Excellent
226840,91010,12986,2024-10-10,4,Average
226841,102628,11926,2025-08-10,2,Very good
226842,110947,13376,2025-06-02,4,Could be better
226843,103386,10337,2024-07-07,4,Excellent
226844,92833,13033,2024-10-18,2,Excellent
226845,94997,12287,2024-02-24,1,Very good
226846,97024,12580,2024-04-20,3,Excellent
226847,97888,13692,2024-09-08,3,Excellent
226848,90950,10043,2024-10-15,5,Excellent
226849,109011,10765,2024-09-17,2,Could be better
226850,112703,10310,2026-07-04,5,Poor quality
226851,104450,13226,2025-03-29,3,Average
226852,110367,13179,2025-06-21,5,Average
226853,97019,14022,2026-07-31,2,Average
226854,101681,11191,2025-08-07,5,Average
226855,94916,11208,2024-07-21,5,Excellent
226856,113114,12780,2024-05-25,4,Good
226857,120262,10838,2025-09-22,3,Excellent
226858,99638,14545,2026-06-28,3,Could be better
226859,113058,12094,2025-06-05,4,Good
226860,113025,11769,2024-11-06,5,Average
226861,109944,10182,2024-11-02,4,Could be better
226862,101123,14988,2024-03-15,4,Excellent
226863,114562,11218,2024-04-16,3,Could be better
226864,90593,14046,2026-05-15,4,Good
226865,100352,13514,2026-08-07,5,Poor quality
226866,91401,11892,2024-01-27,5,Good
226867,111077,12283,2025-09-02,4,Very good
226868,109636,13869,2026-02-03,5,Good
226869,117697,11503,2024-11-26,5,Poor quality
226870,101037,10302,2025-02-06,4,Could be better
226871,115480,10496,2025-08-22,3,Average
226872,92460,14920,2025-01-22,5,Good
226873,100121,14320,2026-03-02,3,Poor quality
226874,91522,14123,2024-10-19,5,Excellent
226875,92894,14849,2025-07-09,5,Average
226876,107466,12034,2024-10-04,4,Could be better
226877,111617,12133,2025-06-30,5,Very good
226878,117317,12969,2026-02-25,4,Good
226879,91908,12363,2024-01-08,5,Good
226880,98906,13379,2026-05-17,4,Excellent
226881,120923,12973,2024-01-07,4,Poor quality
226882,117332,10648,2024-06-29,2,Could be better
226883,107494,12765,2025-06-28,3,Poor quality
226884,98359,10530,2025-02-16,4,Very good
226885,101750,14701,2025-01-19,3,Excellent
226886,94637,11855,2025-03-30,5,Average
226887,118207,10019,2025-03-18,5,Excellent
226888,90194,10177,2026-05-31,5,Could be better
226889,109517,11132,2026-08-03,1,Average
226890,108628,11193,2026-02-01,5,Excellent
226891,90059,13636,2024-06-24,5,Very good
226892,111380,11641,2024-08-12,5,Average
226893,100899,10931,2024-01-10,5,Poor quality
226894,93715,13620,2026-02-01,4,Average
226895,113185,13821,2025-03-14,3,Could be better
226896,105378,10135,2026-06-27,2,Excellent
226897,116690,10743,2026-04-22,5,Good
226898,90975,10032,2026-08-02,5,Poor quality
226899,107566,10141,2025-05-07,5,Average
226900,103195,13203,2026-06-08,5,Excellent
226901,105146,11630,2026-05-03,5,Average
226902,95066,10865,2025-08-20,3,Poor quality
226903,109921,10146,2024-12-01,5,Average
226904,115693,12060,2025-05-16,2,Average
226905,112139,14064,2024-05-06,5,Excellent
226906,104521,11376,2024-04-07,5,Poor quality
226907,97028,11319,2025-06-02,4,Excellent
226908,93439,10664,2024-07-13,4,Excellent
226909,113952,11945,2024-09-06,5,Could be better
226910,120378,14165,2025-07-23,3,Average
226911,119851,12333,2025-02-08,4,Excellent
226912,117088,14051,2024-08-14,3,Good
226913,115904,12605,2025-07-21,4,Poor quality
226914,100596,14401,2026-01-06,4,Could be better
226915,112076,12137,2025-10-27,3,Average
226916,91573,10159,2024-11-20,4,Poor quality
226917,92607,13506,2025-01-10,4,Average
226918,102830,13710,2026-03-14,1,Average
226919,98537,10506,2026-01-26,4,Good
226920,94686,13413,2024-11-24,5,Average
226921,95665,14308,2026-04-23,5,Excellent
226922,95353,14602,2024-10-22,5,Poor quality
226923,106880,11846,2025-08-07,3,Could be better
226924,91953,10839,2024-12-15,3,Excellent
226925,111888,11067,2024-03-08,2,Could be better
226926,109857,13422,2025-03-21,4,Average
226927,111268,13956,2026-02-03,3,Average
226928,105429,11579,2025-05-13,4,Excellent
226929,110010,14216,2024-01-22,5,Could be better
226930,118853,13825,2024-10-23,5,Average
226931,103289,14726,2026-01-16,5,Average
226932,113705,14041,2026-07-14,3,Very good
226933,106088,12013,2024-11-28,5,Very good
226934,111682,11656,2024-11-11,5,Excellent
226935,101727,11232,2024-10-31,3,Good
226936,104230,11145,2025-05-23,1,Excellent
226937,105121,12206,2024-08-20,4,Very good
226938,101827,12382,2026-03-29,5,Poor quality
226939,101903,14755,2024-11-16,4,Poor quality
226940,112485,14112,2024-10-14,4,Excellent
226941,114453,14082,2024-11-27,5,Very good
226942,101480,12832,2025-02-04,4,Good
226943,93183,10964,2024-04-09,4,Could be better
226944,112582,14987,2026-01-30,3,Good
226945,92738,10736,2026-07-31,2,Excellent
226946,99495,14561,2025-12-22,3,Average
226947,98569,11393,2025-02-19,5,Average
226948,93107,13113,2025-01-09,5,Very good
226949,91521,10257,2024-08-22,4,Good
226950,112880,10880,2026-03-01,4,Very good
226951,110566,12824,2026-06-23,4,Poor quality
226952,113152,11273,2024-04-22,4,Average
226953,101136,13373,2025-06-18,4,Could be better
226954,112606,13130,2026-07-01,4,Good
226955,97713,11765,2025-12-25,4,Very good
226956,99439,11858,2026-04-13,4,Very good
226957,108826,10920,2026-06-02,1,Could be better
226958,112239,12982,2025-10-10,5,Good
226959,117157,12427,2025-05-22,2,Average
226960,94942,12970,2025-12-09,2,Good
226961,117672,11228,2026-05-17,4,Could be better
226962,119790,11989,2025-02-11,3,Average
226963,96915,12075,2024-03-13,4,Average
226964,116752,12848,2025-11-21,5,Poor quality
226965,96281,14950,2026-07-30,4,Excellent
226966,91591,10021,2024-07-10,4,Good
226967,100525,13243,2024-09-20,4,Very good
226968,110569,13670,2025-10-27,3,Poor quality
226969,104516,11089,2026-01-09,5,Could be better
226970,104442,12279,2025-03-18,4,Could be better
226971,109186,13740,2026-03-06,3,Poor quality
226972,112087,11484,2025-01-06,5,Could be better
226973,91472,12818,2024-03-25,3,Average
226974,116486,14960,2026-07-11,4,Excellent
226975,92355,11629,2024-09-21,3,Could be better
226976,109731,12420,2025-02-18,3,Could be better
226977,113059,10150,2025-05-14,5,Very good
226978,99090,14476,2025-02-01,5,Average
226979,109221,10857,2026-05-24,4,Good
226980,107359,13208,2024-12-31,4,Good
226981,119580,10649,2024-06-13,4,Poor quality
226982,99482,13583,2026-04-18,4,Very good
226983,109681,13899,2026-03-06,4,Poor quality
226984,115793,11477,2026-04-08,4,Good
226985,95234,10409,2026-07-15,4,Excellent
226986,118167,11442,2024-03-13,5,Average
226987,100484,11287,2026-06-16,5,Very good
226988,101735,12416,2025-12-21,5,Excellent
226989,94975,11351,2024-09-04,5,Very good
226990,98425,14414,2026-03-26,4,Poor quality
226991,114511,12452,2024-01-06,5,Average
226992,109286,10569,2024-10-03,3,Very good
226993,114813,12684,2026-03-06,5,Poor quality
226994,117805,12877,2025-03-24,4,Good
226995,97004,13323,2024-10-16,5,Could be better
226996,106732,13513,2025-02-08,5,Average
226997,114512,12779,2025-06-15,2,Excellent
226998,92064,13301,2024-05-20,4,Average
226999,102496,11508,2025-02-27,5,Could be better
227000,110249,10757,2025-12-20,3,Could be better
227001,92009,14133,2025-12-06,5,Excellent
227002,95150,13052,2026-08-02,5,Could be better
227003,95693,14163,2025-09-16,4,Very good
227004,97847,14466,2025-10-22,1,Poor quality
227005,119822,11028,2024-09-13,3,Could be better
227006,108830,10460,2026-04-10,5,Average
227007,114559,13235,2026-08-14,4,Good
227008,97725,13629,2025-04-08,4,Poor quality
227009,112343,12953,2024-11-23,5,Good
227010,92075,11092,2026-06-25,4,Excellent
227011,106075,13076,2026-05-27,4,Good
227012,106396,10336,2024-09-02,4,Very good
227013,120764,10327,2024-03-12,3,Good
227014,96486,11463,2025-07-25,5,Poor quality
227015,94697,10805,2025-02-03,4,Poor quality
227016,114306,14432,2025-03-31,4,Poor quality
227017,102598,12741,2026-03-01,1,Average
227018,114257,13731,2024-12-16,3,Average
227019,105181,11813,2025-02-26,5,Average
227020,96256,12009,2026-04-20,4,Very good
227021,100188,13892,2024-12-25,1,Good
227022,111719,10474,2026-07-04,3,Poor quality
227023,99892,12363,2026-02-24,5,Excellent
227024,113760,13775,2026-07-29,4,Very good
227025,118718,11652,2024-01-12,5,Excellent
227026,119947,10193,2024-07-26,2,Average
227027,92101,11693,2025-09-26,4,Excellent
227028,97756,13294,2024-03-04,5,Good
227029,97216,10961,2025-03-13,4,Excellent
227030,101200,12211,2025-07-17,4,Good
227031,97974,14143,2026-03-07,4,Could be better
227032,111935,13096,2026-07-09,3,Very good
227033,94898,12371,2025-10-16,4,Very good
227034,109587,12842,2026-02-21,5,Good
227035,118648,13114,2025-12-31,4,Good
227036,108559,13995,2025-09-03,4,Excellent
227037,97362,14365,2026-06-19,5,Could be better
227038,116609,11267,2025-05-13,5,Excellent
227039,113906,11486,2024-03-11,3,Good
227040,118344,12431,2025-09-03,4,Poor quality
227041,101749,14064,2025-11-09,5,Excellent
227042,90544,12514,2024-05-12,3,Average
227043,115250,13166,2025-04-22,1,Poor quality
227044,94671,13156,2026-02-22,4,Average
227045,99535,14907,2024-07-08,2,Could be better
227046,107399,14350,2025-09-04,3,Average
227047,107786,11004,2025-05-11,5,Average
227048,108408,12140,2025-07-31,5,Very good
227049,107851,12328,2025-05-17,4,Excellent
227050,110057,12148,2026-05-17,4,Could be better
227051,98238,12756,2025-09-15,5,Average
227052,99197,11616,2024-04-11,1,Excellent
227053,92440,10186,2025-09-28,5,Could be better
227054,115608,13560,2024-01-29,5,Excellent
227055,111865,14032,2026-05-15,4,Very good
227056,114196,14454,2024-07-08,2,Could be better
227057,93647,13249,2024-05-27,4,Could be better
227058,101198,10712,2025-04-23,4,Could be better
227059,96528,14457,2025-06-13,2,Could be better
227060,90594,14046,2024-12-20,4,Average
227061,118116,12960,2026-04-06,2,Average
227062,93902,11266,2025-01-20,2,Poor quality
227063,118181,10652,2024-05-09,4,Could be better
227064,113890,14479,2026-05-13,5,Excellent
227065,92480,12502,2026-05-22,1,Poor quality
227066,98301,12904,2024-08-07,5,Could be better
227067,111711,14087,2026-03-31,5,Excellent
227068,116211,11908,2024-08-04,3,Excellent
227069,91235,12094,2025-10-14,5,Very good
227070,92920,10712,2025-07-23,3,Poor quality
227071,94373,14662,2024-08-16,3,Poor quality
227072,99856,10546,2026-03-04,3,Could be better
227073,97762,11372,2026-07-21,4,Very good
227074,106878,13455,2025-05-08,5,Excellent
227075,116870,11375,2025-05-03,1,Poor quality
227076,92199,11682,2026-04-12,4,Average
227077,103389,10670,2025-03-04,4,Poor quality
227078,110511,12638,2025-04-27,4,Average
227079,98510,11036,2024-04-03,4,Good
227080,100370,13429,2024-01-19,3,Average
227081,108191,11586,2024-06-07,5,Could be better
227082,120030,12309,2026-06-30,3,Average
227083,110977,13532,2024-03-14,4,Average
227084,94733,10525,2026-01-22,3,Could be better
227085,96569,11794,2025-05-02,4,Poor quality
227086,110831,13496,2025-12-21,5,Very good
227087,100843,12019,2025-09-19,2,Could be better
227088,117728,10511,2026-02-13,5,Good
227089,108779,14088,2024-04-22,4,Excellent
227090,119801,10441,2025-05-20,4,Average
227091,101171,11119,2024-09-16,5,Excellent
227092,104709,13964,2024-05-07,5,Poor quality
227093,100607,13005,2026-04-14,3,Poor quality
227094,108640,13558,2025-03-01,2,Excellent
227095,115434,12574,2024-06-07,5,Excellent
227096,107598,11680,2025-07-29,4,Could be better
227097,104398,10323,2026-06-30,5,Average
227098,97471,11706,2024-12-31,2,Could be better
227099,95636,13959,2025-02-16,1,Good
227100,95885,12558,2025-04-12,2,Average
227101,96089,13341,2025-11-15,4,Good
227102,104764,14051,2025-01-13,3,Good
227103,98958,13393,2025-02-13,5,Good
227104,110708,14731,2024-09-25,4,Average
227105,106170,12475,2026-03-08,5,Good
227106,91882,11044,2025-04-20,4,Average
227107,91005,13529,2025-02-06,3,Could be better
227108,105419,10865,2025-09-21,5,Average
227109,100376,12190,2025-09-18,5,Average
227110,114693,13285,2025-06-02,3,Average
227111,92296,11421,2025-04-21,5,Average
227112,114988,11517,2026-03-21,5,Poor quality
227113,95398,13121,2024-04-26,5,Good
227114,118320,12707,2026-03-18,3,Excellent
227115,111304,11915,2025-09-22,5,Could be better
227116,108497,13906,2025-11-02,5,Average
227117,91327,14784,2025-12-11,5,Poor quality
227118,114365,10630,2025-02-17,5,Poor quality
227119,109013,10436,2026-06-18,1,Average
227120,105312,13163,2024-01-06,5,Poor quality
227121,105960,10807,2025-07-14,3,Poor quality
227122,106664,13216,2026-01-05,5,Very good
227123,94959,14774,2024-07-02,1,Good
227124,106251,14237,2025-10-16,5,Excellent
227125,118948,14390,2026-02-22,5,Good
227126,118288,12914,2024-01-07,3,Could be better
227127,109547,14558,2025-11-06,5,Could be better
227128,103781,10294,2025-04-16,1,Excellent
227129,104107,10813,2025-09-21,5,Very good
227130,117021,14163,2026-05-02,5,Could be better
227131,119505,14519,2024-08-27,3,Very good
227132,109486,13498,2024-03-04,2,Could be better
227133,117857,12990,2025-07-19,1,Excellent
227134,103209,14800,2026-01-11,3,Poor quality
227135,108832,12528,2026-02-07,4,Could be better
227136,106822,14316,2024-06-03,4,Good
227137,93292,13997,2025-08-15,5,Very good
227138,116899,10940,2024-09-18,3,Average
227139,94801,12775,2024-06-05,4,Could be better
227140,93364,12641,2026-05-09,3,Poor quality
227141,115494,13719,2025-06-12,5,Very good
227142,107996,11513,2025-06-18,3,Good
227143,111931,10492,2026-04-23,4,Excellent
227144,94847,12406,2024-11-12,4,Poor quality
227145,112097,12074,2024-10-05,5,Poor quality
227146,92321,11168,2024-03-25,5,Average
227147,112075,12137,2026-07-15,4,Could be better
227148,111938,12543,2025-01-07,4,Very good
227149,104636,11962,2025-01-30,5,Good
227150,119338,10306,2024-07-12,4,Good
227151,91354,13523,2026-03-09,3,Excellent
227152,95788,13620,2025-09-12,4,Poor quality
227153,103361,14424,2025-07-30,4,Poor quality
227154,112168,13644,2025-08-05,5,Average
227155,107403,13341,2024-09-08,5,Poor quality
227156,115678,10699,2024-12-30,4,Good
227157,119576,14637,2025-11-26,4,Very good
227158,103547,14504,2025-06-07,2,Average
227159,105447,12092,2025-04-02,5,Poor quality
227160,103032,12793,2026-05-14,1,Very good
227161,120026,10947,2025-10-20,2,Average
227162,120531,11472,2024-04-17,5,Excellent
227163,92693,13199,2025-02-04,4,Could be better
227164,99219,14002,2024-10-06,5,Could be better
227165,103091,12161,2024-01-11,1,Could be better
227166,92292,12471,2025-05-16,2,Excellent
227167,115252,12674,2026-06-19,4,Good
227168,93943,12297,2026-06-29,5,Average
227169,112851,11877,2024-07-19,4,Very good
227170,103928,11827,2026-06-08,5,Could be better
227171,117606,12378,2025-04-15,4,Poor quality
227172,115514,10563,2025-01-10,3,Average
227173,94982,14626,2024-07-14,3,Good
227174,119288,10569,2024-11-29,5,Excellent
227175,101054,10725,2025-03-12,5,Average
227176,115040,10277,2025-09-02,3,Good
227177,97919,11323,2025-08-28,5,Could be better
227178,99220,11448,2026-03-22,5,Excellent
227179,97032,11137,2025-08-09,4,Poor quality
227180,96056,13882,2025-11-07,5,Could be better
227181,97595,12064,2025-12-13,3,Average
227182,119054,11679,2026-08-25,4,Could be better
227183,105297,10930,2024-08-10,5,Very good
227184,95387,10778,2025-04-05,5,Could be better
227185,97284,10167,2025-12-11,5,Good
227186,110037,13466,2024-03-25,3,Good
227187,116277,13662,2026-04-07,2,Average
227188,100045,12316,2024-11-08,3,Average
227189,103305,11301,2024-12-22,5,Poor quality
227190,115501,10563,2025-09-18,5,Could be better
227191,117322,11367,2024-01-24,4,Could be better
227192,107382,14757,2026-06-03,1,Excellent
227193,113388,12334,2025-07-18,5,Very good
227194,90118,12794,2024-09-10,3,Very good
227195,96174,13022,2025-05-06,4,Excellent
227196,92642,11048,2024-12-30,2,Average
227197,96392,12456,2025-07-23,4,Excellent
227198,97113,10902,2024-05-22,5,Average
227199,118305,11975,2024-01-02,3,Poor quality
227200,93683,11362,2025-03-25,5,Good
227201,107024,12972,2026-02-04,5,Good
227202,101128,13797,2026-07-19,4,Good
227203,95963,10829,2026-07-20,1,Good
227204,105577,13809,2024-07-27,3,Poor quality
227205,117841,10610,2024-01-26,4,Very good
227206,117381,14518,2026-06-22,4,Poor quality
227207,102978,13975,2024-11-07,4,Poor quality
227208,119827,11138,2025-07-02,4,Good
227209,111405,12980,2024-06-20,4,Poor quality
227210,90985,13511,2025-12-13,4,Good
227211,98944,10291,2026-06-06,4,Could be better
227212,104939,11744,2024-02-27,4,Average
227213,110319,13122,2025-03-24,1,Average
227214,117735,13814,2024-09-26,3,Poor quality
227215,118392,11567,2025-12-28,5,Average
227216,118828,14555,2026-05-16,4,Good
227217,114890,10720,2026-06-16,2,Could be better
227218,108739,10975,2024-12-23,5,Poor quality
227219,96462,10059,2024-10-17,5,Average
227220,92133,11138,2026-03-10,5,Very good
227221,92194,14056,2026-07-06,1,Good
227222,113095,11056,2026-04-09,4,Could be better
227223,104310,11455,2025-11-27,5,Excellent
227224,105145,11630,2026-04-27,5,Average
227225,97627,13382,2024-10-26,5,Very good
227226,107666,14597,2024-08-21,5,Good
227227,95836,10988,2025-05-25,2,Poor quality
227228,113027,11097,2025-04-07,5,Excellent
227229,104509,12671,2024-04-22,5,Very good
227230,111159,14080,2025-08-05,1,Very good
227231,108929,11492,2024-04-15,3,Good
227232,102223,11637,2025-08-14,5,Average
227233,99838,12417,2024-10-24,3,Excellent
227234,107531,11119,2026-02-10,3,Very good
227235,96229,10933,2024-10-14,5,Poor quality
227236,96388,13934,2024-06-22,1,Good
227237,100334,10864,2024-05-30,2,Excellent
227238,92095,14376,2024-05-13,4,Average
227239,118617,10351,2024-11-13,4,Poor quality
227240,92376,12452,2024-08-10,5,Very good
227241,115092,13196,2024-03-01,5,Excellent
227242,99920,13262,2025-05-16,4,Average
227243,112466,12558,2024-11-18,3,Could be better
227244,119841,12307,2024-03-06,1,Average
227245,104440,14857,2025-06-23,2,Very good
227246,90608,10135,2024-02-07,3,Could be better
227247,107164,11985,2025-03-13,5,Could be better
227248,107282,12477,2026-06-09,4,Poor quality
227249,104870,11957,2026-03-23,4,Average
227250,93240,10189,2025-08-26,5,Could be better
227251,104217,13715,2026-02-02,4,Very good
227252,91955,14419,2024-07-07,5,Excellent
227253,96690,11203,2024-09-20,5,Could be better
227254,104927,14116,2025-08-04,4,Excellent
227255,106622,14087,2024-01-26,4,Very good
227256,94151,14080,2025-04-29,4,Good
227257,117377,13473,2026-05-17,5,Poor quality
227258,108451,12874,2024-04-01,3,Very good
227259,99154,13553,2026-01-13,5,Excellent
227260,92993,12097,2026-06-26,3,Good
227261,92623,14148,2025-12-21,4,Good
227262,94718,11545,2025-09-23,5,Could be better
227263,93849,11792,2026-05-11,4,Average
227264,111859,11807,2024-04-11,4,Good
227265,111878,12940,2025-04-17,5,Poor quality
227266,106796,12256,2026-02-17,4,Very good
227267,102293,11048,2024-02-16,5,Good
227268,98561,13636,2025-08-21,5,Excellent
227269,95232,10976,2024-11-26,4,Excellent
227270,104792,12792,2025-12-02,2,Could be better
227271,92379,14257,2024-10-27,3,Average
227272,100662,11982,2026-02-04,3,Average
227273,105039,10071,2025-01-09,4,Average
227274,95476,14028,2024-03-26,4,Average
227275,100762,14420,2025-05-20,3,Very good
227276,107861,13000,2026-03-29,5,Excellent
227277,105134,10520,2025-01-04,5,Could be better
227278,105618,14988,2026-07-27,4,Good
227279,120244,11353,2024-02-05,4,Very good
227280,99590,11331,2026-01-26,5,Average
227281,107183,14924,2025-09-07,4,Average
227282,92102,11607,2025-12-06,4,Poor quality
227283,92631,11707,2025-02-23,4,Could be better
227284,97158,10405,2024-03-12,4,Good
227285,120068,12485,2025-04-16,2,Average
227286,98617,13257,2024-10-01,5,Could be better
227287,118435,10417,2025-02-24,3,Could be better
227288,119819,11777,2026-01-04,5,Poor quality
227289,101806,13408,2024-05-21,3,Poor quality
227290,94872,14677,2025-11-29,4,Average
227291,112398,11050,2026-04-07,4,Very good
227292,100809,11847,2026-08-12,4,Excellent
227293,103169,13134,2025-08-21,5,Very good
227294,117791,11715,2026-06-22,3,Poor quality
227295,118027,10781,2025-12-15,2,Average
227296,97801,10002,2025-12-29,5,Average
227297,110982,12313,2024-07-25,5,Poor quality
227298,99098,14803,2025-02-11,3,Excellent
227299,113233,11788,2024-11-16,4,Excellent
227300,94009,10966,2025-03-13,3,Very good
227301,104465,14381,2024-10-23,5,Very good
227302,103965,11977,2026-08-14,2,Poor quality
227303,117333,10648,2024-06-29,4,Very good
227304,118364,14508,2026-04-02,4,Average
227305,93986,14573,2026-05-07,4,Very good
227306,95955,11080,2024-10-10,4,Good
227307,96235,12635,2024-04-29,5,Poor quality
227308,94607,13715,2024-07-11,5,Good
227309,117186,11854,2026-06-14,4,Poor quality
227310,114722,10710,2024-07-14,3,Could be better
227311,112018,13318,2025-03-26,5,Poor quality
227312,112364,10930,2024-11-30,3,Excellent
227313,108672,13795,2024-10-22,5,Excellent
227314,119624,11505,2024-03-10,3,Excellent
227315,95123,14275,2024-07-16,5,Average
227316,94341,11750,2025-04-02,5,Good
227317,118437,13525,2025-03-22,2,Good
227318,108560,11852,2024-10-31,5,Very good
227319,110252,10435,2025-07-02,4,Poor quality
227320,108491,14262,2024-01-06,1,Could be better
227321,107912,13357,2024-09-28,4,Excellent
227322,112570,14838,2025-07-08,4,Good
227323,112543,12963,2026-07-27,5,Poor quality
227324,99245,12292,2025-05-07,5,Excellent
227325,106358,12271,2025-06-03,5,Good
227326,107715,12470,2026-04-28,5,Very good
227327,103726,13172,2026-02-01,5,Excellent
227328,94577,13250,2025-05-05,4,Excellent
227329,104918,12569,2026-07-06,2,Good
227330,98180,13981,2024-12-22,5,Very good
227331,99620,10146,2024-12-18,4,Poor quality
227332,104326,12136,2024-09-02,4,Excellent
227333,99911,12625,2024-01-03,5,Good
227334,99087,11821,2025-04-11,3,Average
227335,102645,10620,2025-11-12,5,Very good
227336,112720,13526,2025-11-10,5,Good
227337,107636,11707,2025-03-24,3,Average
227338,104547,12258,2024-10-13,4,Very good
227339,100126,12410,2025-08-06,5,Average
227340,102728,11935,2026-02-03,4,Average
227341,111339,13841,2024-05-05,5,Excellent
227342,101661,12074,2026-05-02,4,Could be better
227343,109555,11439,2024-07-16,1,Average
227344,117885,10305,2024-11-28,4,Average
227345,95909,13854,2024-05-11,5,Could be better
227346,117555,11244,2025-09-28,5,Poor quality
227347,94917,11208,2024-11-09,5,Could be better
227348,94687,13462,2024-02-08,4,Average
227349,93494,10047,2024-06-25,4,Very good
227350,100565,10902,2024-08-29,4,Could be better
227351,115656,10651,2024-03-10,5,Average
227352,105173,11510,2025-04-21,3,Average
227353,103440,12406,2025-08-21,1,Average
227354,92129,11041,2024-04-14,2,Could be better
227355,93076,14304,2025-04-25,4,Average
227356,93874,11530,2024-09-14,5,Good
227357,95235,10409,2026-01-28,2,Could be better
227358,105484,10987,2026-03-10,5,Excellent
227359,115742,14655,2026-06-06,5,Could be better
227360,118983,10445,2024-11-30,5,Could be better
227361,113630,12334,2026-07-18,4,Very good
227362,113954,13654,2026-08-20,4,Excellent
227363,114590,11611,2024-03-10,3,Average
227364,107005,13104,2024-05-07,3,Could be better
227365,111269,13963,2024-12-28,4,Excellent
227366,110542,11930,2024-06-16,5,Good
227367,91050,14865,2025-07-22,5,Excellent
227368,116517,12642,2025-04-07,5,Poor quality
227369,96140,12214,2026-07-04,4,Good
227370,102450,11662,2026-07-07,5,Very good
227371,120510,10022,2024-10-25,5,Poor quality
227372,94494,10752,2026-04-04,5,Good
227373,97413,12109,2024-09-05,4,Good
227374,93549,12940,2024-01-29,4,Average
227375,96783,14852,2024-02-12,4,Good
227376,117173,11960,2026-08-07,2,Excellent
227377,110277,13852,2026-07-09,5,Poor quality
227378,100844,12019,2025-09-26,5,Very good
227379,120056,10822,2024-02-11,2,Good
227380,110513,11758,2024-04-04,3,Poor quality
227381,117835,14397,2024-05-18,5,Excellent
227382,101441,11584,2025-09-26,3,Good
227383,116333,12252,2025-05-06,4,Poor quality
227384,92575,10562,2025-03-24,2,Average
227385,96708,13884,2025-08-01,2,Good
227386,110737,12131,2024-08-04,4,Good
227387,117867,12217,2025-04-27,5,Average
227388,94374,10409,2025-11-15,5,Good
227389,104046,12579,2025-12-13,3,Very good
227390,106636,14266,2026-03-25,1,NULL
227391,98340,14646,2026-04-03,5,Very good
227392,90701,14915,2025-07-09,5,Could be better
227393,114633,11235,2024-07-26,5,Average
227394,94511,14621,2026-05-19,2,Average
227395,109443,13509,2025-08-17,4,Very good
227396,98901,13992,2025-06-10,1,Good
227397,98778,14288,2025-01-25,3,Excellent
227398,96537,14858,2024-01-27,3,Good
227399,114161,11249,2024-07-10,2,Good
227400,103653,14827,2025-11-02,5,Good
227401,111798,11651,2024-02-20,3,Excellent
227402,106659,14803,2024-02-17,5,Excellent
227403,108207,14886,2024-03-28,3,Average
227404,102491,11974,2025-06-30,4,Could be better
227405,92093,12267,2025-10-28,5,Could be better
227406,118710,14744,2024-11-21,4,Could be better
227407,91763,10803,2024-03-11,5,Good
227408,113708,11819,2026-01-28,2,Average
227409,111143,11231,2024-01-21,4,Could be better
227410,91022,11519,2024-10-11,5,Could be better
227411,102819,10731,2024-08-29,5,Very good
227412,106652,14981,2026-02-07,3,Poor quality
227413,110046,10348,2026-07-13,5,Average
227414,109358,13278,2026-04-15,5,Excellent
227415,94118,12362,2024-11-15,5,Poor quality
227416,118580,12446,2025-07-09,5,Poor quality
227417,107158,14722,2026-07-16,4,Average
227418,108627,10933,2025-10-04,4,Excellent
227419,120804,12894,2024-08-22,5,Could be better
227420,109589,14635,2026-01-31,5,Could be better
227421,108948,12894,2025-02-07,4,Very good
227422,108438,12105,2025-03-04,4,Excellent
227423,106051,11734,2025-09-24,4,Average
227424,108280,10225,2025-03-13,4,Very good
227425,112287,10371,2024-05-09,4,Poor quality
227426,93200,13957,2025-02-15,5,Average
227427,114152,14799,2026-01-09,3,Very good
227428,119137,11770,2025-01-25,5,Average
227429,92418,11595,2025-04-20,4,Good
227430,119938,11062,2026-02-17,5,Average
227431,105187,13849,2024-03-07,1,Very good
227432,114778,10206,2024-02-13,5,Good
227433,110986,14050,2026-02-27,4,Excellent
227434,120507,14711,2026-04-24,5,Average
227435,96750,11747,2025-08-07,5,Excellent
227436,105850,10831,2025-10-21,5,Average
227437,106982,10365,2025-12-04,4,Very good
227438,92307,12933,2026-06-07,1,Excellent
227439,106211,11311,2025-12-25,4,Excellent
227440,103679,10056,2024-06-16,2,Excellent
227441,103647,14462,2024-02-11,3,Very good
227442,103271,12753,2025-10-17,4,Excellent
227443,112795,13817,2026-04-14,2,Could be better
227444,115792,12580,2024-11-01,5,Poor quality
227445,107645,12911,2026-03-01,5,Excellent
227446,103248,11868,2025-05-19,5,Good
227447,103210,12348,2025-04-01,3,Poor quality
227448,109208,11211,2026-03-07,5,Good
227449,98237,14318,2025-01-27,1,Poor quality
227450,99858,11854,2025-06-22,1,Good
227451,108902,13137,2025-03-08,5,Very good
227452,112409,10858,2025-02-08,4,Excellent
227453,97504,12597,2025-08-06,5,Average
227454,98731,14627,2026-05-23,3,Excellent
227455,109348,13000,2024-05-14,4,Good
227456,120233,10424,2024-03-04,5,Good
227457,118183,13951,2024-12-13,5,Good
227458,119600,10161,2024-06-11,5,Could be better
227459,110107,14665,2025-12-17,2,Very good
227460,120312,11984,2024-11-29,5,Excellent
227461,101861,13328,2025-01-02,4,Average
227462,112003,12479,2024-04-03,5,Excellent
227463,107118,12364,2025-06-25,5,Average
227464,111363,11014,2025-05-27,4,Excellent
227465,106200,12712,2024-07-06,5,Excellent
227466,104305,14029,2026-04-18,1,Excellent
227467,111021,12793,2024-10-13,4,Could be better
227468,120584,12919,2024-01-12,3,Excellent
227469,102026,13726,2024-09-29,1,Could be better
227470,101656,14594,2025-02-13,2,Very good
227471,91790,12426,2025-08-17,4,Poor quality
227472,98539,12055,2024-05-09,5,Poor quality
227473,102773,10958,2024-01-19,1,Excellent
227474,111594,14926,2024-07-18,2,Good
227475,100187,13892,2025-10-18,5,Average
227476,92594,12654,2025-04-30,4,Average
227477,103172,11385,2024-06-25,4,Could be better
227478,102084,10714,2025-04-29,3,Excellent
227479,116183,11212,2024-12-13,5,Average
227480,114003,13422,2024-12-01,4,Good
227481,108106,13995,2026-02-01,5,Good
227482,100698,12908,2025-03-18,5,Poor quality
227483,104817,10408,2025-03-08,2,Good
227484,105807,11688,2024-12-05,4,Good
227485,104373,10348,2024-07-27,4,Good
227486,114027,10972,2024-06-25,4,Good
227487,111426,13201,2026-03-11,5,Poor quality
227488,110897,14462,2025-01-18,4,Poor quality
227489,119126,12807,2025-08-14,2,Average
227490,110254,11364,2026-05-20,4,Good
227491,107672,12329,2024-06-15,3,Excellent
227492,92047,13633,2025-07-18,4,Excellent
227493,101234,12359,2024-04-24,3,NULL
227494,104363,10738,2025-11-07,4,Average
227495,117351,13503,2024-07-21,5,Very good
227496,90810,12230,2025-12-17,4,Average
227497,94290,13007,2025-04-13,5,Excellent
227498,108343,14511,2025-01-22,5,Good
227499,116766,10058,2025-08-14,4,Good
227500,110782,14123,2024-08-04,3,Excellent
227501,95351,13390,2024-08-31,5,Poor quality
227502,94073,13454,2025-12-19,4,Excellent
227503,102176,14083,2024-12-13,5,Good
227504,117585,13171,2024-06-21,3,Good
227505,115690,13154,2024-09-03,5,Poor quality
227506,114182,12438,2026-08-20,3,Could be better
227507,107439,12683,2024-09-06,4,Poor quality
227508,106845,12310,2024-07-04,5,Excellent
227509,116203,11147,2026-03-08,5,Average
227510,100317,14292,2025-06-28,5,Poor quality
227511,97622,12882,2024-09-24,5,Poor quality
227512,103087,11076,2024-10-19,5,Average
227513,120037,12610,2024-09-06,5,Excellent
227514,117673,12674,2024-07-03,4,Excellent
227515,96309,11883,2024-01-10,5,Very good
227516,97853,11904,2024-12-20,5,Very good
227517,98582,12624,2026-07-21,5,Could be better
227518,103331,10536,2026-05-22,4,Excellent
227519,103216,10320,2026-06-15,4,Very good
227520,106901,10830,2025-05-29,5,Excellent
227521,110315,14771,2024-10-12,4,Excellent
227522,103180,10609,2026-03-08,5,Poor quality
227523,97241,13533,2025-04-15,2,Poor quality
227524,120354,13468,2026-06-18,4,Average
227525,91013,12395,2024-09-22,5,Could be better
227526,118179,12858,2024-12-28,3,Good
227527,94812,14539,2026-03-02,4,Poor quality
227528,115136,10191,2025-07-03,4,Good
227529,101219,14465,2024-01-27,4,Very good
227530,100176,14269,2025-05-17,4,Very good
227531,105631,11308,2025-09-01,5,Average
227532,120251,11190,2024-10-16,5,Good
227533,105894,14131,2025-10-27,5,Very good
227534,99334,12207,2024-11-08,2,Good
227535,106230,12349,2025-12-11,5,Average
227536,113704,10668,2024-12-25,5,Poor quality
227537,120324,10742,2025-07-11,4,Excellent
227538,97560,13564,2025-04-26,5,Poor quality
227539,104223,13082,2024-04-10,1,Very good
227540,93804,10823,2024-05-25,5,Could be better
227541,90692,14395,2025-07-29,5,Good
227542,112808,14937,2025-12-04,4,Poor quality
227543,112700,11786,2025-02-21,5,Very good
227544,117051,10737,2024-07-09,2,Poor quality
227545,101473,13818,2026-02-01,5,Could be better
227546,91694,14034,2026-06-26,3,Good
227547,110690,10084,2024-01-24,4,Excellent
227548,107552,11285,2026-04-12,5,Average
227549,91635,11455,2026-04-19,5,Could be better
227550,104067,12272,2024-02-22,4,Average
227551,96123,14827,2025-02-19,1,Poor quality
227552,90848,13845,2025-02-08,5,Poor quality
227553,100211,13022,2025-05-21,5,Very good
227554,94706,13737,2024-11-15,2,Poor quality
227555,98416,10393,2024-06-28,3,Excellent
227556,108333,10474,2026-02-02,3,Excellent
227557,102587,10171,2026-07-14,4,Poor quality
227558,97160,13178,2026-01-26,5,Average
227559,101489,11972,2024-04-12,5,Excellent
227560,99784,10122,2024-04-15,4,Good
227561,113214,12299,2026-03-13,4,Very good
227562,94727,10276,2026-01-31,4,Average
227563,107586,14500,2026-08-17,4,Very good
227564,113613,10623,2024-06-28,3,Excellent
227565,112390,12115,2026-08-05,5,Very good
227566,105899,12770,2024-10-06,5,Very good
227567,110493,11958,2024-05-13,5,Very good
227568,98700,13658,2025-10-17,3,Very good
227569,107686,10119,2024-03-26,4,Average
227570,111956,11170,2025-12-31,1,Very good
227571,100732,13601,2024-09-04,4,Poor quality
227572,104188,11428,2025-03-21,5,Average
227573,109571,13145,2024-01-19,5,Good
227574,120886,13251,2025-09-05,4,Very good
227575,97503,12602,2024-02-10,5,Could be better
227576,108043,12532,2025-12-14,5,Good
227577,90665,10949,2024-01-27,3,Very good
227578,91255,11530,2026-06-29,4,Poor quality
227579,94370,14847,2024-09-07,4,Very good
227580,102049,11226,2025-11-25,5,Average
227581,118323,13318,2024-04-04,5,Excellent
227582,97133,14713,2025-05-11,5,Average
227583,98254,11557,2024-03-01,5,Very good
227584,112337,11085,2026-03-22,5,Good
227585,90792,12406,2024-09-11,5,Excellent
227586,98556,14895,2024-10-13,4,Very good
227587,113729,13129,2026-07-26,4,Good
227588,103433,11700,2026-03-13,3,Excellent
227589,95704,12752,2024-03-15,5,Very good
227590,115105,12582,2024-12-15,5,Good
227591,100336,12208,2025-06-30,5,Excellent
227592,112659,14309,2024-12-03,5,Very good
227593,111875,12965,2024-10-18,1,Excellent
227594,111595,14926,2024-12-06,1,Very good
227595,91488,10251,2024-08-07,4,Good
227596,113077,12317,2025-01-03,5,Excellent
227597,118265,13028,2024-06-04,3,Average
227598,97602,10874,2024-12-12,4,Average
227599,115257,13252,2026-08-12,2,Very good
227600,109425,12449,2025-02-21,3,Very good
227601,116908,10112,2024-10-17,3,Very good
227602,106278,12757,2024-03-13,5,Average
227603,104558,11833,2025-10-17,2,Could be better
227604,93732,14290,2026-01-29,5,Excellent
227605,112692,14225,2024-06-15,3,Could be better
227606,116591,14327,2024-04-01,5,Very good
227607,108621,13671,2025-02-12,5,Good
227608,106387,14742,2025-06-03,4,Good
227609,100215,11484,2025-10-25,5,Average
227610,97467,13862,2024-01-01,5,Excellent
227611,106695,11954,2025-10-12,4,Could be better
227612,118842,13370,2025-04-29,4,Very good
227613,95237,12654,2025-06-07,4,Good
227614,110212,10370,2024-08-29,4,Average
227615,107555,12564,2024-07-19,4,Average
227616,109463,10875,2026-07-31,4,Poor quality
227617,106715,14295,2026-07-12,4,Poor quality
227618,113010,11545,2024-02-03,5,Excellent
227619,119358,14648,2024-05-13,5,Average
227620,106488,12680,2026-04-10,3,Poor quality
227621,110008,11255,2025-12-09,4,Poor quality
227622,102854,12447,2024-01-07,5,Excellent
227623,94828,12199,2024-05-18,3,Good
227624,97210,11155,2026-05-01,3,Good
227625,94223,13341,2024-06-23,5,Excellent
227626,95389,10978,2025-08-13,5,Average
227627,108107,13584,2025-04-20,2,Very good
227628,118727,10069,2024-08-02,4,Could be better
227629,120825,10518,2025-01-03,5,Good
227630,103178,10478,2026-04-12,4,Good
227631,101610,13262,2026-03-01,4,Poor quality
227632,98498,14506,2024-02-11,4,Average
227633,95411,13488,2025-10-08,3,Average
227634,113697,11259,2024-05-30,3,Could be better
227635,117354,11252,2024-06-03,3,Could be better
227636,120297,11719,2025-06-29,2,Poor quality
227637,117338,12184,2024-03-28,1,Poor quality
227638,107846,10835,2026-01-04,5,Good
227639,117448,14738,2025-05-22,5,Excellent
227640,120327,11198,2024-04-18,5,Good
227641,92989,11975,2025-02-25,1,Excellent
227642,116572,14948,2026-03-19,4,Poor quality
227643,111647,13497,2025-05-30,5,Average
227644,104951,11796,2026-05-26,5,Very good
227645,117725,10091,2024-10-18,1,Average
227646,105700,10753,2024-12-18,5,Poor quality
227647,116180,12764,2025-10-09,4,Good
227648,103689,14191,2025-03-01,5,Excellent
227649,95992,10403,2024-10-14,4,Average
227650,110282,13760,2026-01-02,3,Good
227651,103445,12588,2024-05-16,3,Good
227652,104083,14298,2024-12-27,5,Excellent
227653,96901,10341,2024-06-02,4,Could be better
227654,107057,11751,2026-06-21,5,Excellent
227655,104157,11556,2024-03-04,2,Average
227656,98628,13603,2025-11-27,4,Excellent
227657,117296,10253,2025-12-02,4,Poor quality
227658,119404,13738,2026-02-27,5,Good
227659,107254,10941,2026-03-30,5,Could be better
227660,112487,11460,2024-11-20,5,Average
227661,113377,10755,2025-04-20,4,Average
227662,96679,10115,2025-11-15,5,Could be better
227663,117915,11059,2024-04-29,1,Poor quality
227664,98460,14510,2026-08-09,4,Poor quality
227665,100411,13614,2026-05-30,4,Poor quality
227666,112956,12437,2024-03-01,5,Very good
227667,99174,14548,2024-01-17,3,Very good
227668,93191,14883,2024-11-15,1,Could be better
227669,116730,14162,2026-06-05,3,Could be better
227670,100733,14788,2025-10-31,4,Poor quality
227671,116758,12186,2025-09-18,3,Good
227672,90387,11182,2026-03-18,5,Poor quality
227673,95552,12136,2026-05-30,3,Excellent
227674,118701,14675,2025-10-24,5,Poor quality
227675,100015,11869,2024-06-17,1,Could be better
227676,91055,12783,2025-08-04,5,Good
227677,94371,11791,2026-01-16,4,Excellent
227678,91876,13228,2025-07-13,3,Excellent
227679,91595,14763,2024-11-11,3,Could be better
227680,114699,11403,2025-06-27,4,Excellent
227681,111828,13060,2024-10-15,3,Could be better
227682,108506,12974,2025-02-09,4,Poor quality
227683,111689,14299,2026-02-11,3,Average
227684,119764,14843,2024-01-15,2,Good
227685,114024,11154,2025-12-31,5,Average
227686,95110,10647,2025-04-29,5,Average
227687,91090,14501,2026-03-20,5,Could be better
227688,93167,12820,2026-06-03,1,Poor quality
227689,111466,13768,2026-02-24,4,Very good
227690,91797,11436,2025-07-16,4,Good
227691,99813,10917,2026-04-09,2,Good
227692,106372,12477,2026-05-13,5,Poor quality
227693,109995,12573,2025-06-29,4,Average
227694,91697,12229,2025-08-13,5,Average
227695,92482,12784,2025-08-30,5,Poor quality
227696,115717,14058,2025-01-26,3,Good
227697,114148,12153,2024-06-23,5,Could be better
227698,112565,13948,2025-12-29,4,Poor quality
227699,120557,11079,2025-05-16,4,Average
227700,116751,13561,2026-07-14,5,Excellent
227701,95403,13389,2026-01-07,1,Poor quality
227702,113969,12862,2026-06-10,1,Average
227703,115439,12876,2026-06-18,5,Good
227704,111626,11261,2024-07-10,5,Average
227705,111069,12446,2026-06-17,4,Very good
227706,92458,11243,2024-02-13,2,Could be better
227707,105340,14003,2024-07-26,4,Could be better
227708,94144,12600,2024-02-21,5,Average
227709,117637,12701,2025-08-30,4,Average
227710,96337,14751,2026-01-14,5,Average
227711,116244,11840,2025-08-10,5,Excellent
227712,117603,11387,2024-05-22,4,Could be better
227713,115002,10228,2024-10-23,5,Average
227714,96188,14049,2025-02-01,5,Average
227715,97523,14166,2026-03-16,2,Excellent
227716,98728,10106,2024-11-14,5,Poor quality
227717,119514,13171,2026-01-10,4,Average
227718,103789,11220,2026-06-23,4,Very good
227719,98275,13572,2024-04-25,4,Poor quality
227720,93585,14929,2026-04-26,4,Poor quality
227721,106928,13634,2024-08-05,3,Very good
227722,97207,12306,2026-02-02,4,Average
227723,116392,10774,2025-04-07,4,Average
227724,112115,10917,2026-08-05,5,Good
227725,93381,11097,2024-07-24,1,Could be better
227726,112004,14725,2024-05-09,3,Excellent
227727,117091,14905,2026-07-26,3,Excellent
227728,102970,12344,2025-04-14,5,Very good
227729,92846,12082,2025-06-06,3,Poor quality
227730,92914,14865,2026-08-15,5,Very good
227731,115709,12926,2026-08-02,4,Good
227732,107291,14239,2024-08-30,3,Could be better
227733,90230,12039,2024-08-17,2,Poor quality
227734,116501,11460,2024-06-01,5,NULL
227735,107910,10044,2025-08-04,3,Excellent
227736,113988,12351,2024-07-29,5,Average
227737,112021,13516,2025-11-25,3,Average
227738,114351,14485,2025-01-07,5,Very good
227739,93540,13338,2026-02-24,5,Excellent
227740,99881,14319,2026-07-09,3,Excellent
227741,113187,11554,2026-02-18,4,Average
227742,90371,10604,2025-09-10,4,Very good
227743,116678,14179,2024-08-08,1,Could be better
227744,90628,11999,2024-06-03,5,Could be better
227745,111024,11799,2025-01-31,4,Could be better
227746,120449,10517,2024-07-09,5,Average
227747,118631,11001,2026-03-04,4,Excellent
227748,102085,13363,2025-04-05,3,Could be better
227749,98029,11326,2024-05-06,3,Poor quality
227750,118363,13695,2026-01-16,4,Could be better
227751,107633,10171,2025-12-23,5,Poor quality
227752,96424,13647,2026-02-28,3,Poor quality
227753,105428,11579,2024-04-04,5,Excellent
227754,114504,12243,2025-06-24,5,Average
227755,94642,12196,2025-04-10,3,Poor quality
227756,96239,12514,2026-01-26,3,Very good
227757,107395,14501,2024-01-02,4,Could be better
227758,96559,10501,2024-09-10,3,Average
227759,108293,12125,2025-04-20,3,Could be better
227760,110583,10911,2024-07-09,4,Average
227761,116931,14298,2024-10-30,5,Excellent
227762,103486,11250,2026-06-05,4,Average
227763,96266,13895,2025-05-01,3,Good
227764,93051,13699,2026-02-07,3,Average
227765,115889,14705,2025-06-16,1,Excellent
227766,98046,13785,2026-07-09,4,Could be better
227767,105073,14286,2025-09-16,1,Poor quality
227768,119022,13916,2024-06-08,5,Could be better
227769,108424,13200,2025-03-26,3,Very good
227770,90629,11999,2024-01-31,5,Average
227771,101679,14253,2025-08-01,5,Poor quality
227772,97540,13990,2025-03-01,5,Average
227773,90395,14022,2024-03-01,4,Could be better
227774,101803,13619,2026-05-05,4,Could be better
227775,114899,14013,2024-08-30,4,Good
227776,101275,13557,2024-11-03,5,Average
227777,94736,11473,2024-02-02,4,Poor quality
227778,102869,10210,2026-08-25,4,Very good
227779,120752,12991,2024-11-01,2,Poor quality
227780,106580,11006,2024-12-04,5,Very good
227781,92681,14105,2024-12-09,4,Good
227782,116389,12194,2025-05-06,5,Good
227783,90159,14219,2024-09-24,5,Average
227784,96853,14272,2025-08-27,5,Excellent
227785,94132,10379,2024-06-16,5,Good
227786,90241,13609,2026-08-12,4,Excellent
227787,105645,10743,2025-05-14,2,Average
227788,114242,12897,2025-09-11,4,Very good
227789,93551,10594,2026-04-12,5,Average
227790,106753,13958,2026-08-11,5,Very good
227791,113830,14392,2024-12-28,3,Could be better
227792,103880,12432,2025-12-24,4,Average
227793,104379,13528,2025-12-17,4,Excellent
227794,96551,13355,2024-05-27,3,Poor quality
227795,91897,12496,2026-03-31,4,Could be better
227796,115877,12223,2025-11-28,2,Could be better
227797,93538,14113,2024-06-16,3,Good
227798,112417,11419,2024-10-08,3,Could be better
227799,116094,13526,2026-06-06,5,Poor quality
227800,109467,10007,2024-03-03,4,Good
227801,106665,11130,2024-10-09,1,Excellent
227802,97761,11372,2026-01-22,5,Could be better
227803,115056,11121,2026-07-02,4,Poor quality
227804,101772,10831,2024-09-07,3,Very good
227805,119209,10962,2024-06-09,4,Very good
227806,118630,11001,2024-10-31,5,Poor quality
227807,112465,12558,2025-06-07,5,Excellent
227808,113149,12918,2026-04-07,5,Average
227809,90186,13728,2024-06-14,3,Could be better
227810,92840,12613,2025-03-09,4,Poor quality
227811,108268,10677,2025-07-31,5,Could be better
227812,103312,12756,2025-02-13,5,Could be better
227813,105564,12452,2025-05-17,2,Good
227814,117712,10786,2024-04-28,3,Average
227815,115583,10754,2025-12-01,3,Very good
227816,118535,10728,2024-01-21,5,Average
227817,90539,13319,2025-06-24,4,Good
227818,116588,10415,2024-05-15,4,Could be better
227819,99253,11974,2025-10-09,3,Average
227820,102345,13941,2025-07-02,4,Poor quality
227821,92579,13327,2026-07-15,2,Very good
227822,116466,10935,2026-07-04,4,Poor quality
227823,96225,14179,2026-01-21,5,Could be better
227824,111133,10055,2024-02-10,5,Excellent
227825,117600,10209,2025-08-03,5,Poor quality
227826,98991,13717,2025-11-24,3,Excellent
227827,114760,13662,2026-05-30,4,Very good
227828,115751,10200,2024-03-08,3,Very good
227829,106855,13517,2026-01-29,2,Poor quality
227830,112176,11362,2024-01-22,3,Could be better
227831,92823,10801,2024-06-20,5,Excellent
227832,105500,11763,2026-01-01,5,Average
227833,120025,10918,2025-10-23,4,Poor quality
227834,114879,12871,2025-04-22,4,Very good
227835,117406,11121,2026-04-10,1,Average
227836,101146,11571,2024-09-07,2,Average
227837,116860,10245,2024-05-17,5,Poor quality
227838,103930,13421,2026-06-12,5,Excellent
227839,114049,13400,2026-05-06,5,Poor quality
227840,98187,13283,2025-02-04,5,Very good
227841,110366,13179,2025-11-10,5,Very good
227842,96954,12418,2025-08-07,5,Excellent
227843,106330,14190,2026-06-19,5,Poor quality
227844,110174,10152,2025-05-01,1,Good
227845,105451,13566,2026-06-09,5,Could be better
227846,110641,12805,2025-12-05,4,Excellent
227847,109007,14823,2024-12-18,1,Could be better
227848,112201,10585,2025-06-14,4,Could be better
227849,103484,11416,2024-02-10,4,Very good
227850,92542,12546,2025-01-06,5,Could be better
227851,106871,12806,2026-03-09,4,Could be better
227852,104891,11223,2025-03-25,5,Excellent
227853,110071,12815,2024-06-10,5,Poor quality
227854,114077,13898,2024-08-23,4,Excellent
227855,120574,12088,2026-05-23,5,Average
227856,108222,11825,2025-07-01,4,Could be better
227857,98038,11862,2025-02-12,5,Excellent
227858,101743,14879,2024-10-04,5,Could be better
227859,115155,13255,2026-01-08,5,Average
227860,102974,12291,2025-04-09,5,Good
227861,90243,12452,2024-10-17,5,Average
227862,117875,11233,2024-02-13,4,Very good
227863,96576,12372,2025-05-05,5,Poor quality
227864,112705,10035,2026-03-27,4,Poor quality
227865,117206,11742,2025-05-06,3,Average
227866,96918,14171,2024-01-31,5,Very good
227867,95195,10621,2024-01-13,3,Very good
227868,100185,11548,2024-08-26,5,Poor quality
227869,108731,11605,2025-12-23,4,Excellent
227870,101225,10324,2026-03-13,3,Excellent
227871,111618,13114,2025-10-24,4,Poor quality
227872,118726,12772,2025-12-20,4,Very good
227873,110328,11135,2026-03-15,5,Could be better
227874,104624,12389,2025-06-02,5,Could be better
227875,117567,13827,2026-01-08,4,Good
227876,116505,14373,2025-11-16,4,Excellent
227877,106398,10155,2026-01-30,5,Good
227878,120778,13992,2024-12-02,4,Good
227879,113793,10003,2025-05-20,3,Very good
227880,102209,14026,2026-05-22,5,Average
227881,95535,12214,2026-03-24,5,Poor quality
227882,95517,14086,2024-06-18,5,Average
227883,100689,13031,2026-04-02,2,Excellent
227884,103716,10506,2024-09-22,5,Very good
227885,102382,13193,2025-12-20,4,Average
227886,91765,11551,2024-03-02,1,Excellent
227887,106309,11994,2026-02-17,4,Very good
227888,108950,13859,2026-02-08,5,Poor quality
227889,119627,10887,2024-04-27,4,Excellent
227890,91596,10413,2024-08-02,5,Could be better
227891,95448,11768,2024-10-10,5,Good
227892,109548,10218,2025-04-23,5,Excellent
227893,94347,11092,2026-07-08,4,Poor quality
227894,103151,12658,2024-07-24,5,Poor quality
227895,105562,10830,2024-01-26,3,Average
227896,105200,14491,2026-04-10,5,Good
227897,91362,14158,2025-02-04,4,Excellent
227898,97074,11389,2026-05-27,5,Could be better
227899,95569,14847,2024-07-16,3,Could be better
227900,109214,12601,2025-11-17,5,Could be better
227901,109109,12029,2025-01-18,1,Very good
227902,120767,12385,2024-11-18,4,Excellent
227903,115020,13857,2025-04-29,1,Could be better
227904,102386,11227,2024-10-10,3,Could be better
227905,105967,10700,2026-01-07,5,Poor quality
227906,102676,13766,2025-04-04,1,Poor quality
227907,120746,12184,2024-07-17,4,Average
227908,117347,13258,2026-05-04,1,Excellent
227909,114187,13632,2024-12-25,4,Poor quality
227910,95369,11803,2024-08-30,4,Very good
227911,91879,14301,2026-06-27,5,Good
227912,99903,10953,2025-12-15,5,Excellent
227913,120236,10917,2025-07-28,2,Very good
227914,117899,12563,2024-08-02,5,Poor quality
227915,119136,11449,2025-02-23,5,Very good
227916,109346,10400,2025-03-29,4,Average
227917,120593,11679,2024-12-04,3,Poor quality
227918,100177,14269,2026-06-08,3,Could be better
227919,98025,14962,2025-07-25,5,Excellent
227920,120436,13244,2024-02-08,4,Could be better
227921,113480,12761,2025-10-04,3,Could be better
227922,92987,14724,2025-07-24,3,Good
227923,99079,10239,2025-04-26,4,Could be better
227924,91310,11882,2024-01-24,5,Could be better
227925,115767,11120,2024-10-02,5,Good
227926,97495,11135,2024-03-26,5,Good
227927,117411,14814,2024-07-11,4,Poor quality
227928,90986,13511,2026-02-20,5,Poor quality
227929,107423,13294,2025-08-23,4,Average
227930,99048,11872,2025-09-25,4,Average
227931,104808,14209,2025-04-24,5,Could be better
227932,117676,12948,2025-06-15,5,Average
227933,113016,13758,2025-06-06,2,Very good
227934,96784,14207,2025-11-11,5,Very good
227935,91631,13020,2025-09-03,4,Average
227936,113034,11172,2025-09-30,4,Poor quality
227937,118340,11434,2026-02-04,5,Could be better
227938,118735,14319,2024-10-18,2,Could be better
227939,90796,14423,2025-05-03,4,Could be better
227940,114092,13816,2025-07-10,5,Could be better
227941,93243,12529,2024-10-28,1,Very good
227942,120663,13118,2025-05-08,5,Good
227943,97784,13117,2026-04-30,4,Poor quality
227944,114672,12049,2026-04-29,5,Average
227945,103301,13636,2024-11-12,5,Good
227946,90296,11421,2024-04-27,5,Very good
227947,108323,13455,2026-02-08,5,Very good
227948,97619,13501,2024-08-16,4,Very good
227949,110069,14082,2026-05-04,4,Average
227950,109255,13990,2024-05-11,5,Could be better
227951,117419,13742,2024-01-01,4,Very good
227952,113935,13804,2024-07-31,5,Poor quality
227953,91339,14287,2026-06-17,4,Excellent
227954,117200,14592,2025-01-26,4,Good
227955,117203,11134,2025-07-30,5,Could be better
227956,116587,10415,2026-08-25,5,Could be better
227957,97392,13915,2024-09-22,5,Could be better
227958,115159,13327,2024-05-07,3,Could be better
227959,108801,13621,2025-12-27,5,Average
227960,107347,11531,2024-05-18,4,Excellent
227961,113517,14825,2025-08-28,5,Very good
227962,93160,14438,2026-07-01,1,Very good
227963,105093,11202,2025-06-12,1,Could be better
227964,116663,14725,2026-06-10,2,Very good
227965,106464,14039,2026-08-15,4,Good
227966,113944,10981,2025-04-03,5,Poor quality
227967,93186,11148,2026-03-25,3,Good
227968,106836,13725,2025-02-13,3,Could be better
227969,92121,14234,2024-05-20,4,Could be better
227970,107606,14239,2025-11-15,5,Very good
227971,110929,13473,2025-12-14,5,Average
227972,93343,11568,2025-09-18,3,Good
227973,118466,12206,2025-08-16,5,Very good
227974,100224,11549,2026-08-01,2,Average
227975,93791,12138,2026-04-14,3,Could be better
227976,109464,14345,2026-06-11,4,Average
227977,94108,14135,2024-03-04,3,Poor quality
227978,116080,12082,2026-01-20,4,Good
227979,113139,14938,2026-06-14,3,Poor quality
227980,110018,14819,2024-09-13,3,Very good
227981,92380,14257,2026-07-04,5,Poor quality
227982,105813,10733,2025-01-13,5,Good
227983,105202,13692,2025-07-29,4,Excellent
227984,92650,12912,2025-04-11,4,Good
227985,91333,11793,2025-11-13,4,Could be better
227986,115452,12853,2024-02-20,4,Excellent
227987,98157,11798,2026-06-23,5,Very good
227988,102540,14948,2024-12-13,4,Poor quality
227989,96965,13587,2026-05-04,4,Good
227990,110238,14818,2024-09-18,4,Good
227991,96883,10558,2025-08-20,3,Excellent
227992,117418,12423,2025-02-03,5,Good
227993,90687,11398,2024-03-13,3,Could be better
227994,92836,11034,2024-08-23,3,Poor quality
227995,96897,14473,2024-11-07,2,Could be better
227996,104339,11209,2024-01-14,5,Excellent
227997,91867,10394,2026-07-02,4,Excellent
227998,96053,12777,2026-04-19,4,Average
227999,117326,14444,2026-06-19,5,Excellent
228000,114140,10696,2025-08-30,5,Excellent
