order_id,customer_id,order_date,order_status,sales_channel,coupon_code
50001,11745,2026-04-25,Cancelled,Website,NONE
50002,14533,2025-05-20,Delivered,Mobile App,NONE
50003,13164,2024-10-29,Delivered,Website,NONE
50004,12458,2024-03-21,Shipped,Website,FEST15
50005,11656,2024-10-26,Delivered,Website,NONE
50006,10447,2025-03-03,Delivered,Mobile App,NONE
50007,10556,2024-03-22,Delivered,Website,NONE
50008,13584,2024-11-15,Delivered,Mobile App,NONE
50009,11371,2026-06-19,Delivered,Marketplace,NONE
50010,10371,2024-09-11,Delivered,Mobile App,NONE
50011,12192,2025-01-16,Processing,Mobile App,FEST15
50012,11981,2025-09-16,Delivered,Website,SAVE10
50013,14790,2026-05-08,Delivered,Website,NONE
50014,11152,2026-06-13,Delivered,Website,FEST15
50015,11338,2026-02-26,Delivered,Marketplace,NONE
50016,10824,2024-05-22,Processing,Mobile App,NONE
50017,10942,2024-04-18,Delivered,Website,SAVE10
50018,12668,2025-12-20,Delivered,Marketplace,SAVE10
50019,11115,2026-05-08,Shipped,Mobile App,NONE
50020,13599,2025-08-26,Delivered,Mobile App,NONE
50021,14088,2026-06-05,Delivered,Website,SAVE10
50022,12436,2025-10-09,Shipped,Mobile App,NONE
50023,11198,2024-12-06,Delivered,Website,SAVE10
50024,14105,2026-03-30,Delivered,Website,NONE
50025,14832,2026-01-04,Delivered,Website,FEST15
50026,14587,2024-12-30,Delivered,Mobile App,BIG20
50027,14601,2025-07-25,Processing,Mobile App,BIG20
50028,14036,2025-07-16,Delivered,Website,NONE
50029,13692,2024-04-06,Delivered,Website,NONE
50030,14783,2024-09-25,Shipped,Website,NONE
50031,11698,2024-08-08,Delivered,Website,NONE
50032,14646,2024-10-02,Delivered,Marketplace,WELCOME5
50033,10103,2025-05-24,Delivered,Mobile App,SAVE10
50034,14163,2025-05-12,Delivered,Website,SAVE10
50035,11671,2026-04-12,Delivered,Mobile App,WELCOME5
50036,11464,2024-01-08,Delivered,Mobile App,SAVE10
50037,13377,2026-03-10,Delivered,Website,WELCOME5
50038,10872,2024-08-28,Delivered,Mobile App,SAVE10
50039,14970,2024-12-06,Shipped,Website,NONE
50040,13636,2024-05-27,Delivered,Website,NONE
50041,10096,2024-01-13,Processing,Mobile App,WELCOME5
50042,14228,2024-04-26,Delivered,Marketplace,NONE
50043,10540,2024-08-05,Delivered,Website,NONE
50044,14116,2025-01-08,Delivered,Mobile App,SAVE10
50045,14065,2024-10-29,Delivered,Mobile App,NONE
50046,13219,2024-04-11,Processing,Marketplace,NONE
50047,13003,2024-11-23,Delivered,Website,NONE
50048,14150,2024-05-29,Delivered,Website,SAVE10
50049,14253,2025-10-25,Delivered,Website,SAVE10
50050,13536,2025-10-10,Delivered,Website,BIG20
50051,10855,2024-03-01,Delivered,Marketplace,FEST15
50052,13327,2025-09-23,Delivered,Website,FEST15
50053,11008,2026-05-31,Delivered,Marketplace,FEST15
50054,10233,2026-07-05,Delivered,Website,NONE
50055,10759,2024-02-24,Delivered,Website,BIG20
50056,12303,2026-06-11,Delivered,Website,BIG20
50057,14819,2025-01-29,Shipped,Mobile App,NONE
50058,10170,2026-04-27,Delivered,Website,WELCOME5
50059,10371,2024-07-16,Delivered,Marketplace,NONE
50060,10462,2025-11-01,Cancelled,Website,FEST15
50061,10953,2026-02-17,Delivered,Marketplace,NONE
50062,12706,2024-09-15,Delivered,Website,BIG20
50063,14107,2025-12-16,Cancelled,Mobile App,
50064,10238,2024-06-21,Delivered,Website,FEST15
50065,14023,2025-11-19,Delivered,Mobile App,NONE
50066,14567,2026-07-09,Delivered,Mobile App,NONE
50067,10397,2024-10-17,Delivered,Website,NONE
50068,12252,2026-07-19,Shipped,Website,WELCOME5
50069,14074,2025-10-09,Delivered,Website,NONE
50070,13500,2025-05-04,Processing,Mobile App,NONE
50071,10926,2024-11-13,Delivered,Mobile App,NONE
50072,10739,2025-06-15,Delivered,Website,BIG20
50073,12229,2026-08-12,Delivered,Website,BIG20
50074,14238,2024-01-06,Shipped,Website,BIG20
50075,14744,2026-04-20,Delivered,Mobile App,NONE
50076,12391,2024-05-24,Delivered,Website,BIG20
50077,12648,2026-04-30,Delivered,Mobile App,BIG20
50078,12794,2025-06-13,Delivered,Mobile App,WELCOME5
50079,12451,2026-05-21,Delivered,Mobile App,NONE
50080,13243,2024-06-25,Processing,Mobile App,NONE
50081,11369,2024-02-16,Delivered,Website,FEST15
50082,12700,2025-04-09,Delivered,Marketplace,NONE
50083,13065,2026-01-24,Delivered,Website,NONE
50084,12816,2026-02-10,Delivered,Mobile App,NONE
50085,14875,2026-01-11,Shipped,Mobile App,WELCOME5
50086,13723,2026-02-15,Processing,Mobile App,NONE
50087,13672,2026-01-22,Delivered,Mobile App,NONE
50088,14033,2026-04-15,Shipped,Marketplace,SAVE10
50089,12639,2024-06-14,Shipped,Website,NONE
50090,11531,2024-08-16,Delivered,Mobile App,NONE
50091,12679,2024-01-04,Delivered,Website,NONE
50092,14611,2025-02-22,Delivered,Website,SAVE10
50093,14397,2024-09-12,Cancelled,Marketplace,NONE
50094,11770,2025-08-31,Shipped,Marketplace,SAVE10
50095,12416,2025-06-20,Delivered,Mobile App,SAVE10
50096,11362,2025-07-17,Delivered,Website,NONE
50097,10061,2025-09-30,Shipped,Mobile App,NONE
50098,11558,2026-08-27,Delivered,Marketplace,NONE
50099,10506,2024-04-13,Processing,Marketplace,NONE
50100,11793,2024-09-24,Delivered,Marketplace,NONE
50101,10269,2025-02-09,Delivered,Mobile App,NONE
50102,11585,2024-03-10,Delivered,Website,SAVE10
50103,13573,2026-03-04,Delivered,Website,NONE
50104,14219,2025-01-11,Delivered,Website,NONE
50105,14438,2024-06-10,Delivered,Website,BIG20
50106,12806,2025-05-17,Processing,Website,SAVE10
50107,12732,2024-07-05,Delivered,Mobile App,NONE
50108,14839,2025-01-10,Delivered,Mobile App,NONE
50109,12779,2025-09-17,Delivered,Mobile App,BIG20
50110,10420,2024-11-05,Delivered,Website,BIG20
50111,14680,2026-03-18,Delivered,Website,NONE
50112,13070,2024-09-06,Delivered,Marketplace,WELCOME5
50113,13334,2024-04-21,Delivered,Marketplace,SAVE10
50114,10481,2025-02-18,Delivered,Marketplace,NONE
50115,12349,2024-07-04,Shipped,Marketplace,FEST15
50116,12295,2025-10-30,Delivered,Website,NONE
50117,14074,2025-05-23,Delivered,Mobile App,SAVE10
50118,11914,2024-05-24,Shipped,Website,WELCOME5
50119,11716,2024-11-22,Delivered,Website,NONE
50120,13404,2026-04-19,Delivered,Website,SAVE10
50121,10078,2026-03-05,Delivered,Mobile App,FEST15
50122,13728,2025-09-13,Delivered,Website,FEST15
50123,10037,2026-05-25,Delivered,Website,SAVE10
50124,11191,2024-04-14,Processing,Marketplace,NONE
50125,12488,2025-12-11,Delivered,Website,WELCOME5
50126,10969,2024-01-23,Processing,Mobile App,SAVE10
50127,10177,2025-08-04,Delivered,Mobile App,NONE
50128,12098,2024-02-19,Delivered,Website,WELCOME5
50129,13536,2024-11-27,Delivered,Website,NONE
50130,11210,2024-03-28,Delivered,Website,NONE
50131,11371,2024-09-03,Cancelled,Mobile App,NONE
50132,13384,2025-09-16,Delivered,Mobile App,WELCOME5
50133,14739,2026-01-28,Processing,Website,FEST15
50134,12589,2026-07-01,Delivered,Mobile App,NONE
50135,12795,2026-08-16,Cancelled,Website,FEST15
50136,14135,2024-05-09,Delivered,Mobile App,WELCOME5
50137,10331,2026-06-10,Delivered,Mobile App,FEST15
50138,14907,2024-10-02,Processing,Mobile App,BIG20
50139,12380,2026-05-07,Delivered,Website,BIG20
50140,11891,2026-04-19,Shipped,Mobile App,SAVE10
50141,13090,2026-06-10,Delivered,Website,SAVE10
50142,14560,2025-05-05,Delivered,Website,BIG20
50143,14686,2025-12-28,Delivered,Website,WELCOME5
50144,13886,2025-02-18,Delivered,Website,NONE
50145,12419,2024-03-16,Delivered,Website,NONE
50146,10746,2025-04-04,Shipped,Marketplace,NONE
50147,10952,2024-07-14,Delivered,Website,NONE
50148,14180,2024-04-08,Processing,Marketplace,NONE
50149,10626,2024-05-09,Delivered,Website,FEST15
50150,12408,2024-08-01,Delivered,Mobile App,NONE
50151,12039,2026-02-11,Delivered,Website,NONE
50152,13546,2026-07-22,Cancelled,Marketplace,NONE
50153,11717,2026-04-04,Delivered,Website,NONE
50154,13514,2025-09-16,Processing,Website,NONE
50155,12541,2026-05-05,Delivered,Website,SAVE10
50156,14430,2024-10-04,Delivered,Mobile App,BIG20
50157,10935,2026-05-31,Shipped,Marketplace,WELCOME5
50158,13806,2026-07-07,Delivered,Mobile App,NONE
50159,13609,2024-05-24,Delivered,Mobile App,SAVE10
50160,14124,2025-01-20,Delivered,Marketplace,NONE
50161,12452,2024-09-29,Delivered,Mobile App,NONE
50162,11605,2024-05-16,Shipped,Website,NONE
50163,12586,2024-06-16,Delivered,Website,NONE
50164,14866,2026-07-25,Delivered,Mobile App,NONE
50165,10975,2024-06-25,Delivered,Mobile App,SAVE10
50166,13308,2025-10-07,Delivered,Mobile App,SAVE10
50167,11122,2026-04-26,Shipped,Website,NONE
50168,13869,2025-12-31,Delivered,Website,NONE
50169,12118,2025-03-15,Cancelled,Website,FEST15
50170,14295,2024-01-22,Delivered,Marketplace,SAVE10
50171,10818,2025-02-09,Delivered,Website,NONE
50172,10619,2024-10-01,Delivered,Marketplace,SAVE10
50173,14754,2026-04-18,Processing,Website,WELCOME5
50174,11683,2026-07-06,Delivered,Mobile App,NONE
50175,10425,2024-08-13,Delivered,Mobile App,NONE
50176,14180,2024-05-30,Delivered,Mobile App,NONE
50177,12071,2026-03-06,Cancelled,Mobile App,SAVE10
50178,14610,2026-04-27,Delivered,Mobile App,NONE
50179,12190,2026-08-11,Delivered,Website,FEST15
50180,13781,2026-01-17,Delivered,Website,NONE
50181,12894,2025-03-25,Delivered,Mobile App,NONE
50182,12412,2025-01-02,Delivered,Website,NONE
50183,12430,2024-02-28,Delivered,Mobile App,NONE
50184,11256,2026-05-10,Delivered,Mobile App,NONE
50185,13684,2026-08-21,Delivered,Website,BIG20
50186,12626,2026-06-14,Delivered,Website,FEST15
50187,10008,2025-07-10,Delivered,Website,NONE
50188,11987,2026-04-20,Shipped,Website,NONE
50189,12030,2024-01-03,Delivered,Website,FEST15
50190,14429,2025-01-30,Delivered,Website,BIG20
50191,12135,2024-04-14,Delivered,Website,NONE
50192,12837,2025-07-23,Delivered,Website,NONE
50193,10415,2024-01-03,Delivered,Website,WELCOME5
50194,11961,2024-10-23,Delivered,Website,NONE
50195,11421,2025-02-10,Delivered,Marketplace,WELCOME5
50196,12493,2024-05-06,Processing,Mobile App,NONE
50197,14493,2024-03-24,Processing,Website,WELCOME5
50198,14668,2026-05-25,Delivered,Mobile App,NONE
50199,11435,2024-09-21,Delivered,Mobile App,FEST15
50200,13067,2026-08-09,Delivered,Mobile App,NONE
50201,14772,2024-12-25,Delivered,Mobile App,FEST15
50202,11145,2024-02-26,Delivered,Marketplace,NONE
50203,12192,2024-04-10,Delivered,Marketplace,SAVE10
50204,12501,2025-10-29,Delivered,Website,NONE
50205,10017,2024-01-13,Delivered,Mobile App,NONE
50206,12329,2026-09-07,Processing,Website,NONE
50207,10607,2024-09-04,Delivered,Website,BIG20
50208,11553,2025-08-12,Delivered, marketplace,FEST15
50209,10578,2025-03-06,Delivered,Marketplace,NONE
50210,13682,2024-02-15,Delivered,Mobile App,BIG20
50211,14174,2025-11-12,Delivered,Website,FEST15
50212,11342,2024-01-15,Delivered,Website,NONE
50213,10202,2026-02-11,Delivered,Website,BIG20
50214,12463,2025-05-03,Delivered,Mobile App,NONE
50215,10574,2024-10-20,Delivered,Website,NONE
50216,12206,2026-06-30,Delivered,Mobile App,NONE
50217,12720,2024-07-16,Processing,Marketplace,BIG20
50218,12335,2024-09-27,Delivered,Website,NONE
50219,12611,2025-09-18,Delivered,Marketplace,SAVE10
50220,12834,2024-12-05,Delivered,Website,SAVE10
50221,10818,2025-04-17,Delivered,Website,FEST15
50222,13417,2026-02-11,Delivered,Website,NONE
50223,13343,2026-06-05,Cancelled,Website,NONE
50224,10715,2026-02-16,Delivered,Mobile App,NONE
50225,12170,2024-03-19,Processing,Mobile App,NONE
50226,11442,2026-07-04,Delivered,Mobile App,NONE
50227,11987,2025-02-12,Delivered,Website,NONE
50228,13865,2026-03-24,Delivered,Mobile App,NONE
50229,12983,2024-10-04,Delivered,Mobile App,NONE
50230,14539,2025-07-30,Delivered,Website,NONE
50231,12846,2026-07-24,Delivered,Website,NONE
50232,10224,2026-06-29,Delivered,Mobile App,SAVE10
50233,13557,2025-09-26,Delivered,Marketplace,WELCOME5
50234,10367,2025-08-18,Cancelled,Mobile App,NONE
50235,11710,2024-01-29,Delivered,Marketplace,NONE
50236,14670,2025-08-06,Delivered,Website,NONE
50237,14949,2025-02-11,Delivered,Mobile App,NONE
50238,10740,2024-01-16,Delivered,Website,NONE
50239,14926,2026-07-05,Delivered,Website,NONE
50240,14897,2025-03-17,Processing,Website,NONE
50241,14392,2026-01-16,Delivered,Mobile App,BIG20
50242,14142,2024-02-11,Delivered,Mobile App,NONE
50243,10376,2024-08-25,Delivered,Mobile App,NONE
50244,10604,2026-05-21,Delivered,Mobile App,
50245,13069,2026-06-27,Delivered,Website,BIG20
50246,10513,2024-01-11,Delivered,Website,FEST15
50247,11255,2026-05-15,Delivered,Website,NONE
50248,14887,2024-10-24,Delivered,Website,NONE
50249,14553,2024-07-28,Delivered,Website,FEST15
50250,11275,2026-08-23,Delivered,Marketplace,SAVE10
50251,12694,2025-06-02,Delivered,Marketplace,SAVE10
50252,12694,2026-02-10,Delivered, marketplace,NONE
50253,11314,2024-05-13,Delivered,Website,WELCOME5
50254,11182,2026-01-04,Delivered,Mobile App,SAVE10
50255,12186,2024-12-21,Delivered,Marketplace,FEST15
50256,13004,2025-11-22,Delivered,Website,NONE
50257,14022,2025-09-28,Delivered,Website,NONE
50258,14201,2024-02-19,Delivered,Website,NONE
50259,10103,2026-04-28,Delivered,Mobile App,NONE
50260,13285,2024-10-06,Delivered,Mobile App,NONE
50261,13081,2024-12-19,Delivered,Marketplace,SAVE10
50262,10234,2026-02-13,Cancelled,Website,SAVE10
50263,14174,2026-04-30,Delivered,Website,NONE
50264,12976,2026-05-18,Delivered,Mobile App,SAVE10
50265,13595,2025-03-17,Delivered,Website,BIG20
50266,13306,2024-12-05,Delivered,Marketplace,NONE
50267,11672,2026-03-05,Delivered,Mobile App,SAVE10
50268,11005,2024-09-08,Delivered,Mobile App,FEST15
50269,11890,2025-09-15,Shipped,Website,NONE
50270,13811,2024-08-16,Processing,Mobile App,NONE
50271,13184,2024-07-22,Cancelled,Marketplace,NONE
50272,13135,2025-06-15,Delivered,Mobile App,FEST15
50273,10652,2026-04-19,Processing,Mobile App,WELCOME5
50274,10048,2024-10-09,Delivered,Mobile App,SAVE10
50275,13340,2025-12-05,Delivered,Mobile App,SAVE10
50276,14753,2024-01-21,Processing,Website,WELCOME5
50277,11794,2025-11-08,Cancelled,Marketplace,NONE
50278,12228,2025-01-14,Delivered,Website,NONE
50279,14790,2024-03-13,Shipped,Website,NONE
50280,11162,2025-06-21,Shipped,Marketplace,NONE
50281,12610,2024-08-20,Delivered,Mobile App,NONE
50282,10431,2025-09-07,Delivered,Mobile App,NONE
50283,11319,2024-02-11,Delivered,Website,SAVE10
50284,11873,2024-11-28,Cancelled,Mobile App,WELCOME5
50285,13428,2024-08-16,Delivered,Mobile App,SAVE10
50286,11539,2024-10-31,Delivered,Mobile App,BIG20
50287,12303,2024-01-08,Delivered,Website,WELCOME5
50288,11490,2024-10-02,Delivered,Website,SAVE10
50289,10706,2024-03-26,Delivered,Website,NONE
50290,13967,2025-08-27,Delivered,Website,NONE
50291,13365,2025-03-21,Processing,Website,NONE
50292,13230,2024-10-02,Delivered,Mobile App,NONE
50293,12915,2025-08-20,Cancelled,Website,NONE
50294,10666,2026-06-08,Shipped,Website,BIG20
50295,12577,2025-06-09,Delivered,Marketplace,BIG20
50296,13541,2024-09-30,Delivered,Mobile App,FEST15
50297,12473,2025-01-26,Delivered,Mobile App,SAVE10
50298,13618,2026-02-06,Cancelled,Mobile App,WELCOME5
50299,11646,2024-04-06,Delivered,Website,BIG20
50300,12572,2024-11-06,Shipped,Mobile App,WELCOME5
50301,11904,2025-03-31,Cancelled,Marketplace,SAVE10
50302,14979,2025-09-07,Delivered,Website,NONE
50303,10896,2025-07-13,Processing,Mobile App,NONE
50304,11418,2025-11-09,Shipped,Mobile App,NONE
50305,13406,2026-06-30,Delivered,Website,NONE
50306,10293,2024-06-18,Processing,Website,NONE
50307,12564,2025-04-10,Delivered,Website,FEST15
50308,10145,2025-01-03,Delivered,Marketplace,SAVE10
50309,12640,2024-03-26,Delivered,Marketplace,NONE
50310,11603,2024-05-03,Delivered,Website,NONE
50311,10950,2025-09-01,Shipped,Website,NONE
50312,12490,2025-05-10,Delivered,Marketplace,NONE
50313,11656,2024-10-11,Delivered,Mobile App,NONE
50314,10392,2026-06-01,Delivered,Mobile App,NONE
50315,12664,2024-10-28,Delivered,Website,SAVE10
50316,12829,2025-08-01,Delivered,Website,NONE
50317,13310,2026-08-16,Shipped,Website,NONE
50318,14505,2025-11-11,Delivered,Mobile App,NONE
50319,13513,2025-12-07,Delivered,Marketplace,FEST15
50320,13985,2024-10-01,Delivered,Mobile App,FEST15
50321,13241,2026-06-06,Processing,Website,NONE
50322,13363,2025-03-30,Delivered,Website,BIG20
50323,13967,2024-10-19,Delivered,Marketplace,NONE
50324,13309,2025-12-19,Delivered,Mobile App,SAVE10
50325,12512,2025-05-29,Delivered,Website,NONE
50326,13652,2024-05-07,Delivered,Website,BIG20
50327,14827,2024-01-20,Delivered,Mobile App,NONE
50328,12472,2024-04-28,Delivered,Website,NONE
50329,11131,2024-06-03,Delivered,Website,SAVE10
50330,12009,2024-08-05,Delivered,Mobile App,SAVE10
50331,10072,2024-12-01,Delivered,Mobile App,WELCOME5
50332,11534,2024-08-17,Delivered,Website,NONE
50333,14436,2026-05-26,Delivered,Website,NONE
50334,10499,2026-07-22,Delivered,Website,NONE
50335,14441,2026-08-01,Delivered,Website,FEST15
50336,12811,2024-06-02,Delivered,Website,NONE
50337,11593,2025-06-01,Delivered,Mobile App,WELCOME5
50338,12363,2024-04-12,Delivered,Website,NONE
50339,14393,2025-11-18,Delivered,Mobile App,NONE
50340,10595,2024-05-13,Shipped,Mobile App,FEST15
50341,12829,2024-10-08,Delivered,Marketplace,NONE
50342,11342,2024-07-15,Delivered,Mobile App,SAVE10
50343,12706,2025-04-11,Processing,Mobile App,BIG20
50344,13937,2024-12-23,Delivered,Marketplace,NONE
50345,14607,2025-06-08,Delivered,Website,NONE
50346,11279,2024-07-10,Delivered,Website,SAVE10
50347,13319,2025-05-08,Shipped,Website,BIG20
50348,12129,2024-03-26,Delivered,Mobile App,NONE
50349,12514,2024-02-09,Delivered,Website,NONE
50350,10807,2024-05-12,Processing,Website,NONE
50351,14284,2024-09-15,Processing,Website,NONE
50352,10850,2026-02-04,Shipped,Website,NONE
50353,10200,2024-11-16,Delivered,Website,NONE
50354,13782,2025-05-19,Delivered,Marketplace,FEST15
50355,12028,2025-10-19,Delivered,Website,FEST15
50356,10334,2025-12-24,Delivered,Website,NONE
50357,13405,2025-07-20,Delivered,Marketplace,NONE
50358,11426,2024-06-20,Shipped,Mobile App,SAVE10
50359,14881,2025-10-05,Delivered,Marketplace,BIG20
50360,14905,2024-10-23,Delivered,Marketplace,FEST15
50361,12752,2025-07-27,Delivered,Website,NONE
50362,12380,2026-08-10,Delivered,Website,WELCOME5
50363,12225,2024-03-11,Shipped,Mobile App,BIG20
50364,13032,2024-03-24,Delivered,Website,FEST15
50365,14546,2024-08-30,Shipped,Website,WELCOME5
50366,13204,2025-03-01,Delivered,Mobile App,BIG20
50367,10497,2025-04-09,Delivered,Website,SAVE10
50368,10981,2024-10-13,Delivered,Website,NONE
50369,13148,2026-05-23,Delivered,Mobile App,FEST15
50370,11847,2024-01-08,Cancelled,Website,NONE
50371,12397,2025-06-12,Delivered,Website,NONE
50372,12004,2025-06-19,Delivered,Mobile App,NONE
50373,12980,2026-01-16,Cancelled,Website,WELCOME5
50374,11154,2025-06-17,Delivered,Marketplace,NONE
50375,10369,2024-05-11,Delivered,Website,SAVE10
50376,11170,2024-11-06,Processing,Website,WELCOME5
50377,13340,2024-06-16,Shipped,Marketplace,NONE
50378,13040,2025-04-03,Delivered,Website,SAVE10
50379,14046,2026-06-06,Delivered,Marketplace,SAVE10
50380,10543,2025-01-15,Delivered,Mobile App,SAVE10
50381,10708,2024-12-19,Shipped,Website,WELCOME5
50382,10646,2025-03-26,Delivered,Mobile App,NONE
50383,12814,2024-06-10,Shipped,Website,NONE
50384,12867,2026-04-02,Shipped,Marketplace,SAVE10
50385,10797,2025-10-07,Processing,Marketplace,NONE
50386,12247,2025-11-23,Delivered,Website,BIG20
50387,10258,2024-12-05,Delivered,Marketplace,FEST15
50388,13060,2024-09-28,Delivered,Website,NONE
50389,12850,2025-04-04,Delivered,Mobile App,NONE
50390,10135,2024-08-20,Delivered,Website,NONE
50391,10443,2024-01-21,Delivered,Website,WELCOME5
50392,13525,2025-12-04,Delivered,Website,NONE
50393,14496,2026-04-14,Delivered,Website,NONE
50394,14250,2024-08-05,Delivered,Website,NONE
50395,12836,2025-08-31,Delivered,Mobile App,NONE
50396,12621,2026-05-30,Delivered,Marketplace,FEST15
50397,14043,2025-12-18,Delivered,Mobile App,NONE
50398,14205,2026-03-18,Delivered,Website,NONE
50399,14533,2026-05-14,Delivered,Website,WELCOME5
50400,11999,2024-09-01,Delivered,Marketplace,NONE
50401,12381,2024-03-12,Delivered,Mobile App,NONE
50402,10395,2026-02-16,Delivered,Website,NONE
50403,10876,2026-02-06,Shipped,Website,SAVE10
50404,11888,2024-07-04,Cancelled,Marketplace,WELCOME5
50405,14048,2026-05-26,Delivered,Website,NONE
50406,12232,2024-01-25,Delivered,Website,BIG20
50407,12937,2024-12-31,Shipped,Marketplace,NONE
50408,14328,2026-07-21,Delivered,Mobile App,WELCOME5
50409,12379,2024-12-08,Delivered,Marketplace,NONE
50410,11674,2026-01-08,Delivered,Website,NONE
50411,13652,2024-02-06,Processing,Marketplace,SAVE10
50412,11576,2025-04-19,Delivered,Marketplace,NONE
50413,11942,2026-01-28,Delivered,Mobile App,NONE
50414,14441,2026-03-28,Shipped,Marketplace,NONE
50415,12187,2025-02-27,Delivered,Website,NONE
50416,11255,2024-03-14,Processing,Mobile App,NONE
50417,14174,2025-05-31,Cancelled,Mobile App,BIG20
50418,13213,2025-12-18,Delivered,Mobile App,NONE
50419,13839,2025-03-13,Delivered,Mobile App,NONE
50420,11634,2026-07-16,Delivered,Marketplace,SAVE10
50421,13910,2024-10-31,Delivered,Website,NONE
50422,14758,2026-03-05,Delivered,Mobile App,SAVE10
50423,10818,2026-01-02,Delivered,Website,NONE
50424,10949,2025-02-22,Delivered,Mobile App,NONE
50425,12821,2024-04-04,Delivered,Mobile App,SAVE10
50426,13620,2024-12-01,Delivered,Marketplace,SAVE10
50427,10003,2026-01-14,Processing,Marketplace,NONE
50428,12751,2026-05-15,Delivered,Mobile App,NONE
50429,10637,2025-03-19,Delivered,Website,SAVE10
50430,14894,2024-10-09,Delivered,Mobile App,NONE
50431,13633,2026-01-12,Delivered,Mobile App,NONE
50432,14971,2026-06-28,Delivered,Website,NONE
50433,11091,2024-05-18,Delivered,Website,NONE
50434,13969,2024-11-06,Delivered,Marketplace,NONE
50435,11911,2026-02-09,Delivered,Website,NONE
50436,10518,2024-05-01,Cancelled,Marketplace,NONE
50437,12401,2026-08-02,Cancelled,Website,NONE
50438,12346,2024-08-16,Delivered,Marketplace,NONE
50439,12502,2025-04-16,Delivered,Mobile App,FEST15
50440,14273,2025-05-18,Delivered,Mobile App,BIG20
50441,11398,2024-12-29,Delivered,Mobile App,BIG20
50442,13193,2024-05-07,Delivered,Mobile App,SAVE10
50443,10997,2024-01-30,Delivered,Mobile App,NONE
50444,14395,2025-01-03,Delivered,Website,FEST15
50445,12291,2024-09-18,Cancelled,Website,NONE
50446,13997,2026-05-28,Delivered,Marketplace,NONE
50447,11345,2025-10-06,Delivered,Marketplace,NONE
50448,11565,2024-04-01,Shipped,Marketplace,NONE
50449,14915,2026-01-02,Delivered,Mobile App,NONE
50450,10976,2025-08-19,Delivered,Mobile App,FEST15
50451,12807,2024-05-01,Shipped,Marketplace,NONE
50452,11613,2025-01-26,Delivered,Mobile App,NONE
50453,11951,2025-12-16,Delivered,Website,NONE
50454,13480,2025-09-20,Delivered,Mobile App,NONE
50455,13910,2025-07-10,Delivered,Website,SAVE10
50456,12406,2025-04-19,Delivered,Website,NONE
50457,13191,2025-10-31,Shipped,Mobile App,NONE
50458,10220,2026-04-30,Shipped,Marketplace,SAVE10
50459,11170,2024-06-15,Delivered,Website,NONE
50460,13713,2025-01-25,Delivered,Mobile App,NONE
50461,13330,2026-04-03,Cancelled,Website,WELCOME5
50462,10224,2025-05-08,Processing,Mobile App,NONE
50463,14456,2024-06-19,Delivered,Mobile App,WELCOME5
50464,12047,2024-05-06,Processing,Mobile App,BIG20
50465,11519,2025-12-06,Processing,Website,WELCOME5
50466,12312,2025-04-20,Delivered,Website,NONE
50467,11975,2026-02-05,Delivered,Mobile App,FEST15
50468,12516,2024-04-21,Processing,Mobile App,NONE
50469,10821,2025-08-11,Delivered,Website,NONE
50470,10696,2025-07-19,Delivered,Website,NONE
50471,14949,2025-03-21,Cancelled,Mobile App,NONE
50472,13739,2025-02-18,Shipped,Website,FEST15
50473,11807,2024-09-20,Delivered,Website,NONE
50474,14247,2026-01-29,Delivered,Website,NONE
50475,13978,2024-11-17,Processing,Marketplace,FEST15
50476,13490,2025-02-09,Delivered,Marketplace,NONE
50477,13607,2026-04-13,Delivered,Website,NONE
50478,14756,2025-09-03,Shipped,Mobile App,SAVE10
50479,14171,2024-02-07,Shipped,Website,FEST15
50480,11288,2024-02-27,Delivered,Mobile App,NONE
50481,13634,2025-06-05,Delivered,Website,NONE
50482,10804,2025-11-19,Shipped,Website,NONE
50483,12514,2025-04-02,Delivered,Mobile App,NONE
50484,10337,2026-07-17,Delivered,Website,FEST15
50485,10848,2026-04-05,Processing,Website,SAVE10
50486,13608,2025-03-10,Shipped,Mobile App,NONE
50487,11859,2024-08-16,Delivered,Website,FEST15
50488,10811,2024-01-10,Delivered,Marketplace,NONE
50489,14897,2024-02-02,Delivered,Website,NONE
50490,14691,2025-08-08,Delivered,Website,WELCOME5
50491,11147,2024-11-20,Cancelled,Website,NONE
50492,12992,2024-05-20,Delivered,Website,NONE
50493,11470,2024-03-12,Delivered,Mobile App,NONE
50494,14021,2025-03-29,Delivered,Mobile App,NONE
50495,13440,2025-07-21,Delivered,Mobile App,NONE
50496,12174,2024-02-01,Delivered,Website,WELCOME5
50497,14655,2025-02-10,Delivered,Marketplace,FEST15
50498,13675,2025-03-05,Delivered,Website,NONE
50499,10757,2024-02-24,Shipped,Website,FEST15
50500,12219,2026-04-28,Shipped,Marketplace,NONE
50501,14149,2024-08-11,Delivered,Website,NONE
50502,12694,2024-05-11,Delivered,Marketplace,WELCOME5
50503,10500,2024-05-09,Delivered,Mobile App,NONE
50504,13868,2025-04-28,Delivered,Website,WELCOME5
50505,12406,2025-11-18,Processing,Mobile App,NONE
50506,11191,2024-09-03,Shipped,Marketplace,WELCOME5
50507,14078,2026-01-12,Delivered,Mobile App,NONE
50508,14423,2024-09-10,Delivered,Website,NONE
50509,12938,2024-06-30,Delivered,Mobile App,SAVE10
50510,13582,2025-09-16,Delivered,Website,NONE
50511,11206,2026-01-20,Delivered,Website,NONE
50512,13733,2025-12-26,Delivered,Website,NONE
50513,14522,2025-06-24,Delivered,Mobile App,NONE
50514,11191,2026-04-27,Delivered,Website,NONE
50515,14715,2026-04-03,Delivered,Mobile App,FEST15
50516,10451,2024-09-26,Delivered,Website,NONE
50517,12230,2025-08-31,Delivered,Website,NONE
50518,10365,2024-03-09,Delivered,Website,SAVE10
50519,12238,2024-03-18,Delivered,Mobile App,WELCOME5
50520,13236,2025-03-05,Delivered,Website,NONE
50521,14353,2025-11-13,Delivered,Marketplace,NONE
50522,10751,2025-07-21,Delivered,Website,NONE
50523,14438,2024-06-08,Shipped,Mobile App,NONE
50524,14996,2025-12-18,Delivered,Mobile App,NONE
50525,10333,2025-08-11,Shipped,Mobile App,NONE
50526,14806,2026-01-03,Delivered,Mobile App,BIG20
50527,14533,2025-08-16,Delivered,Website,NONE
50528,10146,2026-04-17,Delivered,Website,NONE
50529,10317,2024-12-17,Cancelled,Website,NONE
50530,13626,2024-01-31,Delivered,Marketplace,WELCOME5
50531,12100,2025-08-03,Cancelled,Website,WELCOME5
50532,11304,2026-08-09,Delivered,Marketplace,SAVE10
50533,12021,2024-04-05,Delivered,Mobile App,NONE
50534,11705,2026-07-26,Delivered,Marketplace,SAVE10
50535,14876,2026-01-16,Delivered,Website,BIG20
50536,11202,2024-02-04,Delivered,Website,NONE
50537,10443,2025-06-10,Delivered,Website,FEST15
50538,14153,2024-10-30,Delivered,Mobile App,WELCOME5
50539,14200,2025-09-26,Delivered,Marketplace,NONE
50540,14469,2026-01-12,Delivered,Marketplace,NONE
50541,14857,2024-12-28,Delivered,Website,FEST15
50542,10203,2025-04-09,Delivered,Mobile App,NONE
50543,13845,2024-02-08,Delivered,Mobile App,NONE
50544,11351,2024-01-05,Shipped,Website,NONE
50545,12109,2026-01-06,Delivered,Website,BIG20
50546,12244,2024-12-10,Shipped,Marketplace,SAVE10
50547,14928,2026-05-01,Delivered,Marketplace,NONE
50548,12610,2025-07-15,Delivered,Marketplace,NONE
50549,11114,2025-01-19,Shipped,Mobile App,SAVE10
50550,10439,2026-05-03,Delivered,Website,WELCOME5
50551,12945,2024-02-25,Delivered,Mobile App,NONE
50552,14151,2026-03-15,Delivered,Website,FEST15
50553,13552,2024-03-12,Delivered,Marketplace,NONE
50554,14670,2026-07-06,Delivered,Website,FEST15
50555,10210,2025-07-02,Cancelled,Website,FEST15
50556,12015,2025-03-29,Shipped,Mobile App,SAVE10
50557,13059,2025-09-27,Delivered,Website,NONE
50558,14287,2026-02-13,Delivered,Website,BIG20
50559,11564,2024-10-03,Delivered,Website,NONE
50560,13382,2024-04-07,Delivered,Website,WELCOME5
50561,11040,2026-07-27,Delivered,Website,NONE
50562,12959,2025-05-17,Shipped,Website,NONE
50563,13876,2024-10-05,Delivered,Mobile App,NONE
50564,14096,2026-06-08,Delivered,Website,NONE
50565,12260,2024-02-08,Delivered,Website,NONE
50566,12366,2026-03-24,Delivered,Website,FEST15
50567,14410,2024-01-19,Delivered,Mobile App,SAVE10
50568,12739,2025-09-27,Delivered,Website,SAVE10
50569,11751,2024-02-06,Delivered,Website,NONE
50570,11374,2024-05-24,Delivered,Mobile App,WELCOME5
50571,13559,2024-11-12,Delivered,Marketplace,NONE
50572,13561,2024-06-25,Delivered,Website,SAVE10
50573,12689,2024-02-13,Delivered,Website,FEST15
50574,10796,2025-10-20,Shipped,Website,NONE
50575,10808,2026-01-08,Delivered,Marketplace,NONE
50576,11216,2024-11-11,Shipped,Mobile App,BIG20
50577,10060,2025-11-07,Processing,Mobile App,NONE
50578,12400,2024-11-15,Delivered,Website,NONE
50579,12075,2024-07-27,Processing,Website,WELCOME5
50580,11927,2026-04-02,Delivered,Marketplace,NONE
50581,14675,2025-05-24,Processing,Website,SAVE10
50582,11198,2024-01-20,Delivered,Website,SAVE10
50583,14045,2025-11-09,Shipped,Marketplace,NONE
50584,10960,2025-01-15,Delivered,Website,NONE
50585,13059,2024-03-11,Delivered,Website,FEST15
50586,14305,2024-08-19,Cancelled,Website,NONE
50587,14190,2024-11-05,Processing,Mobile App,FEST15
50588,12955,2024-01-27,Delivered,Marketplace,WELCOME5
50589,11037,2025-12-07,Delivered,Mobile App,
50590,11887,2024-07-29,Cancelled,Marketplace,NONE
50591,12124,2024-05-31,Delivered,Website,FEST15
50592,14229,2024-06-27,Delivered,Mobile App,SAVE10
50593,11888,2025-11-23,Delivered,Mobile App,NONE
50594,14126,2025-05-04,Delivered,Website,NONE
50595,14759,2026-02-27,Delivered,Mobile App,BIG20
50596,10555,2025-02-26,Delivered,Mobile App,FEST15
50597,14679,2025-10-23,Delivered,Mobile App,SAVE10
50598,12837,2025-04-02,Delivered,Mobile App,NONE
50599,13005,2025-07-29,Delivered,Website,NONE
50600,11529,2026-05-01,Shipped,Website,SAVE10
50601,11670,2025-08-18,Delivered,Marketplace,NONE
50602,12705,2025-04-24,Delivered,Mobile App,NONE
50603,10995,2026-04-19,Shipped,Website,NONE
50604,13590,2025-09-11,Shipped,Mobile App,WELCOME5
50605,13335,2026-06-24,Delivered,Mobile App,SAVE10
50606,10043,2025-09-20,Shipped,Website,FEST15
50607,11054,2025-10-28,Delivered,Website,NONE
50608,12568,2025-05-16,Delivered,Mobile App,NONE
50609,13711,2026-04-04,Shipped,Website,SAVE10
50610,11459,2024-10-22,Delivered,Marketplace,WELCOME5
50611,14434,2025-06-11,Delivered,Website,SAVE10
50612,12671,2026-05-26,Processing,Mobile App,NONE
50613,12695,2024-07-25,Delivered,Mobile App,FEST15
50614,10550,2025-03-01,Shipped,Website,NONE
50615,13142,2024-01-26,Delivered,Website,NONE
50616,14088,2025-07-07,Delivered,Website,WELCOME5
50617,11057,2024-12-02,Delivered,Mobile App,SAVE10
50618,12719,2025-06-26,Delivered,Website,NONE
50619,10032,2024-08-17,Shipped,Marketplace,WELCOME5
50620,11056,2026-03-13,Shipped,Mobile App,BIG20
50621,10355,2026-08-13,Delivered,Website,SAVE10
50622,13849,2025-06-02,Delivered,Website,
50623,14979,2025-08-14,Delivered,Website,NONE
50624,10189,2025-03-19,Delivered,Mobile App,WELCOME5
50625,13512,2024-10-16,Delivered,Marketplace,FEST15
50626,12965,2025-03-22,Delivered,Mobile App,WELCOME5
50627,13511,2025-04-24,Delivered,Mobile App,WELCOME5
50628,12509,2026-01-26,Delivered,Website,NONE
50629,14958,2025-10-31,Delivered,Mobile App,WELCOME5
50630,10199,2024-11-16,Delivered,Marketplace,NONE
50631,10746,2025-08-21,Cancelled,Website,FEST15
50632,11249,2026-06-25,Delivered,Marketplace,SAVE10
50633,13913,2025-02-09,Delivered,Website,WELCOME5
50634,10386,2026-04-01,Delivered,Website,SAVE10
50635,10618,2025-04-04,Delivered,Marketplace,FEST15
50636,13662,2024-05-14,Delivered,Mobile App,BIG20
50637,12093,2024-06-25,Processing,Website,WELCOME5
50638,13529,2024-11-03,Delivered,Website,SAVE10
50639,11834,2025-07-18,Cancelled,Website,FEST15
50640,10447,2026-05-28,Delivered,Website,NONE
50641,12986,2025-01-16,Shipped,Marketplace,NONE
50642,10547,2024-09-27,Delivered,Mobile App,BIG20
50643,12395,2025-09-27,Delivered,Website,NONE
50644,14402,2024-11-04,Processing,Mobile App,WELCOME5
50645,10915,2025-02-26,Delivered,Website,FEST15
50646,11005,2024-07-29,Delivered,Website,NONE
50647,14742,2024-10-12,Delivered,Website,BIG20
50648,11519,2024-02-22,Delivered,Website,NONE
50649,11863,2025-07-05,Delivered,Website,NONE
50650,13422,2025-04-09,Processing,Mobile App,NONE
50651,10641,2024-06-15,Delivered,Website,NONE
50652,10304,2026-01-02,Processing,Website,SAVE10
50653,14217,2024-07-14,Shipped,Mobile App,NONE
50654,14739,2025-10-02,Shipped,Mobile App,BIG20
50655,14936,2024-04-18,Delivered,Marketplace,FEST15
50656,10116,2024-01-27,Delivered,Marketplace,NONE
50657,12649,2024-04-29,Processing,Website,WELCOME5
50658,14246,2025-05-22,Shipped,Website,WELCOME5
50659,14224,2024-06-23,Delivered,Mobile App,SAVE10
50660,11805,2024-11-16,Shipped,Website,BIG20
50661,12452,2025-06-05,Delivered,Marketplace,NONE
50662,10751,2025-09-14,Delivered,Mobile App,NONE
50663,10696,2026-01-30,Delivered,Mobile App,NONE
50664,11888,2025-01-28,Delivered,Marketplace,NONE
50665,11152,2024-04-12,Delivered,Website,NONE
50666,14865,2026-08-09,Delivered,Mobile App,NONE
50667,10401,2026-01-24,Delivered,Mobile App,NONE
50668,12645,2026-03-14,Delivered,Mobile App,NONE
50669,12783,2026-06-14,Delivered,Website,FEST15
50670,10297,2025-11-10,Delivered,Website,NONE
50671,12204,2026-08-21,Delivered,Website,NONE
50672,14708,2025-05-15,Delivered,Website,NONE
50673,10548,2025-06-27,Delivered,Mobile App,NONE
50674,10718,2025-07-27,Delivered,Website,NONE
50675,10827,2025-05-07,Delivered,Marketplace,NONE
50676,10274,2025-03-04,Processing,Mobile App,SAVE10
50677,14425,2024-11-16,Delivered,Website,FEST15
50678,10228,2026-02-09,Delivered,Website,NONE
50679,11406,2024-11-14,Shipped,Website,FEST15
50680,14132,2026-05-30,Delivered,Mobile App,SAVE10
50681,14977,2025-12-28,Delivered,Website,NONE
50682,10766,2026-08-27,Shipped,Marketplace,SAVE10
50683,11801,2025-09-17,Delivered,Mobile App,NONE
50684,10895,2025-08-03,Cancelled,Website,NONE
50685,10963,2024-11-20,Delivered,Mobile App,NONE
50686,14721,2025-10-23,Delivered,Marketplace,NONE
50687,11688,2025-07-17,Processing,Marketplace,NONE
50688,13059,2025-01-22,Shipped,Marketplace,FEST15
50689,10784,2024-03-06,Delivered,Mobile App,SAVE10
50690,11428,2024-01-09,Delivered,Website,NONE
50691,11805,2024-08-11,Delivered,Mobile App,NONE
50692,12933,2025-11-13,Delivered,Mobile App,WELCOME5
50693,14501,2026-06-10,Shipped,Mobile App,NONE
50694,11216,2026-06-25,Delivered,Marketplace,NONE
50695,13226,2025-05-24,Delivered,Mobile App,SAVE10
50696,12472,2026-04-13,Delivered,Website,BIG20
50697,13976,2024-01-05,Delivered,Mobile App,SAVE10
50698,11674,2026-05-02,Delivered,Marketplace,SAVE10
50699,12119,2026-07-23,Delivered,Mobile App,WELCOME5
50700,13114,2025-01-25,Delivered,Website,NONE
50701,12216,2024-02-14,Delivered,Website,SAVE10
50702,13795,2025-11-23,Shipped,Mobile App,NONE
50703,10070,2024-01-14,Delivered,Marketplace,SAVE10
50704,11743,2025-09-11,Delivered,Website,SAVE10
50705,10873,2024-11-07,Delivered,Mobile App,WELCOME5
50706,10720,2025-06-08,Delivered,Website,SAVE10
50707,10267,2026-06-11,Delivered,Website,SAVE10
50708,11779,2024-05-27,Shipped,Website,NONE
50709,11088,2024-02-03,Delivered,Mobile App,NONE
50710,13791,2025-07-12,Delivered,Marketplace,NONE
50711,12511,2025-11-06,Delivered,Mobile App,NONE
50712,13936,2024-10-16,Delivered,Mobile App,SAVE10
50713,14427,2024-06-08,Shipped,Mobile App,NONE
50714,13928,2025-11-13,Delivered,Marketplace,NONE
50715,12105,2025-10-30,Delivered,Marketplace,FEST15
50716,14873,2026-07-05,Delivered,Mobile App,NONE
50717,11927,2026-04-18,Delivered,Mobile App,SAVE10
50718,14124,2025-12-06,Delivered,Mobile App,SAVE10
50719,10864,2024-01-20,Delivered,Website,NONE
50720,14843,2024-09-08,Delivered,Website,NONE
50721,11517,2025-09-27,Shipped,Marketplace,FEST15
50722,13134,2025-03-27,Delivered,Mobile App,NONE
50723,11770,2024-02-20,Delivered,Mobile App,NONE
50724,11147,2025-07-01,Delivered,Website,FEST15
50725,11648,2026-01-06,Delivered,Mobile App,FEST15
50726,13041,2025-12-05,Delivered,Website,FEST15
50727,10559,2026-06-14,Delivered,Website,FEST15
50728,10990,2024-05-23,Delivered,Marketplace,NONE
50729,14600,2026-07-14,Shipped,Marketplace,FEST15
50730,10427,2025-05-24,Delivered,Marketplace,NONE
50731,13612,2024-10-23,Delivered,Website,NONE
50732,11507,2026-04-14,Delivered,Mobile App,NONE
50733,11597,2024-04-10,Delivered,Website,NONE
50734,11814,2024-01-27,Delivered,Website,SAVE10
50735,11914,2025-12-09,Delivered,Website,SAVE10
50736,13545,2025-12-06,Delivered,Mobile App,FEST15
50737,14023,2024-03-28,Delivered,Website,NONE
50738,11816,2026-05-04,Delivered,Website,NONE
50739,10858,2026-03-26,Delivered,Website,SAVE10
50740,10016,2026-02-10,Delivered,Website,NONE
50741,13623,2025-01-14,Delivered,Marketplace,NONE
50742,14585,2026-06-22,Shipped,Website,NONE
50743,10172,2024-05-07,Shipped,Mobile App,NONE
50744,12948,2026-01-29,Delivered,Website,NONE
50745,11092,2026-03-26,Delivered,Website,NONE
50746,11054,2025-05-17,Delivered,Website,WELCOME5
50747,14143,2024-12-01,Shipped,Marketplace,SAVE10
50748,11262,2025-04-07,Delivered,Marketplace,NONE
50749,11520,2024-02-16,Delivered,Marketplace,NONE
50750,10621,2024-01-31,Processing,Website,NONE
50751,14521,2024-11-23,Delivered,Mobile App,WELCOME5
50752,14533,2024-01-19,Cancelled,Marketplace,NONE
50753,14567,2025-09-08,Delivered,Website,BIG20
50754,11152,2025-09-12,Delivered,Website,BIG20
50755,10939,2026-04-08,Delivered,Website,NONE
50756,14704,2024-09-24,Shipped,Marketplace,WELCOME5
50757,13065,2026-03-01,Delivered,Website,NONE
50758,11322,2024-10-24,Delivered,Website,NONE
50759,10234,2025-06-10,Delivered,Mobile App,WELCOME5
50760,13997,2026-02-21,Delivered,Website,SAVE10
50761,14012,2024-12-10,Delivered,Website,SAVE10
50762,10053,2024-04-17,Delivered,Website,NONE
50763,12392,2026-03-01,Delivered,Mobile App,NONE
50764,12417,2024-10-02,Delivered,Website,FEST15
50765,12321,2024-07-29,Delivered,Mobile App,NONE
50766,11847,2025-10-26,Delivered,Website,BIG20
50767,11642,2025-06-02,Delivered,Mobile App,FEST15
50768,11673,2024-01-30,Shipped,Mobile App,NONE
50769,14602,2026-06-06,Delivered,Mobile App,SAVE10
50770,14961,2025-05-19,Delivered,Mobile App,NONE
50771,10560,2024-09-19,Shipped,Website,FEST15
50772,13605,2024-03-23,Shipped,Marketplace,FEST15
50773,12868,2025-10-26,Delivered,Mobile App,NONE
50774,11279,2026-01-08,Delivered,Website,NONE
50775,10930,2025-12-27,Shipped,Mobile App,SAVE10
50776,13763,2025-09-07,Shipped,Website,SAVE10
50777,11824,2026-04-29,Delivered,Mobile App,NONE
50778,10648,2025-08-13,Delivered,Website,NONE
50779,14846,2024-08-22,Delivered,Mobile App,NONE
50780,14630,2024-08-02,Cancelled,Marketplace,SAVE10
50781,12094,2025-01-08,Delivered,Mobile App,NONE
50782,12132,2025-12-03,Shipped,Website,NONE
50783,12103,2024-01-22,Delivered,Marketplace,NONE
50784,10954,2024-10-19,Delivered,Mobile App,WELCOME5
50785,10528,2025-02-23,Delivered,Website,NONE
50786,11365,2025-07-07,Delivered,Website,NONE
50787,11935,2024-05-22,Delivered,Website,NONE
50788,10776,2024-03-30,Shipped,Website,NONE
50789,10178,2026-06-01,Delivered,Website,SAVE10
50790,14653,2024-04-03,Delivered,Mobile App,NONE
50791,14389,2024-03-18,Cancelled,Website,SAVE10
50792,11530,2024-07-07,Delivered,Mobile App,SAVE10
50793,13073,2024-11-28,Shipped,Mobile app ,BIG20
50794,10715,2024-07-28,Delivered,Marketplace,NONE
50795,14634,2026-03-01,Delivered,Website,NONE
50796,14065,2024-05-02,Delivered,Website,NONE
50797,10880,2024-05-15,Cancelled,Marketplace,NONE
50798,11067,2024-04-24,Delivered,Marketplace,NONE
50799,11664,2025-09-25,Delivered,Mobile App,
50800,10471,2026-05-02,Cancelled,Website,NONE
50801,11735,2024-06-06,Shipped,Marketplace,FEST15
50802,13342,2025-06-21,Delivered,Mobile App,NONE
50803,13631,2024-12-27,Delivered,Website,FEST15
50804,10038,2025-08-26,Delivered,Mobile App,FEST15
50805,11760,2025-09-22,Delivered,Website,NONE
50806,14163,2024-10-06,Delivered,Website,NONE
50807,14354,2025-08-09,Delivered,Mobile App,NONE
50808,12814,2024-02-23,Delivered,Mobile App,FEST15
50809,13677,2025-04-16,Delivered,Marketplace,FEST15
50810,11235,2026-07-28,Delivered,Website,NONE
50811,14342,2026-05-22,Shipped,Website,NONE
50812,12368,2024-02-22,Delivered,Mobile App,FEST15
50813,13459,2024-02-25,Delivered,Mobile App,NONE
50814,11313,2026-03-08,Delivered,Marketplace,FEST15
50815,10865,2024-07-22,Delivered,Mobile App,NONE
50816,12665,2025-10-07,Delivered,Website,NONE
50817,12613,2025-06-10,Delivered,Website,NONE
50818,12859,2025-01-30,Delivered,Website,NONE
50819,14041,2024-10-26,Delivered,Mobile App,SAVE10
50820,13859,2025-12-25,Processing,Website,WELCOME5
50821,11509,2024-09-07,Delivered,Mobile App,SAVE10
50822,12331,2026-01-11,Delivered,Mobile App,NONE
50823,10427,2024-08-13,Delivered,Website,SAVE10
50824,13934,2026-05-01,Delivered,Marketplace,NONE
50825,10677,2025-11-10,Delivered,Website,NONE
50826,10347,2025-06-12,Delivered,Website,NONE
50827,12602,2024-04-06,Delivered,Website,FEST15
50828,14607,2024-07-26,Delivered,Website,WELCOME5
50829,11882,2025-09-04,Delivered,Marketplace,SAVE10
50830,10928,2025-07-09,Cancelled,Mobile App,NONE
50831,10922,2024-04-09,Shipped,Website,WELCOME5
50832,14183,2024-04-06,Delivered,Website,NONE
50833,13303,2025-08-11,Delivered,Website,NONE
50834,12474,2024-12-30,Delivered,Website,NONE
50835,14637,2025-04-04,Delivered,Website,WELCOME5
50836,10524,2025-08-15,Delivered,Website,NONE
50837,13082,2026-04-03,Cancelled,Mobile App,BIG20
50838,11800,2024-09-01,Cancelled,Mobile App,FEST15
50839,11168,2025-11-03,Delivered,Marketplace,WELCOME5
50840,14592,2026-04-19,Delivered,Website,NONE
50841,14784,2026-06-05,Delivered,Website,NONE
50842,14174,2026-08-04,Delivered,Mobile App,NONE
50843,10743,2024-01-05,Delivered,Marketplace,FEST15
50844,13612,2024-03-14,Delivered,Website,NONE
50845,11793,2026-04-22,Delivered,Website,NONE
50846,11900,2024-07-18,Delivered,Mobile App,SAVE10
50847,10969,2024-10-08,Delivered,Mobile App,NONE
50848,12944,2025-04-03,Delivered,Mobile App,FEST15
50849,14287,2025-09-28,Delivered,Marketplace,SAVE10
50850,11161,2024-02-06,Processing,Marketplace,NONE
50851,12688,2025-09-21,Delivered,Website,NONE
50852,13240,2024-03-31,Shipped,Mobile App,FEST15
50853,13153,2024-12-24,Delivered,Website,NONE
50854,11305,2026-05-23,Delivered,Mobile App,SAVE10
50855,10145,2024-05-01,Delivered,Mobile App,SAVE10
50856,14146,2024-02-14,Delivered,Website,SAVE10
50857,12984,2025-04-06,Delivered,Website,NONE
50858,13523,2024-08-28,Delivered,Mobile App,NONE
50859,12660,2024-08-26,Delivered,Website,FEST15
50860,11931,2025-02-14,Delivered,Website,FEST15
50861,11259,2024-06-14,Delivered,Website,NONE
50862,13298,2024-01-20,Delivered,Marketplace,NONE
50863,14158,2026-06-16,Delivered,Mobile App,NONE
50864,11626,2026-02-25,Delivered,Mobile App,SAVE10
50865,10121,2025-02-03,Delivered,Mobile App,FEST15
50866,10779,2026-03-16,Delivered,Website,FEST15
50867,12896,2026-08-24,Delivered,Marketplace,NONE
50868,11176,2025-01-17,Delivered,Website,SAVE10
50869,14072,2024-05-31,Delivered,Mobile App,NONE
50870,11359,2024-07-14,Cancelled,Mobile App,NONE
50871,12470,2026-07-21,Delivered,Website,NONE
50872,11134,2026-05-15,Shipped,Website,FEST15
50873,12273,2025-11-09,Delivered,Mobile App,FEST15
50874,13392,2025-10-20,Delivered,Mobile App,FEST15
50875,13979,2024-10-23,Cancelled,Mobile App,NONE
50876,13699,2025-05-23,Delivered,Website,NONE
50877,12537,2024-12-23,Shipped,Marketplace,NONE
50878,12286,2025-01-15,Delivered,Mobile App,SAVE10
50879,11628,2025-12-06,Delivered,Mobile App,NONE
50880,14939,2025-06-07,Cancelled,Website,NONE
50881,13668,2025-02-19,Shipped,Mobile App,NONE
50882,14456,2024-08-30,Shipped,Mobile App,NONE
50883,13699,2025-09-27,Shipped,Website,NONE
50884,10436,2025-03-12,Delivered,Website,NONE
50885,11327,2024-02-18,Delivered,Mobile App,NONE
50886,12303,2025-10-27,Delivered,Mobile App,NONE
50887,11574,2024-11-21,Delivered,Website,BIG20
50888,14543,2025-02-03,Delivered,Marketplace,NONE
50889,12460,2026-08-17,Delivered,Marketplace,NONE
50890,11102,2025-10-26,Processing,Mobile App,SAVE10
50891,12990,2024-03-06,Delivered,Website,NONE
50892,11892,2025-12-17,Delivered,Mobile App,NONE
50893,10640,2024-10-10,Delivered,Marketplace,FEST15
50894,14735,2026-01-01,Delivered,Website,FEST15
50895,14728,2024-12-05,Shipped,Website,FEST15
50896,13881,2025-07-06,Delivered,Mobile App,NONE
50897,11571,2025-11-04,Delivered,Website,SAVE10
50898,14162,2024-06-27,Delivered,Mobile App,NONE
50899,11442,2024-05-11,Shipped,Marketplace,SAVE10
50900,14398,2025-11-10,Shipped,Website,FEST15
50901,14421,2024-03-10,Delivered,Mobile App,NONE
50902,10856,2026-03-05,Delivered,Mobile App,FEST15
50903,11575,2025-02-24,Delivered,Mobile App,SAVE10
50904,13497,2024-04-01,Delivered,Website,FEST15
50905,11171,2026-01-10,Delivered,Mobile App,FEST15
50906,14015,2026-05-19,Shipped,Mobile App,FEST15
50907,13395,2024-03-06,Delivered,Website,SAVE10
50908,11133,2026-07-02,Delivered,Marketplace,SAVE10
50909,13879,2025-02-05,Delivered,Website,NONE
50910,10217,2025-10-10,Delivered,Mobile App,NONE
50911,11920,2024-09-15,Delivered,Mobile App,WELCOME5
50912,10892,2024-04-17,Shipped,Mobile App,NONE
50913,10001,2026-08-15,Delivered,Website,NONE
50914,13708,2025-09-26,Delivered,Mobile App,SAVE10
50915,10764,2024-09-04,Delivered,Website,NONE
50916,13472,2024-12-11,Delivered,Website,NONE
50917,10378,2026-01-05,Delivered,Website,WELCOME5
50918,14459,2024-10-21,Delivered,Mobile App,NONE
50919,14890,2025-10-29,Delivered,Mobile App,NONE
50920,11585,2024-02-05,Processing,Website,SAVE10
50921,12431,2026-08-15,Delivered,Website,WELCOME5
50922,13109,2025-12-04,Shipped,Marketplace,NONE
50923,12949,2024-11-22,Delivered,Website,NONE
50924,10134,2025-07-03,Shipped,Website,FEST15
50925,14897,2024-06-17,Delivered,Marketplace,NONE
50926,14676,2025-03-13,Cancelled,Website,NONE
50927,12434,2024-12-08,Delivered,Website,NONE
50928,12773,2025-01-12,Delivered,Website,WELCOME5
50929,10850,2026-02-27,Processing,Mobile App,FEST15
50930,13742,2025-02-03,Processing,Mobile App,NONE
50931,12573,2024-01-07,Delivered,Website,WELCOME5
50932,11420,2025-03-15,Delivered,Mobile App,NONE
50933,11536,2024-02-20,Delivered,Website,NONE
50934,10410,2025-04-08,Delivered,Website,NONE
50935,13945,2025-10-20,Delivered,Mobile App,FEST15
50936,10315,2024-04-04,Delivered,Marketplace,NONE
50937,12818,2024-03-02,Delivered,Mobile App,NONE
50938,14074,2025-01-03,Delivered,Mobile App,NONE
50939,10262,2025-04-13,Delivered,Mobile App,FEST15
50940,10760,2024-03-03,Delivered,Website,NONE
50941,13812,2024-11-11,Delivered,Mobile App,NONE
50942,14121,2026-01-22,Cancelled,Mobile App,NONE
50943,10406,2025-07-07,Delivered,Mobile App,NONE
50944,11327,2025-05-21,Shipped,Mobile App,NONE
50945,13032,2024-04-11,Cancelled,Website,WELCOME5
50946,12707,2026-02-14,Delivered,Mobile App,SAVE10
50947,12584,2025-07-28,Delivered,Mobile App,SAVE10
50948,11310,2025-02-20,Delivered,Website,NONE
50949,12695,2025-08-18,Delivered,Website,NONE
50950,10251,2024-05-28,Delivered,Website,NONE
50951,14364,2025-10-19,Delivered,Mobile App,NONE
50952,12712,2024-10-17,Processing,Mobile App,NONE
50953,11864,2024-02-09,Delivered,Website,NONE
50954,11836,2024-08-14,Delivered,Mobile app ,SAVE10
50955,11850,2024-12-20,Delivered,Marketplace,FEST15
50956,12176,2025-03-02,Delivered,Website,NONE
50957,10964,2024-08-09,Delivered,Mobile App,NONE
50958,13008,2026-02-04,Delivered,Website,SAVE10
50959,10919,2024-09-13,Delivered,Website,BIG20
50960,11569,2024-04-23,Delivered,Mobile App,BIG20
50961,14355,2024-08-03,Delivered,Website,NONE
50962,12820,2025-01-23,Delivered,Mobile App,NONE
50963,14516,2024-02-13,Delivered,Mobile App,NONE
50964,13289,2024-03-30,Delivered,Website,WELCOME5
50965,13918,2024-06-01,Delivered,Website,NONE
50966,10448,2025-01-14,Delivered,Marketplace,SAVE10
50967,12522,2026-07-12,Delivered,Marketplace,NONE
50968,11751,2025-07-19,Delivered,Website,NONE
50969,10086,2024-03-20,Shipped,Marketplace,NONE
50970,10450,2024-03-07,Delivered,Marketplace,SAVE10
50971,10950,2024-04-10,Delivered,Website,NONE
50972,10035,2024-03-05,Delivered,Website,NONE
50973,12187,2025-05-05,Delivered,Website,NONE
50974,10257,2025-12-09,Shipped,Website,BIG20
50975,14123,2025-02-25,Delivered,Website,BIG20
50976,12962,2025-01-30,Delivered,Website,NONE
50977,14816,2025-07-30,Delivered,Mobile App,FEST15
50978,10422,2024-12-06,Delivered,Website,FEST15
50979,10400,2026-02-23,Delivered,Website,BIG20
50980,14343,2025-10-27,Cancelled,Marketplace,SAVE10
50981,11961,2026-08-11,Delivered,Mobile App,NONE
50982,13798,2024-03-23,Delivered,Mobile App,BIG20
50983,10950,2025-02-24,Delivered,Website,NONE
50984,10045,2026-04-13,Delivered,Mobile App,NONE
50985,12490,2025-10-14,Delivered,Website,NONE
50986,12867,2026-01-22,Processing,Website,BIG20
50987,10557,2025-03-30,Delivered,Mobile App,SAVE10
50988,10052,2025-01-12,Cancelled,Website,SAVE10
50989,11061,2025-12-31,Delivered,Mobile App,NONE
50990,10546,2025-03-30,Delivered,Mobile App,FEST15
50991,14981,2025-01-29,Delivered,Website,NONE
50992,14942,2025-01-20,Delivered,Website,NONE
50993,10080,2024-04-29,Delivered,Website,WELCOME5
50994,12286,2026-01-31,Delivered,Marketplace,NONE
50995,11923,2026-04-05,Delivered,Marketplace,WELCOME5
50996,10137,2024-01-29,Delivered,Website,NONE
50997,13334,2025-01-25,Cancelled,Website,SAVE10
50998,14252,2025-10-13,Shipped,Website,NONE
50999,13057,2024-05-25,Delivered,Mobile App,NONE
51000,14587,2024-10-20,Delivered,Website,NONE
51001,13188,2026-07-21,Delivered,Marketplace,NONE
51002,12742,2026-01-26,Delivered,Website,BIG20
51003,14740,2026-04-30,Delivered,Website,SAVE10
51004,13530,2026-08-12,Delivered,Website,WELCOME5
51005,13824,2025-10-22,Delivered,Website,NONE
51006,13901,2024-09-27,Delivered,Website,FEST15
51007,10159,2026-07-13,Delivered,Website,NONE
51008,13674,2025-03-08,Delivered,Marketplace,NONE
51009,13743,2025-06-06,Delivered,Mobile App,WELCOME5
51010,12473,2025-06-15,Delivered,Mobile App,NONE
51011,12822,2025-06-16,Delivered,Website,FEST15
51012,14164,2025-06-18,Delivered,Website,WELCOME5
51013,10710,2026-01-23,Delivered,Marketplace,NONE
51014,12637,2024-05-31,Delivered,Website,BIG20
51015,13853,2025-03-03,Processing,Mobile App,NONE
51016,11298,2025-07-19,Delivered,Marketplace,SAVE10
51017,11319,2025-06-24,Delivered,Mobile App,WELCOME5
51018,10021,2025-12-03,Delivered,Website,SAVE10
51019,11562,2024-11-20,Delivered,Website,BIG20
51020,11793,2026-07-04,Delivered,Website,WELCOME5
51021,14763,2024-01-15,Delivered,Website,NONE
51022,10413,2025-12-04,Delivered,Mobile App,FEST15
51023,13232,2024-06-13,Delivered,Marketplace,NONE
51024,10317,2025-08-08,Delivered,Mobile App,NONE
51025,13998,2024-01-23,Delivered,Website,NONE
51026,12347,2024-08-14,Shipped,Website,NONE
51027,12130,2025-01-14,Shipped,Website,NONE
51028,14719,2024-04-04,Delivered,Marketplace,NONE
51029,13746,2024-11-14,Cancelled,Website,NONE
51030,10528,2025-09-07,Delivered,Mobile App,BIG20
51031,11331,2024-06-05,Shipped,Marketplace,BIG20
51032,11369,2025-08-29,Cancelled,Marketplace,SAVE10
51033,13049,2025-03-29,Delivered,Website,BIG20
51034,14151,2026-03-25,Delivered,Marketplace,NONE
51035,13189,2025-09-10,Processing,Website,NONE
51036,12010,2025-03-08,Delivered,Mobile App,NONE
51037,13733,2026-03-11,Delivered,Website,NONE
51038,13795,2024-06-15,Processing,Website,NONE
51039,10403,2025-07-04,Delivered,Mobile App,NONE
51040,12712,2024-08-05,Delivered,Website,NONE
51041,13554,2025-03-13,Delivered,Marketplace,NONE
51042,13020,2025-04-07,Processing,Website,NONE
51043,11225,2025-08-03,Delivered,Website,FEST15
51044,10806,2024-10-29,Processing,Mobile App,BIG20
51045,11455,2025-10-04,Delivered,Mobile App,FEST15
51046,11762,2024-06-23,Delivered,Website,NONE
51047,14608,2024-06-11,Delivered,Mobile App,NONE
51048,13109,2024-04-14,Delivered,Website,WELCOME5
51049,14179,2025-04-11,Delivered,Website,NONE
51050,10134,2025-02-03,Delivered,Website,NONE
51051,13920,2026-03-11,Delivered,Website,NONE
51052,10942,2024-11-23,Delivered,Website,NONE
51053,12829,2025-07-17,Delivered,Mobile App,NONE
51054,11933,2026-07-25,Delivered,Website,NONE
51055,14319,2025-08-20,Shipped,Website,NONE
51056,13373,2026-04-10,Delivered,Website,SAVE10
51057,12302,2025-05-09,Shipped,Mobile App,FEST15
51058,12548,2024-06-26,Delivered,Mobile App,BIG20
51059,13535,2025-11-03,Processing,Mobile App,NONE
51060,13594,2025-12-31,Shipped,Mobile App,SAVE10
51061,12867,2024-04-22,Delivered,Website,NONE
51062,13635,2025-04-10,Delivered,Website,SAVE10
51063,13946,2025-05-17,Delivered,Mobile App,NONE
51064,10156,2026-06-17,Delivered,Website,NONE
51065,11835,2026-08-05,Delivered,Mobile App,NONE
51066,14509,2025-08-12,Delivered,Mobile App,BIG20
51067,11606,2024-07-24,Processing,Website,NONE
51068,14122,2024-07-16,Cancelled,Marketplace,FEST15
51069,12747,2025-08-03,Delivered,Marketplace,FEST15
51070,11356,2024-07-09,Delivered,Website,NONE
51071,11752,2025-10-15,Delivered,Mobile App,SAVE10
51072,12423,2026-07-27,Delivered,Marketplace,NONE
51073,10625,2024-06-30,Delivered,Mobile App,SAVE10
51074,11541,2026-06-09,Cancelled,Marketplace,NONE
51075,13406,2024-02-07,Delivered,Website,FEST15
51076,14534,2025-04-13,Delivered,Marketplace,NONE
51077,14752,2025-01-09,Delivered,Mobile App,BIG20
51078,11915,2025-07-01,Delivered,Website,NONE
51079,13971,2025-04-14,Delivered,Website,BIG20
51080,11981,2025-06-14,Delivered,Mobile App,NONE
51081,14034,2024-04-26,Delivered,Website,NONE
51082,14560,2026-01-10,Delivered,Website,FEST15
51083,12229,2026-07-04,Delivered,Website,WELCOME5
51084,13004,2025-04-05,Delivered,Website,NONE
51085,14335,2026-04-11,Delivered,Website,NONE
51086,10690,2024-04-28,Delivered,Mobile App,NONE
51087,11234,2025-12-11,Shipped,Mobile App,FEST15
51088,13131,2024-11-10,Delivered,Website,NONE
51089,10896,2025-10-11,Delivered,Mobile App,FEST15
51090,13973,2025-07-05,Delivered,Website,NONE
51091,11332,2024-02-12,Delivered,Marketplace,NONE
51092,11690,2024-12-06,Delivered,Marketplace,SAVE10
51093,14054,2025-02-25,Delivered,Marketplace,NONE
51094,12636,2026-02-28,Delivered,Website,NONE
51095,13955,2024-04-16,Processing,Marketplace,WELCOME5
51096,13135,2026-07-08,Delivered,Mobile App,NONE
51097,12572,2024-02-16,Delivered,Website,NONE
51098,12553,2024-08-22,Cancelled,Marketplace,NONE
51099,14015,2024-05-18,Delivered,Website,NONE
51100,14996,2026-05-12,Delivered,Mobile App,NONE
51101,10122,2025-07-04,Delivered,Website,NONE
51102,12534,2025-11-25,Delivered,Website,NONE
51103,13917,2025-10-29,Delivered,Mobile App,WELCOME5
51104,13217,2025-07-23,Shipped,Mobile App,NONE
51105,12420,2024-10-17,Delivered,Mobile App,SAVE10
51106,13968,2024-05-06,Delivered,Website,NONE
51107,12342,2025-02-26,Delivered,Marketplace,NONE
51108,10683,2025-02-02,Delivered,Website,NONE
51109,11362,2025-02-27,Shipped,Website,NONE
51110,10220,2026-08-23,Shipped,Website,NONE
51111,13511,2024-05-04,Shipped,Website,WELCOME5
51112,14865,2025-09-20,Delivered,Mobile App,NONE
51113,11897,2024-05-31,Cancelled,Website,SAVE10
51114,13662,2025-07-27,Delivered,Website,FEST15
51115,14913,2025-10-17,Delivered,Website,NONE
51116,11967,2024-02-04,Delivered,Website,NONE
51117,14412,2025-03-22,Delivered,Mobile App,WELCOME5
51118,10089,2024-11-07,Delivered,Marketplace,NONE
51119,13389,2025-04-17,Delivered,Marketplace,NONE
51120,10832,2025-04-18,Delivered,Marketplace,NONE
51121,13908,2025-04-03,Delivered,Mobile App,NONE
51122,10049,2025-09-14,Delivered,Marketplace,NONE
51123,14165,2024-07-13,Delivered,Website,WELCOME5
51124,11983,2026-04-11,Delivered,Website,NONE
51125,11185,2026-03-27,Delivered,Marketplace,FEST15
51126,12775,2025-03-20,Delivered,Mobile App,NONE
51127,14949,2026-05-30,Delivered,Website,NONE
51128,10803,2024-09-23,Delivered,Website,SAVE10
51129,11551,2024-07-18,Delivered,Website,SAVE10
51130,13200,2024-09-29,Delivered,Website,WELCOME5
51131,10469,2026-01-27,Shipped,Mobile App,NONE
51132,14772,2024-05-13,Delivered,Website,NONE
51133,12619,2024-10-22,Processing,Website,WELCOME5
51134,14953,2024-05-21,Delivered,Website,NONE
51135,12076,2025-03-07,Delivered,Mobile App,NONE
51136,14166,2024-10-23,Delivered,Mobile App,NONE
51137,11655,2026-03-03,Delivered,Website,NONE
51138,12220,2026-01-13,Delivered,Website,NONE
51139,11735,2026-05-08,Delivered,Website,NONE
51140,12738,2025-02-04,Delivered,Mobile App,NONE
51141,11117,2025-05-30,Delivered,Website,NONE
51142,12517,2026-04-13,Delivered,Mobile App,WELCOME5
51143,14200,2025-11-22,Delivered,Website,SAVE10
51144,10779,2026-07-09,Delivered,Marketplace,NONE
51145,13965,2026-08-09,Delivered,Mobile App,FEST15
51146,14273,2024-03-14,Delivered,Mobile App,SAVE10
51147,10175,2024-08-16,Delivered,Website,NONE
51148,13379,2025-11-20,Delivered,Website,SAVE10
51149,12426,2024-04-05,Delivered,Website,BIG20
51150,13190,2024-03-23,Delivered,Website,NONE
51151,11474,2024-05-13,Delivered,Website,BIG20
51152,11102,2024-03-10,Delivered,Mobile App,NONE
51153,11436,2025-10-07,Delivered,Marketplace,NONE
51154,10766,2024-09-24,Delivered,Website,NONE
51155,12028,2026-07-03,Delivered,Marketplace,NONE
51156,14366,2024-04-08,Delivered,Website,NONE
51157,13894,2025-03-18,Delivered,Website,BIG20
51158,10898,2025-10-05,Delivered,Website,FEST15
51159,12791,2024-12-15,Delivered,Website,BIG20
51160,10369,2025-11-25,Delivered,Mobile App,FEST15
51161,10298,2026-03-26,Delivered,Website,WELCOME5
51162,13129,2025-09-12,Delivered,Website,NONE
51163,11513,2025-08-11,Delivered,Mobile App,WELCOME5
51164,13522,2025-07-12,Shipped,Website,FEST15
51165,10780,2026-08-21,Processing,Website,SAVE10
51166,10599,2026-01-27,Delivered,Mobile App,SAVE10
51167,13576,2024-02-28,Processing,Website,FEST15
51168,11035,2026-01-19,Delivered,Mobile App,NONE
51169,10291,2024-06-08,Delivered,Mobile App,NONE
51170,13944,2026-04-24,Delivered,Mobile App,BIG20
51171,13527,2024-11-10,Delivered,Website,NONE
51172,14648,2025-11-03,Delivered,Marketplace,NONE
51173,12996,2025-12-17,Delivered,Website,SAVE10
51174,12383,2024-12-11,Delivered,Mobile App,NONE
51175,13353,2026-07-23,Delivered,Mobile App,FEST15
51176,13961,2025-05-23,Delivered,Marketplace,SAVE10
51177,13146,2025-02-14,Delivered,Mobile App,BIG20
51178,11598,2025-04-20,Delivered,Mobile App,FEST15
51179,14449,2024-10-25,Delivered,Marketplace,SAVE10
51180,13517,2024-04-14,Delivered,Website,NONE
51181,14387,2026-08-10,Delivered,Mobile App,NONE
51182,12787,2026-02-26,Cancelled,Mobile App,NONE
51183,12250,2026-02-28,Delivered,Website,FEST15
51184,14217,2026-06-04,Delivered,Website,FEST15
51185,13059,2025-08-16,Delivered,Mobile App,NONE
51186,13880,2026-08-12,Delivered,Website,SAVE10
51187,14450,2026-08-13,Delivered,Marketplace,NONE
51188,11421,2024-08-28,Shipped,Mobile App,FEST15
51189,10966,2025-03-03,Delivered,Mobile App,FEST15
51190,10748,2024-04-02,Delivered,Website,NONE
51191,13000,2025-11-12,Delivered,Marketplace,SAVE10
51192,14039,2024-04-17,Cancelled,Marketplace,NONE
51193,14882,2026-01-10,Delivered,Mobile App,NONE
51194,10164,2026-02-19,Delivered,Website,FEST15
51195,10009,2025-02-02,Delivered,Mobile App,NONE
51196,13396,2025-09-04,Delivered,Website,NONE
51197,11348,2026-07-09,Processing,Website,SAVE10
51198,12380,2026-01-03,Delivered,Website,FEST15
51199,10394,2025-03-03,Delivered,Website,SAVE10
51200,10377,2026-05-28,Shipped,Marketplace,NONE
51201,12641,2024-02-08,Processing,Mobile App,NONE
51202,13443,2024-08-07,Delivered,Mobile App,NONE
51203,14432,2024-11-13,Delivered,Mobile App,BIG20
51204,12415,2024-12-19,Delivered,Website,SAVE10
51205,13228,2025-10-14,Delivered,Marketplace,NONE
51206,14301,2026-02-07,Shipped,Mobile App,NONE
51207,12160,2024-02-21,Delivered,Website,NONE
51208,11044,2024-09-08,Delivered,Mobile App,NONE
51209,14128,2026-03-04,Delivered,Mobile App,SAVE10
51210,10012,2025-05-05,Delivered,Mobile App,NONE
51211,11380,2024-10-27,Delivered,Website,NONE
51212,10653,2025-03-06,Delivered,Mobile App,NONE
51213,13218,2025-08-10,Cancelled,Website,FEST15
51214,11349,2025-07-31,Delivered,Mobile App,NONE
51215,11722,2026-03-15,Delivered,Mobile App,FEST15
51216,13262,2026-08-16,Delivered,Mobile App,NONE
51217,11482,2026-02-22,Delivered,Mobile App,NONE
51218,11814,2024-04-10,Delivered,Marketplace,BIG20
51219,12496,2025-02-12,Shipped,Website,NONE
51220,10592,2025-04-15,Delivered,Website,NONE
51221,14676,2025-09-02,Delivered,Mobile App,NONE
51222,14908,2026-07-19,Delivered,Mobile App,NONE
51223,13566,2025-03-09,Delivered,Mobile App,NONE
51224,10542,2024-12-03,Delivered,Marketplace,SAVE10
51225,12363,2026-05-22,Delivered,Website,NONE
51226,11776,2025-12-19,Delivered,Mobile App,BIG20
51227,10832,2025-03-20,Delivered,Website,FEST15
51228,14384,2026-06-20,Delivered,Mobile App,WELCOME5
51229,12076,2024-10-20,Delivered,Website,SAVE10
51230,13264,2024-08-21,Delivered,Website,NONE
51231,13456,2024-01-21,Shipped,Marketplace,SAVE10
51232,11599,2024-03-19,Shipped,Mobile App,SAVE10
51233,11744,2026-04-18,Delivered,Mobile App,FEST15
51234,14852,2024-03-14,Delivered,Mobile App,NONE
51235,14123,2026-01-11,Delivered,Website,NONE
51236,12506,2024-03-11,Delivered,Website,SAVE10
51237,12668,2024-08-11,Delivered,Website,NONE
51238,10041,2024-12-06,Delivered,Mobile App,BIG20
51239,11022,2024-07-27,Delivered,Mobile App,NONE
51240,10031,2024-05-02,Delivered,Website,SAVE10
51241,14030,2026-08-16,Delivered,Website,FEST15
51242,14706,2025-01-27,Delivered,Marketplace,NONE
51243,10811,2025-02-14,Delivered,Website,SAVE10
51244,11406,2026-01-01,Shipped,Website,BIG20
51245,11762,2026-06-05,Delivered,Website,BIG20
51246,14061,2024-10-16,Delivered,Website,NONE
51247,12037,2025-03-15,Delivered,Mobile App,NONE
51248,10218,2025-04-10,Delivered,Website,NONE
51249,12930,2024-09-09,Delivered,Mobile App,NONE
51250,10735,2024-05-03,Delivered,Website,NONE
51251,13226,2026-06-12,Delivered,Website,NONE
51252,14284,2025-11-08,Delivered,Mobile App,NONE
51253,10339,2025-10-20,Delivered,Website,NONE
51254,14971,2024-11-04,Delivered,Mobile App,BIG20
51255,13316,2025-10-02,Delivered,Website,FEST15
51256,10260,2024-05-11,Delivered,Website,NONE
51257,11101,2024-04-24,Delivered,Website,NONE
51258,10839,2026-07-15,Shipped,Mobile App,NONE
51259,14419,2024-08-09,Delivered,Website,SAVE10
51260,13615,2026-01-16,Delivered,Marketplace,NONE
51261,11865,2024-09-26,Shipped,Mobile App,SAVE10
51262,12648,2025-09-24,Delivered,Mobile App,NONE
51263,11742,2025-08-16,Delivered,Mobile App,SAVE10
51264,12030,2025-12-02,Delivered,Marketplace,NONE
51265,13191,2026-07-14,Delivered,Website,NONE
51266,10973,2025-02-16,Delivered,Website,NONE
51267,13799,2026-04-19,Delivered,Marketplace,NONE
51268,14728,2024-10-16,Delivered,Website,NONE
51269,14871,2026-07-23,Delivered,Mobile App,NONE
51270,10862,2025-04-29,Delivered,Marketplace,FEST15
51271,12059,2026-03-29,Shipped,Marketplace,NONE
51272,11327,2026-03-11,Delivered,Mobile App,SAVE10
51273,13175,2025-09-07,Processing,Website,NONE
51274,11622,2026-07-23,Shipped,Mobile App,NONE
51275,11974,2025-10-17,Shipped,Mobile App,NONE
51276,10693,2025-08-10,Cancelled,Website,NONE
51277,12800,2024-09-02,Shipped,Mobile App,SAVE10
51278,12682,2024-12-31,Shipped,Marketplace,WELCOME5
51279,12758,2024-01-06,Delivered,Mobile App,NONE
51280,11707,2025-11-27,Delivered,Website,FEST15
51281,13780,2025-08-11,Delivered,Mobile App,NONE
51282,13040,2025-11-07,Cancelled,Website,SAVE10
51283,10883,2025-09-01,Delivered,Mobile App,NONE
51284,11840,2024-08-28,Delivered,Mobile App,SAVE10
51285,13304,2026-08-27,Delivered,Mobile App,NONE
51286,10583,2025-02-26,Delivered,Website,NONE
51287,11762,2025-11-09,Delivered,Website,SAVE10
51288,14363,2024-05-09,Delivered,Website,NONE
51289,12209,2025-08-01,Delivered,Mobile App,NONE
51290,12549,2025-01-25,Delivered,Marketplace,SAVE10
51291,13408,2026-06-18,Delivered,Website,SAVE10
51292,11610,2026-01-09,Shipped,Mobile App,FEST15
51293,14133,2026-06-25,Delivered,Mobile App,WELCOME5
51294,10082,2024-10-31,Delivered,Mobile App,NONE
51295,12364,2025-10-02,Delivered,Marketplace,SAVE10
51296,12990,2025-09-06,Delivered,Marketplace,NONE
51297,11196,2024-08-31,Delivered,Marketplace,NONE
51298,13913,2024-11-13,Shipped,Website,FEST15
51299,10398,2025-10-16,Delivered,Website,NONE
51300,13251,2024-05-22,Shipped,Website,WELCOME5
51301,13167,2025-01-23,Delivered,Mobile App,NONE
51302,13939,2025-12-20,Delivered,Website,NONE
51303,11036,2026-03-26,Delivered,Mobile App,NONE
51304,10775,2025-07-25,Delivered,Marketplace,FEST15
51305,12903,2025-10-11,Delivered,Mobile App,NONE
51306,14859,2026-03-11,Delivered,Mobile App,NONE
51307,13925,2024-08-12,Processing,Website,SAVE10
51308,11057,2025-10-20,Delivered,Marketplace,NONE
51309,12040,2025-12-14,Processing,Website,SAVE10
51310,11334,2026-03-03,Delivered,Website,FEST15
51311,13900,2025-08-12,Delivered,Marketplace,BIG20
51312,12562,2024-05-30,Delivered,Mobile App,NONE
51313,12188,2024-02-18,Shipped,Website,SAVE10
51314,10026,2025-08-19,Cancelled,Mobile App,SAVE10
51315,13169,2024-09-25,Delivered,Mobile App,NONE
51316,12213,2024-12-22,Delivered,Marketplace,BIG20
51317,10199,2025-03-24,Delivered,Mobile App,FEST15
51318,10979,2025-12-25,Delivered,Website,NONE
51319,13633,2024-12-09,Delivered,Mobile App,BIG20
51320,13746,2025-07-16,Delivered,Marketplace,NONE
51321,12469,2025-04-27,Delivered,Website,NONE
51322,13789,2024-02-22,Shipped,Mobile App,NONE
51323,13692,2025-11-01,Delivered,Website,NONE
51324,13079,2025-06-01,Delivered,Website,NONE
51325,11043,2024-08-02,Delivered,Mobile App,BIG20
51326,12109,2025-12-22,Delivered,Mobile App,WELCOME5
51327,14082,2024-06-04,Delivered,Mobile App,SAVE10
51328,11552,2024-09-11,Delivered,Mobile App,NONE
51329,13301,2024-08-19,Delivered,Mobile App,FEST15
51330,14138,2025-09-26,Delivered,Mobile App,NONE
51331,12667,2026-08-18,Delivered,Website,BIG20
51332,12536,2026-03-26,Delivered,Website,NONE
51333,10939,2024-05-14,Delivered,Website,NONE
51334,12483,2024-03-04,Delivered,Mobile App,NONE
51335,10210,2026-02-04,Delivered,Mobile App,WELCOME5
51336,10568,2025-07-14,Delivered,Website,SAVE10
51337,12710,2024-12-13,Delivered,Website,NONE
51338,11092,2026-05-10,Delivered,Mobile App,NONE
51339,11738,2024-06-22,Delivered,Website,SAVE10
51340,11803,2024-05-02,Delivered,Website,SAVE10
51341,12367,2025-04-29,Shipped,Marketplace,NONE
51342,13495,2024-09-18,Delivered,Mobile App,FEST15
51343,12231,2024-08-13,Shipped,Website,FEST15
51344,14227,2025-08-30,Delivered,Website,NONE
51345,12411,2024-10-22,Delivered,Website,NONE
51346,14965,2025-07-21,Shipped,Marketplace,NONE
51347,14998,2025-07-03,Shipped,Mobile App,SAVE10
51348,12138,2026-02-08,Delivered,Mobile App,WELCOME5
51349,13828,2026-08-04,Delivered,Website,NONE
51350,12267,2025-09-02,Delivered,Website,FEST15
51351,14376,2024-10-05,Shipped,Marketplace,NONE
51352,13831,2025-07-12,Delivered,Website,NONE
51353,11693,2025-04-12,Delivered,Website,FEST15
51354,11607,2025-03-14,Delivered,Website,SAVE10
51355,14404,2024-11-30,Delivered,Mobile App,NONE
51356,12703,2024-03-16,Delivered,Website,SAVE10
51357,13474,2024-08-27,Delivered,Website,SAVE10
51358,13386,2025-07-27,Shipped,Website,NONE
51359,10830,2024-03-09,Shipped,Website,NONE
51360,11182,2024-05-31,Delivered,Marketplace,WELCOME5
51361,14502,2025-07-07,Delivered,Website,WELCOME5
51362,11398,2026-08-23,Delivered,Mobile App,BIG20
51363,14343,2024-06-10,Delivered,Website,SAVE10
51364,11781,2024-03-17,Shipped,Mobile App,NONE
51365,14234,2024-12-05,Delivered,Mobile App,SAVE10
51366,12889,2024-03-14,Delivered,Website,WELCOME5
51367,10497,2026-05-19,Processing,Mobile App,BIG20
51368,11353,2026-02-02,Delivered,Website,SAVE10
51369,14764,2024-04-23,Processing,Mobile App,NONE
51370,11041,2024-04-08,Delivered,Mobile App,NONE
51371,11138,2025-06-08,Delivered,Website,SAVE10
51372,10748,2025-01-27,Delivered,Website,FEST15
51373,13049,2025-11-03,Delivered,Website,BIG20
51374,14047,2026-06-18,Cancelled,Website,NONE
51375,14682,2024-11-20,Delivered,Website,NONE
51376,14430,2026-02-03,Delivered,Mobile App,WELCOME5
51377,14420,2024-11-18,Delivered,Mobile App,NONE
51378,14524,2024-08-13,Delivered,Marketplace,NONE
51379,12839,2026-07-30,Shipped,website,NONE
51380,14109,2024-08-31,Delivered,Website,NONE
51381,13174,2024-05-18,Delivered,Mobile App,NONE
51382,10687,2025-07-28,Delivered,Website,NONE
51383,10122,2025-07-31,Delivered,Mobile App,BIG20
51384,10489,2025-04-16,Delivered,Website,NONE
51385,11729,2024-03-25,Cancelled,Website,FEST15
51386,12496,2024-04-23,Shipped,Website,NONE
51387,13193,2026-01-04,Cancelled,Website,BIG20
51388,12608,2024-06-02,Delivered,Website,NONE
51389,11832,2024-09-24,Delivered,Mobile App,NONE
51390,13665,2026-02-17,Cancelled,Website,FEST15
51391,14307,2024-11-24,Delivered,Mobile App,SAVE10
51392,11115,2024-11-30,Processing,Mobile App,NONE
51393,11309,2026-06-07,Delivered,Website,NONE
51394,14655,2026-02-14,Shipped,Website,NONE
51395,14853,2025-11-18,Shipped,Marketplace,NONE
51396,11550,2024-07-03,Delivered,Website,NONE
51397,12548,2024-10-03,Shipped,Website,NONE
51398,12890,2025-08-04,Delivered,Mobile App,NONE
51399,13174,2026-03-24,Delivered,Website,SAVE10
51400,14322,2025-05-04,Delivered,Website,NONE
51401,10529,2025-12-22,Cancelled,Website,NONE
51402,12618,2024-11-12,Delivered,Website,NONE
51403,11083,2024-12-20,Delivered,Mobile App,FEST15
51404,13768,2025-08-13,Delivered,Website,NONE
51405,12983,2025-07-03,Shipped,Website,NONE
51406,13746,2024-04-30,Processing,Marketplace,NONE
51407,14527,2025-01-11,Processing,Website,SAVE10
51408,13951,2026-04-10,Delivered,Mobile App,FEST15
51409,14271,2025-06-01,Delivered,Mobile App,SAVE10
51410,14056,2025-12-22,Delivered,Website,SAVE10
51411,13128,2026-03-12,Delivered,Mobile App,NONE
51412,11963,2024-10-05,Shipped,Mobile App,FEST15
51413,11682,2024-08-15,Delivered,Website,WELCOME5
51414,11818,2025-07-16,Delivered,Marketplace,NONE
51415,13037,2025-04-10,Delivered,Website,WELCOME5
51416,14018,2026-05-25,Delivered,Website,
51417,11836,2024-06-26,Delivered,Mobile App,NONE
51418,12899,2025-02-13,Delivered,Mobile App,SAVE10
51419,12070,2024-02-17,Delivered,Mobile App,NONE
51420,13039,2024-12-18,Delivered,Mobile App,BIG20
51421,14094,2025-07-23,Delivered,Mobile App,NONE
51422,12060,2026-02-13,Delivered,Mobile App,SAVE10
51423,11985,2026-03-29,Processing,Mobile App,NONE
51424,11009,2024-01-02,Delivered,Website,NONE
51425,12494,2026-04-25,Delivered,Mobile App,SAVE10
51426,12285,2025-10-27,Cancelled,Marketplace,NONE
51427,10801,2024-07-14,Delivered,Website,SAVE10
51428,14849,2024-07-28,Shipped,Website,BIG20
51429,14299,2026-01-23,Cancelled,Marketplace,NONE
51430,11455,2025-11-04,Shipped,Website,SAVE10
51431,14722,2024-07-18,Delivered,Mobile App,SAVE10
51432,11361,2025-02-28,Delivered,Website,WELCOME5
51433,12095,2026-04-12,Delivered,Mobile App,NONE
51434,10654,2024-01-20,Delivered,Website,FEST15
51435,13061,2025-05-10,Delivered,Mobile App,SAVE10
51436,12406,2026-04-28,Delivered,Mobile App,NONE
51437,11337,2024-01-04,Delivered,Website,SAVE10
51438,11443,2025-06-14,Delivered,Mobile App,FEST15
51439,14677,2025-06-25,Delivered,Marketplace,FEST15
51440,13436,2024-10-31,Delivered,Mobile App,NONE
51441,10765,2025-06-07,Delivered,Website,NONE
51442,10676,2025-11-13,Delivered,Website,SAVE10
51443,10351,2024-10-02,Delivered,Website,NONE
51444,11237,2025-04-26,Delivered,Marketplace,NONE
51445,13691,2025-06-04,Delivered,Website,NONE
51446,10310,2024-02-03,Delivered,Mobile App,NONE
51447,11247,2024-07-25,Shipped,Mobile App,FEST15
51448,10208,2025-09-22,Delivered,Mobile App,FEST15
51449,13248,2025-04-19,Delivered,Mobile App,SAVE10
51450,14071,2026-07-29,Processing,Website,NONE
51451,12646,2026-04-04,Delivered,Website,FEST15
51452,14530,2024-08-03,Delivered,Website,FEST15
51453,13443,2026-08-25,Delivered,Website,NONE
51454,13820,2026-04-17,Delivered,Website,SAVE10
51455,11569,2025-02-11,Delivered,Marketplace,NONE
51456,14326,2025-08-25,Shipped,Website,SAVE10
51457,13156,2024-09-28,Delivered,Website,SAVE10
51458,10433,2024-03-16,Delivered,Website,NONE
51459,10414,2024-08-18,Delivered,Website,NONE
51460,14491,2025-12-09,Delivered,Website,FEST15
51461,11376,2025-07-07,Delivered,Mobile App,NONE
51462,12331,2025-03-04,Processing,Mobile App,FEST15
51463,13803,2025-04-11,Delivered,Mobile App,NONE
51464,13844,2026-02-08,Shipped,Marketplace,BIG20
51465,10136,2025-11-06,Delivered,Website,NONE
51466,13079,2025-09-08,Delivered,Mobile App,NONE
51467,14566,2025-05-01,Shipped,Mobile App,NONE
51468,11750,2024-01-03,Delivered,Mobile App,FEST15
51469,12714,2024-11-19,Cancelled,Website,SAVE10
51470,11324,2024-05-02,Delivered,Website,WELCOME5
51471,13607,2026-01-20,Processing,Website,NONE
51472,10591,2024-12-07,Delivered,Website,FEST15
51473,12598,2024-08-25,Delivered,Mobile App,NONE
51474,12064,2025-04-12,Delivered,Website,NONE
51475,13206,2025-04-10,Cancelled,Marketplace,BIG20
51476,12471,2026-06-23,Delivered,Marketplace,NONE
51477,14909,2024-06-22,Delivered,Website,NONE
51478,14916,2026-03-08,Delivered,Marketplace,SAVE10
51479,11421,2024-07-28,Shipped,Website,FEST15
51480,10187,2026-02-16,Cancelled,Website,NONE
51481,12464,2025-06-06,Shipped,Marketplace,FEST15
51482,12951,2025-06-07,Delivered,Website,BIG20
51483,13759,2025-11-14,Shipped,Website,NONE
51484,12625,2024-03-31,Delivered,Website,BIG20
51485,12933,2026-02-12,Delivered,Mobile App,NONE
51486,10115,2025-12-24,Delivered,Website,SAVE10
51487,13814,2024-07-11,Shipped,Mobile App,WELCOME5
51488,11649,2024-03-24,Delivered,Mobile App,NONE
51489,11923,2025-12-02,Shipped,Marketplace,FEST15
51490,12115,2024-03-29,Delivered,Marketplace,SAVE10
51491,10359,2025-07-16,Delivered,Website,NONE
51492,12472,2024-09-04,Delivered,Mobile App,WELCOME5
51493,11906,2025-11-27,Delivered,Marketplace,NONE
51494,11168,2026-06-13,Cancelled,Website,NONE
51495,11230,2026-03-27,Delivered,Marketplace,NONE
51496,10171,2025-12-28,Delivered,Mobile App,FEST15
51497,14439,2025-09-15,Delivered,Marketplace,FEST15
51498,11470,2024-03-15,Shipped,Website,SAVE10
51499,14373,2026-07-10,Delivered,Website,NONE
51500,14182,2026-06-10,Delivered,Marketplace,FEST15
51501,12288,2024-03-01,Shipped,Website,SAVE10
51502,14040,2026-01-29,Delivered,Marketplace,NONE
51503,11057,2024-04-13,Delivered,Website,NONE
51504,10904,2025-08-08,Delivered,Website,NONE
51505,14496,2024-08-30,Delivered,Mobile App,FEST15
51506,13232,2024-05-03,Delivered,Marketplace,NONE
51507,13446,2024-08-11,Delivered,Website,SAVE10
51508,14619,2024-11-06,Cancelled,Mobile App,WELCOME5
51509,10070,2024-12-04,Shipped,Website,NONE
51510,10861,2024-10-18,Processing,Website,WELCOME5
51511,14809,2025-03-25,Shipped,Mobile App,NONE
51512,10644,2025-09-12,Delivered,Mobile App,NONE
51513,12243,2025-03-26,Delivered,Marketplace,NONE
51514,10111,2025-07-24,Delivered,Website,FEST15
51515,11629,2025-01-08,Delivered,Website,FEST15
51516,10863,2024-09-25,Delivered,Mobile App,NONE
51517,11279,2024-05-23,Delivered,Website,WELCOME5
51518,14070,2024-10-28,Delivered,Mobile App,NONE
51519,11379,2024-07-05,Delivered,Website,SAVE10
51520,14070,2025-05-17,Delivered,Mobile App,WELCOME5
51521,14475,2025-09-26,Processing,Website,NONE
51522,12703,2026-03-31,Delivered,Mobile App,WELCOME5
51523,12693,2024-10-12,Delivered,Website,FEST15
51524,11668,2024-05-02,Delivered,Website,NONE
51525,13334,2026-03-01,Delivered,Website,NONE
51526,14034,2025-12-04,Delivered,Website,SAVE10
51527,14316,2024-11-03,Delivered,Website,WELCOME5
51528,10976,2026-08-23,Delivered,Website,BIG20
51529,13431,2025-09-14,Delivered,Website,NONE
51530,10700,2025-12-28,Delivered,Mobile App,SAVE10
51531,12452,2024-12-06,Delivered,Website,WELCOME5
51532,10447,2025-03-04,Processing,Website,NONE
51533,12751,2024-12-04,Delivered,Mobile App,NONE
51534,14257,2025-12-10,Delivered,Website,SAVE10
51535,14086,2026-03-01,Delivered,Website,NONE
51536,13575,2026-04-14,Delivered,Website,NONE
51537,12888,2024-11-18,Processing,Website,NONE
51538,13123,2026-01-15,Delivered,Mobile App,SAVE10
51539,10500,2025-10-25,Processing,Mobile App,BIG20
51540,13638,2024-01-13,Delivered,Website,NONE
51541,13408,2026-02-10,Delivered,Website,NONE
51542,10718,2024-05-07,Delivered,Website,NONE
51543,13162,2024-05-04,Delivered,Marketplace,FEST15
51544,11924,2024-04-13,Shipped,Website,FEST15
51545,12547,2025-06-16,Delivered,Website,SAVE10
51546,14071,2024-01-31,Cancelled,Mobile App,SAVE10
51547,11611,2025-05-04,Delivered,Website,FEST15
51548,14584,2025-11-24,Delivered,Website,FEST15
51549,12085,2025-06-03,Cancelled,Mobile App,SAVE10
51550,12566,2024-09-16,Delivered,Mobile App,FEST15
51551,10145,2024-11-19,Delivered,Website,NONE
51552,10611,2025-01-12,Shipped,Website,NONE
51553,11409,2024-11-25,Delivered,Mobile App,SAVE10
51554,14893,2025-10-08,Delivered,Website,FEST15
51555,11300,2025-10-28,Delivered,Website,NONE
51556,11976,2025-05-22,Cancelled,Website,NONE
51557,14271,2024-12-26,Processing,Website,NONE
51558,11595,2024-02-27,Shipped,Website,WELCOME5
51559,14065,2025-12-23,Delivered,Website,NONE
51560,10600,2024-10-23,Delivered,Mobile App,NONE
51561,10666,2025-03-17,Delivered,Mobile App,WELCOME5
51562,10064,2024-01-27,Delivered,Website,NONE
51563,10625,2025-12-20,Shipped,Website,WELCOME5
51564,13019,2026-06-01,Delivered,Mobile App,NONE
51565,10454,2026-05-02,Delivered,Website,BIG20
51566,13063,2024-10-26,Delivered,Mobile App,BIG20
51567,12996,2024-03-27,Shipped,Website,NONE
51568,11172,2024-04-02,Delivered,Mobile App,NONE
51569,10186,2025-01-03,Delivered,Website,NONE
51570,10810,2024-01-03,Processing,Website,NONE
51571,10716,2024-06-22,Delivered,Mobile App,FEST15
51572,12641,2025-08-16,Shipped,Website,NONE
51573,14655,2024-02-10,Delivered,Website,NONE
51574,12178,2025-08-25,Delivered,Website,SAVE10
51575,13169,2026-04-21,Delivered,Website,FEST15
51576,11519,2026-08-23,Delivered,Mobile App,NONE
51577,10459,2026-07-31,Shipped,Website,NONE
51578,11092,2024-10-06,Delivered,Website,SAVE10
51579,12397,2025-09-18,Delivered,Website,NONE
51580,14297,2024-02-15,Delivered,Mobile App,SAVE10
51581,11243,2024-08-19,Shipped,Marketplace,SAVE10
51582,14920,2026-01-26,Delivered,Marketplace,NONE
51583,13195,2024-07-17,Delivered,Marketplace,FEST15
51584,11778,2024-10-22,Cancelled,Marketplace,NONE
51585,13112,2025-02-02,Delivered,Marketplace,NONE
51586,13491,2024-11-16,Shipped,Website,NONE
51587,13430,2025-12-18,Delivered,Mobile App,BIG20
51588,14328,2026-05-30,Delivered,Website,NONE
51589,13310,2025-06-06,Delivered,Marketplace,NONE
51590,10135,2025-07-12,Shipped,Website,NONE
51591,11887,2025-12-10,Delivered,Mobile App,FEST15
51592,14541,2025-01-23,Delivered,Website,NONE
51593,11036,2025-03-16,Shipped,Mobile App,SAVE10
51594,12496,2026-07-11,Shipped,Mobile App,NONE
51595,12502,2025-01-08,Delivered,Mobile App,FEST15
51596,12784,2024-09-14,Delivered,Marketplace,BIG20
51597,14345,2024-01-21,Delivered,Website,NONE
51598,12700,2024-01-21,Delivered,Mobile App,NONE
51599,10003,2026-01-15,Shipped,Marketplace,NONE
51600,11215,2024-08-11,Delivered,Mobile App,NONE
51601,13156,2025-12-19,Shipped,Mobile App,WELCOME5
51602,13912,2024-02-12,Shipped,Website,BIG20
51603,13234,2026-02-10,Shipped,Mobile App,NONE
51604,13662,2025-01-30,Shipped,Website,FEST15
51605,11204,2026-03-02,Processing,Website,FEST15
51606,10479,2026-03-17,Delivered,Website,FEST15
51607,14743,2025-07-07,Shipped,Website,NONE
51608,12814,2026-08-03,Shipped,Website,WELCOME5
51609,13693,2026-07-06,Delivered,Marketplace,NONE
51610,14786,2025-11-10,Delivered,Mobile App,FEST15
51611,10913,2025-04-22,Delivered,Marketplace,NONE
51612,14356,2026-06-17,Delivered,Mobile App,WELCOME5
51613,11832,2026-07-29,Delivered,Mobile App,NONE
51614,13130,2025-01-31,Delivered,Website,NONE
51615,11934,2024-11-10,Delivered,Mobile App,NONE
51616,10994,2024-10-20,Delivered,Website,NONE
51617,14398,2026-06-26,Delivered,Website,NONE
51618,11737,2024-05-29,Shipped,Website,FEST15
51619,10124,2024-01-04,Delivered,Mobile App,NONE
51620,10752,2025-04-30,Delivered,Mobile App,NONE
51621,14808,2026-07-11,Delivered,Website,SAVE10
51622,14110,2024-11-13,Delivered,Marketplace,FEST15
51623,13323,2025-05-04,Delivered,Marketplace,SAVE10
51624,13894,2024-04-14,Shipped,Mobile App,FEST15
51625,13244,2026-03-06,Delivered,Mobile App,FEST15
51626,14552,2026-06-22,Delivered,Mobile App,NONE
51627,10499,2025-09-07,Delivered,Website,NONE
51628,10317,2024-04-29,Cancelled,Website,WELCOME5
51629,13475,2024-04-04,Processing,Website,FEST15
51630,14824,2025-12-18,Delivered,Marketplace,BIG20
51631,12907,2024-05-04,Delivered,Mobile App,BIG20
51632,14833,2024-03-07,Delivered,Website,NONE
51633,12005,2026-05-13,Delivered,Website,SAVE10
51634,13373,2025-05-26,Delivered,Website,FEST15
51635,12546,2025-07-31,Delivered,Website,SAVE10
51636,14409,2025-10-16,Delivered,Mobile App,NONE
51637,13237,2024-11-30,Processing,Mobile App,SAVE10
51638,12193,2024-08-15,Delivered,Mobile App,NONE
51639,11224,2025-05-18,Cancelled,Mobile App,SAVE10
51640,11568,2024-03-14,Shipped,Marketplace,FEST15
51641,10374,2024-10-13,Delivered,Website,NONE
51642,10772,2025-07-29,Delivered,Mobile App,NONE
51643,12545,2026-07-03,Shipped,Mobile App,NONE
51644,10158,2025-08-07,Delivered,Marketplace,SAVE10
51645,12357,2025-12-29,Delivered,Website,NONE
51646,10210,2024-10-29,Delivered,Website,NONE
51647,10810,2024-02-25,Delivered,Website,FEST15
51648,13458,2024-12-30,Delivered,Marketplace,NONE
51649,10145,2025-11-01,Delivered,Website,NONE
51650,11683,2024-02-14,Delivered,Website,FEST15
51651,10953,2026-04-20,Delivered,Marketplace,FEST15
51652,10271,2024-10-13,Shipped,Marketplace,FEST15
51653,11042,2025-10-29,Delivered,Mobile App,SAVE10
51654,10562,2026-05-06,Shipped,Website,SAVE10
51655,10403,2025-08-16,Processing,Website,SAVE10
51656,13327,2024-06-15,Delivered,Website,NONE
51657,10625,2024-09-04,Delivered,Website,NONE
51658,14694,2025-03-30,Delivered,Website,NONE
51659,12434,2026-08-07,Delivered,Mobile App,WELCOME5
51660,12040,2025-10-18,Shipped,Website,NONE
51661,14379,2025-08-21,Delivered,Mobile App,FEST15
51662,13889,2026-02-17,Shipped,Website,NONE
51663,12103,2024-05-17,Delivered,Website,SAVE10
51664,14868,2024-03-19,Shipped,Website,BIG20
51665,12654,2025-07-19,Delivered,Website,NONE
51666,13542,2025-07-28,Delivered,Website,NONE
51667,14849,2024-09-06,Processing,Website,NONE
51668,13616,2025-08-31,Delivered,Website,WELCOME5
51669,12955,2024-05-28,Delivered,Website,NONE
51670,13080,2024-07-10,Shipped,Website,WELCOME5
51671,13271,2026-05-17,Delivered,Website,NONE
51672,14889,2024-01-30,Processing,Mobile App,BIG20
51673,13506,2025-06-25,Delivered,Mobile App,NONE
51674,11500,2026-03-30,Delivered,Website,NONE
51675,10110,2025-11-22,Delivered,Marketplace,WELCOME5
51676,13915,2025-03-02,Delivered,Website,WELCOME5
51677,12441,2024-10-31,Delivered,Mobile App,NONE
51678,12076,2024-02-28,Delivered,Website,SAVE10
51679,14676,2024-04-30,Delivered,Website,NONE
51680,10778,2025-07-14,Delivered,Website,BIG20
51681,10188,2025-05-27,Shipped,Website,WELCOME5
51682,13697,2024-12-31,Delivered,Mobile App,WELCOME5
51683,14621,2024-10-10,Shipped,Website,WELCOME5
51684,14148,2024-03-18,Delivered,Marketplace,SAVE10
51685,14356,2024-04-29,Shipped,Website,NONE
51686,14318,2024-10-05,Delivered,Website,BIG20
51687,13428,2026-06-15,Shipped,Website,NONE
51688,14610,2024-11-13,Delivered,Marketplace,BIG20
51689,11707,2024-04-22,Cancelled,Website,NONE
51690,13725,2025-07-11,Delivered,Website,SAVE10
51691,10461,2024-05-02,Shipped,Mobile App,SAVE10
51692,12639,2025-01-26,Delivered,Website,NONE
51693,11454,2025-12-07,Cancelled,Mobile App,NONE
51694,14694,2024-04-13,Delivered,Website,FEST15
51695,12181,2026-06-14,Delivered,Marketplace,NONE
51696,11048,2025-09-08,Shipped,Mobile App,SAVE10
51697,12847,2026-06-05,Delivered,Website,NONE
51698,10387,2025-12-07,Delivered,Mobile App,NONE
51699,10634,2026-07-25,Delivered,Website,NONE
51700,12159,2025-05-07,Processing,Marketplace,NONE
51701,13155,2024-01-16,Delivered,Website,NONE
51702,12912,2024-03-02,Delivered,Website,NONE
51703,10278,2024-06-26,Shipped,Marketplace,NONE
51704,13400,2024-04-10,Delivered,Website,FEST15
51705,10289,2026-02-22,Delivered,Marketplace,NONE
51706,14078,2026-07-05,Shipped,Mobile App,WELCOME5
51707,10196,2025-08-26,Delivered,Website,NONE
51708,10134,2024-07-02,Delivered,Website,FEST15
51709,12589,2026-08-07,Delivered,Mobile App,NONE
51710,14011,2024-10-25,Delivered,Mobile App,SAVE10
51711,13826,2026-05-05,Cancelled,Website,SAVE10
51712,13001,2025-10-28,Shipped,Website,NONE
51713,10893,2025-02-28,Processing,Mobile App,NONE
51714,14765,2026-02-07,Shipped,Website,WELCOME5
51715,10103,2025-10-06,Processing,Mobile App,NONE
51716,11740,2026-06-02,Delivered,Website,NONE
51717,13771,2025-08-12,Delivered,Marketplace,SAVE10
51718,13085,2025-01-18,Processing,Mobile App,NONE
51719,13953,2024-04-01,Delivered,Website,FEST15
51720,13833,2026-08-20,Cancelled,Marketplace,NONE
51721,14699,2026-01-26,Shipped,Marketplace,NONE
51722,12582,2024-04-10,Delivered,Marketplace,NONE
51723,14105,2025-08-11,Delivered,Website,NONE
51724,10780,2026-03-12,Delivered,Website,NONE
51725,10871,2025-11-09,Shipped,Website,FEST15
51726,10249,2024-09-20,Processing,Marketplace,NONE
51727,11023,2024-05-14,Delivered,Mobile App,WELCOME5
51728,10558,2026-06-27,Delivered,Website,NONE
51729,14122,2024-12-25,Delivered,Website,NONE
51730,12475,2026-04-23,Delivered,Marketplace,NONE
51731,12221,2025-03-27,Delivered,Website,NONE
51732,13199,2026-01-09,Cancelled,Mobile App,NONE
51733,11798,2024-08-23,Delivered,Website,NONE
51734,12853,2025-08-08,Delivered,Website,SAVE10
51735,10018,2025-06-27,Shipped,Website,FEST15
51736,13565,2024-07-27,Shipped,Website,SAVE10
51737,14358,2025-10-22,Delivered,Website,NONE
51738,10195,2025-03-24,Delivered,Website,NONE
51739,10403,2025-09-25,Delivered,Website,NONE
51740,10682,2024-02-03,Delivered,Marketplace,SAVE10
51741,13041,2024-04-29,Delivered,Mobile App,FEST15
51742,13806,2025-11-19,Delivered,Website,BIG20
51743,14115,2026-08-24,Delivered,Website,NONE
51744,13906,2024-04-22,Delivered,Website,WELCOME5
51745,12886,2024-01-25,Delivered,Website,SAVE10
51746,13512,2024-09-07,Delivered,Mobile App,NONE
51747,11400,2024-02-11,Delivered,Mobile App,NONE
51748,13728,2024-08-25,Delivered,Mobile App,SAVE10
51749,10915,2025-11-02,Delivered,Website,SAVE10
51750,14818,2026-02-03,Delivered,Website,WELCOME5
51751,10209,2025-09-03,Delivered,Website,NONE
51752,14722,2025-01-23,Delivered,Website,NONE
51753,12303,2024-05-30,Delivered,Website,SAVE10
51754,13223,2025-06-02,Delivered,Website,FEST15
51755,10800,2026-07-24,Delivered,Website,WELCOME5
51756,11597,2024-07-21,Delivered,Website,FEST15
51757,14312,2025-06-10,Delivered,Marketplace,NONE
51758,10071,2024-11-20,Delivered,Website,NONE
51759,10959,2024-12-13,Delivered,Mobile App,NONE
51760,13159,2025-05-11,Delivered,Marketplace,BIG20
51761,14021,2024-06-13,Delivered,Marketplace,NONE
51762,12157,2024-07-07,Delivered,Mobile App,NONE
51763,10438,2024-02-09,Delivered,Mobile App,FEST15
51764,10736,2025-10-31,Shipped,Website,NONE
51765,14452,2026-05-31,Delivered,Website,NONE
51766,11077,2025-03-11,Delivered,Website,FEST15
51767,12894,2025-08-24,Shipped,Mobile App,BIG20
51768,14683,2026-08-12,Shipped,Website,FEST15
51769,11879,2026-01-06,Processing,Website,NONE
51770,10332,2024-08-27,Delivered,Website,NONE
51771,14066,2026-01-22,Delivered,Website,BIG20
51772,13938,2025-01-19,Delivered,Marketplace,NONE
51773,13256,2026-07-19,Delivered,Mobile App,NONE
51774,14511,2026-06-15,Delivered,Website,WELCOME5
51775,13879,2024-02-10,Delivered,Marketplace,NONE
51776,13442,2026-05-09,Delivered,Mobile App,NONE
51777,11668,2024-08-21,Delivered,Mobile App,SAVE10
51778,10307,2025-04-14,Delivered,Mobile App,NONE
51779,13630,2025-12-27,Delivered,Mobile App,NONE
51780,14230,2024-04-29,Delivered,Marketplace,SAVE10
51781,13476,2024-01-16,Delivered,Website,BIG20
51782,13267,2025-01-31,Delivered,Mobile App,NONE
51783,13592,2025-07-18,Delivered,Website,NONE
51784,11386,2025-07-23,Processing,Marketplace,WELCOME5
51785,10585,2026-07-12,Delivered,Mobile App,NONE
51786,13149,2024-09-03,Delivered,Website,BIG20
51787,14716,2025-11-21,Delivered,Mobile App,NONE
51788,10683,2024-07-04,Delivered,Website,SAVE10
51789,10357,2025-03-12,Delivered,Mobile App,NONE
51790,13539,2025-05-30,Delivered,Mobile App,NONE
51791,12114,2025-02-20,Delivered,Website,SAVE10
51792,14515,2024-06-19,Processing,Mobile App,BIG20
51793,12360,2024-07-03,Delivered,Mobile App,NONE
51794,12609,2026-04-28,Delivered,Marketplace,WELCOME5
51795,10310,2026-07-11,Processing,Marketplace,NONE
51796,14761,2024-03-13,Delivered,Website,NONE
51797,11655,2024-08-13,Delivered,Website,WELCOME5
51798,12191,2026-08-15,Delivered,Website,SAVE10
51799,13146,2024-04-23,Processing,Website,NONE
51800,14288,2025-06-05,Processing,Website,NONE
51801,13976,2024-10-07,Delivered,Website,FEST15
51802,13869,2026-08-12,Delivered,Marketplace,NONE
51803,10528,2025-12-23,Delivered,Mobile App,NONE
51804,10443,2025-12-29,Delivered,Mobile App,WELCOME5
51805,14157,2024-03-04,Processing,Website,SAVE10
51806,14564,2024-05-28,Delivered,Website,WELCOME5
51807,13119,2026-02-09,Delivered,Website,NONE
51808,14553,2024-08-08,Delivered,Website,NONE
51809,11588,2025-02-25,Shipped,Mobile App,NONE
51810,11758,2024-04-13,Shipped,Marketplace,NONE
51811,10851,2024-01-22,Delivered,Mobile App,FEST15
51812,13968,2025-12-08,Shipped,Marketplace,WELCOME5
51813,13348,2024-06-21,Shipped,Website,NONE
51814,11124,2024-06-12,Cancelled,Website,NONE
51815,14997,2026-03-28,Delivered,Website,NONE
51816,10152,2025-11-24,Delivered,Website,NONE
51817,13852,2024-07-26,Processing,Website,NONE
51818,11040,2026-04-13,Delivered,Mobile App,FEST15
51819,13920,2026-07-30,Delivered,Website,WELCOME5
51820,12420,2025-02-03,Shipped,Marketplace,NONE
51821,11171,2025-03-16,Cancelled,Website,WELCOME5
51822,10289,2025-10-03,Delivered,Mobile App,FEST15
51823,13107,2024-05-22,Delivered,Mobile App,NONE
51824,10801,2026-05-18,Shipped,Mobile App,SAVE10
51825,12249,2024-05-01,Delivered,Website,NONE
51826,14753,2025-12-31,Delivered,Website,NONE
51827,14439,2025-07-13,Delivered,Website,NONE
51828,12470,2024-05-06,Delivered,Website,SAVE10
51829,13659,2025-03-04,Delivered,Website,NONE
51830,14116,2024-10-10,Delivered,Website,FEST15
51831,13033,2026-06-28,Shipped,Mobile App,SAVE10
51832,11034,2025-06-03,Delivered,Marketplace,SAVE10
51833,14058,2024-12-22,Delivered,Website,NONE
51834,10443,2024-09-13,Delivered,Website,SAVE10
51835,12613,2024-05-18,Delivered,Website,WELCOME5
51836,13903,2025-05-05,Processing,Website,SAVE10
51837,12854,2025-05-09,Delivered,Website,NONE
51838,11745,2026-07-13,Shipped,Mobile App,FEST15
51839,12082,2025-09-20,Delivered,Website,NONE
51840,12300,2025-03-15,Cancelled,Website,WELCOME5
51841,13721,2024-12-27,Delivered,Marketplace,NONE
51842,14961,2024-09-10,Cancelled,Mobile App,NONE
51843,13893,2025-09-19,Delivered,Website,NONE
51844,11583,2024-05-22,Delivered,Website,NONE
51845,10557,2024-01-06,Delivered,Marketplace,NONE
51846,12366,2026-05-24,Delivered,Marketplace,NONE
51847,14290,2024-02-02,Delivered,Mobile App,BIG20
51848,13175,2024-08-10,Shipped,Website,SAVE10
51849,11610,2025-06-25,Delivered,Mobile App,FEST15
51850,10446,2024-07-06,Delivered,Website,NONE
51851,11262,2025-10-12,Delivered,Website,NONE
51852,13583,2025-06-18,Delivered,Website,NONE
51853,13350,2024-03-13,Delivered,Website,SAVE10
51854,12259,2025-03-23,Delivered,Website,NONE
51855,11670,2026-03-16,Delivered,Mobile App,NONE
51856,10876,2025-01-09,Cancelled,Mobile App,FEST15
51857,14863,2025-10-19,Delivered,Marketplace,SAVE10
51858,12153,2025-07-15,Delivered,Marketplace,NONE
51859,13837,2025-03-22,Delivered,Mobile App,WELCOME5
51860,12304,2025-07-06,Delivered,Website,NONE
51861,12847,2025-04-17,Delivered,Website,NONE
51862,13204,2024-03-07,Delivered,Website,WELCOME5
51863,11780,2025-02-27,Delivered,Mobile App,SAVE10
51864,14686,2025-02-06,Delivered,Website,NONE
51865,12287,2026-01-25,Delivered,Mobile App,NONE
51866,13826,2025-11-30,Delivered,Website,NONE
51867,14582,2025-07-10,Delivered,Mobile App,SAVE10
51868,11913,2025-01-05,Delivered,Mobile App,NONE
51869,11171,2025-09-03,Delivered,Website,NONE
51870,14849,2026-08-25,Delivered,Marketplace,NONE
51871,13930,2026-03-22,Delivered,Website,NONE
51872,13955,2024-08-16,Delivered,Website,SAVE10
51873,14731,2024-09-28,Processing,Mobile App,NONE
51874,10140,2025-04-26,Cancelled,Website,NONE
51875,14724,2025-10-02,Delivered,Mobile App,WELCOME5
51876,10583,2025-10-15,Processing,Mobile App,NONE
51877,10727,2026-01-29,Shipped,Website,NONE
51878,11091,2025-06-15,Delivered,Mobile App,SAVE10
51879,10567,2026-03-10,Delivered,Marketplace,WELCOME5
51880,10418,2024-02-07,Delivered,Website,NONE
51881,10626,2024-07-29,Shipped,Website,WELCOME5
51882,12428,2025-05-13,Processing,Marketplace,SAVE10
51883,11863,2025-05-21,Delivered,Marketplace,NONE
51884,11704,2026-07-26,Delivered,Marketplace,SAVE10
51885,10860,2025-10-01,Delivered,Website,SAVE10
51886,14865,2025-01-29,Delivered,Mobile App,WELCOME5
51887,11663,2025-07-22,Delivered,Website,WELCOME5
51888,12364,2024-04-22,Delivered,Mobile App,SAVE10
51889,10712,2025-01-14,Shipped,Website,SAVE10
51890,11061,2024-01-21,Delivered,Website,NONE
51891,11172,2024-05-25,Delivered,Marketplace,FEST15
51892,14854,2025-02-03,Delivered,Website,FEST15
51893,10882,2024-01-05,Delivered,Website,BIG20
51894,12570,2024-06-28,Delivered,Mobile App,NONE
51895,12721,2026-05-17,Delivered,Mobile App,SAVE10
51896,10366,2026-03-20,Delivered,Website,BIG20
51897,11755,2025-07-05,Processing,Mobile App,FEST15
51898,10405,2026-07-12,Shipped,Marketplace,NONE
51899,10875,2024-01-30,Delivered,Mobile App,NONE
51900,13377,2026-07-01,Delivered,Website,BIG20
51901,12843,2025-04-26,Delivered,Mobile App,SAVE10
51902,12474,2024-12-29,Delivered,Website,FEST15
51903,11068,2026-02-05,Delivered,Website,NONE
51904,13122,2025-03-17,Delivered,Website,SAVE10
51905,14524,2025-08-06,Delivered,Website,WELCOME5
51906,14249,2024-11-01,Delivered,Website,SAVE10
51907,10866,2025-05-23,Delivered,Website,NONE
51908,13407,2024-05-05,Delivered,Website,NONE
51909,11220,2024-07-27,Delivered,Marketplace,NONE
51910,14309,2025-06-26,Processing,Website,NONE
51911,12365,2026-07-04,Delivered,Marketplace,NONE
51912,13714,2024-06-29,Delivered,Website,SAVE10
51913,12697,2025-07-15,Delivered,Website,WELCOME5
51914,13372,2024-02-27,Delivered,Marketplace,BIG20
51915,14675,2025-05-06,Delivered,Website,NONE
51916,10674,2026-04-03,Delivered,Mobile App,NONE
51917,14519,2024-11-25,Cancelled,Mobile App,NONE
51918,12415,2026-02-13,Delivered,Mobile App,NONE
51919,10711,2025-01-16,Delivered,Website,SAVE10
51920,12166,2026-06-17,Delivered,Mobile App,NONE
51921,10280,2025-09-01,Delivered,Website,FEST15
51922,12704,2024-11-13,Delivered,Website,NONE
51923,12362,2024-09-14,Delivered,Website,SAVE10
51924,11956,2026-04-24,Delivered,Mobile App,BIG20
51925,12222,2025-04-11,Shipped,Mobile App,NONE
51926,13103,2025-01-21,Shipped,Website,BIG20
51927,14134,2025-07-23,Delivered,Mobile App,FEST15
51928,11963,2024-03-11,Delivered,Mobile App,NONE
51929,10085,2024-06-27,Delivered,Website,NONE
51930,12789,2025-03-20,Delivered,Marketplace,NONE
51931,14724,2024-10-09,Delivered,Website,SAVE10
51932,11975,2025-06-21,Cancelled,Website,SAVE10
51933,10614,2024-12-03,Delivered,Website,NONE
51934,14509,2025-02-23,Delivered,Marketplace,NONE
51935,12097,2026-01-25,Delivered,Mobile App,BIG20
51936,11868,2026-01-31,Delivered,Website,BIG20
51937,11477,2024-10-10,Shipped,Website,FEST15
51938,13655,2024-12-07,Delivered,Website,NONE
51939,10729,2025-09-12,Delivered,Marketplace,NONE
51940,13069,2026-06-12,Delivered,Website,SAVE10
51941,11744,2025-06-12,Shipped,Website,NONE
51942,11928,2024-03-12,Delivered,Website,WELCOME5
51943,11079,2025-08-01,Delivered,Mobile App,SAVE10
51944,14039,2025-11-29,Delivered,Website,NONE
51945,12268,2026-06-27,Delivered,Marketplace,WELCOME5
51946,14638,2026-06-20,Cancelled,Marketplace,SAVE10
51947,14140,2025-10-31,Delivered,Mobile App,FEST15
51948,13803,2025-06-20,Delivered,Mobile App,SAVE10
51949,12252,2024-06-11,Processing,Website,BIG20
51950,14743,2026-05-02,Cancelled,Website,WELCOME5
51951,12925,2025-04-07,Delivered,Website,BIG20
51952,12182,2025-11-02,Delivered,Mobile App,WELCOME5
51953,11738,2025-12-14,Cancelled,Website,SAVE10
51954,14569,2024-01-15,Delivered,Mobile App,WELCOME5
51955,11272,2024-12-28,Delivered,Mobile App,NONE
51956,14382,2025-10-13,Delivered,Marketplace,NONE
51957,11144,2025-04-04,Shipped,Mobile App,NONE
51958,13812,2025-09-28,Delivered,Mobile App,NONE
51959,11411,2025-06-29,Delivered,Website,NONE
51960,14177,2024-01-01,Delivered,Marketplace,SAVE10
51961,14179,2024-10-23,Shipped,Website,NONE
51962,13651,2025-01-31,Delivered,Website,NONE
51963,14961,2025-01-08,Delivered,Mobile App,NONE
51964,12562,2024-02-07,Delivered,Marketplace,SAVE10
51965,14194,2024-01-19,Delivered,Website,NONE
51966,12763,2024-10-11,Delivered,Marketplace,NONE
51967,10194,2026-04-05,Delivered,Website,FEST15
51968,12089,2026-08-14,Shipped,Mobile App,NONE
51969,10163,2026-03-22,Delivered,Mobile App,FEST15
51970,13322,2026-07-01,Delivered,Mobile App,NONE
51971,10763,2026-06-17,Delivered,Marketplace,NONE
51972,11624,2025-10-26,Delivered,Website,NONE
51973,14358,2024-04-29,Delivered,Mobile App,WELCOME5
51974,13699,2024-12-21,Delivered,Mobile App,FEST15
51975,11681,2025-12-14,Shipped,Mobile App,SAVE10
51976,12526,2025-01-19,Delivered,Marketplace,NONE
51977,12906,2024-09-17,Delivered,Website,NONE
51978,11766,2024-02-07,Shipped,Website,SAVE10
51979,13750,2024-11-24,Delivered,Mobile App,SAVE10
51980,10737,2024-11-24,Delivered,Website,NONE
51981,12133,2026-02-28,Delivered,Website,WELCOME5
51982,11278,2026-01-30,Delivered,Mobile App,BIG20
51983,13396,2024-04-19,Delivered,Website,NONE
51984,13202,2025-05-18,Cancelled,Marketplace,NONE
51985,14036,2026-05-25,Delivered,Website,BIG20
51986,11850,2025-04-07,Delivered,Website,FEST15
51987,11154,2026-07-16,Delivered,Mobile App,NONE
51988,10166,2024-03-29,Delivered,Website,WELCOME5
51989,14304,2024-11-08,Delivered,Mobile App,SAVE10
51990,11649,2026-06-10,Delivered,Website,SAVE10
51991,13773,2025-11-25,Delivered,Mobile App,FEST15
51992,11832,2024-10-01,Shipped,Website,NONE
51993,11661,2026-05-15,Delivered,Mobile App,NONE
51994,11172,2025-01-06,Delivered,Website,NONE
51995,13907,2026-02-07,Delivered,Marketplace,NONE
51996,11432,2024-11-16,Delivered,Website,NONE
51997,11482,2024-11-24,Delivered,Website,NONE
51998,13525,2024-11-14,Delivered,Website,NONE
51999,12590,2024-12-20,Delivered,Website,SAVE10
52000,13732,2025-08-04,Delivered,Website,WELCOME5
52001,10518,2026-02-23,Delivered,Website,FEST15
52002,14795,2025-08-31,Delivered,Mobile App,NONE
52003,11184,2024-01-26,Delivered,Mobile App,NONE
52004,10591,2025-08-03,Delivered,Website,SAVE10
52005,10547,2025-02-22,Delivered,Website,BIG20
52006,11559,2024-03-07,Delivered,Website,BIG20
52007,12118,2024-11-16,Delivered,Website,SAVE10
52008,10386,2026-07-29,Delivered,Website,NONE
52009,13113,2024-12-04,Delivered,Website,NONE
52010,13067,2025-11-23,Delivered,Website,NONE
52011,13886,2024-07-12,Cancelled,Mobile App,NONE
52012,10082,2026-05-06,Shipped,Website,NONE
52013,10482,2026-02-28,Cancelled,Mobile App,NONE
52014,11027,2024-06-03,Delivered,Mobile App,SAVE10
52015,12191,2025-11-01,Cancelled,Mobile App,NONE
52016,12935,2026-06-23,Delivered,Website,FEST15
52017,11010,2026-05-27,Delivered,Website,NONE
52018,11794,2025-12-01,Delivered,Marketplace,WELCOME5
52019,12568,2025-12-08,Delivered,Mobile App,NONE
52020,12722,2025-04-30,Delivered,Website,NONE
52021,12633,2024-05-24,Delivered,Mobile App,FEST15
52022,13202,2024-01-23,Cancelled,Mobile App,SAVE10
52023,13779,2024-10-11,Delivered,Marketplace,NONE
52024,14195,2024-09-02,Delivered,Mobile App,WELCOME5
52025,14827,2026-06-05,Delivered,Mobile App,SAVE10
52026,11965,2026-03-24,Delivered,Website,NONE
52027,11641,2024-11-10,Shipped,Mobile App,FEST15
52028,11395,2025-01-02,Delivered,Website,SAVE10
52029,11751,2025-12-21,Delivered,Mobile App,NONE
52030,12695,2025-10-19,Shipped,Mobile App,WELCOME5
52031,13021,2026-05-09,Delivered,Mobile App,WELCOME5
52032,10349,2025-12-09,Shipped,Mobile App,SAVE10
52033,14994,2025-11-02,Shipped,Website,NONE
52034,10210,2026-01-22,Delivered,Website,FEST15
52035,12005,2026-05-17,Cancelled,Mobile App,NONE
52036,12262,2025-01-05,Processing,Mobile App,BIG20
52037,11727,2024-08-31,Delivered,Marketplace,BIG20
52038,11091,2026-06-01,Delivered,Mobile App,NONE
52039,12653,2024-06-05,Cancelled,Website,SAVE10
52040,10037,2024-10-10,Delivered,Mobile App,SAVE10
52041,13717,2024-05-12,Delivered,Mobile App,FEST15
52042,13397,2026-03-21,Shipped,Mobile App,FEST15
52043,13855,2026-06-08,Delivered,Mobile App,SAVE10
52044,14081,2025-02-15,Delivered,Mobile App,FEST15
52045,14438,2024-04-06,Delivered,Marketplace,NONE
52046,10740,2024-08-15,Shipped,Website,NONE
52047,14176,2025-07-15,Shipped,Mobile App,WELCOME5
52048,12820,2024-11-29,Processing,Website,SAVE10
52049,10618,2025-12-28,Shipped,Mobile App,FEST15
52050,14920,2026-02-14,Delivered,Website,
52051,14059,2025-02-27,Delivered,Mobile App,NONE
52052,11344,2025-08-19,Delivered,Mobile App,NONE
52053,14453,2024-03-02,Delivered,Website,SAVE10
52054,13655,2024-05-12,Shipped,Website,SAVE10
52055,12236,2024-11-21,Delivered,Mobile App,BIG20
52056,10811,2024-04-30,Delivered,Website,NONE
52057,13656,2024-01-15,Shipped,website,NONE
52058,14661,2025-10-28,Shipped,Mobile App,NONE
52059,10964,2024-01-23,Delivered,Mobile App,WELCOME5
52060,10003,2024-08-20,Delivered,Website,SAVE10
52061,11148,2025-11-30,Delivered,Mobile App,NONE
52062,11474,2024-07-21,Delivered,Mobile App,NONE
52063,11896,2024-08-08,Shipped,Website,BIG20
52064,14883,2025-12-28,Delivered,Website,SAVE10
52065,14818,2024-01-22,Delivered,Mobile App,NONE
52066,13354,2024-11-08,Delivered,Website,NONE
52067,11087,2025-06-03,Delivered,Marketplace,SAVE10
52068,11060,2024-03-07,Shipped,Website,SAVE10
52069,10409,2025-09-24,Delivered,Mobile App,NONE
52070,13957,2025-02-16,Delivered,Mobile App,
52071,11105,2024-10-28,Delivered,Mobile App,SAVE10
52072,14491,2025-07-06,Delivered,Mobile App,NONE
52073,13002,2024-02-07,Delivered,Mobile App,NONE
52074,12437,2025-08-06,Delivered,Marketplace,WELCOME5
52075,14647,2025-03-25,Delivered,Mobile App,NONE
52076,10781,2024-02-26,Delivered,Marketplace,NONE
52077,12319,2026-02-01,Delivered,Website,NONE
52078,11293,2025-03-15,Delivered,Mobile App,NONE
52079,10906,2024-03-07,Delivered,Mobile App,FEST15
52080,14716,2024-12-14,Delivered,Marketplace,NONE
52081,13027,2025-12-23,Delivered,Website,NONE
52082,10806,2025-03-11,Delivered,Mobile App,NONE
52083,10537,2025-01-10,Cancelled,Mobile App,NONE
52084,11560,2024-02-10,Delivered,Mobile App,NONE
52085,14169,2024-03-03,Shipped,Mobile App,NONE
52086,10728,2024-10-13,Delivered,Marketplace,SAVE10
52087,13709,2024-09-20,Delivered,Website,SAVE10
52088,10529,2025-09-16,Delivered,Mobile App,NONE
52089,11684,2025-04-01,Delivered,Marketplace,WELCOME5
52090,12611,2024-05-02,Delivered,Mobile App,NONE
52091,10646,2025-09-24,Delivered,Website,WELCOME5
52092,11984,2026-07-19,Delivered,Website,NONE
52093,11340,2026-04-12,Delivered,Mobile App,NONE
52094,10231,2026-08-22,Delivered,Marketplace,NONE
52095,10005,2025-04-10,Delivered,Website,SAVE10
52096,10726,2024-12-15,Delivered,Website,NONE
52097,13743,2024-02-23,Delivered,Website,SAVE10
52098,10189,2025-10-22,Shipped,Website,NONE
52099,12529,2025-03-02,Delivered,Website,FEST15
52100,10123,2025-09-08,Delivered,Mobile App,SAVE10
52101,11079,2024-10-19,Shipped,Website,FEST15
52102,10893,2024-06-11,Delivered,Website,WELCOME5
52103,11700,2025-10-31,Delivered,Marketplace,NONE
52104,13719,2025-01-11,Delivered,Marketplace,NONE
52105,12106,2025-05-27,Delivered,Mobile App,NONE
52106,10074,2026-08-09,Delivered,Website,NONE
52107,10724,2024-09-29,Delivered,Website,SAVE10
52108,11523,2024-05-03,Delivered,Marketplace,SAVE10
52109,11393,2025-11-21,Delivered,Marketplace,SAVE10
52110,12824,2025-07-11,Cancelled,Website,NONE
52111,11755,2025-01-21,Processing,Marketplace,NONE
52112,13719,2025-08-04,Delivered,Website,FEST15
52113,11263,2026-06-14,Delivered,Mobile App,FEST15
52114,13390,2024-06-11,Delivered,Marketplace,SAVE10
52115,10504,2026-02-06,Delivered,Website,NONE
52116,14943,2025-06-03,Delivered,Website,NONE
52117,14934,2026-02-20,Delivered,Mobile App,NONE
52118,11379,2026-06-08,Delivered,Website,SAVE10
52119,11171,2024-06-04,Delivered,Marketplace,NONE
52120,10001,2024-04-22,Delivered,Website,NONE
52121,14880,2024-01-04,Delivered,Mobile App,NONE
52122,10192,2024-07-03,Processing,Website,NONE
52123,10011,2024-12-02,Delivered,Marketplace,WELCOME5
52124,10488,2024-09-04,Delivered,Mobile App,NONE
52125,11475,2026-03-09,Delivered,Website,NONE
52126,14877,2025-12-29,Delivered,Website,SAVE10
52127,10833,2024-12-07,Delivered,Website,FEST15
52128,12851,2025-07-13,Delivered,Mobile App,BIG20
52129,13253,2024-10-30,Delivered,Mobile App,NONE
52130,13997,2025-05-03,Delivered,Mobile App,NONE
52131,13497,2024-10-08,Delivered,Mobile App,FEST15
52132,14926,2026-02-07,Delivered,Mobile App,NONE
52133,13309,2024-08-09,Shipped,Marketplace,NONE
52134,14222,2026-08-06,Shipped,Website,SAVE10
52135,11600,2026-06-23,Shipped,Mobile App,BIG20
52136,12039,2024-07-09,Shipped,Website,NONE
52137,13686,2025-07-07,Delivered,Website,SAVE10
52138,14380,2026-02-26,Delivered,Website,SAVE10
52139,10026,2026-03-29,Delivered,Marketplace,SAVE10
52140,12169,2024-12-24,Shipped,Mobile App,NONE
52141,14012,2025-06-15,Shipped,Marketplace,BIG20
52142,10570,2024-05-21,Delivered,Website,NONE
52143,11765,2024-08-31,Delivered,Website,WELCOME5
52144,12741,2024-09-05,Shipped,Website,SAVE10
52145,10415,2024-10-04,Delivered,Website,WELCOME5
52146,14579,2025-01-22,Delivered,Marketplace,
52147,11839,2025-10-29,Cancelled,Website,SAVE10
52148,13923,2026-05-22,Cancelled,Marketplace,NONE
52149,12138,2025-07-18,Delivered,Website,SAVE10
52150,12010,2025-04-09,Delivered,Website,NONE
52151,14830,2025-11-12,Delivered,Website,NONE
52152,14275,2025-08-18,Delivered,Website,NONE
52153,12580,2025-03-09,Delivered,Mobile App,WELCOME5
52154,12321,2024-02-02,Delivered,Marketplace,BIG20
52155,13905,2025-06-09,Shipped,Marketplace,FEST15
52156,13423,2024-03-03,Delivered,Website,NONE
52157,14897,2025-08-15,Delivered,Mobile App,NONE
52158,11666,2026-06-29,Delivered,Website,NONE
52159,10564,2026-02-12,Delivered,Website,WELCOME5
52160,10974,2026-03-24,Processing,Mobile App,NONE
52161,12639,2025-03-23,Delivered,Website,SAVE10
52162,11568,2025-04-19,Delivered,Website,NONE
52163,14047,2025-05-24,Delivered,Marketplace,NONE
52164,14376,2024-07-13,Delivered,Mobile App,SAVE10
52165,10935,2026-08-09,Delivered,Mobile App,NONE
52166,14949,2024-02-08,Processing,Mobile App,NONE
52167,13157,2026-08-18,Shipped,Website,NONE
52168,11320,2026-08-04,Processing,Website,NONE
52169,11006,2026-06-30,Delivered,Website,WELCOME5
52170,10827,2024-01-06,Delivered,Marketplace,NONE
52171,12356,2026-07-14,Cancelled,Mobile App,SAVE10
52172,10356,2024-08-18,Delivered,Mobile App,NONE
52173,10656,2024-09-09,Delivered,Mobile App,NONE
52174,13770,2025-10-25,Delivered,Marketplace,NONE
52175,12445,2025-01-20,Delivered,Website,NONE
52176,12641,2026-06-28,Delivered,Marketplace,SAVE10
52177,11624,2025-04-26,Shipped,Website,WELCOME5
52178,12781,2024-04-23,Processing,Website,NONE
52179,11715,2024-08-20,Shipped,Marketplace,SAVE10
52180,10227,2026-01-20,Processing,Website,NONE
52181,12842,2025-07-12,Delivered,Mobile App,NONE
52182,10406,2024-11-17,Delivered,Website,SAVE10
52183,13445,2024-07-31,Delivered,Website,WELCOME5
52184,14574,2025-10-21,Delivered,Marketplace,SAVE10
52185,13338,2024-09-15,Delivered,Website,NONE
52186,12884,2024-04-03,Delivered,Website,FEST15
52187,14822,2025-06-23,Delivered,Website,WELCOME5
52188,11097,2026-04-18,Delivered,Marketplace,NONE
52189,13870,2024-10-26,Delivered,Marketplace,SAVE10
52190,11038,2025-11-17,Processing,Website,SAVE10
52191,10003,2025-03-09,Delivered,Mobile App,NONE
52192,11205,2026-07-15,Shipped,Mobile App,SAVE10
52193,12513,2025-08-11,Delivered,Marketplace,SAVE10
52194,10319,2025-05-02,Delivered,Mobile App,NONE
52195,11394,2024-08-09,Shipped,Mobile App,NONE
52196,10249,2026-05-11,Processing,Website,NONE
52197,11217,2024-02-14,Delivered,Website,NONE
52198,13600,2025-06-08,Shipped,Mobile App,WELCOME5
52199,10761,2024-09-15,Shipped,Website,WELCOME5
52200,11319,2025-05-12,Delivered,Website,SAVE10
52201,10679,2026-08-11,Delivered,Marketplace,NONE
52202,11923,2024-04-01,Shipped,Mobile App,NONE
52203,13806,2024-02-20,Delivered,Website,NONE
52204,12687,2026-02-28,Delivered,Website,NONE
52205,11001,2025-11-08,Delivered,Website,SAVE10
52206,11601,2025-02-03,Delivered,Website,BIG20
52207,13351,2024-08-03,Delivered,Website,NONE
52208,12394,2025-08-05,Delivered,Website,NONE
52209,12300,2024-09-06,Delivered,Marketplace,NONE
52210,14326,2025-09-23,Shipped,Mobile App,NONE
52211,14096,2025-01-27,Delivered,Website,NONE
52212,11221,2026-01-21,Delivered,Website,FEST15
52213,13522,2025-09-30,Delivered,Website,SAVE10
52214,13957,2025-07-12,Delivered,Mobile App,FEST15
52215,14500,2024-04-04,Delivered,Mobile App,BIG20
52216,11320,2025-08-24,Delivered,Mobile App,FEST15
52217,13640,2025-11-08,Delivered,Mobile App,FEST15
52218,10935,2025-05-20,Delivered,Website,SAVE10
52219,12223,2025-07-29,Delivered,Website,NONE
52220,10364,2025-08-18,Processing,Website,NONE
52221,13020,2024-08-14,Delivered,Website,BIG20
52222,13422,2025-03-06,Delivered,Website,NONE
52223,12234,2024-05-02,Delivered,Website,NONE
52224,12059,2026-01-23,Shipped,Mobile App,NONE
52225,11211,2024-05-21,Delivered,Website,NONE
52226,13853,2026-02-25,Shipped,Website,NONE
52227,14552,2025-09-09,Cancelled,Website,SAVE10
52228,10664,2025-05-16,Delivered,Website,WELCOME5
52229,11380,2025-05-04,Delivered,Website,NONE
52230,13017,2024-05-22,Delivered,Website,NONE
52231,11829,2025-09-24,Delivered,Marketplace,WELCOME5
52232,10065,2024-12-28,Delivered,Website,SAVE10
52233,10105,2026-01-30,Shipped,Mobile App,NONE
52234,11170,2026-03-25,Delivered,Mobile App,
52235,14839,2026-06-08,Delivered,Marketplace,NONE
52236,13049,2026-06-08,Delivered,Website,SAVE10
52237,11277,2026-01-09,Delivered,Website,BIG20
52238,10281,2024-09-16,Shipped,Website,NONE
52239,13781,2024-09-22,Shipped,Mobile App,SAVE10
52240,11887,2026-07-01,Shipped,Website,NONE
52241,11969,2026-07-23,Delivered,Website,NONE
52242,12809,2024-09-25,Shipped,Marketplace,NONE
52243,11143,2025-09-20,Delivered,Website,WELCOME5
52244,13638,2026-06-10,Delivered,Website,NONE
52245,11569,2026-04-02,Delivered,Marketplace,NONE
52246,13529,2026-06-26,Delivered,Mobile App,NONE
52247,12587,2024-12-07,Delivered,Marketplace,NONE
52248,10741,2025-05-04,Delivered,Website,SAVE10
52249,13118,2025-08-03,Delivered,Website,NONE
52250,10376,2026-07-11,Delivered,Website,WELCOME5
52251,13576,2026-08-11,Delivered,Mobile App,FEST15
52252,11882,2025-06-16,Delivered,Marketplace,SAVE10
52253,13353,2026-04-06,Delivered,Marketplace,NONE
52254,11205,2025-01-02,Delivered,Mobile App,BIG20
52255,12036,2025-08-08,Delivered,Mobile App,NONE
52256,11529,2026-02-24,Delivered,Website,BIG20
52257,11255,2026-05-10,Shipped,Website,NONE
52258,11713,2024-04-15,Delivered,Website,SAVE10
52259,10269,2024-03-11,Delivered,Mobile App,SAVE10
52260,11986,2024-07-29,Shipped,Marketplace,NONE
52261,10616,2024-04-08,Delivered,Mobile App,NONE
52262,12594,2024-07-25,Delivered,Website,NONE
52263,10454,2026-07-09,Shipped,Website,NONE
52264,10047,2025-08-26,Delivered,Website,WELCOME5
52265,12196,2024-04-04,Delivered,Website,NONE
52266,11491,2025-11-18,Delivered,Marketplace,SAVE10
52267,14385,2026-06-30,Delivered,Mobile App,NONE
52268,11322,2026-03-23,Processing,Website,NONE
52269,11997,2026-04-09,Delivered,Website,NONE
52270,11182,2026-05-22,Delivered,Website,WELCOME5
52271,14448,2025-12-29,Delivered,Website,SAVE10
52272,13944,2026-04-28,Shipped,Website,FEST15
52273,10860,2026-02-12,Delivered,Website,FEST15
52274,11257,2025-10-23,Delivered,Website,NONE
52275,10933,2024-07-12,Delivered,Website,NONE
52276,10755,2026-06-06,Processing,Website,WELCOME5
52277,11204,2024-03-28,Delivered,Website,FEST15
52278,14260,2024-09-24,Delivered,Website,SAVE10
52279,12295,2025-12-01,Delivered,Mobile App,SAVE10
52280,11915,2025-12-04,Shipped,Mobile App,NONE
52281,10955,2026-05-06,Delivered,Website,NONE
52282,10921,2024-03-15,Delivered,Marketplace,NONE
52283,12777,2026-02-02,Delivered,Mobile App,SAVE10
52284,13757,2024-05-01,Processing,Mobile App,NONE
52285,12790,2025-08-13,Delivered,Website,NONE
52286,13286,2024-08-07,Delivered,Marketplace,NONE
52287,11308,2025-07-05,Delivered,Mobile App,WELCOME5
52288,14727,2024-04-09,Delivered,Mobile App,NONE
52289,14113,2024-02-03,Processing,Mobile App,NONE
52290,14389,2026-07-25,Delivered,Marketplace,NONE
52291,13338,2025-05-10,Delivered,Mobile App,NONE
52292,13472,2025-03-28,Delivered,Mobile App,WELCOME5
52293,10355,2025-01-15,Delivered,Website,NONE
52294,10805,2026-05-29,Delivered,Mobile App,NONE
52295,10663,2026-01-29,Processing,Mobile App,FEST15
52296,12416,2025-04-07,Delivered,Website,NONE
52297,12940,2024-04-29,Delivered,Website,SAVE10
52298,10594,2025-11-09,Delivered,Mobile App,FEST15
52299,13758,2024-07-16,Processing,Website,NONE
52300,12747,2024-11-08,Processing,Mobile App,NONE
52301,12978,2025-10-03,Cancelled,Website,NONE
52302,14584,2026-07-11,Delivered,Mobile App,NONE
52303,12924,2024-08-03,Delivered,Marketplace,SAVE10
52304,10020,2024-02-03,Delivered,Marketplace,NONE
52305,13844,2025-02-15,Delivered,Mobile App,NONE
52306,14381,2025-11-07,Delivered,Website,BIG20
52307,10418,2025-09-30,Delivered,Website,NONE
52308,12697,2026-07-10,Delivered,Website,NONE
52309,12349,2024-07-20,Delivered,Website,NONE
52310,10757,2026-02-03,Delivered,Website,FEST15
52311,11381,2026-01-20,Delivered,Website,NONE
52312,14280,2026-03-13,Delivered,Website,NONE
52313,11959,2026-05-25,Delivered,Website,BIG20
52314,12685,2024-10-17,Delivered,Mobile App,SAVE10
52315,13886,2024-10-27,Delivered,Marketplace,NONE
52316,12241,2025-03-14,Delivered,Website,FEST15
52317,14457,2024-12-05,Delivered,Website,NONE
52318,12499,2024-05-12,Delivered,Website,SAVE10
52319,14929,2024-11-15,Delivered,Website,NONE
52320,10737,2024-12-31,Shipped,Mobile App,NONE
52321,14441,2026-01-05,Shipped,Mobile App,NONE
52322,10564,2024-01-09,Delivered,Mobile App,NONE
52323,14066,2025-12-29,Delivered,Mobile App,WELCOME5
52324,13308,2026-01-25,Delivered,Website,NONE
52325,12798,2024-05-08,Delivered,Marketplace,NONE
52326,14403,2026-07-13,Shipped,Marketplace,BIG20
52327,13204,2025-12-02,Cancelled,Mobile App,NONE
52328,13473,2025-11-10,Delivered,Marketplace,NONE
52329,13772,2026-01-13,Shipped,Marketplace,NONE
52330,14204,2026-02-24,Delivered,Website,NONE
52331,11161,2025-01-25,Shipped,Mobile App,NONE
52332,14224,2025-05-13,Delivered,Mobile App,NONE
52333,12946,2025-08-15,Delivered,Website,WELCOME5
52334,10161,2024-07-04,Shipped,Website,SAVE10
52335,14593,2024-02-29,Delivered,Mobile App,SAVE10
52336,13855,2025-11-30,Cancelled,Website,BIG20
52337,14458,2024-08-30,Delivered,Mobile App,NONE
52338,13861,2024-10-17,Cancelled,Website,NONE
52339,11728,2024-04-10,Shipped,Website,SAVE10
52340,11750,2025-03-21,Delivered,Website,NONE
52341,11383,2025-07-05,Delivered,Marketplace,NONE
52342,12050,2026-05-23,Processing,Marketplace,NONE
52343,10174,2025-04-21,Delivered,Marketplace,NONE
52344,13728,2024-12-27,Delivered,Mobile App,NONE
52345,13762,2026-02-09,Delivered,Mobile App,SAVE10
52346,14933,2024-10-07,Delivered,Website,WELCOME5
52347,12753,2024-01-11,Delivered,Mobile App,SAVE10
52348,14940,2024-01-31,Delivered,Website,BIG20
52349,11050,2026-03-30,Delivered,Website,BIG20
52350,12370,2025-11-11,Delivered,Mobile App,NONE
52351,13913,2024-06-23,Delivered,Website,SAVE10
52352,13948,2024-07-27,Delivered,Marketplace,FEST15
52353,13869,2026-03-22,Delivered,Marketplace,NONE
52354,12331,2025-09-12,Delivered,Website,NONE
52355,10366,2025-04-12,Delivered,Website,FEST15
52356,14330,2024-12-21,Processing,Mobile App,NONE
52357,11908,2025-01-05,Delivered,Mobile App,NONE
52358,13249,2026-02-03,Shipped,Mobile App,NONE
52359,10667,2024-07-10,Delivered,Mobile App,NONE
52360,14684,2026-05-13,Delivered,Mobile App,NONE
52361,11284,2024-08-19,Delivered,Marketplace,NONE
52362,14987,2024-08-16,Cancelled,Website,NONE
52363,13578,2024-12-31,Delivered,Marketplace,NONE
52364,11651,2026-02-07,Processing,Mobile App,BIG20
52365,11848,2024-01-05,Shipped,Mobile App,WELCOME5
52366,14897,2024-05-28,Processing,Website,NONE
52367,12970,2024-12-30,Delivered,Marketplace,BIG20
52368,13463,2024-05-16,Delivered,Website,NONE
52369,13064,2025-01-06,Delivered,Mobile App,NONE
52370,11191,2025-02-19,Processing,Website,NONE
52371,10663,2025-08-22,Cancelled,Mobile App,NONE
52372,10016,2024-11-10,Processing,Website,NONE
52373,12025,2025-06-06,Delivered,Website,NONE
52374,13420,2026-08-15,Shipped,Website,SAVE10
52375,11508,2025-03-23,Delivered,Website,NONE
52376,11112,2026-02-18,Delivered,Website,NONE
52377,11944,2024-09-22,Delivered,Website,WELCOME5
52378,11157,2026-05-13,Delivered,Website,WELCOME5
52379,12175,2025-07-05,Delivered,Mobile App,NONE
52380,12761,2024-05-11,Delivered,Mobile App,NONE
52381,11362,2026-05-29,Delivered,Website,FEST15
52382,10155,2025-11-23,Delivered,Mobile App,FEST15
52383,10510,2024-11-28,Delivered,Mobile App,NONE
52384,12082,2025-08-09,Delivered,Mobile App,NONE
52385,10887,2026-07-07,Delivered,Marketplace,NONE
52386,13997,2024-04-06,Delivered,Marketplace,NONE
52387,10825,2024-02-08,Delivered,Mobile App,NONE
52388,10137,2026-02-08,Delivered,Mobile App,SAVE10
52389,13097,2024-10-06,Shipped,Website,SAVE10
52390,13120,2026-04-08,Delivered,Website,FEST15
52391,13360,2026-01-17,Delivered,Mobile App,SAVE10
52392,10792,2026-06-05,Delivered,Mobile App,NONE
52393,13404,2026-01-06,Delivered,Mobile App,NONE
52394,14315,2026-06-30,Shipped,Mobile App,NONE
52395,13024,2025-08-24,Delivered,Mobile App,NONE
52396,11954,2024-04-14,Delivered,Website,SAVE10
52397,12408,2024-07-21,Shipped,Marketplace,NONE
52398,14061,2026-05-05,Delivered,Marketplace,NONE
52399,10716,2024-10-09,Processing,Website,NONE
52400,13620,2026-07-05,Processing,Mobile App,SAVE10
52401,11349,2026-04-27,Delivered,Marketplace,NONE
52402,14390,2025-11-01,Processing,Mobile App,NONE
52403,10700,2024-05-12,Delivered,Mobile App,WELCOME5
52404,12585,2024-06-27,Delivered,Marketplace,SAVE10
52405,12003,2025-12-22,Delivered,Mobile App,NONE
52406,12431,2025-01-23,Shipped,Mobile App,NONE
52407,11912,2025-01-24,Delivered,Website,NONE
52408,10188,2024-03-28,Delivered,Mobile App,FEST15
52409,14290,2025-03-21,Delivered,Marketplace,NONE
52410,12670,2024-01-05,Delivered,Website,NONE
52411,13002,2024-05-17,Delivered,Mobile App,NONE
52412,12610,2026-06-11,Delivered,Mobile App,NONE
52413,12644,2026-01-01,Delivered,Website,FEST15
52414,13032,2026-08-01,Delivered,Mobile App,NONE
52415,12098,2026-06-03,Delivered,Marketplace,NONE
52416,10656,2026-06-10,Delivered,Website,SAVE10
52417,10147,2025-01-30,Processing,Mobile App,NONE
52418,12700,2024-09-03,Delivered,Website,NONE
52419,10931,2025-10-26,Delivered,Website,NONE
52420,12271,2025-08-25,Delivered,Website,FEST15
52421,13026,2025-02-23,Delivered,Mobile App,WELCOME5
52422,12980,2025-04-29,Delivered,Marketplace,NONE
52423,10843,2024-07-13,Shipped,Mobile App,NONE
52424,13303,2025-04-26,Delivered,Website,SAVE10
52425,14705,2026-07-24,Delivered,Website,BIG20
52426,11808,2025-02-19,Delivered,website,BIG20
52427,10593,2025-05-16,Shipped,Website,BIG20
52428,12521,2026-07-01,Delivered,Mobile App,WELCOME5
52429,13085,2026-04-07,Delivered,Marketplace,NONE
52430,11976,2026-02-06,Processing,Marketplace,FEST15
52431,12997,2024-01-06,Processing,Website,NONE
52432,13828,2026-04-01,Delivered,Website,NONE
52433,12891,2024-03-15,Delivered,Mobile App,SAVE10
52434,13983,2024-02-03,Delivered,Mobile App,SAVE10
52435,10731,2024-12-08,Processing,Website,NONE
52436,11465,2025-02-03,Delivered,Marketplace,FEST15
52437,12777,2024-04-27,Cancelled,Mobile App,NONE
52438,11298,2025-08-03,Delivered,Mobile App,BIG20
52439,14973,2026-06-12,Delivered,Mobile App,NONE
52440,13392,2025-09-30,Delivered,Website,NONE
52441,12060,2026-07-20,Processing,Mobile App,NONE
52442,13871,2026-05-18,Delivered,Marketplace,WELCOME5
52443,14917,2026-03-01,Delivered,Marketplace,FEST15
52444,10055,2024-06-10,Delivered,Website,SAVE10
52445,12785,2025-09-10,Delivered,Website,FEST15
52446,12138,2024-03-28,Delivered,Mobile App,WELCOME5
52447,13776,2026-01-19,Delivered,Website,NONE
52448,11539,2026-05-16,Processing,Mobile App,BIG20
52449,11628,2024-04-26,Delivered,Mobile App,NONE
52450,13833,2025-05-06,Delivered,Website,FEST15
52451,14454,2024-05-03,Delivered,Website,SAVE10
52452,10718,2025-06-07,Delivered,Mobile App,BIG20
52453,13074,2025-03-13,Delivered,Marketplace,WELCOME5
52454,13892,2026-05-13,Delivered,Mobile App,BIG20
52455,10823,2024-09-21,Delivered,Marketplace,SAVE10
52456,13308,2025-12-28,Delivered,Mobile App,SAVE10
52457,14899,2025-09-29,Delivered,Website,NONE
52458,14215,2025-12-09,Shipped,Website,NONE
52459,10973,2026-07-21,Delivered,Mobile App,FEST15
52460,14952,2024-06-29,Cancelled,Website,NONE
52461,11786,2024-01-14,Shipped,Website,NONE
52462,12383,2025-08-25,Delivered,Website,NONE
52463,11458,2024-04-28,Delivered,Mobile App,WELCOME5
52464,13498,2025-03-12,Processing,Marketplace,NONE
52465,10629,2025-05-20,Delivered,Marketplace,NONE
52466,13550,2025-08-15,Delivered,Mobile App,WELCOME5
52467,10277,2024-01-12,Delivered,Website,NONE
52468,14223,2025-07-12,Delivered,Website,NONE
52469,11630,2026-01-25,Shipped,Website,NONE
52470,12591,2024-01-26,Delivered,Mobile App,SAVE10
52471,11141,2025-01-18,Delivered,Mobile App,SAVE10
52472,10539,2024-11-29,Delivered,Website,NONE
52473,10117,2024-11-26,Shipped,Website,SAVE10
52474,14897,2025-03-20,Processing,Marketplace,BIG20
52475,10682,2024-05-17,Delivered,Website,NONE
52476,10285,2025-04-30,Delivered,Mobile App,NONE
52477,12570,2024-03-15,Delivered,Mobile App,
52478,14812,2024-04-06,Delivered,Mobile App,NONE
52479,10415,2025-06-04,Delivered,Website,NONE
52480,11277,2026-05-21,Processing,Marketplace,FEST15
52481,12780,2025-11-17,Shipped,Mobile App,WELCOME5
52482,12463,2024-11-20,Delivered,Mobile App,NONE
52483,10729,2024-12-01,Delivered,Mobile App,SAVE10
52484,14754,2025-04-19,Cancelled,Website,SAVE10
52485,11792,2024-02-03,Delivered,Website,FEST15
52486,13384,2025-10-05,Delivered,Mobile App,NONE
52487,12290,2024-05-09,Delivered,Website,NONE
52488,12928,2025-11-28,Delivered,Mobile App,FEST15
52489,14523,2024-12-28,Delivered,Website,BIG20
52490,11630,2025-01-01,Delivered,Mobile App,BIG20
52491,14073,2025-03-02,Delivered,Mobile App,FEST15
52492,11463,2024-05-05,Delivered,Mobile App,WELCOME5
52493,11585,2024-08-20,Delivered,Mobile App,NONE
52494,10164,2024-07-20,Delivered,Mobile App,NONE
52495,11734,2026-04-01,Delivered,Marketplace,NONE
52496,12932,2024-06-09,Delivered,Website,SAVE10
52497,13200,2024-05-05,Delivered,Marketplace,NONE
52498,12151,2024-08-24,Delivered,Mobile App,BIG20
52499,11783,2025-02-16,Processing,Website,NONE
52500,11122,2025-08-08,Delivered,Website,NONE
52501,14521,2025-02-14,Delivered,Marketplace,NONE
52502,11922,2025-06-03,Processing,Website,NONE
52503,11530,2025-05-17,Delivered,Website,NONE
52504,14705,2024-06-12,Delivered,Website,NONE
52505,13184,2024-01-08,Delivered,Marketplace,NONE
52506,14243,2025-10-23,Processing,website,SAVE10
52507,11944,2026-07-04,Delivered,Website,NONE
52508,12153,2024-03-02,Delivered,Website,NONE
52509,13648,2026-06-09,Delivered,Mobile App,NONE
52510,14900,2026-06-01,Delivered,Website,WELCOME5
52511,13944,2026-02-03,Delivered,Website,WELCOME5
52512,12311,2025-07-03,Delivered,Website,NONE
52513,12990,2024-11-25,Delivered,Mobile App,NONE
52514,11746,2025-07-26,Delivered,Website,SAVE10
52515,12282,2024-01-11,Shipped,Mobile App,WELCOME5
52516,11940,2024-10-04,Shipped,Mobile App,NONE
52517,10498,2025-01-16,Delivered,Mobile App,SAVE10
52518,14374,2025-05-11,Delivered,Website,SAVE10
52519,10685,2024-09-21,Shipped,Website,SAVE10
52520,11339,2025-02-17,Delivered,Marketplace,WELCOME5
52521,11266,2025-12-04,Delivered,Website,SAVE10
52522,11111,2026-07-11,Delivered,Marketplace,NONE
52523,12488,2026-03-08,Delivered,Website,WELCOME5
52524,14803,2024-03-14,Delivered,Mobile App,NONE
52525,11643,2025-07-25,Shipped,Website,NONE
52526,13672,2025-03-20,Shipped,Mobile App,SAVE10
52527,13664,2025-05-21,Delivered,Website,WELCOME5
52528,13819,2026-02-06,Shipped,Mobile App,SAVE10
52529,13113,2024-11-13,Processing,Website,NONE
52530,13702,2025-06-12,Delivered,Website,NONE
52531,13808,2026-05-10,Processing,Website,FEST15
52532,13415,2025-07-02,Processing,Marketplace,NONE
52533,12793,2025-06-22,Delivered,Mobile App,NONE
52534,10457,2026-06-02,Processing,Website,BIG20
52535,12541,2024-01-29,Cancelled,Website,NONE
52536,13769,2024-12-30,Delivered,Marketplace,NONE
52537,11710,2025-04-22,Delivered,Website,SAVE10
52538,11245,2024-01-03,Delivered,Website,NONE
52539,12972,2025-04-05,Delivered,Website,WELCOME5
52540,10663,2026-06-16,Delivered,Website,FEST15
52541,13596,2026-02-03,Delivered,Marketplace,NONE
52542,14916,2024-02-02,Delivered,Mobile App,NONE
52543,12422,2026-04-30,Delivered,website,FEST15
52544,10140,2026-02-12,Delivered,Mobile App,FEST15
52545,11358,2026-04-30,Delivered,Mobile App,SAVE10
52546,10159,2024-05-15,Processing,Website,SAVE10
52547,12297,2026-05-20,Delivered,Website,WELCOME5
52548,11550,2024-01-21,Delivered,Website,NONE
52549,13867,2024-02-03,Delivered,Website,NONE
52550,14222,2024-12-10,Delivered,Website,NONE
52551,12175,2026-03-01,Delivered,Website,NONE
52552,14890,2026-04-18,Delivered,Website,NONE
52553,12248,2025-09-06,Delivered,Mobile App,SAVE10
52554,10593,2024-02-05,Delivered,Website,NONE
52555,14542,2026-04-27,Shipped,Mobile App,NONE
52556,11978,2024-09-11,Delivered,Mobile App,WELCOME5
52557,14428,2025-12-23,Processing,Mobile App,NONE
52558,13672,2024-09-27,Delivered,Website,NONE
52559,14699,2025-07-02,Delivered,Website,FEST15
52560,13228,2024-04-01,Delivered,Website,NONE
52561,12964,2026-08-25,Delivered,Website,NONE
52562,11167,2024-03-30,Processing,Website,FEST15
52563,11397,2026-07-16,Delivered,Website,BIG20
52564,11647,2026-05-30,Delivered,Mobile App,FEST15
52565,11549,2024-05-25,Shipped,Mobile App,WELCOME5
52566,12972,2025-11-05,Delivered,Website,BIG20
52567,14351,2024-11-29,Delivered,Mobile App,WELCOME5
52568,10178,2024-10-28,Delivered,Website,SAVE10
52569,13093,2024-11-13,Shipped,Mobile App,NONE
52570,13792,2024-08-19,Processing,Mobile App,NONE
52571,12217,2026-07-21,Delivered,Website,SAVE10
52572,11378,2024-02-11,Delivered,Website,NONE
52573,12163,2024-12-09,Delivered,Marketplace,NONE
52574,14142,2024-12-14,Delivered,Website,FEST15
52575,14573,2025-02-10,Delivered,Website,FEST15
52576,13419,2024-10-19,Delivered,Website,NONE
52577,12429,2025-10-05,Delivered,Mobile App,SAVE10
52578,13228,2026-06-08,Delivered,Website,BIG20
52579,13385,2025-10-08,Delivered,Website,WELCOME5
52580,13837,2024-08-01,Delivered,Website,NONE
52581,10724,2026-08-25,Delivered,Website,WELCOME5
52582,10376,2025-01-27,Delivered,Website,WELCOME5
52583,11729,2024-10-27,Shipped,Website,NONE
52584,11300,2025-10-23,Delivered,Mobile App,BIG20
52585,13074,2026-08-03,Delivered,Website,NONE
52586,12609,2024-11-07,Processing,Marketplace,FEST15
52587,14593,2024-07-13,Delivered,Website,NONE
52588,13886,2026-01-28,Shipped,Website,NONE
52589,10739,2025-04-07,Shipped,Website,NONE
52590,14246,2025-12-05,Delivered,Mobile App,NONE
52591,13854,2025-03-16,Delivered,Website,SAVE10
52592,11911,2024-02-04,Delivered,Website,NONE
52593,10290,2024-12-16,Delivered,Marketplace,NONE
52594,13969,2026-04-10,Delivered,Website,SAVE10
52595,10966,2026-06-27,Delivered,Marketplace,NONE
52596,11102,2024-12-18,Delivered,Website,NONE
52597,12353,2025-11-03,Delivered,Website,NONE
52598,10413,2024-04-02,Delivered,Mobile App,NONE
52599,11997,2024-07-29,Delivered,Website,NONE
52600,11233,2025-11-08,Delivered,Website,WELCOME5
52601,10265,2024-02-10,Delivered,Mobile App,FEST15
52602,14516,2025-12-25,Processing,Mobile App,NONE
52603,11304,2026-07-23,Delivered,Website,BIG20
52604,12721,2024-03-09,Processing,Mobile App,WELCOME5
52605,14084,2025-07-18,Delivered,Website,WELCOME5
52606,12407,2024-12-09,Shipped,Website,FEST15
52607,11465,2025-09-15,Delivered,Website,FEST15
52608,13717,2026-05-18,Delivered,Marketplace,NONE
52609,13461,2024-03-19,Delivered,Website,NONE
52610,10051,2025-10-11,Shipped,Marketplace,NONE
52611,14096,2024-06-26,Delivered,Website,FEST15
52612,10592,2025-06-01,Delivered,Website,NONE
52613,13688,2025-03-04,Shipped,Mobile app ,NONE
52614,10499,2025-05-03,Delivered,Website,NONE
52615,10328,2026-01-12,Delivered,Website,FEST15
52616,10609,2025-08-13,Delivered,Website,SAVE10
52617,13704,2024-12-01,Delivered,Website,NONE
52618,12268,2025-09-25,Delivered,Website,NONE
52619,13008,2025-08-02,Delivered,Website,SAVE10
52620,11404,2024-03-07,Delivered,Website,NONE
52621,10600,2025-08-18,Shipped,Mobile App,NONE
52622,13929,2024-11-20,Delivered,Mobile App,NONE
52623,14164,2024-05-21,Delivered,Marketplace,NONE
52624,14196,2025-05-25,Delivered,Website,NONE
52625,10325,2025-05-16,Shipped,Website,NONE
52626,14625,2025-12-09,Processing,Website,WELCOME5
52627,12710,2025-02-23,Cancelled,Website,NONE
52628,10981,2025-12-21,Delivered,Website,FEST15
52629,10994,2024-09-30,Processing,Website,SAVE10
52630,12515,2025-08-10,Delivered,Mobile App,NONE
52631,13018,2026-07-22,Delivered,Website,NONE
52632,10244,2025-07-22,Delivered,Marketplace,SAVE10
52633,12481,2025-10-22,Delivered,Marketplace,NONE
52634,11200,2024-12-22,Delivered,Mobile App,NONE
52635,14590,2025-10-17,Delivered,Website,NONE
52636,13076,2026-03-20,Delivered,Mobile App,FEST15
52637,11860,2026-04-26,Delivered,Website,NONE
52638,12112,2026-06-07,Processing,Mobile App,SAVE10
52639,14187,2024-10-24,Delivered,Website,NONE
52640,13454,2026-03-31,Delivered,Marketplace,SAVE10
52641,11938,2024-12-03,Delivered,Website,NONE
52642,14197,2026-04-25,Delivered,Mobile App,NONE
52643,13109,2024-01-06,Delivered,Mobile App,FEST15
52644,10298,2026-05-31,Delivered,Mobile App,FEST15
52645,13154,2024-07-28,Shipped,Website,NONE
52646,14694,2024-07-15,Processing,Mobile App,NONE
52647,14317,2025-06-26,Delivered,Marketplace,FEST15
52648,10213,2025-05-13,Delivered,Website,NONE
52649,14410,2024-06-01,Delivered,Website,NONE
52650,14909,2025-06-02,Shipped,Marketplace,WELCOME5
52651,10814,2026-02-16,Delivered,Marketplace,NONE
52652,13189,2025-04-15,Delivered,Website,WELCOME5
52653,13776,2025-07-17,Delivered,Website,NONE
52654,10217,2026-04-03,Delivered,Website,NONE
52655,14139,2024-06-23,Delivered,Mobile App,NONE
52656,11969,2024-11-11,Delivered,Marketplace,NONE
52657,11497,2026-05-17,Shipped,Website,NONE
52658,11292,2024-06-05,Delivered,Marketplace,FEST15
52659,12529,2024-09-03,Delivered,Website,NONE
52660,13993,2024-09-23,Processing,Website,NONE
52661,14108,2026-03-10,Delivered,Website,WELCOME5
52662,11128,2024-05-18,Delivered,Marketplace,BIG20
52663,14135,2024-12-29,Delivered,Website,NONE
52664,14132,2025-01-27,Delivered,Marketplace,NONE
52665,10307,2024-03-19,Delivered,Mobile App,NONE
52666,11562,2024-04-23,Delivered,Marketplace,SAVE10
52667,10076,2024-12-30,Delivered,Mobile App,FEST15
52668,14946,2024-03-25,Delivered,Mobile App,FEST15
52669,12362,2026-08-07,Delivered,Website,WELCOME5
52670,11353,2025-03-13,Delivered,Website,NONE
52671,14472,2024-01-07,Delivered,Mobile App,BIG20
52672,13425,2025-08-06,Delivered,Website,SAVE10
52673,14702,2026-01-02,Delivered,Website,FEST15
52674,14001,2025-08-12,Delivered,Website,SAVE10
52675,14778,2025-07-08,Processing,Mobile App,NONE
52676,11083,2024-03-30,Delivered,Website,WELCOME5
52677,11021,2025-12-08,Delivered,Website,NONE
52678,10379,2026-07-31,Delivered,Website,NONE
52679,11715,2024-12-19,Delivered,Website,WELCOME5
52680,12757,2024-04-28,Delivered,Mobile App,NONE
52681,12826,2024-07-26,Delivered,Website,BIG20
52682,13386,2025-10-02,Delivered,Mobile App,WELCOME5
52683,13667,2025-09-15,Delivered,Mobile App,SAVE10
52684,14087,2026-05-11,Shipped,Website,WELCOME5
52685,12600,2025-01-28,Delivered,Website,FEST15
52686,11364,2026-05-08,Delivered,Website,SAVE10
52687,12197,2024-09-24,Delivered,Website,SAVE10
52688,14362,2025-05-11,Cancelled,Mobile App,FEST15
52689,14080,2025-09-30,Delivered,Mobile App,NONE
52690,14579,2024-09-26,Delivered,Marketplace,SAVE10
52691,12701,2024-12-23,Delivered,Marketplace,NONE
52692,13896,2026-03-14,Delivered,Website,WELCOME5
52693,12066,2025-07-14,Delivered,Mobile App,SAVE10
52694,10038,2025-08-17,Delivered,Website,NONE
52695,13720,2025-08-27,Delivered,Website,BIG20
52696,10437,2026-02-06,Cancelled,Mobile App,BIG20
52697,13177,2026-07-31,Delivered,Mobile App,SAVE10
52698,14989,2025-01-22,Processing,Marketplace,NONE
52699,10129,2024-12-09,Delivered,Marketplace,WELCOME5
52700,13670,2026-06-05,Delivered,Website,WELCOME5
52701,14341,2025-04-09,Processing,Mobile App,NONE
52702,13134,2026-06-20,Shipped,Marketplace,NONE
52703,13450,2026-05-05,Delivered,Mobile App,BIG20
52704,14507,2025-12-16,Delivered,Mobile App,WELCOME5
52705,13887,2025-11-29,Delivered,Mobile App,BIG20
52706,10199,2026-07-03,Processing,Mobile App,FEST15
52707,13871,2024-09-22,Delivered,Website,NONE
52708,13787,2025-03-15,Delivered,Website,FEST15
52709,11141,2025-06-13,Cancelled,Website,NONE
52710,13274,2024-07-07,Delivered,Marketplace,SAVE10
52711,14210,2025-05-16,Delivered,Website,NONE
52712,14242,2025-09-28,Delivered,Website,WELCOME5
52713,14355,2025-05-03,Delivered,Website,SAVE10
52714,13890,2025-09-25,Delivered,Website,NONE
52715,10611,2024-04-08,Delivered,Marketplace,NONE
52716,12425,2025-04-21,Delivered,Website,FEST15
52717,11166,2026-06-20,Processing,Mobile App,WELCOME5
52718,10355,2024-09-09,Delivered,Marketplace,BIG20
52719,11318,2025-03-18,Delivered,Marketplace,WELCOME5
52720,14548,2025-08-28,Delivered,Marketplace,NONE
52721,12991,2025-08-29,Delivered,Mobile App,SAVE10
52722,13818,2024-06-24,Delivered,Website,FEST15
52723,12515,2024-04-19,Cancelled,Mobile App,NONE
52724,11782,2025-12-31,Delivered,Mobile App,NONE
52725,12415,2025-06-01,Delivered,Website,FEST15
52726,14920,2026-05-29,Delivered,Mobile App,BIG20
52727,11435,2026-08-18,Delivered,Marketplace,NONE
52728,11556,2024-06-10,Delivered,Website,FEST15
52729,14236,2024-12-16,Delivered,Marketplace,NONE
52730,11853,2026-03-06,Delivered,Mobile App,NONE
52731,14520,2024-10-12,Shipped,Website,NONE
52732,14874,2024-07-11,Delivered,Website,FEST15
52733,10331,2024-05-31,Delivered,Website,NONE
52734,13341,2025-04-30,Delivered,Website,FEST15
52735,10471,2025-01-05,Delivered,Website,NONE
52736,14396,2026-06-20,Delivered,Website,NONE
52737,10577,2026-07-24,Delivered,Website,FEST15
52738,14439,2024-03-21,Delivered,Website,NONE
52739,13847,2026-05-26,Delivered,Website,NONE
52740,12683,2024-03-28,Delivered,Marketplace,FEST15
52741,11040,2025-11-28,Delivered,Mobile App,NONE
52742,11335,2026-07-18,Shipped,Marketplace,NONE
52743,12157,2024-12-01,Delivered,Mobile App,SAVE10
52744,14238,2024-06-03,Delivered,Website,SAVE10
52745,14489,2024-03-04,Processing,Mobile App,BIG20
52746,12510,2024-11-27,Delivered,Mobile App,NONE
52747,11165,2026-07-12,Delivered,Mobile App,SAVE10
52748,12822,2025-03-21,Delivered,Website,NONE
52749,14159,2025-02-09,Processing,Website,NONE
52750,12707,2024-01-07,Delivered,Website,FEST15
52751,14453,2025-10-08,Delivered,Website,BIG20
52752,10048,2024-07-01,Shipped,Marketplace,NONE
52753,12510,2025-10-30,Cancelled,Mobile App,NONE
52754,10230,2026-03-14,Processing,Website,SAVE10
52755,13059,2026-01-21,Delivered,Website,SAVE10
52756,13082,2025-05-18,Delivered,Website,WELCOME5
52757,11562,2025-09-22,Delivered,Website,NONE
52758,13973,2025-01-17,Delivered,Mobile App,SAVE10
52759,14757,2025-11-18,Delivered,Website,NONE
52760,12286,2025-10-23,Delivered,Website,FEST15
52761,12175,2024-07-01,Delivered,Marketplace,SAVE10
52762,10953,2024-11-11,Delivered,Website,SAVE10
52763,10141,2026-01-22,Shipped,Marketplace,NONE
52764,12034,2025-03-01,Delivered,Mobile App,NONE
52765,12208,2024-08-16,Delivered,Website,NONE
52766,13842,2026-08-21,Delivered,Mobile App,NONE
52767,14311,2026-04-21,Delivered,Mobile App,NONE
52768,10544,2026-01-21,Delivered,Marketplace,NONE
52769,10763,2025-02-13,Shipped,Website,NONE
52770,12801,2025-06-21,Shipped,Mobile App,NONE
52771,11878,2026-07-06,Delivered,Mobile App,NONE
52772,13512,2025-05-25,Delivered,Website,NONE
52773,11613,2026-03-11,Delivered,Mobile App,NONE
52774,12080,2026-03-29,Delivered,Website,FEST15
52775,12221,2026-02-19,Delivered,Website,BIG20
52776,13007,2025-08-05,Delivered,Website,NONE
52777,10349,2024-11-30,Delivered,Website,NONE
52778,14418,2024-11-25,Delivered,Mobile App,NONE
52779,11695,2026-02-25,Delivered,Marketplace,NONE
52780,11065,2025-02-09,Cancelled,Website,NONE
52781,13203,2024-08-27,Delivered,Website,NONE
52782,10676,2024-06-26,Delivered,Website,NONE
52783,12951,2025-08-20,Delivered,Marketplace,NONE
52784,10305,2026-07-19,Delivered,Mobile App,NONE
52785,11319,2025-01-02,Delivered,Marketplace,NONE
52786,13632,2025-09-24,Delivered,Mobile App,NONE
52787,11860,2024-10-26,Processing,Mobile App,NONE
52788,14503,2025-01-21,Delivered,Marketplace,NONE
52789,11779,2025-01-30,Delivered,Website,NONE
52790,13452,2024-12-15,Delivered,Marketplace,SAVE10
52791,10150,2026-04-02,Delivered,Website,NONE
52792,14883,2026-05-29,Cancelled,Marketplace,NONE
52793,13080,2024-09-18,Delivered,Website,NONE
52794,13541,2024-12-15,Delivered,Website,SAVE10
52795,11627,2024-01-20,Delivered,Website,WELCOME5
52796,11443,2026-01-03,Delivered,Website,NONE
52797,12184,2025-11-17,Delivered,Website,SAVE10
52798,11278,2026-03-21,Delivered,Website,NONE
52799,10104,2025-06-27,Delivered,Website,NONE
52800,13334,2026-06-01,Delivered,Website,NONE
52801,13584,2024-05-16,Delivered,Website,NONE
52802,13380,2024-12-27,Delivered,Mobile App,NONE
52803,12770,2025-03-10,Delivered,Website,NONE
52804,12620,2026-01-12,Delivered,Mobile App,WELCOME5
52805,14928,2024-07-31,Delivered,Mobile App,NONE
52806,12635,2024-11-13,Delivered,Website,SAVE10
52807,13530,2024-04-01,Delivered,Website,NONE
52808,12084,2026-07-04,Delivered,Mobile App,SAVE10
52809,10166,2025-03-15,Delivered,Mobile App,FEST15
52810,11750,2024-01-11,Delivered,Website,NONE
52811,13607,2024-08-16,Delivered,Mobile App,NONE
52812,13171,2025-07-07,Delivered,Website,NONE
52813,13469,2025-04-21,Delivered,Mobile App,WELCOME5
52814,13738,2025-05-09,Shipped,Mobile App,NONE
52815,11092,2024-03-01,Delivered,Website,NONE
52816,14068,2026-05-01,Shipped,Mobile App,NONE
52817,13573,2026-03-15,Delivered,Marketplace,SAVE10
52818,11540,2024-07-28,Cancelled,Mobile App,NONE
52819,12519,2024-12-21,Shipped,Website,NONE
52820,14289,2024-03-25,Delivered,Website,NONE
52821,10836,2024-05-03,Delivered,Website,NONE
52822,11514,2026-04-01,Delivered,Marketplace,WELCOME5
52823,10961,2024-04-20,Processing,Mobile App,SAVE10
52824,11525,2024-12-05,Delivered,Website,WELCOME5
52825,11024,2026-08-21,Delivered,Marketplace,SAVE10
52826,14031,2024-11-11,Delivered,Mobile App,SAVE10
52827,14956,2025-10-28,Shipped,Website,WELCOME5
52828,14847,2024-04-12,Processing,Mobile App,NONE
52829,11791,2026-04-27,Delivered,Marketplace,FEST15
52830,14662,2026-06-11,Delivered,Mobile App,NONE
52831,10409,2026-06-04,Delivered,Website,NONE
52832,10556,2025-09-05,Delivered,Mobile app ,NONE
52833,11628,2026-07-31,Cancelled,Website,NONE
52834,11443,2025-11-02,Delivered,Website,NONE
52835,14589,2024-12-30,Delivered,Mobile App,NONE
52836,13800,2026-05-20,Delivered,Website,SAVE10
52837,13767,2024-09-22,Cancelled,Website,SAVE10
52838,14032,2026-03-29,Delivered,Mobile App,NONE
52839,13627,2026-06-21,Cancelled,Website,BIG20
52840,12522,2025-03-14,Delivered,Website,SAVE10
52841,10294,2024-08-13,Delivered,Mobile App,NONE
52842,10081,2024-06-03,Delivered,Marketplace,NONE
52843,14879,2025-06-05,Shipped,Website,WELCOME5
52844,12510,2025-10-14,Delivered,Marketplace,NONE
52845,14766,2025-07-26,Delivered,Website,NONE
52846,10156,2025-09-23,Delivered,Website,NONE
52847,13180,2024-01-25,Delivered,Mobile App,NONE
52848,11407,2024-02-15,Shipped,Website,FEST15
52849,11822,2024-09-12,Shipped,Mobile App,SAVE10
52850,13285,2026-05-22,Delivered,Mobile App,NONE
52851,12477,2025-05-03,Delivered,Mobile App,NONE
52852,10674,2024-11-21,Delivered,Mobile App,BIG20
52853,14999,2025-10-07,Delivered,Mobile App,SAVE10
52854,13563,2025-02-19,Shipped,Website,FEST15
52855,11804,2024-05-19,Delivered,Mobile App,NONE
52856,13107,2025-05-13,Cancelled,Website,BIG20
52857,10758,2025-11-07,Delivered,Mobile App,FEST15
52858,12149,2026-06-03,Delivered,Mobile App,NONE
52859,12125,2024-12-22,Delivered,Website,WELCOME5
52860,11861,2024-06-14,Delivered,Website,NONE
52861,12419,2026-04-19,Cancelled,Mobile App,NONE
52862,14574,2024-12-23,Delivered,Mobile App,NONE
52863,10035,2024-06-02,Delivered,Website,FEST15
52864,12766,2025-05-01,Cancelled,Mobile App,NONE
52865,14704,2024-02-28,Delivered,Marketplace,NONE
52866,14445,2026-08-20,Delivered,Website,NONE
52867,14488,2026-01-26,Shipped,Website,BIG20
52868,12063,2025-03-02,Delivered,Mobile App,NONE
52869,12836,2025-06-12,Delivered,Website,NONE
52870,12974,2025-01-21,Delivered,Mobile App,FEST15
52871,14189,2025-03-30,Delivered,Website,NONE
52872,14774,2026-06-25,Delivered,Marketplace,NONE
52873,11275,2025-12-05,Shipped,Mobile App,WELCOME5
52874,10621,2025-10-03,Delivered,Mobile App,NONE
52875,11325,2026-08-05,Shipped,Mobile App,NONE
52876,11314,2024-06-07,Shipped,Website,NONE
52877,11502,2026-05-31,Delivered,Website,FEST15
52878,14584,2024-06-19,Delivered,Website,NONE
52879,11077,2024-09-08,Shipped,Mobile App,FEST15
52880,12111,2025-09-17,Delivered,Mobile App,NONE
52881,11789,2024-05-12,Delivered,Website,NONE
52882,11361,2025-03-29,Delivered,Marketplace,WELCOME5
52883,10983,2024-11-21,Delivered,Website,NONE
52884,14987,2024-01-09,Delivered,Website,NONE
52885,13133,2024-06-27,Shipped,Mobile App,WELCOME5
52886,10512,2025-03-11,Delivered,Mobile App,NONE
52887,13275,2024-03-22,Delivered,Website,SAVE10
52888,13058,2026-06-30,Processing,Mobile App,FEST15
52889,11796,2025-02-20,Delivered,Website,NONE
52890,13941,2025-12-25,Delivered,Website,NONE
52891,14012,2024-07-17,Processing,Mobile App,NONE
52892,13934,2025-06-25,Delivered,Mobile App,SAVE10
52893,13196,2024-04-20,Delivered,Website,NONE
52894,12210,2024-07-08,Shipped,Website,NONE
52895,11035,2025-10-25,Delivered,Website,NONE
52896,10220,2024-11-21,Delivered,Website,SAVE10
52897,14592,2026-08-11,Shipped,Marketplace,WELCOME5
52898,14206,2026-08-24,Delivered,Mobile App,FEST15
52899,11007,2024-05-07,Processing,Website,SAVE10
52900,14014,2025-10-01,Delivered,Marketplace,NONE
52901,10240,2026-01-29,Shipped,Marketplace,NONE
52902,11187,2024-09-24,Delivered,Website,NONE
52903,10752,2026-03-27,Delivered,Website,SAVE10
52904,11703,2025-12-16,Delivered,Website,SAVE10
52905,11599,2024-11-10,Delivered,Mobile App,NONE
52906,12563,2024-03-29,Delivered,Website,SAVE10
52907,12294,2025-03-05,Delivered,Mobile App,FEST15
52908,10571,2024-12-25,Shipped,Website,SAVE10
52909,10750,2025-05-27,Delivered,Mobile App,BIG20
52910,14103,2024-08-10,Delivered,Website,NONE
52911,12741,2024-10-29,Delivered,Website,SAVE10
52912,14611,2026-05-19,Delivered,Mobile App,NONE
52913,10654,2026-03-28,Delivered,Marketplace,NONE
52914,11541,2025-12-14,Delivered,Website,NONE
52915,10790,2024-12-08,Delivered,Mobile App,NONE
52916,14621,2025-04-27,Delivered,Mobile App,NONE
52917,10795,2024-10-11,Delivered,Mobile App,WELCOME5
52918,14005,2025-01-30,Delivered,Mobile App,NONE
52919,10962,2025-05-16,Delivered,Website,FEST15
52920,13640,2026-04-12,Delivered,Website,SAVE10
52921,12277,2026-02-11,Delivered,Mobile App,WELCOME5
52922,14846,2024-07-08,Delivered,Mobile App,NONE
52923,10350,2026-07-06,Delivered,Mobile App,NONE
52924,11624,2024-03-13,Delivered,Website,FEST15
52925,13616,2024-02-16,Processing,Website,FEST15
52926,14579,2026-04-06,Delivered,Mobile App,NONE
52927,12696,2024-10-01,Delivered,Mobile App,NONE
52928,10493,2026-04-10,Delivered,Mobile App,NONE
52929,13147,2024-03-07,Delivered,Website,WELCOME5
52930,12391,2024-08-23,Delivered,Mobile App,SAVE10
52931,13875,2026-03-11,Delivered,Mobile App,BIG20
52932,12761,2024-07-08,Delivered,Website,NONE
52933,14490,2025-05-18,Processing,Website,NONE
52934,10615,2025-11-30,Delivered,Website,FEST15
52935,13120,2024-12-04,Shipped,Website,FEST15
52936,13687,2024-05-19,Delivered,Mobile App,NONE
52937,12030,2026-03-19,Shipped,Website,NONE
52938,12376,2025-08-26,Shipped,Website,NONE
52939,13477,2026-06-03,Delivered,Mobile App,SAVE10
52940,12278,2025-11-11,Delivered,Marketplace,NONE
52941,11963,2025-12-23,Delivered,Mobile App,NONE
52942,12908,2025-08-26,Shipped,Mobile App,SAVE10
52943,14019,2025-10-11,Delivered,Website,SAVE10
52944,10674,2025-02-18,Delivered,Website,NONE
52945,14370,2026-06-17,Delivered,Website,FEST15
52946,11001,2026-03-02,Delivered,Website,NONE
52947,10489,2024-08-23,Delivered,Mobile App,NONE
52948,10904,2026-06-21,Delivered,Mobile App,BIG20
52949,10384,2024-08-14,Delivered,Website,NONE
52950,14760,2025-11-15,Delivered,Website,NONE
52951,11460,2026-06-12,Delivered,Mobile App,NONE
52952,13866,2025-02-10,Processing,Mobile App,NONE
52953,10913,2024-06-28,Cancelled,Mobile App,FEST15
52954,12646,2026-08-23,Shipped,Marketplace,NONE
52955,12130,2026-02-08,Delivered,Website,SAVE10
52956,13298,2025-03-11,Delivered,Website,SAVE10
52957,14943,2026-08-19,Delivered,Website,NONE
52958,13250,2024-04-22,Delivered,Website,FEST15
52959,13510,2025-05-26,Processing,Website,NONE
52960,11312,2024-06-26,Shipped,Mobile App,FEST15
52961,10610,2024-06-28,Cancelled,Website,SAVE10
52962,10434,2024-12-03,Shipped,Mobile App,BIG20
52963,11501,2025-07-10,Delivered,Website,NONE
52964,12775,2024-06-14,Delivered,Mobile App,NONE
52965,10303,2025-05-19,Shipped,Mobile App,NONE
52966,11316,2026-01-24,Delivered,Website,NONE
52967,13157,2024-05-22,Shipped,Website,WELCOME5
52968,14368,2024-01-14,Delivered,Mobile App,SAVE10
52969,14948,2025-12-25,Delivered,Mobile App,NONE
52970,11181,2025-01-28,Delivered,Website,FEST15
52971,10511,2024-07-03,Delivered,Website,NONE
52972,12865,2026-05-01,Delivered,website,NONE
52973,14691,2025-02-18,Delivered,Website,NONE
52974,12101,2024-04-24,Delivered,Website,WELCOME5
52975,14521,2024-10-26,Delivered,Mobile App,NONE
52976,13715,2025-07-12,Delivered,Website,NONE
52977,14494,2024-10-09,Delivered,Mobile App,BIG20
52978,14754,2026-06-24,Delivered,Mobile App,FEST15
52979,10537,2025-08-31,Delivered,Mobile App,FEST15
52980,12058,2024-03-10,Delivered,Mobile App,NONE
52981,10250,2024-12-02,Delivered,Marketplace,NONE
52982,10222,2024-12-05,Delivered,Marketplace,NONE
52983,12376,2024-05-21,Shipped,Mobile App,WELCOME5
52984,13308,2024-02-06,Delivered,Mobile App,BIG20
52985,14431,2024-04-18,Delivered,Website,SAVE10
52986,10646,2025-10-23,Delivered,Marketplace,WELCOME5
52987,10167,2024-08-28,Delivered,Mobile App,NONE
52988,10523,2025-02-08,Delivered,Website,NONE
52989,14634,2024-05-18,Delivered,Website,FEST15
52990,13308,2026-07-07,Delivered,Mobile App,WELCOME5
52991,12407,2026-08-14,Delivered,Website,WELCOME5
52992,10515,2025-11-01,Processing,Mobile App,NONE
52993,11855,2024-11-17,Delivered,Marketplace,BIG20
52994,10644,2025-08-06,Delivered,Website,NONE
52995,10151,2025-01-09,Delivered,Mobile App,NONE
52996,12196,2026-06-02,Delivered,Marketplace,NONE
52997,12514,2025-08-09,Delivered,Mobile App,NONE
52998,12262,2024-05-05,Delivered,Website,NONE
52999,14358,2024-04-03,Cancelled,Mobile App,SAVE10
53000,14569,2026-01-29,Delivered,Website,BIG20
53001,10609,2025-12-06,Delivered,Website,BIG20
53002,11381,2025-12-08,Delivered,Marketplace,NONE
53003,12505,2024-11-19,Delivered,Marketplace,NONE
53004,12005,2025-10-15,Delivered,Mobile App,NONE
53005,12180,2024-09-20,Delivered,Website,NONE
53006,13538,2025-09-10,Delivered,Website,NONE
53007,10900,2024-11-14,Delivered,Website,NONE
53008,14136,2024-04-30,Delivered,Mobile App,NONE
53009,11324,2026-03-18,Delivered,Mobile App,NONE
53010,11746,2026-02-28,Processing,Mobile App,FEST15
53011,11109,2026-01-30,Delivered,Mobile App,FEST15
53012,13156,2025-09-08,Delivered,Website,FEST15
53013,13478,2025-09-11,Shipped,Website,NONE
53014,13121,2026-01-18,Shipped,Marketplace,NONE
53015,12468,2025-06-30,Delivered,Marketplace,BIG20
53016,11517,2026-04-29,Delivered,Mobile App,BIG20
53017,13439,2026-01-13,Shipped,Marketplace,BIG20
53018,10594,2025-06-10,Delivered,Mobile App,WELCOME5
53019,11560,2025-07-23,Delivered,Mobile App,SAVE10
53020,13413,2026-07-17,Delivered,Mobile App,WELCOME5
53021,13462,2025-05-04,Delivered,Website,WELCOME5
53022,11341,2024-04-15,Delivered,Marketplace,SAVE10
53023,11707,2026-03-29,Delivered,Website,NONE
53024,11592,2024-01-04,Delivered,Website,NONE
53025,14434,2024-08-27,Processing,Website,SAVE10
53026,12862,2024-11-16,Shipped,Mobile App,SAVE10
53027,10594,2024-01-26,Delivered,Mobile App,NONE
53028,10805,2024-07-29,Delivered,Mobile App,NONE
53029,10346,2024-06-19,Delivered,Mobile App,NONE
53030,11208,2025-06-21,Delivered,Mobile App,BIG20
53031,11112,2026-05-04,Shipped,Mobile App,NONE
53032,12231,2024-09-28,Cancelled,Website,WELCOME5
53033,13737,2025-01-14,Delivered,Website,SAVE10
53034,14393,2025-10-29,Delivered,Website,NONE
53035,12793,2025-10-16,Processing,Mobile App,NONE
53036,13862,2026-07-05,Delivered,Website,FEST15
53037,13275,2025-05-21,Delivered,Marketplace,SAVE10
53038,11588,2026-01-16,Delivered,Website,WELCOME5
53039,13060,2026-03-31,Delivered,Mobile App,BIG20
53040,11511,2025-02-11,Delivered,Website,FEST15
53041,11545,2026-03-22,Delivered,Website,FEST15
53042,14937,2026-08-13,Delivered,Website,NONE
53043,14554,2024-04-25,Delivered,Mobile App,FEST15
53044,13267,2026-01-18,Delivered,Website,SAVE10
53045,12966,2025-08-27,Delivered,Website,NONE
53046,13428,2026-02-25,Shipped,Website,FEST15
53047,13765,2025-06-16,Cancelled,Mobile App,NONE
53048,10276,2024-07-17,Processing,Website,SAVE10
53049,11793,2025-02-19,Delivered,Marketplace,SAVE10
53050,10525,2025-10-28,Processing,Website,FEST15
53051,12646,2026-05-19,Delivered,Website,NONE
53052,11473,2024-03-09,Delivered,Mobile App,NONE
53053,11651,2024-07-01,Delivered,Mobile App,FEST15
53054,14211,2024-08-16,Shipped,Website,NONE
53055,11021,2025-07-27,Delivered,Website,BIG20
53056,14554,2024-01-16,Delivered,Website,BIG20
53057,12105,2026-07-12,Shipped,Marketplace,BIG20
53058,10956,2025-11-15,Delivered,Marketplace,NONE
53059,10717,2026-05-28,Shipped,Marketplace,BIG20
53060,13571,2024-01-21,Delivered,Website,NONE
53061,14514,2024-09-23,Delivered,Mobile App,SAVE10
53062,14371,2025-03-11,Delivered,Mobile App,BIG20
53063,10852,2026-01-17,Delivered,Mobile App,NONE
53064,14395,2025-09-21,Delivered,Website,FEST15
53065,11128,2025-02-09,Shipped,Website,SAVE10
53066,12295,2024-10-22,Delivered,Website,NONE
53067,10028,2024-11-16,Delivered,Mobile App,NONE
53068,11294,2024-12-22,Delivered,Marketplace,NONE
53069,11600,2025-10-30,Delivered,Website,FEST15
53070,14782,2026-04-22,Delivered,Mobile App,FEST15
53071,11392,2025-04-07,Delivered,Website,BIG20
53072,11383,2026-05-24,Delivered,Website,FEST15
53073,11367,2024-10-17,Delivered,Mobile App,FEST15
53074,11264,2026-04-12,Delivered,Website,NONE
53075,12700,2024-01-01,Delivered,Mobile App,NONE
53076,11029,2025-12-28,Delivered,Website,NONE
53077,11453,2026-07-10,Processing,Website,NONE
53078,12663,2024-09-26,Delivered,Mobile App,WELCOME5
53079,13783,2025-10-23,Delivered,Mobile App,NONE
53080,10536,2024-03-13,Delivered,Marketplace,FEST15
53081,11743,2026-04-05,Delivered,Mobile App,BIG20
53082,12854,2025-04-19,Delivered,Website,NONE
53083,14584,2025-02-15,Delivered,Mobile App,NONE
53084,14719,2026-06-15,Cancelled,Mobile App,NONE
53085,14361,2026-06-16,Cancelled,Website,FEST15
53086,12525,2024-08-04,Delivered,Mobile App,NONE
53087,10491,2026-07-19,Delivered,Mobile App,NONE
53088,14827,2024-07-22,Processing,Marketplace,SAVE10
53089,13109,2026-02-26,Cancelled,Website,NONE
53090,14529,2026-01-26,Delivered,Mobile App,NONE
53091,14604,2025-05-03,Shipped,Mobile App,NONE
53092,13962,2025-07-28,Delivered,Website,NONE
53093,12102,2025-01-17,Delivered,Website,SAVE10
53094,13041,2025-01-27,Delivered,Website,NONE
53095,13456,2025-05-14,Delivered,Website,FEST15
53096,14404,2026-04-16,Processing,Website,NONE
53097,11131,2025-04-13,Delivered,Marketplace,NONE
53098,12775,2025-07-19,Delivered,Website,FEST15
53099,12980,2025-11-17,Delivered,Mobile App,NONE
53100,11037,2026-06-11,Delivered,Website,NONE
53101,12010,2026-04-14,Delivered,Website,SAVE10
53102,14626,2024-12-23,Shipped,Mobile App,NONE
53103,10081,2026-04-17,Delivered,Marketplace,BIG20
53104,12511,2025-03-06,Shipped,Website,FEST15
53105,13047,2024-04-01,Delivered,Mobile App,NONE
53106,14539,2024-03-13,Delivered,Marketplace,NONE
53107,11418,2024-07-18,Shipped,Website,NONE
53108,11966,2024-12-22,Delivered,Website,NONE
53109,10403,2025-01-23,Delivered,Website,NONE
53110,11679,2024-06-23,Delivered,Website,NONE
53111,14987,2024-06-21,Delivered,Website,FEST15
53112,13830,2024-02-01,Delivered,Mobile App,SAVE10
53113,12142,2026-06-03,Shipped,Website,NONE
53114,13173,2024-09-05,Delivered,Mobile App,NONE
53115,14823,2025-09-21,Delivered,Mobile App,NONE
53116,12199,2025-04-20,Delivered,Website,NONE
53117,11474,2024-12-15,Delivered,Marketplace,NONE
53118,14393,2024-08-27,Cancelled,Mobile App,NONE
53119,14253,2024-03-03,Delivered,Website,NONE
53120,12583,2024-04-15,Delivered,Website,SAVE10
53121,10060,2025-10-18,Delivered,Mobile App,SAVE10
53122,10064,2025-03-13,Delivered,Mobile App,NONE
53123,10588,2026-07-27,Delivered,Mobile App,SAVE10
53124,13467,2024-05-23,Delivered,Mobile App,SAVE10
53125,10878,2026-06-21,Cancelled,Mobile App,NONE
53126,10316,2024-03-24,Delivered,Mobile App,NONE
53127,13410,2025-12-11,Shipped,Website,SAVE10
53128,12406,2026-07-20,Cancelled,Mobile App,NONE
53129,12653,2024-05-29,Cancelled,Website,NONE
53130,10961,2025-04-06,Delivered,Website,NONE
53131,11074,2026-06-11,Shipped,Marketplace,NONE
53132,11210,2026-02-17,Delivered,Website,BIG20
53133,13221,2024-07-30,Delivered,Website,NONE
53134,14900,2024-06-14,Delivered,Website,NONE
53135,14579,2024-11-23,Delivered,Website,SAVE10
53136,10568,2025-03-23,Delivered,Website,NONE
53137,13399,2024-10-12,Delivered,Mobile App,WELCOME5
53138,13789,2024-03-28,Delivered,Website,BIG20
53139,10203,2025-04-27,Delivered,Marketplace,SAVE10
53140,13188,2025-02-03,Shipped,Website,NONE
53141,12223,2024-10-23,Delivered,Website,WELCOME5
53142,10976,2026-03-12,Delivered,Mobile App,NONE
53143,13949,2024-10-08,Delivered,Website,NONE
53144,14677,2026-05-15,Delivered,Website,FEST15
53145,12992,2024-01-11,Delivered,Mobile App,FEST15
53146,11008,2025-05-18,Delivered,Website,NONE
53147,12145,2026-07-10,Processing,Website,SAVE10
53148,12578,2024-10-04,Shipped,Website,WELCOME5
53149,14512,2025-09-27,Delivered,Website,WELCOME5
53150,13953,2025-12-12,Delivered,Marketplace,NONE
53151,13354,2024-11-28,Cancelled,Website,NONE
53152,13818,2025-09-11,Delivered,Website,BIG20
53153,13471,2025-09-24,Delivered,Mobile App,NONE
53154,11599,2025-04-01,Delivered,Website,WELCOME5
53155,10668,2024-12-31,Delivered,Marketplace,NONE
53156,14197,2025-04-06,Cancelled,Website,NONE
53157,12770,2024-05-24,Shipped,Website,NONE
53158,14811,2025-04-23,Processing,Mobile App,NONE
53159,13406,2024-11-11,Delivered,Website,WELCOME5
53160,12371,2024-11-25,Processing,Marketplace,NONE
53161,13234,2024-08-26,Delivered,Mobile App,FEST15
53162,13262,2025-05-18,Delivered,Website,SAVE10
53163,14908,2024-01-08,Delivered,Website,NONE
53164,11823,2024-02-25,Processing,Website,NONE
53165,11902,2024-07-21,Delivered,Website,SAVE10
53166,11771,2025-07-07,Delivered,Website,NONE
53167,10540,2024-09-06,Delivered,Website,FEST15
53168,12349,2025-04-26,Delivered,Mobile App,NONE
53169,12227,2024-05-23,Delivered,Mobile App,NONE
53170,10986,2025-02-11,Delivered,Website,SAVE10
53171,14076,2025-03-15,Delivered,Website,NONE
53172,13448,2024-11-10,Delivered,Website,NONE
53173,11208,2024-02-18,Delivered,Marketplace,SAVE10
53174,10828,2025-08-26,Delivered,Website,FEST15
53175,13091,2024-07-16,Delivered,Mobile App,SAVE10
53176,10026,2025-04-15,Shipped,Website,NONE
53177,10756,2025-11-19,Processing,Mobile App,SAVE10
53178,12198,2024-04-07,Delivered,Website,NONE
53179,14953,2025-10-20,Delivered,Website,SAVE10
53180,10383,2024-12-29,Delivered,Website,NONE
53181,12644,2025-05-03,Shipped,Marketplace,FEST15
53182,12813,2024-03-15,Delivered,Website,BIG20
53183,11260,2025-04-29,Delivered,Website,FEST15
53184,12602,2025-01-02,Delivered,Website,SAVE10
53185,13172,2024-06-21,Delivered,Mobile App,NONE
53186,10687,2025-05-31,Delivered,Website,NONE
53187,14771,2025-09-23,Delivered,Website,NONE
53188,11230,2025-01-14,Delivered,Website,NONE
53189,11844,2025-09-07,Shipped,Website,NONE
53190,10123,2024-11-27,Delivered,Mobile App,NONE
53191,12968,2026-03-16,Delivered,Website,NONE
53192,12970,2024-09-29,Delivered,Website,BIG20
53193,10581,2026-02-13,Delivered,Marketplace,NONE
53194,11465,2025-01-05,Delivered,Mobile App,NONE
53195,13834,2025-06-25,Delivered,Marketplace,BIG20
53196,13565,2024-03-08,Delivered,Website,NONE
53197,11537,2024-03-13,Cancelled,Marketplace,NONE
53198,13150,2026-08-22,Delivered,Mobile App,SAVE10
53199,13736,2024-01-08,Delivered,Website,FEST15
53200,11868,2025-06-22,Delivered,Website,WELCOME5
53201,10879,2025-03-19,Delivered,Website,SAVE10
53202,10109,2025-09-09,Delivered,Marketplace,NONE
53203,14774,2024-01-04,Delivered,Mobile App,NONE
53204,11601,2024-06-26,Delivered,Mobile App,NONE
53205,14031,2024-11-24,Delivered,Marketplace,NONE
53206,11625,2026-06-14,Delivered,Website,NONE
53207,13562,2024-12-05,Delivered,Website,FEST15
53208,11664,2025-07-08,Processing,Website,FEST15
53209,13037,2025-07-10,Delivered,Marketplace,NONE
53210,14768,2025-02-05,Delivered,Mobile App,NONE
53211,13769,2026-03-15,Delivered,Website,BIG20
53212,10823,2025-11-22,Cancelled,Marketplace,SAVE10
53213,12619,2025-03-06,Delivered,Mobile App,FEST15
53214,11351,2024-10-22,Delivered,Website,SAVE10
53215,11097,2024-09-26,Delivered,Website,NONE
53216,14162,2026-06-25,Delivered,Mobile App,FEST15
53217,14913,2024-05-02,Processing,Marketplace,NONE
53218,14626,2024-06-13,Delivered,Website,SAVE10
53219,14196,2024-09-10,Delivered,Mobile App,NONE
53220,12342,2026-03-19,Delivered,Website,WELCOME5
53221,12631,2025-10-29,Delivered,Website,SAVE10
53222,12701,2026-07-26,Delivered,Marketplace,NONE
53223,13682,2025-12-01,Delivered,Mobile App,FEST15
53224,10265,2025-04-21,Delivered,Marketplace,NONE
53225,14135,2024-02-09,Delivered,Website,FEST15
53226,14041,2026-04-30,Delivered,Website,NONE
53227,14976,2025-10-11,Delivered,Mobile App,NONE
53228,12973,2024-03-10,Delivered,Website,SAVE10
53229,12287,2026-07-30,Cancelled,Mobile App,NONE
53230,12396,2025-08-24,Processing,Website,NONE
53231,13101,2025-08-24,Delivered,Website,WELCOME5
53232,11513,2024-12-11,Delivered,Website,NONE
53233,13885,2024-11-16,Delivered,Website,NONE
53234,12219,2024-12-19,Delivered,Website,FEST15
53235,11409,2024-02-18,Shipped,Website,NONE
53236,13677,2025-03-12,Delivered,Marketplace,NONE
53237,11684,2024-03-01,Delivered,Website,NONE
53238,10404,2025-08-01,Delivered,Mobile App,BIG20
53239,12611,2024-07-19,Processing,Website,SAVE10
53240,12535,2025-08-20,Delivered,Website,WELCOME5
53241,11458,2024-12-28,Processing,Mobile App,BIG20
53242,10174,2024-09-26,Processing,Mobile App,NONE
53243,12379,2024-05-20,Delivered,Website,NONE
53244,13862,2025-01-07,Shipped,Website,NONE
53245,14008,2024-03-08,Delivered,Mobile App,FEST15
53246,11056,2024-08-30,Delivered,Website,SAVE10
53247,12152,2025-03-25,Delivered,Website,NONE
53248,14517,2025-09-05,Processing,Website,FEST15
53249,11723,2025-03-21,Delivered,Website,NONE
53250,12381,2024-04-08,Delivered,Marketplace,SAVE10
53251,13398,2025-11-30,Delivered,Website,NONE
53252,12287,2025-02-14,Delivered,Website,SAVE10
53253,14207,2025-08-30,Delivered,Mobile App,SAVE10
53254,11802,2026-08-07,Delivered,Website,FEST15
53255,12461,2024-02-17,Delivered,Marketplace,NONE
53256,12582,2026-08-17,Delivered,Website,NONE
53257,13722,2026-07-12,Delivered,Website,NONE
53258,11691,2025-05-17,Delivered,Mobile App,NONE
53259,11377,2024-01-27,Delivered,Mobile App,NONE
53260,11800,2024-08-28,Shipped,Website,WELCOME5
53261,11163,2024-08-07,Delivered,Website,NONE
53262,10979,2025-07-19,Delivered,Website,NONE
53263,14097,2025-11-01,Processing,Website,NONE
53264,11727,2025-04-18,Delivered,Website,NONE
53265,11351,2024-12-11,Delivered,Mobile App,SAVE10
53266,14059,2024-02-11,Delivered,Mobile App,BIG20
53267,13943,2026-06-29,Delivered,Mobile App,NONE
53268,11229,2026-08-17,Delivered,Website,FEST15
53269,11525,2024-02-01,Shipped,Mobile App,NONE
53270,14107,2024-11-13,Delivered,Website,NONE
53271,11390,2026-08-11,Delivered,Mobile App,WELCOME5
53272,14307,2025-01-22,Delivered,Website,NONE
53273,13089,2025-08-27,Delivered,Mobile App,NONE
53274,13332,2025-05-13,Delivered,Website,WELCOME5
53275,12670,2025-09-06,Shipped,Mobile App,SAVE10
53276,10154,2026-05-03,Delivered,Website,NONE
53277,14123,2025-01-03,Delivered,Mobile App,NONE
53278,12806,2026-02-14,Delivered,Website,WELCOME5
53279,10865,2025-03-18,Delivered,Website,NONE
53280,14166,2024-07-18,Delivered,Mobile App,NONE
53281,11468,2024-03-13,Delivered,Mobile App,NONE
53282,11829,2025-11-25,Delivered,Mobile App,NONE
53283,13196,2025-08-07,Delivered,Website,NONE
53284,11415,2026-04-28,Delivered,Mobile App,FEST15
53285,10033,2024-08-16,Delivered,Mobile App,NONE
53286,11607,2025-11-23,Delivered,Website,SAVE10
53287,13416,2024-01-23,Delivered,Website,BIG20
53288,12116,2024-05-15,Delivered,Website,NONE
53289,13562,2025-07-30,Delivered,Mobile App,FEST15
53290,10351,2025-06-06,Delivered,Website,NONE
53291,11288,2025-07-28,Processing,Website,NONE
53292,11189,2026-03-24,Delivered,Mobile App,NONE
53293,10321,2026-03-19,Cancelled,Mobile App,FEST15
53294,13235,2024-07-08,Shipped,Website,BIG20
53295,11052,2024-07-15,Delivered,Marketplace,FEST15
53296,12363,2025-06-06,Delivered,Mobile App,NONE
53297,14953,2026-07-17,Delivered,Website,FEST15
53298,11237,2025-10-11,Delivered,Marketplace,NONE
53299,10974,2024-05-21,Processing,Mobile App,SAVE10
53300,14655,2025-09-08,Delivered,Website,NONE
53301,11788,2024-11-24,Delivered,Website,WELCOME5
53302,11478,2024-04-13,Delivered,Website,WELCOME5
53303,13599,2025-11-21,Delivered,Website,SAVE10
53304,10647,2024-09-26,Delivered,Marketplace,NONE
53305,11892,2026-01-22,Delivered,Website,NONE
53306,10997,2025-06-19,Delivered,Website,NONE
53307,14459,2025-03-09,Delivered,Mobile App,NONE
53308,11483,2024-07-21,Delivered,Mobile App,NONE
53309,12835,2024-10-10,Delivered,Marketplace,NONE
53310,12613,2024-11-19,Delivered,Website,FEST15
53311,12464,2025-11-03,Delivered,Website,NONE
53312,10332,2025-02-06,Delivered,Mobile App,SAVE10
53313,11314,2024-02-02,Delivered,Website,SAVE10
53314,14275,2024-01-14,Delivered,Website,NONE
53315,12741,2024-09-23,Delivered,Website,SAVE10
53316,14388,2025-05-10,Delivered,Marketplace,NONE
53317,12798,2024-11-19,Delivered,Mobile App,NONE
53318,11592,2026-08-22,Delivered,Website,SAVE10
53319,11727,2024-08-12,Delivered,Mobile App,NONE
53320,13877,2025-01-31,Delivered,Marketplace,NONE
53321,11189,2025-01-20,Delivered,Marketplace,NONE
53322,12999,2024-09-23,Shipped,Mobile App,NONE
53323,14679,2026-05-06,Cancelled,Marketplace,NONE
53324,14228,2024-09-02,Cancelled,Mobile App,FEST15
53325,11937,2024-01-11,Delivered,Mobile App,SAVE10
53326,11385,2025-05-14,Delivered,Website,NONE
53327,13109,2025-09-07,Shipped,Marketplace,NONE
53328,13052,2025-03-18,Delivered,Website,WELCOME5
53329,13613,2025-02-12,Cancelled,Mobile App,WELCOME5
53330,10364,2026-04-16,Delivered,Website,NONE
53331,12700,2024-12-28,Delivered,Website,WELCOME5
53332,10048,2025-09-12,Delivered,Website,WELCOME5
53333,14955,2026-03-23,Delivered,Website,
53334,14374,2025-01-21,Delivered,Mobile App,NONE
53335,13699,2025-06-08,Cancelled,Website,NONE
53336,11473,2025-01-09,Delivered,Mobile App,NONE
53337,13732,2025-08-19,Delivered,Marketplace,NONE
53338,12228,2025-06-14,Delivered,Mobile App,SAVE10
53339,13245,2026-04-06,Delivered,Mobile App,NONE
53340,11159,2024-09-02,Cancelled,Mobile App,SAVE10
53341,12374,2024-06-05,Delivered,Website,NONE
53342,14385,2025-02-14,Delivered,Website,NONE
53343,10950,2025-08-17,Delivered,Mobile App,NONE
53344,11923,2024-10-03,Delivered,Website,NONE
53345,11458,2026-08-26,Delivered,Website,SAVE10
53346,10896,2025-05-15,Delivered,Website,NONE
53347,11987,2026-02-26,Processing,Mobile App,BIG20
53348,13040,2025-06-14,Delivered,Website,WELCOME5
53349,10274,2025-01-16,Delivered,Mobile App,NONE
53350,11028,2026-04-01,Delivered,Website,FEST15
53351,14086,2024-06-01,Delivered,Mobile App,SAVE10
53352,11304,2024-08-31,Delivered,Website,NONE
53353,11679,2026-01-12,Delivered,Mobile App,NONE
53354,13364,2026-05-27,Delivered,Marketplace,SAVE10
53355,13733,2024-10-09,Delivered,Website,WELCOME5
53356,14797,2025-06-03,Delivered,Website,NONE
53357,10795,2025-04-16,Delivered,Mobile App,WELCOME5
53358,13775,2025-12-06,Delivered,Marketplace,SAVE10
53359,13619,2025-04-29,Delivered,Website,NONE
53360,10621,2025-08-16,Delivered,Mobile App,NONE
53361,14383,2025-10-11,Processing,Website,NONE
53362,11563,2026-03-15,Delivered,Marketplace,SAVE10
53363,12116,2024-05-14,Delivered,Mobile App,NONE
53364,13982,2025-10-05,Delivered,Marketplace,NONE
53365,12620,2024-06-24,Delivered,Website,NONE
53366,11376,2024-01-11,Delivered,Website,BIG20
53367,11610,2025-11-25,Cancelled,Website,NONE
53368,13701,2025-01-13,Shipped,Website,NONE
53369,10917,2025-11-26,Delivered,Website,NONE
53370,12359,2026-06-29,Processing,Website,SAVE10
53371,13738,2024-05-05,Delivered,Website,NONE
53372,14423,2025-03-13,Processing,Website,SAVE10
53373,14131,2024-04-05,Cancelled,Website,NONE
53374,11796,2026-03-14,Delivered,Mobile App,BIG20
53375,10994,2026-08-27,Processing,Website,SAVE10
53376,14673,2026-04-22,Shipped,Mobile App,WELCOME5
53377,12988,2026-08-21,Delivered,Mobile App,NONE
53378,12038,2024-11-18,Delivered,Website,NONE
53379,14510,2024-09-26,Delivered,Website,SAVE10
53380,13632,2026-04-11,Delivered,Marketplace,SAVE10
53381,12383,2025-09-24,Delivered,Website,FEST15
53382,10976,2025-01-01,Delivered,Marketplace,NONE
53383,10409,2024-07-23,Delivered,Website,SAVE10
53384,12654,2024-01-25,Delivered,Website,SAVE10
53385,10573,2024-02-06,Delivered,Marketplace,BIG20
53386,11551,2025-11-04,Delivered,Mobile App,FEST15
53387,13407,2024-09-12,Delivered,Mobile App,NONE
53388,10064,2026-03-06,Cancelled,Mobile App,NONE
53389,14948,2026-03-31,Delivered,Marketplace,SAVE10
53390,12187,2025-03-14,Processing,Website,NONE
53391,14351,2024-10-17,Delivered,Website,WELCOME5
53392,10863,2024-06-17,Delivered,Website,NONE
53393,12304,2024-09-05,Delivered,Mobile App,SAVE10
53394,14793,2025-08-19,Cancelled,Website,BIG20
53395,13162,2026-01-03,Delivered,Mobile App,NONE
53396,14043,2025-12-17,Processing,Website,NONE
53397,13426,2026-07-18,Delivered,Website,NONE
53398,13698,2025-09-27,Delivered,Website,NONE
53399,11822,2025-05-07,Processing,Marketplace,NONE
53400,12267,2024-12-11,Delivered,Mobile App,SAVE10
53401,10248,2024-11-22,Delivered,Website,NONE
53402,11296,2024-12-23,Delivered,Mobile App,NONE
53403,10323,2026-05-03,Delivered,Website,NONE
53404,11622,2025-06-16,Delivered,Marketplace,NONE
53405,13630,2024-08-02,Delivered,Website,SAVE10
53406,11022,2024-07-06,Delivered,Website,NONE
53407,12393,2024-01-28,Delivered,Website,NONE
53408,12760,2026-03-31,Delivered,Marketplace,NONE
53409,10820,2024-08-01,Delivered,Marketplace,NONE
53410,14057,2024-04-09,Delivered,Website,FEST15
53411,13857,2024-10-07,Delivered,Mobile App,NONE
53412,10938,2025-04-16,Delivered,Mobile App,NONE
53413,10181,2026-07-19,Delivered,Website,NONE
53414,10023,2026-04-13,Delivered,Website,FEST15
53415,11465,2024-06-14,Delivered,Website,FEST15
53416,10629,2025-05-28,Delivered,Mobile App,FEST15
53417,10088,2026-03-10,Delivered,Marketplace,SAVE10
53418,12305,2026-01-08,Delivered,Website,SAVE10
53419,12626,2025-03-31,Delivered,Website,BIG20
53420,10093,2024-08-20,Delivered,Website,NONE
53421,12994,2026-01-31,Delivered,Website,NONE
53422,12017,2025-03-08,Delivered,Website,SAVE10
53423,11002,2024-08-17,Delivered,Website,SAVE10
53424,10556,2025-11-22,Delivered,Website,BIG20
53425,13796,2026-05-06,Delivered,Website,FEST15
53426,10539,2026-05-11,Delivered,Mobile App,SAVE10
53427,11003,2026-06-28,Delivered,Website,NONE
53428,13564,2025-09-15,Delivered,Marketplace,WELCOME5
53429,13149,2026-01-14,Delivered,Mobile App,NONE
53430,14998,2024-08-23,Delivered,Mobile App,FEST15
53431,10203,2024-11-10,Cancelled,Mobile App,NONE
53432,10973,2024-05-21,Delivered,Website,SAVE10
53433,13309,2024-03-19,Shipped,Mobile App,NONE
53434,11148,2026-03-27,Delivered,Marketplace,NONE
53435,11905,2025-03-19,Delivered,Mobile app ,NONE
53436,11483,2025-06-21,Delivered,Website,FEST15
53437,14042,2024-03-25,Delivered,Mobile App,SAVE10
53438,13926,2024-06-27,Delivered,Website,NONE
53439,14029,2024-03-14,Processing,Website,NONE
53440,12530,2025-04-16,Delivered,Website,NONE
53441,12439,2025-07-17,Delivered,Website,FEST15
53442,12854,2024-05-02,Delivered,Mobile App,NONE
53443,10337,2025-11-18,Delivered,Mobile App,NONE
53444,12733,2024-04-12,Shipped,Marketplace,NONE
53445,11383,2026-03-24,Delivered,Mobile App,NONE
53446,14687,2026-06-11,Shipped,Mobile App,FEST15
53447,10921,2025-09-12,Delivered,Website,FEST15
53448,10175,2025-06-12,Delivered,Website,NONE
53449,14818,2025-12-10,Delivered,Website,NONE
53450,10790,2024-08-29,Delivered,Website,FEST15
53451,12588,2026-06-12,Shipped,Mobile App,WELCOME5
53452,11911,2026-05-04,Delivered,Website,SAVE10
53453,11347,2025-11-05,Delivered,Marketplace,NONE
53454,12441,2026-08-26,Delivered,Website,NONE
53455,13663,2024-10-20,Delivered,Marketplace,WELCOME5
53456,10570,2026-05-07,Delivered,Mobile App,NONE
53457,13308,2024-02-02,Delivered,Mobile App,NONE
53458,14466,2025-12-26,Delivered,Website,WELCOME5
53459,11452,2024-10-07,Delivered,Website,SAVE10
53460,13390,2026-07-22,Shipped,Mobile App,SAVE10
53461,14602,2025-07-04,Delivered,Marketplace,NONE
53462,14662,2024-07-10,Delivered,Website,FEST15
53463,13240,2024-11-01,Delivered,Mobile App,SAVE10
53464,14705,2026-05-01,Delivered,Website,NONE
53465,13887,2026-02-19,Delivered,Website,SAVE10
53466,12563,2024-12-13,Delivered,Mobile App,WELCOME5
53467,10630,2024-09-11,Delivered,Website,WELCOME5
53468,14266,2024-02-01,Delivered,Website,NONE
53469,11434,2024-04-29,Delivered,Website,NONE
53470,13684,2024-02-01,Delivered,Website,NONE
53471,13225,2024-11-16,Delivered,Website,SAVE10
53472,11803,2024-07-01,Delivered,Website,BIG20
53473,13874,2024-01-20,Delivered,Website,SAVE10
53474,13287,2026-01-26,Delivered,Website,FEST15
53475,13728,2026-05-02,Delivered,Website,SAVE10
53476,14764,2026-05-19,Delivered,Website,NONE
53477,11375,2026-03-22,Delivered,Website,NONE
53478,13821,2024-05-04,Delivered,Website,SAVE10
53479,10199,2024-06-08,Processing,Website,SAVE10
53480,13548,2026-03-31,Cancelled,Website,NONE
53481,10778,2024-01-15,Shipped,Website,NONE
53482,11110,2026-01-02,Delivered,Mobile App,NONE
53483,10978,2024-05-02,Shipped,Website,NONE
53484,14156,2024-02-20,Delivered,Website,NONE
53485,11870,2026-01-27,Processing,Mobile App,SAVE10
53486,11949,2025-12-10,Delivered,Website,NONE
53487,11807,2024-03-23,Delivered,Website,WELCOME5
53488,13121,2024-02-07,Delivered,Mobile App,NONE
53489,14580,2026-05-06,Delivered,Website,BIG20
53490,13389,2024-09-11,Delivered,Mobile App,NONE
53491,10507,2026-07-29,Delivered,Mobile App,FEST15
53492,12577,2025-05-29,Delivered,Marketplace,NONE
53493,10538,2026-08-07,Processing,Marketplace,NONE
53494,10828,2026-05-31,Shipped,Website,NONE
53495,10984,2025-08-20,Delivered,Marketplace,NONE
53496,13488,2024-04-12,Delivered,Website,NONE
53497,14378,2026-05-20,Delivered,Website,NONE
53498,11237,2024-12-03,Delivered,Website,WELCOME5
53499,14712,2024-09-01,Processing,Website,WELCOME5
53500,11327,2025-07-13,Delivered,Website,NONE
53501,11536,2024-12-12,Shipped,Mobile App,NONE
53502,10634,2025-12-18,Delivered,Website,NONE
53503,10234,2024-09-14,Processing,Mobile App,BIG20
53504,13100,2026-06-06,Delivered,Marketplace,SAVE10
53505,12038,2024-04-06,Delivered,Website,WELCOME5
53506,10588,2025-03-30,Delivered,Website,NONE
53507,12824,2026-07-20,Delivered,Website,SAVE10
53508,11727,2026-03-26,Delivered,Website,NONE
53509,11965,2026-03-06,Shipped,Website,NONE
53510,14448,2025-08-21,Delivered,Website,SAVE10
53511,12018,2025-07-06,Delivered,Mobile App,SAVE10
53512,12266,2024-07-16,Delivered,Mobile App,WELCOME5
53513,13437,2024-10-15,Delivered,Website,SAVE10
53514,14473,2025-07-16,Delivered,Mobile App,NONE
53515,13691,2024-10-24,Delivered,Mobile App,NONE
53516,12464,2024-10-31,Shipped,Mobile App,NONE
53517,11529,2025-10-20,Delivered,Website,SAVE10
53518,10895,2025-11-13,Delivered,Website,NONE
53519,10619,2025-04-26,Delivered,Mobile App,NONE
53520,13795,2024-10-03,Delivered,Website,NONE
53521,13685,2024-06-20,Processing,Website,SAVE10
53522,11768,2024-09-11,Delivered,Website,SAVE10
53523,14694,2024-11-15,Delivered,Website,NONE
53524,14833,2026-07-06,Delivered,Mobile App,NONE
53525,13104,2024-11-08,Delivered,Mobile App,NONE
53526,11311,2026-05-31,Delivered,Website,BIG20
53527,12533,2025-06-06,Delivered,Marketplace,WELCOME5
53528,14111,2025-03-14,Delivered,Website,NONE
53529,12535,2024-09-16,Delivered,Website,FEST15
53530,12470,2026-01-12,Shipped,Mobile App,NONE
53531,12664,2026-03-28,Processing,Website,NONE
53532,14211,2026-08-10,Delivered,Marketplace,FEST15
53533,12054,2026-03-06,Delivered,Mobile App,WELCOME5
53534,10916,2024-03-26,Delivered,Website,NONE
53535,12569,2026-05-02,Delivered,Website,FEST15
53536,13169,2025-08-10,Delivered,Website,NONE
53537,14674,2025-05-12,Delivered,Website,NONE
53538,10566,2024-09-02,Delivered,Mobile App,FEST15
53539,14714,2025-05-06,Delivered,Website,NONE
53540,14028,2026-02-15,Delivered,Mobile App,FEST15
53541,13553,2025-07-25,Delivered,Website,NONE
53542,11179,2024-04-08,Cancelled,Website,SAVE10
53543,11032,2026-01-02,Delivered,Website,FEST15
53544,12138,2026-02-04,Delivered,Website,NONE
53545,10913,2025-10-14,Delivered,Marketplace,NONE
53546,13280,2024-07-13,Delivered,Website,NONE
53547,13762,2024-10-13,Shipped,Marketplace,NONE
53548,12392,2025-03-18,Delivered,Mobile App,NONE
53549,13459,2026-04-23,Delivered,Website,NONE
53550,13895,2026-02-28,Delivered,Website,NONE
53551,14565,2024-04-02,Delivered,Mobile App,BIG20
53552,13441,2024-03-06,Delivered,Website,WELCOME5
53553,11169,2024-02-18,Cancelled,Mobile App,NONE
53554,10653,2026-06-19,Processing,Marketplace,WELCOME5
53555,14702,2026-04-17,Delivered,Website,BIG20
53556,13868,2024-07-29,Delivered,Mobile App,SAVE10
53557,14247,2026-06-07,Delivered,Marketplace,NONE
53558,12118,2025-04-30,Delivered,Website,WELCOME5
53559,10788,2024-10-30,Shipped,Website,NONE
53560,12989,2025-12-13,Shipped,Website,NONE
53561,13199,2024-03-07,Delivered,Website,SAVE10
53562,11083,2024-04-29,Shipped,Website,NONE
53563,12350,2024-09-05,Delivered,Website,NONE
53564,12116,2025-08-13,Delivered,Mobile App,SAVE10
53565,11299,2026-03-24,Cancelled,Marketplace,NONE
53566,14086,2025-05-15,Shipped,Website,WELCOME5
53567,12429,2025-03-02,Delivered,Website,WELCOME5
53568,14632,2025-07-22,Delivered,Mobile App,NONE
53569,10007,2024-01-12,Delivered,Mobile App,NONE
53570,14694,2025-10-04,Cancelled,Website,NONE
53571,13309,2026-02-19,Delivered,Mobile App,SAVE10
53572,13501,2025-02-12,Delivered,Mobile App,NONE
53573,11440,2025-09-20,Delivered,Website,NONE
53574,10395,2024-10-16,Delivered,Website,NONE
53575,11158,2026-06-27,Delivered,Website,SAVE10
53576,12214,2024-06-27,Delivered,Website,WELCOME5
53577,11690,2024-05-13,Delivered,Website,WELCOME5
53578,10966,2026-06-29,Cancelled,Website,NONE
53579,10064,2025-05-06,Delivered,Mobile App,NONE
53580,13489,2025-01-24,Shipped,Website,FEST15
53581,13335,2026-03-02,Cancelled,Marketplace,NONE
53582,10807,2024-09-30,Delivered,Mobile App,NONE
53583,13916,2024-10-13,Delivered,Mobile App,SAVE10
53584,14888,2024-02-20,Processing,Mobile App,NONE
53585,15000,2025-05-17,Delivered,Website,NONE
53586,10973,2025-12-29,Delivered,Website,NONE
53587,12136,2026-08-14,Delivered,Website,NONE
53588,10264,2025-05-26,Delivered,Mobile App,NONE
53589,10062,2024-03-13,Delivered,Marketplace,FEST15
53590,14218,2024-07-04,Delivered,Website,WELCOME5
53591,14841,2024-09-29,Cancelled,Website,SAVE10
53592,11012,2026-05-16,Delivered,Mobile App,NONE
53593,12319,2025-07-17,Delivered,Website,NONE
53594,10121,2026-06-24,Delivered,Website,SAVE10
53595,14079,2026-03-29,Delivered,Website,NONE
53596,12741,2026-05-04,Delivered,Website,NONE
53597,11461,2024-09-28,Delivered,Website,SAVE10
53598,14847,2025-06-28,Delivered,Mobile App,NONE
53599,10681,2024-02-28,Delivered,Website,BIG20
53600,11338,2024-12-28,Delivered,Mobile App,NONE
53601,13739,2024-10-30,Delivered,Mobile App,NONE
53602,12044,2024-06-06,Shipped,Website,SAVE10
53603,13503,2024-02-29,Delivered,Marketplace,FEST15
53604,11186,2024-12-31,Processing,Marketplace,FEST15
53605,13292,2024-03-09,Processing,Marketplace,NONE
53606,12790,2025-08-16,Shipped,Website,NONE
53607,10236,2024-09-26,Delivered,Mobile App,SAVE10
53608,11614,2024-08-07,Delivered,Website,FEST15
53609,11488,2024-04-17,Delivered,Website,NONE
53610,12957,2025-03-26,Delivered,Website,NONE
53611,12192,2024-06-12,Delivered,Mobile App,NONE
53612,12391,2025-07-09,Delivered,Website,SAVE10
53613,10848,2026-08-14,Delivered,Website,NONE
53614,14645,2025-12-10,Delivered,Marketplace,WELCOME5
53615,13749,2024-04-22,Delivered,Mobile App,NONE
53616,13351,2024-03-29,Delivered,Marketplace,NONE
53617,11379,2026-04-28,Delivered,Website,NONE
53618,13413,2026-04-20,Delivered,Mobile App,NONE
53619,11175,2024-12-17,Delivered,Mobile App,WELCOME5
53620,12433,2025-03-18,Shipped,Website,FEST15
53621,11342,2024-12-31,Delivered,Website,NONE
53622,11516,2025-07-18,Delivered,Website,BIG20
53623,13247,2024-07-21,Delivered,Mobile App,SAVE10
53624,11570,2026-07-01,Delivered,website,NONE
53625,13651,2025-01-26,Delivered,Website,NONE
53626,12520,2024-06-11,Shipped,Mobile App,WELCOME5
53627,14906,2024-10-18,Delivered,Mobile App,SAVE10
53628,10960,2026-05-07,Delivered,Mobile App,NONE
53629,14725,2024-10-07,Delivered,Mobile App,NONE
53630,10663,2026-02-19,Delivered,Mobile App,NONE
53631,12749,2026-01-12,Delivered,Mobile App,NONE
53632,11862,2026-08-22,Delivered,Mobile App,NONE
53633,13762,2024-05-28,Delivered,Mobile App,NONE
53634,10653,2025-01-16,Delivered,Website,FEST15
53635,11274,2026-03-26,Delivered,Website,SAVE10
53636,11154,2024-05-03,Delivered,Mobile App,SAVE10
53637,14604,2024-02-03,Delivered,Mobile App,NONE
53638,12676,2024-01-14,Delivered,Marketplace,NONE
53639,10822,2024-03-20,Delivered,Website,NONE
53640,13951,2026-02-07,Delivered,Mobile App,BIG20
53641,11428,2024-12-04,Delivered,Mobile App,SAVE10
53642,11124,2024-05-12,Delivered,Mobile App,NONE
53643,12472,2025-11-13,Delivered,Mobile App,NONE
53644,13959,2024-10-23,Shipped,Marketplace,NONE
53645,14198,2024-05-14,Shipped,Mobile App,NONE
53646,10078,2026-08-15,Delivered,Mobile App,SAVE10
53647,14491,2025-07-20,Delivered,Website,NONE
53648,14986,2025-03-04,Delivered,Website,NONE
53649,11605,2026-06-12,Delivered,Mobile App,SAVE10
53650,12585,2024-08-12,Delivered,Website,NONE
53651,11882,2025-07-26,Delivered,Marketplace,NONE
53652,12380,2025-12-31,Delivered,Mobile App,BIG20
53653,13262,2024-01-06,Shipped,Mobile App,FEST15
53654,13253,2024-09-20,Shipped,Mobile App,WELCOME5
53655,12374,2024-04-02,Delivered,Mobile App,NONE
53656,12376,2025-05-30,Processing,Marketplace,BIG20
53657,12443,2025-10-22,Delivered,Website,NONE
53658,12041,2024-06-01,Delivered,Marketplace,NONE
53659,10617,2024-05-17,Delivered,Mobile App,NONE
53660,11855,2025-03-23,Shipped,Marketplace,NONE
53661,13578,2025-01-20,Cancelled,Website,NONE
53662,14890,2024-04-15,Delivered,Mobile App,NONE
53663,14064,2025-10-22,Delivered,Website,NONE
53664,14308,2026-01-19,Delivered,Website,NONE
53665,13916,2025-02-19,Delivered,Website,NONE
53666,12513,2024-12-20,Delivered,Website,NONE
53667,13411,2024-06-04,Cancelled,Website,WELCOME5
53668,14183,2024-11-05,Shipped,Marketplace,NONE
53669,11115,2025-05-07,Delivered,Mobile App,FEST15
53670,10746,2026-08-21,Delivered,Mobile App,FEST15
53671,11332,2024-06-28,Delivered,Marketplace,SAVE10
53672,12648,2026-03-15,Delivered,Marketplace,NONE
53673,13932,2025-05-02,Cancelled,Marketplace,NONE
53674,12251,2025-06-21,Delivered,Marketplace,WELCOME5
53675,14915,2024-10-18,Shipped,Mobile App,BIG20
53676,11625,2026-07-04,Delivered,Website,SAVE10
53677,12310,2024-03-03,Delivered,Mobile App,WELCOME5
53678,14593,2024-07-24,Processing,Website,FEST15
53679,10854,2024-11-03,Delivered,Website,FEST15
53680,14163,2025-07-10,Delivered,Website,NONE
53681,10756,2025-02-14,Delivered,Website,NONE
53682,14536,2026-06-20,Delivered,Marketplace,NONE
53683,11617,2024-06-28,Delivered,Website,FEST15
53684,13177,2025-07-06,Delivered,Mobile App,NONE
53685,13559,2025-04-14,Delivered,Website,SAVE10
53686,11882,2024-10-25,Delivered,Website,NONE
53687,12752,2024-01-23,Delivered,Mobile App,NONE
53688,13785,2026-02-26,Shipped,Website,WELCOME5
53689,14380,2024-07-13,Shipped,Mobile App,NONE
53690,10543,2024-05-14,Cancelled,Website,NONE
53691,12478,2025-07-07,Delivered,Website,NONE
53692,14266,2024-05-27,Delivered,Website,NONE
53693,12780,2025-09-12,Delivered,Mobile App,NONE
53694,10144,2025-12-10,Processing,Website,NONE
53695,10628,2024-08-10,Delivered,Mobile App,BIG20
53696,14092,2024-03-08,Processing,Website,FEST15
53697,12117,2024-04-03,Processing,Mobile App,WELCOME5
53698,13520,2024-02-19,Delivered,Mobile App,NONE
53699,14464,2025-04-14,Delivered,Website,NONE
53700,10443,2025-01-02,Delivered,Website,NONE
53701,12276,2026-01-24,Delivered,Website,NONE
53702,10735,2025-01-20,Cancelled,Mobile App,SAVE10
53703,14212,2025-09-23,Delivered,Website,FEST15
53704,12262,2025-03-31,Shipped,Website,WELCOME5
53705,14384,2025-02-19,Delivered,Website,FEST15
53706,11500,2025-12-19,Delivered,Mobile App,BIG20
53707,10727,2025-05-08,Delivered,Marketplace,WELCOME5
53708,14337,2025-07-05,Delivered,Website,NONE
53709,13066,2025-03-12,Delivered,Mobile App,NONE
53710,10965,2025-11-23,Delivered,Website,NONE
53711,13472,2024-10-22,Cancelled,Website,NONE
53712,12086,2024-02-18,Delivered,Website,WELCOME5
53713,10234,2025-02-14,Delivered,Mobile App,NONE
53714,11303,2024-11-02,Delivered,Marketplace,NONE
53715,13751,2026-05-19,Delivered,Website,NONE
53716,10636,2026-07-26,Delivered,Website,SAVE10
53717,11689,2024-07-30,Delivered,Website,NONE
53718,11299,2025-02-18,Delivered,Website,NONE
53719,13665,2025-02-23,Shipped,Website,NONE
53720,14300,2024-08-03,Cancelled,Website,NONE
53721,13938,2024-01-10,Delivered,Mobile App,NONE
53722,13578,2026-08-20,Shipped,Website,SAVE10
53723,10448,2025-09-24,Delivered,Mobile App,WELCOME5
53724,14572,2025-02-02,Delivered,Mobile App,NONE
53725,10810,2024-06-27,Delivered,Marketplace,BIG20
53726,12027,2025-04-09,Delivered,Website,NONE
53727,14139,2024-09-21,Delivered,Marketplace,WELCOME5
53728,11203,2024-08-05,Delivered,Mobile App,SAVE10
53729,11085,2026-07-17,Delivered,Mobile App,FEST15
53730,10132,2025-09-28,Shipped,Mobile App,NONE
53731,11792,2024-10-26,Delivered,Website,NONE
53732,12476,2024-07-20,Delivered,Website,NONE
53733,12337,2026-01-15,Delivered,Mobile App,NONE
53734,10199,2025-08-14,Delivered,Marketplace,SAVE10
53735,11025,2026-04-09,Delivered,Mobile App,NONE
53736,10022,2026-01-04,Delivered,Website,SAVE10
53737,11125,2025-01-25,Shipped,Website,BIG20
53738,13024,2025-09-24,Delivered,Website,NONE
53739,10044,2025-01-04,Delivered,Website,NONE
53740,10825,2024-03-28,Delivered,Website,NONE
53741,12721,2024-01-31,Delivered,Mobile App,FEST15
53742,12799,2024-03-18,Delivered,Website,NONE
53743,14482,2026-06-10,Delivered,Marketplace,NONE
53744,12868,2026-03-28,Delivered,Website,NONE
53745,14630,2025-01-14,Delivered,Marketplace,NONE
53746,13620,2026-05-27,Processing,Mobile App,BIG20
53747,12753,2025-12-16,Delivered,Website,BIG20
53748,11916,2024-05-11,Delivered,Mobile App,FEST15
53749,10557,2024-08-06,Delivered,Mobile App,NONE
53750,13526,2024-12-30,Processing,Website,SAVE10
53751,14691,2026-02-19,Delivered,Mobile App,NONE
53752,11830,2025-09-26,Delivered,Mobile App,FEST15
53753,11778,2025-01-16,Cancelled,Website,NONE
53754,10489,2026-03-21,Shipped,Website,SAVE10
53755,12989,2024-11-11,Delivered,Mobile App,NONE
53756,11550,2026-05-31,Delivered,Website,FEST15
53757,10051,2025-11-30,Delivered,Mobile App,NONE
53758,10038,2025-11-08,Shipped,Marketplace,NONE
53759,11678,2024-03-26,Delivered,Website,NONE
53760,12313,2024-05-23,Delivered,Mobile App,NONE
53761,12286,2026-08-11,Delivered,Marketplace,BIG20
53762,13702,2026-01-15,Delivered,Website,NONE
53763,12641,2024-09-06,Delivered,Website,NONE
53764,13924,2026-04-13,Delivered,Mobile App,NONE
53765,11486,2024-10-25,Delivered,Marketplace,SAVE10
53766,11161,2024-12-06,Delivered,Mobile App,FEST15
53767,12698,2024-10-21,Delivered,Website,BIG20
53768,10529,2025-04-24,Delivered,Website,NONE
53769,13823,2026-01-08,Delivered,Mobile App,NONE
53770,10928,2024-06-10,Cancelled,Website,NONE
53771,14576,2026-07-27,Delivered,Website,FEST15
53772,14919,2024-10-22,Delivered,Mobile App,BIG20
53773,12688,2026-07-28,Delivered,Mobile App,NONE
53774,11561,2026-04-23,Delivered,Mobile App,SAVE10
53775,11694,2025-06-15,Delivered,Website,FEST15
53776,12147,2024-03-27,Delivered,Website,FEST15
53777,12397,2025-07-10,Delivered,Website,SAVE10
53778,10379,2026-01-09,Delivered,Mobile App,NONE
53779,10988,2026-08-10,Delivered,Marketplace,SAVE10
53780,13947,2024-04-04,Delivered,Marketplace,NONE
53781,10264,2025-12-23,Delivered,Website,BIG20
53782,12243,2024-10-10,Cancelled,Website,NONE
53783,14376,2025-12-28,Delivered,Website,NONE
53784,10437,2025-07-18,Delivered,Website,SAVE10
53785,14628,2026-04-20,Delivered,Mobile App,NONE
53786,12365,2024-01-04,Delivered,Website,NONE
53787,12117,2025-05-05,Delivered,Mobile App,SAVE10
53788,13567,2025-10-17,Delivered,Mobile App,SAVE10
53789,13887,2025-01-02,Delivered,Website,NONE
53790,12366,2024-11-02,Delivered,Mobile app ,SAVE10
53791,10416,2024-11-13,Cancelled,Mobile App,NONE
53792,14844,2025-12-27,Delivered,Marketplace,WELCOME5
53793,10045,2024-07-20,Delivered,Website,BIG20
53794,14359,2026-08-03,Delivered,Website,SAVE10
53795,12171,2024-07-21,Delivered,Website,SAVE10
53796,12575,2025-02-07,Delivered,Marketplace,SAVE10
53797,13826,2026-08-21,Delivered,Website,WELCOME5
53798,14703,2024-01-30,Processing,Mobile App,NONE
53799,10753,2024-11-22,Cancelled,Website,NONE
53800,14057,2026-04-03,Delivered,Website,NONE
53801,13306,2024-11-02,Delivered,Website,NONE
53802,11842,2024-09-23,Delivered,Mobile App,NONE
53803,12129,2024-01-01,Shipped,Website,WELCOME5
53804,13858,2024-05-24,Delivered,Website,NONE
53805,10701,2024-07-09,Processing,Website,NONE
53806,12530,2026-05-02,Delivered,Website,SAVE10
53807,13611,2025-06-13,Delivered,Website,NONE
53808,12696,2024-08-13,Delivered,Mobile App,NONE
53809,12240,2026-02-24,Delivered,Mobile App,WELCOME5
53810,12604,2025-08-10,Delivered,Mobile App,NONE
53811,12558,2024-11-02,Delivered,Website,NONE
53812,14019,2024-09-03,Delivered,Website,NONE
53813,14105,2024-08-02,Delivered,Website,NONE
53814,14593,2025-11-22,Shipped,Website,NONE
53815,10361,2025-11-25,Delivered,Website,SAVE10
53816,11598,2025-09-21,Delivered,Website,NONE
53817,14384,2025-03-09,Shipped,Website,WELCOME5
53818,13210,2025-05-08,Delivered,Mobile App,NONE
53819,11885,2026-05-21,Delivered,Website,NONE
53820,13143,2025-06-22,Delivered,Website,SAVE10
53821,12316,2025-08-18,Delivered,Website,WELCOME5
53822,14438,2024-08-08,Shipped,Website,NONE
53823,12791,2025-03-17,Delivered,Marketplace,SAVE10
53824,12237,2024-01-22,Delivered,Marketplace,FEST15
53825,13118,2025-03-23,Delivered,Website,WELCOME5
53826,10951,2026-02-15,Delivered,Website,NONE
53827,13854,2025-10-12,Delivered,Website,BIG20
53828,11016,2026-05-12,Delivered,Mobile App,NONE
53829,10119,2024-11-26,Delivered,Website,FEST15
53830,10257,2026-01-24,Delivered,Marketplace,NONE
53831,10331,2025-12-11,Delivered,Website,SAVE10
53832,10504,2025-11-17,Delivered,Website,NONE
53833,10254,2026-02-14,Delivered,Mobile App,NONE
53834,11507,2025-04-02,Delivered,Mobile App,NONE
53835,14804,2024-11-27,Delivered,Website,FEST15
53836,10513,2025-07-20,Delivered,Website,NONE
53837,13381,2025-01-07,Delivered,Marketplace,BIG20
53838,14356,2025-11-01,Delivered,Marketplace,NONE
53839,14047,2026-04-19,Delivered,Mobile App,NONE
53840,11811,2024-01-26,Delivered,Website,NONE
53841,10264,2025-08-25,Cancelled,Website,BIG20
53842,11843,2025-02-14,Delivered,Mobile App,SAVE10
53843,13008,2024-04-11,Shipped,Website,SAVE10
53844,13788,2024-08-05,Delivered,Website,BIG20
53845,10710,2026-03-11,Delivered,Website,NONE
53846,11507,2024-12-19,Delivered,Mobile App,NONE
53847,13008,2024-03-25,Delivered,Mobile App,NONE
53848,13576,2025-12-27,Delivered,Marketplace,NONE
53849,11555,2024-08-18,Delivered,Website,NONE
53850,14113,2024-12-18,Shipped,Marketplace,NONE
53851,14010,2024-07-09,Delivered,Website,WELCOME5
53852,11801,2025-12-17,Delivered,Marketplace,NONE
53853,12681,2026-06-09,Delivered,Mobile App,WELCOME5
53854,12390,2026-07-31,Cancelled,Website,SAVE10
53855,13345,2024-03-13,Delivered,Marketplace,SAVE10
53856,11612,2026-06-14,Delivered,Mobile App,FEST15
53857,11648,2025-09-07,Delivered,Mobile App,FEST15
53858,12116,2026-03-13,Delivered,Marketplace,NONE
53859,11080,2024-03-13,Delivered,Website,FEST15
53860,12904,2026-04-07,Cancelled,Website,WELCOME5
53861,14791,2024-11-13,Delivered,Website,FEST15
53862,11749,2025-01-17,Delivered,Website,SAVE10
53863,14305,2026-05-19,Delivered,Marketplace,WELCOME5
53864,12321,2025-12-10,Delivered,Marketplace,NONE
53865,10829,2025-05-11,Processing,Mobile App,NONE
53866,12482,2025-10-09,Delivered,Mobile App,SAVE10
53867,12498,2024-12-11,Processing,Website,NONE
53868,10123,2026-08-11,Shipped,Marketplace,SAVE10
53869,12397,2024-03-08,Delivered,Website,FEST15
53870,10819,2025-07-11,Cancelled,Website,NONE
53871,13973,2024-02-13,Cancelled,Marketplace,SAVE10
53872,12707,2025-02-20,Shipped,Mobile App,NONE
53873,11521,2025-05-08,Delivered,Mobile App,NONE
53874,10014,2026-03-23,Delivered,Website,NONE
53875,12855,2026-06-29,Delivered,Website,NONE
53876,13521,2025-12-28,Processing,Website,WELCOME5
53877,12121,2026-07-24,Delivered,Website,SAVE10
53878,14528,2024-05-01,Delivered,Mobile App,NONE
53879,10982,2025-05-25,Shipped,Mobile App,BIG20
53880,13773,2025-08-01,Cancelled,Marketplace,NONE
53881,12479,2024-03-15,Shipped,Website,SAVE10
53882,11571,2025-07-28,Shipped,Website,SAVE10
53883,11441,2024-02-11,Delivered,Mobile App,WELCOME5
53884,12250,2025-09-04,Delivered,Website,SAVE10
53885,10403,2024-08-02,Delivered,Website,SAVE10
53886,13254,2026-07-02,Cancelled,Mobile App,NONE
53887,12045,2024-11-12,Delivered,Website,NONE
53888,13403,2025-08-06,Shipped,Website,NONE
53889,12577,2025-08-14,Delivered,Mobile App,NONE
53890,14888,2026-04-23,Delivered,Website,WELCOME5
53891,10414,2024-11-22,Delivered,Mobile app ,NONE
53892,12465,2024-12-13,Cancelled,Website,BIG20
53893,12682,2025-10-24,Delivered,Website,NONE
53894,11248,2024-02-25,Delivered,Marketplace,FEST15
53895,13362,2025-06-21,Delivered,Website,NONE
53896,11811,2024-12-29,Delivered,Website,NONE
53897,13818,2026-08-06,Delivered,Mobile App,SAVE10
53898,14613,2025-05-31,Delivered,Website,WELCOME5
53899,14269,2026-01-18,Delivered,Website,NONE
53900,13164,2026-03-19,Shipped,Mobile App,FEST15
53901,13590,2024-05-22,Shipped,Marketplace,BIG20
53902,14322,2025-09-04,Delivered,Website,NONE
53903,14904,2025-10-21,Delivered,Mobile App,NONE
53904,13621,2025-03-04,Delivered,Mobile App,SAVE10
53905,14565,2024-07-11,Delivered,Website,NONE
53906,14828,2025-03-24,Delivered,Website,NONE
53907,10880,2024-02-19,Delivered,Website,SAVE10
53908,12507,2026-08-24,Delivered,Mobile App,NONE
53909,11788,2024-03-27,Delivered,Website,NONE
53910,14750,2024-05-17,Shipped,Website,WELCOME5
53911,13721,2024-05-12,Delivered,Mobile App,NONE
53912,14430,2024-07-18,Delivered,Mobile App,NONE
53913,11748,2024-06-27,Shipped,Marketplace,FEST15
53914,14216,2025-08-29,Delivered,Mobile App,SAVE10
53915,10407,2024-04-18,Delivered,Mobile App,SAVE10
53916,14696,2025-11-11,Delivered,Mobile App,FEST15
53917,11150,2025-01-30,Delivered,Marketplace,NONE
53918,12628,2025-01-18,Shipped,Mobile App,NONE
53919,13582,2025-05-09,Delivered,Website,NONE
53920,13715,2024-02-01,Delivered,Mobile App,NONE
53921,11062,2025-04-30,Delivered,Website,NONE
53922,12777,2025-05-21,Delivered,Mobile App,NONE
53923,12653,2025-12-27,Delivered,Marketplace,NONE
53924,13882,2024-05-20,Delivered,Website,WELCOME5
53925,11605,2024-02-19,Delivered,Website,NONE
53926,13819,2024-02-24,Cancelled,Mobile App,NONE
53927,13082,2026-07-19,Delivered,Mobile App,NONE
53928,13793,2024-11-30,Cancelled,Mobile App,NONE
53929,14377,2024-08-16,Delivered,Website,NONE
53930,12143,2024-05-11,Shipped,Marketplace,WELCOME5
53931,12161,2024-09-05,Delivered,Mobile App,NONE
53932,13982,2025-03-01,Delivered,Marketplace,NONE
53933,13910,2026-07-29,Delivered,Website,NONE
53934,14383,2026-01-08,Delivered,Website,SAVE10
53935,12753,2026-04-05,Cancelled,Mobile App,NONE
53936,13182,2024-02-15,Delivered,Mobile App,NONE
53937,10296,2025-07-11,Delivered,Website,NONE
53938,12274,2025-04-29,Delivered,Website,NONE
53939,11232,2024-07-08,Delivered,Mobile App,NONE
53940,14267,2025-04-27,Processing,Mobile App,NONE
53941,10613,2025-07-20,Delivered,Website,NONE
53942,13893,2024-01-02,Delivered,Website,NONE
53943,14185,2026-08-09,Delivered,Mobile App,NONE
53944,12349,2025-12-17,Delivered,Website,NONE
53945,13341,2026-06-16,Delivered,Mobile App,NONE
53946,12900,2024-03-28,Delivered,Mobile App,NONE
53947,13446,2024-02-28,Processing,Marketplace,NONE
53948,13430,2026-06-23,Processing,Mobile App,WELCOME5
53949,11266,2026-06-23,Delivered,Mobile App,NONE
53950,13442,2025-09-12,Delivered,Mobile App,FEST15
53951,14509,2024-07-13,Processing,Marketplace,NONE
53952,11556,2024-10-06,Delivered,Website,BIG20
53953,11533,2026-02-09,Delivered,Website,FEST15
53954,11464,2026-06-16,Delivered,Website,WELCOME5
53955,14559,2025-10-13,Delivered,Marketplace,NONE
53956,14437,2025-01-23,Delivered,Mobile App,SAVE10
53957,11739,2026-03-08,Processing,Website,NONE
53958,14686,2024-09-09,Delivered,Website,NONE
53959,13808,2024-05-05,Delivered,Mobile App,BIG20
53960,12011,2025-01-07,Delivered,Website,NONE
53961,14126,2025-03-29,Cancelled,Mobile App,SAVE10
53962,14567,2025-08-16,Delivered,Website,NONE
53963,14343,2025-10-29,Delivered,Mobile App,NONE
53964,12354,2025-12-02,Delivered,website,NONE
53965,11084,2024-07-17,Processing,Website,WELCOME5
53966,10837,2025-10-03,Delivered,Website,SAVE10
53967,14137,2024-02-13,Cancelled,Mobile App,BIG20
53968,13665,2026-06-12,Delivered,Mobile App,SAVE10
53969,13545,2025-03-04,Delivered,Marketplace,NONE
53970,10230,2026-07-16,Delivered,Mobile App,NONE
53971,14827,2026-04-21,Delivered,Mobile App,NONE
53972,10570,2024-07-10,Cancelled,Website,BIG20
53973,12903,2024-04-18,Delivered,Website,NONE
53974,14706,2026-06-04,Shipped,Mobile App,NONE
53975,11211,2025-04-21,Delivered,Website,BIG20
53976,12589,2024-04-13,Delivered,Mobile App,NONE
53977,14201,2025-08-13,Delivered,Website,FEST15
53978,11332,2026-07-17,Shipped,Website,SAVE10
53979,10509,2025-08-06,Delivered,Mobile App,NONE
53980,12403,2024-09-08,Delivered,Marketplace,NONE
53981,13976,2024-11-22,Shipped,Mobile App,WELCOME5
53982,12891,2024-09-14,Delivered,Mobile App,NONE
53983,12214,2025-06-06,Cancelled,Mobile App,FEST15
53984,13195,2025-02-12,Delivered,Website,SAVE10
53985,10259,2024-11-28,Delivered,Mobile App,NONE
53986,11742,2024-06-25,Delivered,Website,SAVE10
53987,14390,2024-01-29,Processing,Marketplace,SAVE10
53988,11938,2026-03-13,Cancelled,Mobile App,NONE
53989,14826,2026-02-18,Delivered,Website,FEST15
53990,12749,2024-04-30,Delivered,Website,BIG20
53991,14670,2024-08-09,Delivered,Mobile App,FEST15
53992,13134,2025-03-02,Delivered,Website,NONE
53993,12095,2025-08-01,Delivered,Website,NONE
53994,14607,2026-05-29,Delivered,Mobile App,WELCOME5
53995,11350,2025-11-07,Delivered,Mobile App,NONE
53996,11962,2025-09-08,Delivered,Website,NONE
53997,13613,2025-12-22,Processing,Website,NONE
53998,14374,2025-08-11,Delivered,Mobile App,FEST15
53999,10967,2026-06-20,Delivered,Website,NONE
54000,14967,2026-08-22,Delivered,Marketplace,NONE
54001,12154,2025-03-13,Delivered,Mobile App,NONE
54002,11696,2024-01-22,Processing,Website,BIG20
54003,10643,2026-08-22,Delivered,Marketplace,SAVE10
54004,10137,2024-11-06,Shipped,Mobile app ,BIG20
54005,12787,2024-09-17,Delivered,Marketplace,NONE
54006,13022,2024-05-01,Delivered,Marketplace,WELCOME5
54007,10470,2026-01-09,Delivered,Website,NONE
54008,14519,2024-06-28,Delivered,Website,NONE
54009,12720,2026-07-24,Delivered,Marketplace,BIG20
54010,10267,2024-07-28,Delivered,Website,NONE
54011,14207,2024-03-11,Delivered,Website,NONE
54012,10986,2025-08-31,Shipped,Mobile App,SAVE10
54013,13365,2024-07-18,Delivered,Mobile App,FEST15
54014,13381,2024-09-20,Delivered,Mobile App,NONE
54015,14052,2024-04-12,Delivered,Website,WELCOME5
54016,14049,2025-10-06,Delivered,Mobile App,SAVE10
54017,14929,2024-08-01,Processing,Mobile App,WELCOME5
54018,10434,2025-12-16,Shipped,Website,BIG20
54019,11825,2024-09-08,Delivered,Website,SAVE10
54020,11819,2025-01-24,Cancelled,Website,FEST15
54021,11882,2025-04-22,Delivered,Mobile App,NONE
54022,11194,2025-06-04,Cancelled,Mobile App,FEST15
54023,11170,2026-03-14,Delivered,Mobile App,BIG20
54024,14825,2024-05-08,Delivered,Marketplace,NONE
54025,14495,2024-08-09,Delivered,Mobile App,NONE
54026,13413,2025-12-31,Delivered,Website,SAVE10
54027,12775,2026-04-09,Delivered,Mobile App,NONE
54028,12379,2025-02-10,Delivered,Website,NONE
54029,13411,2024-01-06,Delivered,Website,WELCOME5
54030,14312,2026-03-20,Delivered,Mobile App,NONE
54031,12132,2025-08-16,Delivered,Mobile App,SAVE10
54032,12689,2025-05-25,Cancelled,Marketplace,NONE
54033,14561,2025-01-12,Cancelled,Mobile App,NONE
54034,14557,2025-11-06,Delivered,Mobile App,NONE
54035,11150,2024-10-06,Delivered,Website,FEST15
54036,11195,2024-12-13,Delivered,Marketplace,NONE
54037,11022,2026-01-15,Shipped,Website,NONE
54038,10137,2024-12-26,Delivered,Website,FEST15
54039,13473,2026-07-07,Delivered,Mobile App,BIG20
54040,12144,2025-02-27,Delivered,Marketplace,SAVE10
54041,10159,2025-06-29,Shipped,Website,NONE
54042,11022,2025-09-08,Delivered,Mobile App,NONE
54043,12661,2025-11-09,Delivered,Mobile App,FEST15
54044,14179,2025-05-06,Delivered,Website,NONE
54045,13315,2024-12-18,Delivered,Website,NONE
54046,12665,2026-02-19,Delivered,Website,SAVE10
54047,10933,2025-11-25,Delivered,Website,WELCOME5
54048,11444,2024-02-23,Delivered,Website,WELCOME5
54049,13910,2025-08-29,Cancelled,Website,NONE
54050,13868,2026-05-23,Cancelled,Mobile App,BIG20
54051,14341,2025-06-27,Delivered,Website,NONE
54052,12635,2026-06-17,Delivered,Website,NONE
54053,11366,2025-01-13,Delivered,Mobile App,NONE
54054,12514,2024-08-24,Cancelled,Website,SAVE10
54055,14482,2025-04-28,Delivered,Website,NONE
54056,10904,2024-04-07,Delivered,Mobile App,SAVE10
54057,14235,2024-03-03,Delivered,Mobile App,NONE
54058,14977,2025-07-08,Delivered,Website,WELCOME5
54059,14100,2024-01-29,Delivered,Website,SAVE10
54060,13296,2024-03-03,Shipped,Mobile App,BIG20
54061,12046,2025-03-17,Delivered,Mobile App,SAVE10
54062,14275,2024-08-10,Delivered,Website,WELCOME5
54063,10805,2024-06-23,Delivered,Mobile App,BIG20
54064,13799,2025-05-07,Delivered,Mobile App,NONE
54065,12009,2024-11-13,Delivered,Website,NONE
54066,12515,2025-08-18,Delivered,Website,NONE
54067,12316,2025-02-16,Delivered,Website,NONE
54068,10049,2024-07-07,Delivered,Website,NONE
54069,14934,2025-11-14,Delivered,Website,BIG20
54070,13334,2026-06-23,Delivered,Website,NONE
54071,13001,2025-12-06,Delivered,Website,SAVE10
54072,10504,2024-06-24,Delivered,Mobile App,NONE
54073,13895,2025-06-24,Delivered,Website,WELCOME5
54074,14808,2024-05-29,Delivered,Mobile App,NONE
54075,14074,2024-01-26,Delivered,Website,NONE
54076,11247,2024-06-06,Delivered,Mobile App,WELCOME5
54077,10908,2026-02-24,Delivered,Website,NONE
54078,11837,2026-06-20,Processing,Website,WELCOME5
54079,10114,2025-08-02,Shipped,Marketplace,FEST15
54080,12758,2026-05-02,Delivered,Website,NONE
54081,12292,2025-02-01,Shipped,Website,NONE
54082,12514,2024-02-02,Processing,Website,FEST15
54083,14950,2026-05-27,Shipped,Marketplace,BIG20
54084,13276,2025-12-05,Delivered,Website,NONE
54085,12085,2025-10-01,Shipped,Mobile App,NONE
54086,13918,2024-03-12,Delivered,Mobile App,NONE
54087,11849,2026-07-22,Cancelled,Marketplace,BIG20
54088,13789,2024-03-14,Delivered,Marketplace,SAVE10
54089,14664,2024-01-16,Delivered,Website,NONE
54090,14541,2024-03-14,Delivered,Website,NONE
54091,12595,2026-07-01,Shipped,Marketplace,NONE
54092,12350,2026-03-15,Delivered,Website,SAVE10
54093,11988,2024-04-19,Delivered,Mobile App,NONE
54094,12671,2025-02-18,Delivered,Website,NONE
54095,14682,2025-05-27,Delivered,Website,NONE
54096,14371,2025-06-24,Processing,Website,FEST15
54097,13033,2024-07-14,Delivered,Marketplace,NONE
54098,11412,2024-01-30,Delivered,Website,BIG20
54099,11883,2024-01-30,Shipped,Mobile App,BIG20
54100,11230,2026-05-23,Delivered,Mobile App,NONE
54101,10933,2025-08-26,Delivered,Website,NONE
54102,10046,2026-08-10,Delivered,Website,NONE
54103,13870,2026-04-14,Delivered,Website,SAVE10
54104,13693,2024-08-16,Shipped,Website,SAVE10
54105,10896,2024-03-28,Delivered,Marketplace,FEST15
54106,13438,2025-09-28,Delivered,Website,SAVE10
54107,10827,2024-08-06,Delivered,Website,NONE
54108,11384,2025-10-20,Delivered,Website,NONE
54109,11293,2026-07-27,Delivered,Mobile App,BIG20
54110,10650,2026-07-26,Delivered,Mobile App,NONE
54111,13646,2024-08-31,Delivered,Website,NONE
54112,10213,2025-04-14,Delivered,Website,NONE
54113,12027,2025-11-17,Delivered,Mobile App,FEST15
54114,12440,2024-08-18,Delivered,Marketplace,BIG20
54115,12886,2025-06-30,Shipped,Mobile App,NONE
54116,10968,2024-12-15,Delivered,Website,NONE
54117,12358,2025-07-10,Delivered,Marketplace,WELCOME5
54118,13967,2025-09-12,Delivered,Website,SAVE10
54119,11872,2026-04-30,Shipped,Mobile App,NONE
54120,14751,2025-04-03,Delivered,Website,SAVE10
54121,12149,2024-10-05,Shipped,Marketplace,NONE
54122,13885,2024-03-18,Delivered,Website,FEST15
54123,10571,2025-11-09,Delivered,Mobile App,NONE
54124,14258,2026-02-22,Processing,Website,SAVE10
54125,12399,2025-02-02,Delivered,Website,NONE
54126,14954,2026-04-18,Delivered,Website,NONE
54127,13504,2025-04-04,Delivered,Mobile App,NONE
54128,13705,2025-04-08,Delivered,Website,BIG20
54129,10743,2024-02-15,Delivered,Website,NONE
54130,12837,2025-05-22,Delivered,Website,NONE
54131,13691,2025-07-30,Delivered,Website,NONE
54132,14051,2025-04-21,Shipped,Website,NONE
54133,11882,2025-06-05,Shipped,Website,FEST15
54134,12820,2025-05-28,Delivered,Mobile App,NONE
54135,10867,2025-11-09,Delivered,Website,NONE
54136,12163,2024-04-09,Delivered,Mobile App,BIG20
54137,12380,2025-05-29,Shipped,Mobile App,FEST15
54138,10163,2025-02-24,Delivered,Website,NONE
54139,14584,2024-12-02,Delivered,Website,SAVE10
54140,13215,2025-03-10,Processing,Mobile App,NONE
54141,10916,2025-10-20,Shipped,Marketplace,SAVE10
54142,14488,2026-08-25,Cancelled,Mobile App,BIG20
54143,13458,2024-08-02,Delivered,Mobile App,FEST15
54144,13466,2024-02-17,Delivered,Website,NONE
54145,14665,2024-12-04,Delivered,Website,NONE
54146,12021,2024-10-29,Delivered,Website,NONE
54147,11776,2024-03-08,Shipped,Website,NONE
54148,13085,2025-04-26,Delivered,Website,NONE
54149,14443,2025-05-17,Delivered,Website,BIG20
54150,14065,2026-04-01,Shipped,Mobile App,NONE
54151,13934,2025-11-08,Delivered,Marketplace,NONE
54152,13822,2025-03-23,Delivered,Website,NONE
54153,10175,2025-09-29,Cancelled,Website,NONE
54154,12456,2024-10-09,Delivered,Website,NONE
54155,11779,2024-05-31,Shipped,Website,NONE
54156,11809,2025-06-03,Cancelled,Website,SAVE10
54157,14280,2025-04-26,Shipped,Mobile App,NONE
54158,11985,2024-10-15,Delivered,Marketplace,SAVE10
54159,14185,2026-05-22,Delivered,Marketplace,NONE
54160,14540,2025-06-15,Delivered,Mobile App,NONE
54161,12276,2025-07-04,Processing,Website,NONE
54162,10850,2025-10-31,Delivered,Website,FEST15
54163,13493,2024-10-08,Delivered,Website,NONE
54164,14315,2025-05-29,Shipped,Mobile App,NONE
54165,12031,2026-05-19,Delivered,Mobile App,NONE
54166,10977,2025-08-14,Delivered,Mobile App,NONE
54167,12603,2026-04-06,Delivered,Mobile App,NONE
54168,14905,2024-02-07,Delivered,Website,SAVE10
54169,12586,2025-11-29,Delivered,Mobile App,NONE
54170,12242,2025-10-01,Delivered,Website,NONE
54171,12200,2026-05-20,Delivered,Mobile App,NONE
54172,13668,2026-07-29,Delivered,Website,SAVE10
54173,11705,2024-05-15,Delivered,Mobile App,FEST15
54174,13647,2025-04-21,Delivered,Marketplace,NONE
54175,14933,2026-06-23,Delivered,Website,NONE
54176,13863,2026-02-17,Delivered,Marketplace,SAVE10
54177,14644,2024-04-08,Delivered,Website,NONE
54178,13947,2025-06-16,Delivered,Mobile App,FEST15
54179,14219,2024-12-04,Shipped,Website,NONE
54180,10196,2025-11-13,Shipped,Website,NONE
54181,11765,2025-05-12,Delivered,Mobile App,BIG20
54182,11367,2024-10-27,Delivered,Website,SAVE10
54183,14317,2025-02-08,Delivered,Website,NONE
54184,11149,2026-07-26,Delivered,Website,FEST15
54185,14839,2024-12-20,Delivered,Website,NONE
54186,13493,2024-07-27,Cancelled,Website,NONE
54187,10620,2024-04-19,Shipped,Mobile App,FEST15
54188,13417,2024-06-03,Delivered,Website,NONE
54189,11714,2024-02-21,Delivered,Website,NONE
54190,11486,2024-02-14,Delivered,Website,NONE
54191,14971,2025-06-01,Delivered,Website,FEST15
54192,13968,2025-06-08,Delivered,Website,NONE
54193,13817,2026-02-10,Delivered,Website,SAVE10
54194,11559,2025-08-23,Shipped,Mobile App,NONE
54195,13313,2024-07-04,Delivered,Website,SAVE10
54196,11715,2025-09-22,Delivered,Website,NONE
54197,13015,2025-03-06,Delivered,Marketplace,BIG20
54198,11995,2024-06-16,Shipped,Marketplace,BIG20
54199,13048,2025-09-22,Shipped,Marketplace,NONE
54200,13723,2025-09-23,Shipped,Mobile App,WELCOME5
54201,11576,2025-02-14,Delivered,Website,NONE
54202,10059,2024-06-09,Delivered,Website,NONE
54203,10485,2024-01-29,Delivered,Website,FEST15
54204,14533,2026-01-02,Delivered,Website,NONE
54205,14797,2024-05-31,Delivered,Website,FEST15
54206,13461,2024-09-23,Delivered,Website,NONE
54207,10536,2025-10-17,Delivered,Website,FEST15
54208,12933,2025-02-13,Delivered,Marketplace,NONE
54209,12163,2026-03-07,Delivered,Website,NONE
54210,11187,2024-12-22,Delivered,Website,SAVE10
54211,11897,2026-05-15,Delivered,Website,SAVE10
54212,13928,2024-12-22,Delivered,Mobile App,NONE
54213,14982,2024-03-21,Shipped,Website,SAVE10
54214,14364,2025-11-30,Delivered,Website,BIG20
54215,11020,2025-10-02,Delivered,Website,NONE
54216,12508,2026-08-25,Delivered,Marketplace,NONE
54217,12641,2024-04-06,Delivered,Website,NONE
54218,11463,2025-05-26,Shipped,Website,NONE
54219,12176,2025-11-19,Delivered,Mobile App,NONE
54220,11903,2025-01-24,Shipped,Mobile App,NONE
54221,10348,2024-09-11,Delivered,Mobile App,NONE
54222,12082,2024-10-11,Processing,Website,NONE
54223,11821,2024-01-11,Shipped,Mobile App,WELCOME5
54224,11530,2025-08-28,Delivered,Website,NONE
54225,13069,2026-01-24,Delivered,Marketplace,NONE
54226,13561,2025-03-13,Delivered,Website,SAVE10
54227,10235,2024-02-08,Cancelled,Website,BIG20
54228,11711,2026-01-19,Delivered,Website,NONE
54229,10155,2026-05-31,Delivered,Mobile App,BIG20
54230,14107,2025-08-11,Delivered,Mobile App,FEST15
54231,14637,2024-03-25,Delivered,Website,NONE
54232,12319,2025-02-03,Shipped,Marketplace,WELCOME5
54233,14726,2025-07-05,Delivered,Marketplace,BIG20
54234,13145,2026-07-13,Delivered,Website,BIG20
54235,14346,2025-04-29,Processing,Website,NONE
54236,14740,2024-01-11,Processing,Mobile App,WELCOME5
54237,12936,2025-11-14,Shipped,Mobile App,SAVE10
54238,12231,2025-10-30,Delivered,Website,NONE
54239,13710,2024-08-16,Processing,Website,NONE
54240,10852,2025-02-02,Delivered,Website,NONE
54241,11484,2024-02-11,Delivered,Marketplace,SAVE10
54242,12750,2024-04-27,Cancelled,Website,WELCOME5
54243,11007,2024-10-28,Delivered,Website,NONE
54244,12484,2024-03-30,Delivered,Marketplace,NONE
54245,14280,2024-09-24,Shipped,Mobile App,FEST15
54246,13913,2025-09-21,Delivered,Mobile App,NONE
54247,14457,2025-01-06,Delivered,Website,SAVE10
54248,14301,2024-05-23,Delivered,Marketplace,NONE
54249,11662,2025-08-28,Delivered,Mobile App,NONE
54250,13564,2026-04-10,Delivered,Website,NONE
54251,11861,2025-07-26,Delivered,Website,NONE
54252,14858,2024-10-28,Processing,Mobile App,NONE
54253,10884,2026-02-21,Delivered,Website,NONE
54254,11346,2024-11-29,Delivered,Website,NONE
54255,14708,2024-01-15,Delivered,Mobile App,WELCOME5
54256,11196,2025-10-02,Shipped,Marketplace,SAVE10
54257,13098,2025-11-28,Delivered,Website,NONE
54258,11457,2024-08-01,Processing,Website,SAVE10
54259,11423,2024-12-31,Delivered,Website,FEST15
54260,13355,2024-01-07,Shipped,Mobile App,WELCOME5
54261,13975,2025-03-31,Processing,Website,BIG20
54262,11163,2025-03-08,Delivered,Mobile App,SAVE10
54263,14915,2024-09-07,Delivered,Marketplace,NONE
54264,10443,2025-05-27,Delivered,Website,SAVE10
54265,10501,2025-10-20,Delivered,Mobile App,NONE
54266,14889,2025-03-08,Delivered,Website,FEST15
54267,10278,2026-02-10,Delivered,Website,NONE
54268,11574,2025-03-20,Delivered,Website,SAVE10
54269,10606,2025-02-01,Delivered,Mobile App,NONE
54270,11112,2025-10-07,Delivered,Website,NONE
54271,10371,2024-06-15,Shipped,Mobile App,FEST15
54272,11794,2026-03-31,Delivered,Mobile App,WELCOME5
54273,11479,2025-08-09,Delivered,Website,SAVE10
54274,10793,2024-12-20,Delivered,Mobile App,WELCOME5
54275,13594,2024-08-15,Delivered,Mobile App,WELCOME5
54276,10179,2026-02-05,Delivered,Marketplace,NONE
54277,12372,2024-01-14,Delivered,Mobile App,SAVE10
54278,11527,2024-03-01,Delivered,Mobile App,BIG20
54279,13252,2025-08-12,Delivered,Website,NONE
54280,11690,2025-04-10,Delivered,Website,SAVE10
54281,12364,2024-06-15,Delivered,Website,NONE
54282,14056,2024-12-30,Processing,Mobile App,NONE
54283,10723,2026-01-29,Delivered,Mobile App,NONE
54284,12179,2025-03-27,Delivered,Mobile App,NONE
54285,12811,2025-05-27,Delivered,Website,WELCOME5
54286,13684,2024-03-29,Delivered,Website,NONE
54287,12683,2025-11-30,Delivered,Website,NONE
54288,13679,2024-05-14,Delivered,Mobile App,BIG20
54289,13980,2024-08-14,Shipped,Website,NONE
54290,13945,2024-10-11,Delivered,Website,FEST15
54291,13078,2025-02-22,Delivered,Website,BIG20
54292,14593,2024-09-22,Delivered,Marketplace,WELCOME5
54293,10114,2026-03-02,Cancelled,Website,WELCOME5
54294,12494,2025-01-08,Processing,Marketplace,BIG20
54295,14011,2024-02-04,Cancelled,Website,NONE
54296,10520,2025-03-19,Delivered,Website,BIG20
54297,14091,2024-04-29,Delivered,Website,NONE
54298,10194,2024-08-02,Delivered,Website,NONE
54299,13933,2025-07-27,Delivered,Website,WELCOME5
54300,10935,2025-08-23,Shipped,Marketplace,NONE
54301,13338,2025-10-08,Delivered,Marketplace,NONE
54302,14147,2024-12-30,Delivered,Mobile App,NONE
54303,14072,2026-03-23,Processing,Website,NONE
54304,12872,2024-02-28,Delivered,Website,NONE
54305,14543,2025-01-02,Delivered,Website,NONE
54306,10701,2024-08-24,Processing,Marketplace,FEST15
54307,11183,2024-02-10,Delivered,Mobile App,WELCOME5
54308,10664,2025-06-27,Shipped,Website,NONE
54309,13597,2024-02-25,Delivered,Mobile App,NONE
54310,14458,2025-08-11,Delivered,Mobile App,BIG20
54311,14653,2026-04-09,Delivered,Website,NONE
54312,12601,2026-02-14,Delivered,Website,NONE
54313,10661,2025-10-22,Delivered,Website,NONE
54314,10860,2024-08-26,Delivered,Marketplace,NONE
54315,13132,2025-09-25,Delivered,Website,NONE
54316,14484,2025-06-29,Delivered,Website,WELCOME5
54317,14940,2025-04-24,Delivered,Marketplace,NONE
54318,13604,2025-04-06,Delivered,Marketplace,NONE
54319,14405,2024-05-17,Delivered,Mobile App,NONE
54320,12389,2026-04-03,Delivered,Marketplace,NONE
54321,10981,2026-03-22,Cancelled,Website,NONE
54322,12326,2025-12-09,Processing,Mobile App,NONE
54323,10498,2025-06-15,Delivered,Mobile App,SAVE10
54324,13364,2024-05-08,Delivered,Mobile App,NONE
54325,11648,2025-09-07,Delivered,Website,NONE
54326,11692,2026-07-19,Delivered,Website,BIG20
54327,10016,2024-05-08,Processing,Mobile App,BIG20
54328,15000,2024-12-10,Delivered,Website,SAVE10
54329,12137,2026-05-28,Delivered,Website,NONE
54330,13923,2026-07-14,Delivered,Marketplace,BIG20
54331,12598,2025-03-08,Delivered,Mobile App,NONE
54332,13205,2024-10-03,Delivered,Website,NONE
54333,12340,2024-10-05,Delivered,Website,FEST15
54334,13438,2025-03-30,Processing,Website,FEST15
54335,11000,2024-11-05,Delivered,Mobile App,NONE
54336,14981,2025-06-17,Delivered,Mobile App,NONE
54337,12140,2024-03-18,Delivered,Website,BIG20
54338,10054,2024-03-02,Shipped,Marketplace,NONE
54339,14763,2024-01-05,Delivered,Website,SAVE10
54340,10115,2025-11-25,Delivered,Marketplace,NONE
54341,12362,2026-06-14,Delivered,Mobile App,SAVE10
54342,13926,2024-04-11,Shipped,Mobile App,NONE
54343,11853,2026-06-06,Delivered,Mobile App,NONE
54344,11047,2024-06-08,Delivered,Marketplace,NONE
54345,11203,2024-02-16,Delivered,Website,SAVE10
54346,13426,2024-10-08,Delivered,Website,NONE
54347,12869,2024-10-10,Cancelled,Website,NONE
54348,12517,2026-07-20,Delivered,Website,NONE
54349,12572,2024-04-19,Delivered,Mobile App,NONE
54350,11594,2026-08-01,Delivered,Mobile App,NONE
54351,14676,2026-04-15,Delivered,Website,FEST15
54352,11157,2025-04-19,Delivered,Marketplace,FEST15
54353,14188,2025-10-14,Delivered,Website,NONE
54354,13884,2025-06-01,Shipped,Mobile App,SAVE10
54355,10034,2026-06-01,Delivered,Mobile App,NONE
54356,10855,2024-07-24,Delivered,Mobile App,NONE
54357,12762,2026-07-15,Delivered,Mobile App,SAVE10
54358,10794,2025-02-09,Delivered,Website,FEST15
54359,14263,2026-06-23,Cancelled,Website,WELCOME5
54360,12210,2026-08-12,Shipped,Mobile App,NONE
54361,14185,2026-04-02,Delivered,Website,NONE
54362,10597,2026-02-06,Processing,Mobile App,BIG20
54363,10121,2025-02-25,Delivered,Website,BIG20
54364,13208,2025-11-07,Delivered,Mobile App,NONE
54365,14011,2024-08-25,Delivered,Website,NONE
54366,14960,2024-09-27,Processing,Mobile App,SAVE10
54367,13938,2025-12-20,Delivered,Mobile App,NONE
54368,13740,2026-01-10,Delivered,Website,FEST15
54369,10290,2024-09-10,Shipped,Mobile App,NONE
54370,13017,2026-07-26,Delivered,Website,NONE
54371,13569,2025-10-23,Shipped,Marketplace,NONE
54372,11974,2026-08-16,Shipped,Website,SAVE10
54373,14996,2025-04-09,Delivered,Website,SAVE10
54374,14940,2025-08-04,Shipped,Website,BIG20
54375,14281,2025-09-24,Delivered,Mobile App,NONE
54376,14400,2024-06-04,Processing,Website,NONE
54377,12841,2024-09-28,Delivered,Website,BIG20
54378,14103,2026-07-24,Delivered,Mobile App,SAVE10
54379,10357,2025-10-15,Delivered,Marketplace,BIG20
54380,11151,2025-06-09,Delivered,Website,WELCOME5
54381,13320,2024-01-03,Delivered,Website,NONE
54382,10618,2024-02-07,Delivered,Website,NONE
54383,14065,2025-06-23,Shipped,Mobile App,NONE
54384,10890,2024-03-20,Delivered,Website,SAVE10
54385,11747,2024-05-18,Shipped,Mobile App,FEST15
54386,11294,2025-07-13,Delivered,Website,NONE
54387,12707,2026-07-21,Cancelled,Website,SAVE10
54388,10409,2026-03-21,Processing,Website,NONE
54389,14061,2025-03-27,Processing,Website,NONE
54390,14443,2026-07-02,Delivered,Mobile App,NONE
54391,13736,2025-08-10,Processing,Mobile App,NONE
54392,10927,2026-07-05,Delivered,Mobile App,NONE
54393,11453,2024-08-18,Delivered,Website,FEST15
54394,11134,2025-07-15,Delivered,Website,WELCOME5
54395,13011,2026-06-13,Processing,Mobile App,BIG20
54396,14441,2026-08-09,Cancelled,Mobile App,NONE
54397,14397,2026-04-14,Delivered,Mobile App,WELCOME5
54398,14791,2024-05-25,Delivered,Website,NONE
54399,13448,2025-08-23,Delivered,Website,SAVE10
54400,11109,2024-04-01,Delivered,Mobile App,SAVE10
54401,11991,2025-01-06,Delivered,Website,NONE
54402,11471,2024-01-30,Delivered,Website,NONE
54403,10319,2026-01-06,Delivered,Mobile App,NONE
54404,14001,2026-01-20,Delivered,Website,NONE
54405,12891,2024-03-30,Delivered,Website,FEST15
54406,14852,2026-06-08,Delivered,Website,BIG20
54407,14207,2026-03-25,Delivered,Mobile App,NONE
54408,13249,2026-03-25,Shipped,Website,FEST15
54409,10219,2025-03-09,Delivered,Mobile App,WELCOME5
54410,12213,2026-06-30,Delivered,Website,NONE
54411,12375,2026-08-11,Shipped,Mobile App,SAVE10
54412,13373,2025-06-15,Delivered,Website,NONE
54413,12836,2025-01-02,Delivered,Mobile App,NONE
54414,13902,2026-01-10,Delivered,Website,SAVE10
54415,10111,2024-02-12,Delivered,Mobile App,NONE
54416,10564,2024-11-22,Delivered,Mobile App,WELCOME5
54417,14764,2024-01-05,Processing,Mobile App,BIG20
54418,12177,2026-01-13,Delivered,Website,NONE
54419,14114,2024-02-11,Cancelled,Mobile App,NONE
54420,14287,2025-12-31,Delivered,Mobile App,NONE
54421,10604,2025-07-02,Delivered,Website,NONE
54422,13528,2025-02-26,Delivered,Website,NONE
54423,10870,2025-09-04,Delivered,Mobile app ,SAVE10
54424,10769,2024-02-12,Delivered,Mobile App,NONE
54425,11222,2026-02-25,Delivered,Website,NONE
54426,13777,2024-09-15,Shipped,Website,FEST15
54427,10466,2026-03-28,Shipped,Website,NONE
54428,13338,2026-05-08,Shipped,Website,SAVE10
54429,11907,2025-06-18,Delivered,Website,WELCOME5
54430,11324,2025-07-23,Delivered,Website,NONE
54431,11200,2026-06-14,Delivered,Marketplace,SAVE10
54432,11721,2025-01-27,Delivered,Marketplace,BIG20
54433,11746,2025-01-20,Delivered,Mobile App,NONE
54434,11573,2026-07-07,Delivered,Website,SAVE10
54435,12592,2025-01-26,Delivered,Marketplace,NONE
54436,14967,2024-12-21,Shipped,Mobile App,NONE
54437,12258,2024-01-06,Delivered,Website,FEST15
54438,10919,2024-11-14,Shipped,Website,WELCOME5
54439,13059,2024-08-30,Delivered,Mobile App,WELCOME5
54440,14148,2026-01-17,Processing,Marketplace,FEST15
54441,12999,2025-04-30,Delivered,Website,WELCOME5
54442,12654,2024-12-10,Delivered,Website,NONE
54443,13346,2026-06-24,Delivered,Mobile App,SAVE10
54444,14403,2025-03-08,Delivered,Website,SAVE10
54445,10383,2025-02-07,Delivered,Website,NONE
54446,14910,2025-12-01,Shipped,Mobile App,
54447,14466,2024-09-10,Shipped,Mobile App,NONE
54448,14806,2025-02-21,Delivered,Website,SAVE10
54449,12492,2025-11-15,Delivered,Website,NONE
54450,14272,2024-11-08,Delivered,Website,BIG20
54451,10410,2025-02-20,Delivered,Website,NONE
54452,12068,2024-01-15,Delivered,Mobile App,SAVE10
54453,14398,2026-02-09,Delivered,Marketplace,NONE
54454,11357,2026-04-14,Delivered,Mobile App,WELCOME5
54455,13818,2025-10-10,Delivered,Website,NONE
54456,11598,2025-05-25,Delivered,Website,NONE
54457,12946,2026-05-16,Delivered,Website,NONE
54458,13266,2026-04-05,Shipped,Mobile App,NONE
54459,14390,2025-03-30,Delivered,Website,NONE
54460,11710,2025-08-22,Delivered,Website,NONE
54461,13938,2026-06-29,Delivered,Website,NONE
54462,12175,2024-07-13,Delivered,Mobile App,NONE
54463,11967,2026-01-24,Delivered,Website,NONE
54464,10399,2024-12-18,Shipped,Website,SAVE10
54465,10382,2024-03-31,Delivered,Mobile App,NONE
54466,13856,2025-02-08,Cancelled,Mobile App,NONE
54467,10524,2025-05-17,Delivered,Website,FEST15
54468,10558,2025-12-18,Delivered,Mobile App,BIG20
54469,10927,2024-05-27,Delivered,Mobile App,NONE
54470,11686,2025-06-15,Delivered,Website,NONE
54471,10814,2025-10-03,Delivered,Mobile App,NONE
54472,12953,2025-09-09,Delivered,Website,NONE
54473,14111,2026-03-18,Delivered,Mobile App,NONE
54474,12656,2025-12-31,Processing,Website,SAVE10
54475,13326,2025-03-27,Delivered,Website,NONE
54476,14466,2024-09-22,Delivered,Mobile App,NONE
54477,14473,2026-05-04,Delivered,Mobile App,NONE
54478,13294,2026-05-05,Delivered,Website,FEST15
54479,10341,2024-05-05,Delivered,Marketplace,FEST15
54480,13946,2025-03-15,Delivered,Website,NONE
54481,13789,2025-12-30,Shipped,Website,SAVE10
54482,11518,2025-10-03,Shipped,Website,NONE
54483,10812,2026-04-28,Delivered,Website,NONE
54484,10662,2024-07-30,Shipped,Mobile App,NONE
54485,11382,2026-07-02,Delivered,Website,NONE
54486,13717,2024-08-14,Shipped,Website,WELCOME5
54487,14730,2024-04-02,Delivered,Mobile App,SAVE10
54488,10768,2025-12-13,Delivered,Website,SAVE10
54489,12075,2026-06-19,Delivered,Mobile App,NONE
54490,14171,2024-12-05,Cancelled,Website,WELCOME5
54491,10430,2024-06-04,Processing,Mobile App,NONE
54492,14716,2026-04-29,Delivered,Website,NONE
54493,10092,2024-04-02,Delivered,Marketplace,WELCOME5
54494,11415,2025-10-06,Shipped,Website,SAVE10
54495,10163,2024-05-02,Delivered,Website,SAVE10
54496,13806,2025-10-07,Delivered,Mobile App,BIG20
54497,12136,2024-04-20,Cancelled,Website,NONE
54498,12187,2025-01-03,Delivered,Website,NONE
54499,12733,2025-03-26,Delivered,Website,NONE
54500,11495,2026-05-25,Delivered,Website,NONE
54501,13786,2025-11-20,Delivered,Mobile App,WELCOME5
54502,12156,2026-07-05,Delivered,Mobile App,NONE
54503,13980,2025-06-07,Processing,Marketplace,NONE
54504,13234,2024-09-07,Shipped,Website,FEST15
54505,13375,2025-02-15,Delivered,Mobile App,BIG20
54506,14941,2025-05-14,Shipped,Mobile App,FEST15
54507,12533,2025-06-30,Delivered,Mobile App,NONE
54508,11501,2026-05-29,Delivered,Website,NONE
54509,13640,2026-05-20,Delivered,Website,FEST15
54510,13530,2024-04-08,Delivered,Website,SAVE10
54511,12418,2026-02-09,Delivered,Website,NONE
54512,11675,2024-10-15,Delivered,Mobile App,BIG20
54513,14652,2025-07-23,Processing,Mobile App,SAVE10
54514,11257,2026-07-14,Delivered,Website,SAVE10
54515,10395,2026-05-05,Delivered,Marketplace,NONE
54516,13160,2025-04-15,Processing,Mobile App,NONE
54517,10407,2024-02-14,Delivered,Marketplace,SAVE10
54518,13807,2026-07-11,Delivered,Website,NONE
54519,14211,2026-05-30,Delivered,Mobile App,NONE
54520,13587,2025-01-03,Delivered,Website,NONE
54521,11181,2024-05-13,Delivered,Marketplace,WELCOME5
54522,14713,2025-05-26,Delivered,Website,BIG20
54523,10443,2026-02-16,Delivered,Website,NONE
54524,10537,2025-03-16,Delivered,Mobile App,NONE
54525,11521,2024-01-21,Delivered,Website,FEST15
54526,12704,2025-03-19,Delivered,Marketplace,SAVE10
54527,13552,2025-05-14,Delivered,Website,NONE
54528,11455,2026-06-09,Delivered,Website,NONE
54529,14578,2026-02-22,Delivered,Website,BIG20
54530,14085,2025-11-04,Delivered,Website,NONE
54531,11154,2025-01-27,Cancelled,Mobile App,FEST15
54532,10311,2026-07-06,Delivered, marketplace,NONE
54533,13510,2024-08-12,Delivered,Marketplace,NONE
54534,10880,2024-11-15,Shipped,Marketplace,FEST15
54535,11410,2026-03-31,Delivered,Website,BIG20
54536,13861,2026-08-22,Delivered,Mobile App,FEST15
54537,10946,2026-03-01,Delivered,Website,SAVE10
54538,11774,2025-11-17,Delivered,Mobile App,FEST15
54539,14638,2026-06-28,Delivered,Marketplace,NONE
54540,13410,2024-05-07,Shipped,Website,NONE
54541,13101,2025-10-11,Delivered,Website,WELCOME5
54542,14993,2025-02-04,Delivered,Website,SAVE10
54543,13853,2025-08-03,Delivered,Marketplace,NONE
54544,12300,2024-08-29,Delivered,Marketplace,SAVE10
54545,13323,2025-04-19,Delivered,Marketplace,NONE
54546,12665,2024-08-16,Delivered,Mobile App,WELCOME5
54547,11818,2025-09-16,Delivered,Marketplace,NONE
54548,14877,2026-06-20,Shipped,Marketplace,NONE
54549,12967,2024-02-27,Processing,Website,NONE
54550,13732,2026-07-20,Processing,Marketplace,WELCOME5
54551,12050,2025-10-01,Delivered,Mobile App,NONE
54552,10984,2024-01-14,Processing,Website,BIG20
54553,10613,2025-07-15,Delivered,Mobile App,NONE
54554,14022,2024-05-13,Delivered,Website,NONE
54555,12606,2026-02-17,Cancelled,Mobile App,FEST15
54556,12580,2024-09-26,Delivered,Website,NONE
54557,10606,2024-02-25,Delivered,Mobile App,SAVE10
54558,13937,2026-04-02,Delivered,Mobile app ,SAVE10
54559,11319,2025-06-04,Delivered,Website,SAVE10
54560,12993,2025-08-15,Delivered,Mobile App,NONE
54561,11752,2026-03-17,Delivered,Mobile App,SAVE10
54562,11137,2025-07-02,Delivered,Marketplace,SAVE10
54563,10817,2026-02-11,Delivered,Mobile App,NONE
54564,14073,2025-08-03,Delivered,Marketplace,SAVE10
54565,10475,2024-01-27,Delivered,Mobile App,NONE
54566,10011,2026-07-11,Delivered,Website,NONE
54567,11534,2026-07-19,Delivered,Website,NONE
54568,14441,2024-09-24,Cancelled,Mobile App,WELCOME5
54569,13511,2025-09-22,Shipped,Website,SAVE10
54570,14094,2024-04-29,Delivered,Website,NONE
54571,11023,2024-10-03,Delivered,Mobile App,FEST15
54572,14851,2025-08-12,Processing,Marketplace,NONE
54573,10589,2024-12-03,Delivered,Website,NONE
54574,10178,2026-07-28,Shipped,Website,NONE
54575,12386,2024-03-17,Shipped,Marketplace,SAVE10
54576,12189,2025-11-19,Delivered,Website,NONE
54577,11456,2025-08-17,Delivered,Website,SAVE10
54578,10846,2026-05-15,Delivered,Website,WELCOME5
54579,11606,2026-02-23,Delivered,Website,NONE
54580,11870,2026-05-19,Processing,Mobile App,WELCOME5
54581,13007,2026-02-09,Delivered,Marketplace,NONE
54582,11799,2024-07-31,Shipped,Mobile App,SAVE10
54583,11222,2025-02-15,Delivered,Website,WELCOME5
54584,12988,2025-10-27,Delivered,Mobile App,NONE
54585,12913,2026-08-27,Delivered,Mobile App,FEST15
54586,12188,2026-04-16,Delivered,Website,SAVE10
54587,10551,2025-09-22,Delivered,Website,NONE
54588,14828,2024-04-08,Shipped,Website,WELCOME5
54589,12599,2025-02-12,Delivered,Mobile App,NONE
54590,11389,2025-09-23,Delivered,Mobile App,FEST15
54591,13629,2026-01-18,Delivered,Mobile App,NONE
54592,12094,2024-09-20,Delivered,Marketplace,NONE
54593,10821,2025-03-29,Shipped,Marketplace,SAVE10
54594,13504,2026-03-08,Delivered,Marketplace,SAVE10
54595,10464,2026-03-19,Delivered,Mobile App,SAVE10
54596,11383,2024-08-04,Delivered,Marketplace,NONE
54597,13314,2024-09-03,Shipped,Website,NONE
54598,13620,2024-12-28,Delivered,Website,SAVE10
54599,14957,2025-09-16,Delivered,Mobile App,NONE
54600,13544,2025-10-18,Delivered,Website,NONE
54601,11159,2026-01-06,Delivered,Mobile App,NONE
54602,13562,2025-06-23,Delivered,Marketplace,SAVE10
54603,13758,2026-06-09,Delivered,Mobile App,NONE
54604,13376,2024-04-26,Delivered,Website,NONE
54605,13731,2025-05-23,Delivered,Website,NONE
54606,14088,2024-08-06,Delivered,Mobile App,NONE
54607,12842,2025-06-06,Delivered,Mobile App,SAVE10
54608,14975,2026-05-09,Delivered,Mobile App,NONE
54609,13223,2026-05-08,Delivered,Mobile App,NONE
54610,10277,2026-08-17,Delivered,Website,NONE
54611,10863,2025-04-20,Delivered,Mobile App,WELCOME5
54612,12486,2025-11-04,Shipped,Mobile App,NONE
54613,12177,2025-04-07,Shipped,Website,NONE
54614,14066,2024-01-10,Delivered,Marketplace,FEST15
54615,13363,2024-10-01,Delivered,Website,FEST15
54616,10001,2025-12-22,Cancelled,Website,NONE
54617,12279,2024-02-22,Delivered,Website,FEST15
54618,12726,2025-09-15,Shipped,Website,FEST15
54619,14904,2025-03-20,Delivered,Mobile App,NONE
54620,13299,2025-02-03,Delivered,Marketplace,SAVE10
54621,10902,2025-12-14,Delivered,Website,NONE
54622,10959,2024-08-09,Delivered,Mobile App,NONE
54623,11580,2024-09-08,Delivered,Mobile App,NONE
54624,12005,2024-06-09,Delivered,Mobile App,NONE
54625,10544,2024-04-15,Delivered,Marketplace,BIG20
54626,13948,2024-03-22,Delivered,Mobile App,FEST15
54627,10339,2024-04-10,Shipped,Marketplace,SAVE10
54628,10334,2025-09-12,Delivered,Mobile App,NONE
54629,10637,2024-10-17,Delivered,Website,NONE
54630,10675,2024-11-23,Cancelled,Website,SAVE10
54631,12821,2025-12-31,Delivered,Website,WELCOME5
54632,14091,2025-05-17,Delivered,Mobile App,NONE
54633,14713,2024-03-15,Delivered,Website,BIG20
54634,14047,2025-05-24,Shipped,Website,NONE
54635,13429,2025-10-03,Delivered,Website,NONE
54636,12953,2025-08-12,Delivered,Website,SAVE10
54637,11548,2026-04-22,Delivered,Website,BIG20
54638,12081,2025-07-30,Delivered,Marketplace,NONE
54639,14363,2026-02-27,Delivered,Marketplace,BIG20
54640,10529,2025-05-18,Delivered,Mobile App,NONE
54641,14127,2025-09-09,Delivered,Website,FEST15
54642,14058,2024-05-30,Delivered,Marketplace,SAVE10
54643,10288,2026-08-20,Delivered,Website,NONE
54644,11209,2024-01-27,Delivered,Website,NONE
54645,11551,2026-07-28,Delivered,Website,BIG20
54646,14566,2025-07-12,Delivered,Website,FEST15
54647,12195,2024-11-23,Delivered,Website,BIG20
54648,13880,2025-02-14,Delivered,Website,NONE
54649,13004,2024-03-15,Delivered,Website,NONE
54650,10405,2025-02-01,Delivered,Marketplace,NONE
54651,13335,2024-03-09,Shipped,Marketplace,NONE
54652,13178,2025-02-21,Processing,Marketplace,BIG20
54653,14355,2024-05-12,Delivered,Mobile App,SAVE10
54654,14604,2024-04-20,Processing,Mobile App,WELCOME5
54655,12938,2025-11-22,Delivered,Mobile App,NONE
54656,14396,2024-06-22,Delivered,Marketplace,NONE
54657,10697,2024-11-21,Delivered,Website,BIG20
54658,13067,2025-10-04,Delivered,Mobile App,NONE
54659,12888,2025-05-04,Delivered,Website,NONE
54660,10860,2025-05-13,Delivered,Website,NONE
54661,12695,2025-03-04,Shipped,Mobile App,FEST15
54662,13402,2025-08-14,Delivered,Marketplace,NONE
54663,12076,2025-09-25,Delivered,Marketplace,SAVE10
54664,13331,2024-05-05,Delivered,Website,NONE
54665,13726,2026-07-23,Delivered,Website,NONE
54666,12944,2026-02-28,Delivered,Marketplace,NONE
54667,11991,2025-02-15,Delivered,Mobile App,NONE
54668,11329,2024-12-27,Delivered,Website,NONE
54669,13304,2025-12-05,Delivered,Website,SAVE10
54670,14502,2025-08-17,Delivered,Mobile App,NONE
54671,12310,2026-02-17,Delivered,Mobile App,NONE
54672,12513,2025-03-27,Delivered,Marketplace,NONE
54673,14561,2025-03-03,Delivered,Website,NONE
54674,11486,2025-03-30,Delivered,Website,SAVE10
54675,14039,2024-10-13,Delivered,Website,BIG20
54676,11277,2026-01-25,Delivered,Website,BIG20
54677,11290,2026-02-11,Delivered,Website,NONE
54678,11406,2024-04-17,Delivered,Website,SAVE10
54679,10264,2024-03-31,Processing,Website,WELCOME5
54680,12306,2024-03-13,Delivered,Website,NONE
54681,11769,2024-11-15,Cancelled,Website,FEST15
54682,11155,2024-04-08,Delivered,Marketplace,NONE
54683,13783,2025-07-06,Delivered,Mobile App,BIG20
54684,12588,2026-08-23,Delivered,Website,SAVE10
54685,10979,2025-11-14,Shipped,Website,SAVE10
54686,10961,2026-06-18,Processing,Website,SAVE10
54687,14048,2024-05-24,Delivered,Mobile App,WELCOME5
54688,11355,2025-11-10,Delivered,Website,NONE
54689,11975,2025-12-07,Delivered,Website,NONE
54690,10599,2025-03-10,Delivered,Website,NONE
54691,14022,2025-12-24,Delivered,Marketplace,BIG20
54692,11787,2024-03-23,Delivered,Website,BIG20
54693,13525,2025-08-20,Delivered,Website,NONE
54694,12030,2026-03-07,Delivered,Mobile App,NONE
54695,14009,2025-01-16,Processing,Marketplace,FEST15
54696,12019,2024-07-02,Delivered,Mobile App,SAVE10
54697,14479,2024-01-10,Delivered,Website,SAVE10
54698,13625,2024-09-21,Shipped,Mobile App,SAVE10
54699,12405,2026-03-07,Delivered,Website,NONE
54700,12417,2026-03-26,Delivered,Website,NONE
54701,13102,2025-08-21,Delivered,Website,NONE
54702,13466,2024-09-06,Delivered,Website,SAVE10
54703,13533,2024-09-09,Delivered,Mobile App,SAVE10
54704,10166,2026-03-30,Delivered,Website,FEST15
54705,11325,2025-07-20,Shipped,Mobile App,NONE
54706,12183,2026-02-01,Delivered,Website,SAVE10
54707,12685,2024-12-25,Delivered,Mobile App,NONE
54708,10449,2026-03-23,Delivered,Website,SAVE10
54709,10999,2025-04-01,Processing,Mobile App,NONE
54710,12311,2025-10-16,Shipped,Mobile App,
54711,12236,2026-04-05,Delivered,Mobile App,SAVE10
54712,13076,2024-12-07,Delivered,Website,NONE
54713,10349,2026-02-03,Cancelled,Mobile App,FEST15
54714,13984,2025-09-25,Delivered,Mobile App,WELCOME5
54715,11506,2025-04-27,Shipped,Website,NONE
54716,12752,2026-03-15,Delivered,Website,NONE
54717,14737,2025-03-02,Delivered,Mobile App,WELCOME5
54718,11898,2025-12-27,Delivered,Mobile App,NONE
54719,11568,2024-03-15,Delivered,Mobile App,NONE
54720,11323,2026-04-16,Delivered,Mobile App,FEST15
54721,13263,2026-07-24,Shipped,Website,NONE
54722,14788,2026-08-12,Delivered,Website,NONE
54723,12799,2026-03-29,Processing,Website,NONE
54724,10992,2025-10-31,Delivered,Marketplace,BIG20
54725,14731,2025-12-19,Shipped,Mobile App,NONE
54726,10213,2026-06-19,Delivered,Website,NONE
54727,12052,2025-12-09,Shipped,Mobile App,NONE
54728,10630,2024-09-20,Shipped,Mobile App,BIG20
54729,10167,2024-06-03,Shipped,Mobile App,NONE
54730,14988,2026-08-02,Delivered,Marketplace,BIG20
54731,10426,2024-05-14,Delivered,Mobile App,NONE
54732,14531,2026-06-02,Cancelled,Marketplace,NONE
54733,12725,2026-06-26,Delivered,Mobile App,SAVE10
54734,11602,2024-02-10,Delivered,Mobile App,NONE
54735,14315,2026-02-22,Delivered,Mobile App,NONE
54736,10020,2025-07-26,Delivered,Mobile App,WELCOME5
54737,13452,2025-01-12,Shipped,Website,NONE
54738,13837,2025-05-02,Shipped,Mobile App,WELCOME5
54739,11820,2025-02-19,Delivered,Website,BIG20
54740,11503,2026-03-02,Delivered,Mobile App,NONE
54741,10046,2025-02-03,Processing,Mobile App,NONE
54742,10111,2024-05-02,Delivered,Mobile App,NONE
54743,10220,2025-01-19,Delivered,Website,WELCOME5
54744,12284,2025-05-26,Cancelled,Website,NONE
54745,12654,2025-03-12,Cancelled,Mobile App,NONE
54746,12121,2025-05-01,Delivered,Website,FEST15
54747,13513,2026-08-15,Delivered,Website,NONE
54748,11809,2025-01-18,Processing,Website,NONE
54749,13952,2026-03-04,Shipped,Website,SAVE10
54750,13267,2026-08-20,Delivered,Website,SAVE10
54751,14686,2026-03-16,Cancelled,Website,NONE
54752,13631,2025-06-07,Delivered,Marketplace,NONE
54753,10640,2026-08-17,Delivered,Website,NONE
54754,12796,2025-02-04,Delivered,Mobile App,SAVE10
54755,13287,2024-09-27,Delivered,Website,NONE
54756,10070,2026-04-10,Delivered,Website,NONE
54757,10221,2026-06-10,Delivered,Mobile App,NONE
54758,10113,2024-05-14,Delivered,Mobile App,NONE
54759,10858,2024-11-05,Delivered,Website,NONE
54760,14409,2024-10-05,Delivered,Mobile App,NONE
54761,11201,2026-03-06,Delivered,Mobile App,NONE
54762,10933,2024-09-27,Delivered,Mobile App,NONE
54763,12231,2025-10-05,Shipped,Mobile App,BIG20
54764,11991,2026-06-24,Shipped,Marketplace,NONE
54765,14967,2026-06-01,Delivered,Website,NONE
54766,10518,2026-05-03,Delivered,Mobile App,FEST15
54767,14205,2025-05-28,Delivered,Marketplace,BIG20
54768,11147,2025-08-11,Delivered,Website,NONE
54769,11550,2025-12-04,Shipped,Mobile App,NONE
54770,12427,2024-11-06,Shipped,Mobile App,SAVE10
54771,14878,2025-05-01,Shipped,Website,NONE
54772,11178,2025-03-30,Delivered,Website,NONE
54773,11720,2026-02-15,Delivered,Marketplace,NONE
54774,13296,2025-07-08,Delivered,Website,WELCOME5
54775,13351,2025-03-08,Delivered,Website,NONE
54776,11837,2025-06-07,Delivered,Marketplace,SAVE10
54777,10657,2024-06-15,Delivered,Website,FEST15
54778,13943,2024-09-05,Delivered,Website,NONE
54779,14503,2026-02-15,Delivered,Website,FEST15
54780,13010,2024-05-06,Delivered,Marketplace,SAVE10
54781,14365,2025-10-24,Shipped,Website,NONE
54782,11270,2026-05-30,Delivered,Marketplace,NONE
54783,14321,2025-10-25,Delivered,Marketplace,WELCOME5
54784,14042,2025-09-13,Delivered,Website,WELCOME5
54785,14512,2025-11-26,Delivered,Mobile App,NONE
54786,14661,2024-05-20,Cancelled,Mobile App,NONE
54787,11727,2024-05-12,Delivered,Mobile App,NONE
54788,10601,2026-08-18,Shipped,Website,WELCOME5
54789,13746,2025-02-17,Processing,Website,BIG20
54790,13349,2025-02-02,Shipped,Website,NONE
54791,13239,2024-06-02,Delivered,Website,SAVE10
54792,13154,2025-12-11,Delivered,Website,NONE
54793,10205,2024-02-03,Delivered,Mobile App,NONE
54794,13349,2024-06-20,Delivered,Website,NONE
54795,12421,2024-08-05,Cancelled,Website,NONE
54796,10156,2026-06-23,Delivered,Mobile App,NONE
54797,14278,2026-07-10,Delivered,Mobile App,SAVE10
54798,10141,2024-03-17,Delivered,Marketplace,SAVE10
54799,11168,2024-05-15,Delivered,Website,BIG20
54800,11475,2026-07-16,Cancelled,Mobile App,SAVE10
54801,13915,2025-09-07,Delivered,Website,NONE
54802,10402,2025-12-06,Delivered,Mobile App,SAVE10
54803,11922,2025-07-04,Delivered,Marketplace,NONE
54804,11831,2024-08-08,Delivered,Website,NONE
54805,12074,2025-12-09,Delivered,Website,WELCOME5
54806,14363,2024-06-24,Delivered,Website,NONE
54807,11627,2024-01-29,Delivered,Mobile App,NONE
54808,11773,2026-03-22,Delivered,Mobile App,WELCOME5
54809,12045,2025-01-03,Delivered,Mobile App,SAVE10
54810,11965,2024-02-08,Delivered,Mobile App,NONE
54811,14771,2025-02-25,Delivered,Website,NONE
54812,11338,2024-04-20,Delivered,Website,NONE
54813,10568,2025-04-01,Delivered,Website,WELCOME5
54814,12109,2025-10-14,Delivered,Mobile App,FEST15
54815,10418,2024-11-23,Shipped,Marketplace,WELCOME5
54816,13988,2024-03-16,Delivered,Mobile App,FEST15
54817,14461,2026-05-13,Delivered,Website,NONE
54818,14155,2025-06-09,Delivered,Marketplace,NONE
54819,14025,2024-01-23,Delivered,Mobile App,WELCOME5
54820,12106,2025-07-10,Delivered,Website,NONE
54821,13492,2026-06-15,Delivered,Mobile App,NONE
54822,11985,2024-01-18,Shipped,Website,SAVE10
54823,14273,2026-02-02,Shipped,Marketplace,WELCOME5
54824,10976,2024-12-31,Delivered,Website,WELCOME5
54825,10704,2025-11-17,Delivered,Marketplace,NONE
54826,14879,2024-01-28,Delivered,Website,NONE
54827,11803,2026-05-29,Delivered,Mobile App,NONE
54828,11555,2026-07-26,Delivered,Website,WELCOME5
54829,13343,2025-06-17,Delivered,Mobile App,NONE
54830,11714,2024-07-27,Delivered,Mobile App,
54831,13737,2024-05-26,Cancelled,Website,NONE
54832,12150,2025-10-31,Delivered,Website,FEST15
54833,13920,2026-02-08,Delivered,Marketplace,SAVE10
54834,10403,2025-10-15,Delivered,Website,FEST15
54835,13638,2025-04-23,Delivered,Website,NONE
54836,11643,2026-01-19,Delivered,Website,SAVE10
54837,12115,2025-12-16,Delivered,Marketplace,NONE
54838,14653,2024-11-21,Delivered,Website,NONE
54839,12412,2026-01-23,Delivered,Website,WELCOME5
54840,10373,2024-06-27,Delivered,Website,NONE
54841,12292,2026-03-06,Delivered,Website,WELCOME5
54842,11203,2025-05-29,Delivered,Website,FEST15
54843,12374,2025-12-25,Processing,Website,NONE
54844,11089,2025-11-04,Delivered,Website,NONE
54845,13216,2024-04-03,Delivered,Website,FEST15
54846,11176,2026-01-02,Delivered,Website,FEST15
54847,12327,2026-01-30,Processing,Website,NONE
54848,14774,2024-02-17,Delivered,Mobile App,NONE
54849,13190,2024-08-07,Delivered,Mobile App,NONE
54850,13543,2025-12-31,Delivered,Mobile App,NONE
54851,13862,2024-12-16,Cancelled,Website,BIG20
54852,14599,2024-04-19,Cancelled,Mobile App,FEST15
54853,14431,2026-04-08,Delivered,Website,FEST15
54854,14289,2025-05-23,Delivered,Mobile App,NONE
54855,11706,2025-01-17,Delivered,Marketplace,NONE
54856,13124,2025-06-22,Delivered,Marketplace,BIG20
54857,14091,2025-01-22,Delivered,Mobile App,NONE
54858,12800,2024-05-03,Processing,Website,SAVE10
54859,10636,2025-06-28,Delivered,Website,FEST15
54860,12546,2026-07-24,Delivered,Website,NONE
54861,11081,2026-07-12,Shipped,Website,NONE
54862,13448,2025-09-10,Delivered,Mobile App,NONE
54863,14299,2024-06-06,Delivered,Website,BIG20
54864,13510,2024-08-05,Delivered,Website,SAVE10
54865,12755,2024-11-01,Delivered,Mobile App,BIG20
54866,12998,2024-02-19,Delivered,Mobile App,NONE
54867,12693,2024-05-15,Delivered,Website,NONE
54868,12245,2026-01-21,Processing,Mobile App,SAVE10
54869,11135,2025-02-20,Processing,Website,NONE
54870,13377,2026-03-27,Delivered,Mobile App,SAVE10
54871,11748,2024-02-29,Shipped,Mobile App,NONE
54872,10784,2024-03-28,Delivered,Mobile App,NONE
54873,14001,2025-10-31,Delivered,Marketplace,NONE
54874,12758,2024-09-06,Delivered,Website,SAVE10
54875,12602,2024-08-07,Delivered,Website,NONE
54876,12597,2025-09-15,Delivered,Mobile App,FEST15
54877,10389,2026-06-04,Delivered,Mobile App,NONE
54878,12674,2025-02-10,Delivered,Website,NONE
54879,12719,2026-01-09,Delivered,Mobile App,WELCOME5
54880,12555,2024-11-28,Delivered,Website,WELCOME5
54881,10036,2026-03-24,Delivered,Website,NONE
54882,13752,2025-02-15,Processing,Website,BIG20
54883,13071,2024-05-27,Delivered,Website,NONE
54884,13788,2025-05-05,Delivered,Mobile App,NONE
54885,12520,2024-10-10,Processing,Mobile App,NONE
54886,11648,2024-06-28,Delivered,Mobile App,NONE
54887,14166,2024-06-27,Shipped,Website,NONE
54888,11754,2025-01-11,Delivered,Mobile App,FEST15
54889,12267,2024-01-10,Processing,Website,NONE
54890,10083,2024-03-08,Processing,Website,WELCOME5
54891,10815,2025-07-25,Delivered,Mobile App,NONE
54892,10567,2024-01-06,Delivered,Mobile App,BIG20
54893,12118,2026-01-19,Delivered,Mobile App,NONE
54894,11312,2026-08-03,Delivered,Website,NONE
54895,11663,2024-06-27,Delivered,Marketplace,NONE
54896,13829,2024-02-23,Delivered,Website,NONE
54897,13415,2024-07-23,Delivered,Website,NONE
54898,13990,2024-02-12,Shipped,Mobile App,FEST15
54899,14080,2024-09-18,Delivered,Mobile App,SAVE10
54900,11241,2026-05-13,Delivered,Website,WELCOME5
54901,13079,2026-03-06,Delivered,Website,SAVE10
54902,14349,2026-08-04,Delivered,Mobile App,SAVE10
54903,11524,2026-02-26,Delivered,Mobile App,NONE
54904,11879,2026-03-30,Delivered,Mobile App,SAVE10
54905,12658,2025-07-28,Delivered,Website,SAVE10
54906,13991,2024-05-15,Processing,Website,NONE
54907,10737,2026-01-15,Delivered,Mobile App,NONE
54908,12335,2025-09-12,Delivered,Website,NONE
54909,11212,2026-07-22,Processing,Website,SAVE10
54910,13564,2025-11-07,Delivered,Mobile App,SAVE10
54911,11210,2025-06-13,Shipped,Website,NONE
54912,11782,2026-01-18,Delivered,Website,NONE
54913,11732,2025-09-28,Delivered,Website,NONE
54914,10354,2024-04-19,Processing,Mobile App,NONE
54915,13341,2025-08-16,Delivered,Marketplace,NONE
54916,11271,2025-01-14,Shipped,Marketplace,SAVE10
54917,12455,2024-06-06,Delivered,Mobile App,WELCOME5
54918,13486,2024-09-24,Delivered,Website,SAVE10
54919,13935,2026-03-20,Delivered,Mobile App,NONE
54920,14590,2025-09-26,Delivered,Marketplace,NONE
54921,10631,2024-02-26,Delivered,Website,NONE
54922,13142,2024-11-29,Delivered,Website,SAVE10
54923,11642,2025-10-27,Delivered,Marketplace,SAVE10
54924,13845,2025-05-08,Delivered,Mobile App,NONE
54925,11944,2026-01-22,Delivered,Marketplace,FEST15
54926,10071,2025-08-30,Delivered,Marketplace,FEST15
54927,14281,2024-02-06,Delivered,Website,BIG20
54928,13801,2026-04-19,Delivered,Mobile App,WELCOME5
54929,11653,2025-07-07,Delivered,Website,NONE
54930,14178,2026-06-12,Delivered,Mobile App,NONE
54931,12053,2024-08-01,Delivered,Website,NONE
54932,12064,2025-11-03,Delivered,Website,FEST15
54933,11500,2024-01-29,Delivered,Mobile App,WELCOME5
54934,12470,2024-05-31,Delivered,Mobile App,NONE
54935,14973,2026-05-06,Delivered,Website,NONE
54936,10262,2026-05-12,Delivered,Marketplace,NONE
54937,12967,2026-07-14,Delivered,Website,NONE
54938,10874,2024-07-17,Delivered,Mobile App,NONE
54939,10620,2026-05-15,Processing,Marketplace,NONE
54940,10283,2024-02-21,Delivered,Marketplace,NONE
54941,11367,2025-01-23,Shipped,Mobile App,WELCOME5
54942,13657,2025-02-28,Delivered,Website,NONE
54943,13682,2026-02-07,Processing,Website,NONE
54944,14000,2025-10-26,Shipped,Mobile App,NONE
54945,10727,2024-12-14,Delivered,Website,NONE
54946,10544,2024-05-24,Delivered,Website,NONE
54947,14911,2024-12-20,Processing,Website,NONE
54948,14608,2024-10-17,Delivered,Website,WELCOME5
54949,13501,2025-10-11,Delivered,Mobile App,SAVE10
54950,14198,2024-03-18,Delivered,Mobile App,NONE
54951,14022,2025-02-02,Delivered,Marketplace,NONE
54952,12882,2025-08-22,Shipped,Website,NONE
54953,12379,2025-09-18,Delivered,Marketplace,NONE
54954,14892,2025-11-17,Shipped,Marketplace,NONE
54955,13382,2024-10-04,Delivered,Mobile App,NONE
54956,14413,2025-05-19,Delivered,Website,WELCOME5
54957,11036,2024-04-05,Cancelled,Website,FEST15
54958,11114,2025-03-07,Delivered,Marketplace,NONE
54959,13149,2026-08-10,Shipped,Mobile App,FEST15
54960,14771,2026-04-02,Delivered,Website,NONE
54961,13103,2025-08-26,Delivered,website,FEST15
54962,12215,2025-02-10,Delivered,Marketplace,NONE
54963,10125,2026-05-23,Delivered,Marketplace,FEST15
54964,10775,2025-03-04,Processing,Website,SAVE10
54965,11155,2026-01-10,Shipped,Mobile App,SAVE10
54966,11001,2025-07-14,Delivered,Mobile App,WELCOME5
54967,13512,2024-01-21,Shipped,Mobile App,FEST15
54968,13421,2025-11-13,Processing,Mobile App,NONE
54969,11899,2026-05-16,Cancelled,Mobile App,SAVE10
54970,14938,2026-01-23,Processing,Mobile App,NONE
54971,11969,2025-08-19,Delivered,Mobile App,SAVE10
54972,12227,2024-02-09,Shipped,Website,NONE
54973,12632,2024-01-23,Delivered,Mobile App,SAVE10
54974,12866,2026-04-05,Delivered,Mobile App,FEST15
54975,10956,2025-04-05,Shipped,Website,NONE
54976,11502,2025-03-13,Delivered,Mobile App,SAVE10
54977,13441,2025-09-13,Delivered,Mobile App,NONE
54978,14228,2026-05-28,Delivered,Marketplace,FEST15
54979,12118,2025-02-27,Delivered,Website,NONE
54980,10576,2025-06-04,Shipped,Website,NONE
54981,14258,2025-06-25,Delivered,Website,NONE
54982,12912,2025-04-06,Delivered,Marketplace,NONE
54983,12182,2025-09-28,Delivered,Mobile App,NONE
54984,12932,2024-07-08,Delivered,Website,NONE
54985,14115,2024-12-27,Delivered,Website,NONE
54986,10006,2025-03-31,Delivered,Website,SAVE10
54987,11801,2025-05-18,Delivered,Website,NONE
54988,14703,2025-04-23,Cancelled,Website,SAVE10
54989,11504,2025-02-09,Delivered,Mobile App,NONE
54990,14872,2026-05-17,Processing,Mobile App,NONE
54991,11408,2026-02-15,Delivered,Website,NONE
54992,12338,2026-05-10,Delivered,Mobile App,NONE
54993,10350,2025-07-30,Processing,Mobile App,NONE
54994,13629,2025-04-16,Delivered,Website,NONE
54995,11198,2025-02-21,Delivered,Website,SAVE10
54996,14244,2026-04-21,Delivered,Mobile App,SAVE10
54997,10649,2025-10-07,Delivered,Mobile App,WELCOME5
54998,10584,2026-04-08,Delivered,Website,FEST15
54999,12347,2026-04-04,Delivered,Mobile App,NONE
55000,10424,2026-07-08,Delivered,Mobile App,NONE
55001,11647,2025-06-12,Delivered,Website,NONE
55002,13447,2024-12-16,Delivered,Mobile App,BIG20
55003,12524,2026-05-31,Shipped,Website,BIG20
55004,12798,2024-07-24,Delivered,Website,FEST15
55005,10454,2024-11-09,Delivered,Mobile App,NONE
55006,13397,2026-07-04,Delivered,Mobile App,NONE
55007,10456,2025-11-23,Cancelled,Marketplace,BIG20
55008,12860,2025-07-21,Delivered,Website,FEST15
55009,13954,2025-05-29,Delivered,Mobile App,NONE
55010,13632,2025-03-28,Processing,Website,NONE
55011,11765,2026-05-19,Delivered,Marketplace,NONE
55012,10775,2025-02-03,Delivered,Mobile App,NONE
55013,14154,2025-04-10,Delivered,Marketplace,SAVE10
55014,11079,2024-03-23,Delivered,Mobile App,NONE
55015,12479,2024-04-21,Delivered,Website,NONE
55016,11186,2024-07-16,Delivered,Mobile App,NONE
55017,10149,2024-10-17,Cancelled,Marketplace,WELCOME5
55018,12083,2024-10-09,Cancelled,Website,FEST15
55019,12752,2025-10-08,Delivered,Website,WELCOME5
55020,13798,2025-06-18,Delivered,Mobile App,NONE
55021,13629,2024-01-05,Delivered,Mobile App,NONE
55022,14157,2025-05-16,Processing,Website,WELCOME5
55023,14070,2024-03-20,Delivered,Website,NONE
55024,12007,2025-06-10,Delivered,Website,SAVE10
55025,11706,2024-02-18,Cancelled,Mobile App,FEST15
55026,13011,2024-03-15,Processing,Marketplace,SAVE10
55027,12399,2026-03-12,Delivered,Mobile App,FEST15
55028,11476,2024-01-10,Delivered,Website,NONE
55029,10159,2026-08-01,Shipped,Website,NONE
55030,12379,2025-03-25,Delivered,Marketplace,NONE
55031,12347,2026-03-12,Processing,Marketplace,NONE
55032,14705,2024-07-06,Delivered,Mobile App,FEST15
55033,14063,2025-03-28,Delivered,Mobile App,FEST15
55034,11347,2026-05-14,Processing,Marketplace,SAVE10
55035,10552,2024-03-15,Processing,Mobile App,FEST15
55036,13940,2025-02-21,Delivered,Website,SAVE10
55037,12437,2024-04-29,Shipped,Website,NONE
55038,10211,2024-12-07,Delivered,Website,FEST15
55039,13770,2026-07-30,Shipped,Website,SAVE10
55040,11727,2025-06-11,Delivered,Website,SAVE10
55041,10856,2024-11-19,Cancelled,Website,FEST15
55042,13294,2025-09-01,Delivered,Mobile App,NONE
55043,13927,2024-09-30,Delivered,Mobile App,NONE
55044,13881,2024-03-20,Delivered,Mobile App,SAVE10
55045,11372,2025-07-02,Delivered,Mobile App,NONE
55046,12961,2025-12-20,Delivered,Mobile App,NONE
55047,12330,2024-06-22,Delivered,Website,BIG20
55048,14347,2024-05-13,Processing,Marketplace,BIG20
55049,10949,2025-08-02,Delivered,Website,NONE
55050,14104,2025-01-10,Delivered,Mobile App,NONE
55051,11732,2026-06-26,Delivered,Mobile App,FEST15
55052,13088,2024-12-12,Delivered,Mobile App,FEST15
55053,12511,2025-01-15,Delivered,Marketplace,NONE
55054,11741,2025-07-06,Shipped,Mobile App,FEST15
55055,11158,2026-08-06,Delivered,Website,NONE
55056,11819,2025-10-30,Delivered,Mobile App,NONE
55057,13038,2025-10-08,Delivered,Website,NONE
55058,13076,2026-02-15,Delivered,Website,WELCOME5
55059,13117,2026-03-02,Delivered,Website,NONE
55060,13283,2025-05-26,Delivered,Marketplace,NONE
55061,10256,2024-10-04,Delivered,Website,NONE
55062,11973,2024-05-30,Shipped,Marketplace,NONE
55063,11575,2025-07-04,Cancelled,Mobile App,NONE
55064,11988,2025-11-06,Delivered,Mobile App,NONE
55065,11912,2024-12-21,Delivered,Mobile App,NONE
55066,10884,2025-04-09,Delivered,Mobile App,FEST15
55067,14825,2025-03-08,Delivered,Website,NONE
55068,10002,2025-07-25,Delivered,Mobile App,WELCOME5
55069,12978,2026-03-05,Delivered,Mobile App,FEST15
55070,12308,2025-03-06,Delivered,Website,FEST15
55071,13518,2025-05-18,Delivered,Mobile App,NONE
55072,14155,2025-02-07,Delivered,Mobile App,NONE
55073,13245,2024-10-19,Delivered,Website,WELCOME5
55074,13833,2025-11-11,Shipped,Marketplace,FEST15
55075,11370,2025-08-21,Delivered,Website,NONE
55076,14970,2025-05-23,Delivered,Mobile App,NONE
55077,10437,2024-10-12,Delivered,Marketplace,NONE
55078,13348,2026-04-21,Delivered,Marketplace,WELCOME5
55079,10733,2026-02-19,Delivered,Mobile App,WELCOME5
55080,11170,2025-12-22,Delivered,Marketplace,SAVE10
55081,14127,2026-03-02,Delivered,Mobile App,BIG20
55082,13387,2025-04-07,Delivered,Website,FEST15
55083,13168,2025-09-01,Delivered,Mobile App,FEST15
55084,14143,2024-07-26,Delivered,Website,NONE
55085,11393,2026-01-29,Cancelled,Mobile App,NONE
55086,13205,2024-01-18,Delivered,Website,NONE
55087,11010,2025-05-08,Delivered,Website,NONE
55088,12409,2024-07-18,Delivered,Website,SAVE10
55089,12025,2025-07-31,Processing,Website,NONE
55090,13093,2024-09-29,Delivered,Mobile App,NONE
55091,10325,2026-07-24,Delivered,Website,NONE
55092,10130,2024-04-24,Delivered,Marketplace,NONE
55093,10159,2026-03-08,Processing,Website,NONE
55094,11326,2025-10-11,Delivered,Website,NONE
55095,12881,2026-08-24,Delivered,Website,FEST15
55096,10789,2024-11-12,Delivered,Mobile App,BIG20
55097,14957,2025-11-14,Delivered,Website,NONE
55098,12068,2024-01-30,Delivered,Marketplace,WELCOME5
55099,11516,2025-10-18,Delivered,Website,NONE
55100,14466,2025-02-27,Delivered,Website,NONE
55101,10877,2025-12-05,Delivered,Mobile App,FEST15
55102,10940,2026-01-30,Delivered,Website,WELCOME5
55103,11904,2025-04-16,Processing,Mobile App,WELCOME5
55104,10355,2024-11-25,Delivered,Website,NONE
55105,13408,2025-11-22,Delivered,Mobile App,NONE
55106,13885,2026-05-25,Delivered,Website,WELCOME5
55107,11768,2024-12-14,Delivered,Mobile App,NONE
55108,14340,2026-04-07,Delivered,Website,NONE
55109,10037,2025-03-06,Delivered,Marketplace,WELCOME5
55110,12657,2026-05-12,Delivered,Website,NONE
55111,13651,2025-09-21,Cancelled,Mobile App,NONE
55112,11883,2025-10-09,Delivered,Mobile App,WELCOME5
55113,14734,2025-10-29,Shipped,Website,SAVE10
55114,12153,2026-02-21,Shipped,Mobile App,NONE
55115,14591,2026-04-15,Delivered,Website,NONE
55116,13295,2025-01-12,Delivered,Website,NONE
55117,11155,2025-12-24,Delivered,Mobile App,WELCOME5
55118,14157,2025-11-03,Delivered,Mobile App,SAVE10
55119,10154,2025-07-27,Delivered,Website,FEST15
55120,10948,2024-08-05,Delivered,Mobile App,BIG20
55121,13900,2025-03-27,Delivered,Website,NONE
55122,14512,2024-07-17,Delivered,Marketplace,NONE
55123,11941,2024-05-12,Delivered,Mobile App,WELCOME5
55124,13287,2026-07-04,Delivered,Website,NONE
55125,13488,2025-12-03,Delivered,Mobile App,NONE
55126,13692,2025-06-16,Delivered,Website,NONE
55127,14529,2025-03-04,Shipped,Mobile App,BIG20
55128,10435,2024-03-10,Cancelled,Website,SAVE10
55129,10963,2024-12-06,Delivered,Website,FEST15
55130,14592,2024-07-10,Cancelled,Website,NONE
55131,12723,2025-06-06,Cancelled,Website,NONE
55132,12641,2025-03-23,Delivered,Website,NONE
55133,12015,2026-07-23,Processing,Mobile App,NONE
55134,11811,2026-03-31,Shipped,Mobile App,SAVE10
55135,11225,2025-08-05,Shipped,Website,NONE
55136,11995,2026-05-19,Delivered,Website,WELCOME5
55137,10367,2024-11-15,Shipped,Website,SAVE10
55138,11466,2024-04-20,Delivered,Mobile App,NONE
55139,14968,2025-06-27,Delivered,Mobile App,NONE
55140,10815,2024-03-01,Delivered,Mobile App,NONE
55141,13662,2026-07-03,Shipped,Website,NONE
55142,10174,2024-04-28,Processing,Mobile App,SAVE10
55143,13670,2026-04-10,Delivered,Website,SAVE10
55144,11323,2025-10-13,Delivered,Marketplace,NONE
55145,13512,2024-08-27,Delivered,Mobile App,BIG20
55146,12484,2025-05-31,Delivered,Website,NONE
55147,13879,2025-06-11,Cancelled,Mobile App,FEST15
55148,13334,2025-12-16,Delivered,Marketplace,NONE
55149,12791,2025-02-18,Shipped,Website,NONE
55150,13667,2025-07-29,Shipped,Website,
55151,14830,2025-02-07,Delivered,Website,FEST15
55152,12979,2024-04-03,Delivered,Website,NONE
55153,10870,2025-11-20,Delivered,Website,NONE
55154,10581,2024-09-06,Delivered,Website,WELCOME5
55155,12739,2024-09-27,Shipped,Website,FEST15
55156,12158,2024-11-17,Shipped,Mobile App,SAVE10
55157,13043,2025-07-03,Delivered,Marketplace,FEST15
55158,13338,2025-11-17,Delivered,Website,NONE
55159,10935,2026-03-01,Delivered,Mobile App,WELCOME5
55160,13716,2025-08-01,Delivered,Website,WELCOME5
55161,14957,2025-01-20,Delivered,Website,NONE
55162,11623,2026-07-07,Delivered,Mobile App,WELCOME5
55163,14644,2025-04-05,Delivered,Website,BIG20
55164,14643,2024-05-21,Delivered,Website,NONE
55165,12093,2026-02-16,Delivered,Website,WELCOME5
55166,13977,2026-06-29,Delivered,Mobile App,NONE
55167,14662,2024-10-09,Delivered,Website,SAVE10
55168,14259,2024-08-01,Processing,Website,NONE
55169,11944,2024-12-07,Processing,Website,NONE
55170,13333,2024-11-29,Delivered,Mobile App,WELCOME5
55171,12963,2024-07-05,Delivered,Marketplace,SAVE10
55172,12069,2024-02-03,Processing,Website,WELCOME5
55173,13198,2024-07-01,Delivered,Mobile App,NONE
55174,14671,2024-10-14,Delivered,Mobile App,FEST15
55175,10131,2024-07-01,Delivered,Website,NONE
55176,14508,2024-07-12,Delivered,Mobile App,NONE
55177,11841,2026-07-03,Processing,Website,WELCOME5
55178,14143,2024-07-29,Delivered,Website,SAVE10
55179,10540,2026-03-07,Shipped,Website,NONE
55180,14456,2025-07-09,Delivered,Marketplace,NONE
55181,12241,2025-02-27,Delivered,Website,SAVE10
55182,14584,2026-01-27,Delivered,Mobile App,WELCOME5
55183,12139,2024-01-17,Delivered,Website,NONE
55184,13732,2025-12-23,Processing,Website,NONE
55185,12981,2025-02-07,Delivered,Mobile App,FEST15
55186,11002,2026-03-15,Delivered,Mobile App,NONE
55187,11247,2026-07-22,Delivered,Website,FEST15
55188,12693,2025-12-10,Delivered,Mobile App,NONE
55189,12434,2024-04-21,Delivered,Marketplace,SAVE10
55190,13080,2026-08-05,Delivered,Marketplace,NONE
55191,14035,2026-01-07,Delivered,Marketplace,NONE
55192,13867,2024-01-18,Delivered,Marketplace,WELCOME5
55193,10294,2024-07-03,Delivered,Website,NONE
55194,12476,2026-08-16,Cancelled,Website,NONE
55195,10742,2026-03-22,Shipped,Website,SAVE10
55196,12565,2025-02-01,Delivered,Website,NONE
55197,12680,2026-07-16,Delivered,Marketplace,SAVE10
55198,14978,2025-04-08,Delivered,Website,SAVE10
55199,11942,2026-04-21,Delivered,Website,WELCOME5
55200,12262,2025-07-14,Shipped,Marketplace,NONE
55201,12558,2025-10-02,Delivered,Website,BIG20
55202,10651,2024-01-09,Delivered,Website,SAVE10
55203,10300,2026-07-30,Delivered,Website,WELCOME5
55204,13549,2024-06-25,Delivered,Mobile App,NONE
55205,11504,2024-07-25,Delivered,Website,NONE
55206,11813,2025-03-08,Shipped,Website,WELCOME5
55207,14962,2026-01-02,Delivered,Website,NONE
55208,11243,2026-01-16,Delivered,Mobile App,NONE
55209,14521,2025-08-30,Delivered,Mobile App,NONE
55210,13143,2026-04-23,Delivered,Website,NONE
55211,11326,2025-11-03,Delivered,Mobile App,NONE
55212,14772,2024-05-23,Delivered,Website,BIG20
55213,13112,2026-01-30,Delivered,Website,SAVE10
55214,11565,2024-09-12,Shipped,Website,NONE
55215,12257,2025-05-19,Delivered,Website,NONE
55216,11862,2025-08-12,Delivered,Website,WELCOME5
55217,14228,2025-01-15,Delivered,Mobile App,BIG20
55218,12328,2024-12-16,Delivered,Website,NONE
55219,10185,2024-09-16,Cancelled,Mobile App,FEST15
55220,13440,2024-10-15,Delivered,Mobile App,BIG20
55221,13785,2026-08-14,Delivered,Mobile App,BIG20
55222,11980,2025-01-06,Delivered,Marketplace,SAVE10
55223,14610,2025-04-03,Delivered,Website,NONE
55224,12126,2025-11-11,Shipped,Mobile App,NONE
55225,11321,2024-08-29,Shipped,Mobile App,NONE
55226,13505,2024-07-11,Delivered,Website,WELCOME5
55227,10639,2024-07-22,Delivered,Website,NONE
55228,14926,2024-03-01,Delivered,Mobile App,NONE
55229,13417,2025-03-13,Processing,Website,FEST15
55230,11583,2024-01-04,Delivered,Mobile App,BIG20
55231,10409,2025-01-02,Delivered,Mobile App,NONE
55232,12927,2025-05-25,Delivered,Website,NONE
55233,12933,2024-09-07,Delivered,Website,NONE
55234,13973,2024-08-30,Shipped,Marketplace,BIG20
55235,11418,2025-08-05,Delivered,Marketplace,NONE
55236,11061,2025-06-28,Cancelled,Website,NONE
55237,12064,2026-02-04,Delivered,Website,WELCOME5
55238,14092,2026-05-04,Delivered,Website,NONE
55239,14541,2024-08-28,Shipped,Mobile App,SAVE10
55240,11775,2024-10-11,Shipped,Website,NONE
55241,10239,2025-05-23,Delivered,Website,SAVE10
55242,10556,2024-06-27,Delivered,Website,NONE
55243,12723,2025-12-07,Delivered,Website,NONE
55244,10125,2024-01-02,Delivered,Website,NONE
55245,13620,2024-12-22,Delivered,Website,NONE
55246,10166,2026-08-09,Delivered,Website,NONE
55247,12119,2025-12-12,Delivered,Website,NONE
55248,13989,2025-05-16,Shipped,Website,WELCOME5
55249,12340,2024-01-04,Shipped,Marketplace,NONE
55250,13375,2026-02-17,Delivered,Website,BIG20
55251,11670,2025-03-08,Delivered,Marketplace,WELCOME5
55252,13968,2026-04-12,Delivered,Mobile App,NONE
55253,12134,2026-01-30,Delivered,Mobile App,NONE
55254,13765,2026-08-23,Delivered,Website,BIG20
55255,14761,2024-04-24,Delivered,Marketplace,FEST15
55256,11905,2026-04-13,Shipped,Website,NONE
55257,11160,2025-11-21,Delivered,Website,NONE
55258,14666,2024-10-12,Delivered,Website,WELCOME5
55259,13405,2026-03-30,Delivered,Website,FEST15
55260,14390,2025-07-01,Cancelled,Website,NONE
55261,11892,2025-10-02,Delivered,Mobile App,NONE
55262,11742,2026-07-22,Delivered,Mobile App,FEST15
55263,10621,2025-07-09,Shipped,Marketplace,WELCOME5
55264,13865,2025-09-06,Delivered,Mobile App,NONE
55265,14221,2026-04-19,Delivered,Website,NONE
55266,14099,2026-01-15,Delivered,Mobile App,NONE
55267,11456,2025-09-13,Delivered,Website,SAVE10
55268,12443,2026-05-29,Delivered,Marketplace,NONE
55269,12466,2026-06-02,Shipped,Mobile App,NONE
55270,10603,2025-08-18,Delivered,Website,NONE
55271,10001,2024-04-05,Processing,Mobile App,SAVE10
55272,11671,2025-11-02,Delivered,Mobile App,NONE
55273,12552,2024-11-18,Delivered,Marketplace,BIG20
55274,14945,2025-07-24,Delivered,Mobile App,NONE
55275,14369,2024-12-31,Delivered,Mobile App,WELCOME5
55276,13580,2024-11-24,Delivered,Website,NONE
55277,14814,2026-08-03,Shipped,Website,BIG20
55278,13874,2024-08-29,Delivered,Website,NONE
55279,12632,2024-06-04,Cancelled,Mobile App,NONE
55280,14560,2025-09-06,Shipped,Marketplace,NONE
55281,14600,2025-09-17,Delivered,Mobile App,NONE
55282,11014,2026-08-09,Delivered,Marketplace,NONE
55283,11414,2024-02-25,Delivered,Mobile App,NONE
55284,14843,2026-06-07,Delivered,Mobile App,SAVE10
55285,10029,2026-03-25,Delivered,Website,SAVE10
55286,12591,2024-07-22,Delivered,Mobile App,NONE
55287,11915,2026-03-05,Processing,Website,FEST15
55288,13724,2026-03-28,Delivered,Mobile App,NONE
55289,14792,2024-04-21,Delivered,Mobile App,FEST15
55290,11592,2024-01-21,Cancelled,Mobile App,NONE
55291,11103,2025-10-02,Shipped,Marketplace,NONE
55292,11648,2025-07-25,Delivered,Website,SAVE10
55293,13579,2026-04-17,Shipped,Website,NONE
55294,11798,2026-06-21,Cancelled,Mobile App,NONE
55295,13212,2024-04-10,Shipped,Website,BIG20
55296,11741,2026-07-19,Shipped,Website,NONE
55297,13703,2026-04-07,Delivered,Website,FEST15
55298,10313,2025-08-07,Shipped,Mobile App,FEST15
55299,11714,2024-12-16,Processing,Website,NONE
55300,11548,2025-09-03,Delivered, marketplace,NONE
55301,12990,2025-07-01,Delivered,Website,SAVE10
55302,13237,2025-01-13,Delivered,Mobile App,FEST15
55303,13636,2024-03-16,Delivered,Mobile App,BIG20
55304,14510,2025-12-02,Delivered,Website,NONE
55305,13982,2024-10-23,Delivered,Website,SAVE10
55306,10209,2024-08-26,Delivered,Mobile App,NONE
55307,13389,2024-12-29,Delivered,Website,NONE
55308,10084,2024-02-02,Processing,Website,NONE
55309,12068,2025-01-14,Delivered,Mobile App,BIG20
55310,12962,2026-03-21,Cancelled,Mobile App,SAVE10
55311,11596,2025-12-10,Delivered,Marketplace,SAVE10
55312,13499,2024-02-28,Processing,Website,BIG20
55313,13981,2024-11-16,Delivered,Website,NONE
55314,13042,2025-10-06,Delivered,Mobile App,SAVE10
55315,12625,2026-06-22,Delivered,Mobile App,NONE
55316,14866,2025-02-27,Delivered,Website,NONE
55317,13262,2026-08-16,Delivered,Website,FEST15
55318,11145,2024-02-11,Delivered,Website,NONE
55319,13283,2026-06-02,Delivered,Website,BIG20
55320,12407,2024-06-04,Processing,Website,NONE
55321,10119,2025-12-08,Delivered,Website,NONE
55322,14580,2024-04-07,Delivered,Website,NONE
55323,13979,2026-08-17,Shipped,Mobile App,NONE
55324,13088,2024-07-26,Delivered,Website,SAVE10
55325,13365,2024-12-23,Delivered,Mobile App,SAVE10
55326,12886,2025-09-08,Delivered,Marketplace,NONE
55327,11716,2024-02-18,Delivered,Website,NONE
55328,14665,2025-07-07,Delivered,Website,FEST15
55329,12766,2024-10-10,Delivered,Website,NONE
55330,11695,2025-02-23,Delivered,Website,SAVE10
55331,13424,2024-11-18,Delivered,Website,NONE
55332,10786,2026-03-28,Delivered,Marketplace,NONE
55333,11598,2025-03-18,Shipped,Website,SAVE10
55334,10647,2025-12-31,Processing,Website,NONE
55335,10426,2024-02-10,Delivered,Website,SAVE10
55336,14110,2025-10-24,Delivered,Website,NONE
55337,12186,2025-01-06,Delivered,Website,NONE
55338,14285,2025-08-03,Delivered,Mobile App,SAVE10
55339,13188,2026-04-01,Delivered,Website,FEST15
55340,11170,2025-11-06,Delivered,Mobile App,FEST15
55341,11057,2024-12-08,Delivered,Website,NONE
55342,12286,2024-08-07,Processing,Mobile App,NONE
55343,10474,2026-05-10,Shipped,Marketplace,NONE
55344,12925,2024-09-09,Delivered,Website,SAVE10
55345,12297,2024-02-04,Shipped,Website,NONE
55346,10696,2024-10-16,Delivered,Mobile App,FEST15
55347,12624,2024-01-11,Delivered,Website,NONE
55348,14245,2025-12-19,Delivered,Website,NONE
55349,14544,2026-05-12,Delivered,Website,SAVE10
55350,12095,2025-02-23,Delivered,Website,SAVE10
55351,10366,2025-08-18,Delivered,Website,NONE
55352,14318,2026-07-19,Delivered,Mobile App,NONE
55353,12756,2026-06-16,Delivered,Website,FEST15
55354,13801,2024-02-08,Delivered,Mobile App,SAVE10
55355,10227,2024-03-07,Shipped,Website,NONE
55356,11475,2025-01-06,Delivered,Website,WELCOME5
55357,11429,2024-09-27,Delivered,Website,BIG20
55358,13583,2024-05-30,Delivered,Mobile App,NONE
55359,13406,2024-05-26,Delivered,Website,NONE
55360,13704,2026-03-02,Shipped,Mobile App,WELCOME5
55361,11986,2024-07-07,Shipped,Mobile App,NONE
55362,11557,2025-04-10,Delivered,Website,FEST15
55363,10947,2024-02-13,Delivered,Website,SAVE10
55364,11269,2025-08-24,Processing,Marketplace,SAVE10
55365,10822,2025-12-20,Shipped,Website,NONE
55366,14118,2025-08-03,Processing,Mobile App,NONE
55367,13389,2024-10-03,Delivered,Mobile App,NONE
55368,13390,2024-03-17,Delivered,Mobile App,NONE
55369,14430,2025-01-23,Delivered,Mobile App,NONE
55370,13698,2026-01-30,Delivered,Website,FEST15
55371,11603,2024-04-26,Shipped,Mobile App,NONE
55372,11566,2026-03-08,Delivered,Mobile App,SAVE10
55373,10637,2026-06-04,Shipped,Mobile App,NONE
55374,13611,2025-08-12,Delivered,Website,NONE
55375,14372,2026-03-29,Delivered,Mobile App,NONE
55376,13572,2024-09-29,Cancelled,Mobile App,NONE
55377,12354,2025-08-25,Delivered,Website,FEST15
55378,11667,2025-12-03,Delivered,Website,NONE
55379,12192,2025-11-24,Delivered,Mobile App,SAVE10
55380,11353,2025-11-10,Shipped,Mobile App,WELCOME5
55381,10828,2024-07-07,Delivered,Mobile App,NONE
55382,12157,2026-06-04,Delivered,Mobile App,NONE
55383,11184,2025-10-23,Delivered,Mobile App,NONE
55384,13696,2024-04-23,Delivered,Marketplace,WELCOME5
55385,14533,2025-09-12,Delivered,Marketplace,NONE
55386,10968,2026-06-01,Delivered,Website,BIG20
55387,10031,2024-01-24,Delivered,Website,NONE
55388,14372,2026-05-10,Delivered,Website,WELCOME5
55389,11470,2024-11-16,Delivered,Mobile App,FEST15
55390,11277,2024-10-15,Delivered,Mobile App,NONE
55391,14277,2025-04-17,Shipped,Marketplace,SAVE10
55392,14199,2025-11-25,Processing,Mobile App,NONE
55393,12904,2024-04-09,Delivered,Mobile App,NONE
55394,10780,2024-09-12,Delivered,Marketplace,SAVE10
55395,13528,2026-02-22,Delivered,Mobile App,SAVE10
55396,13698,2024-08-16,Delivered,Website,NONE
55397,12217,2024-12-04,Delivered,Website,WELCOME5
55398,12807,2025-09-14,Delivered,Marketplace,SAVE10
55399,12683,2024-08-31,Delivered,Mobile App,SAVE10
55400,13308,2024-02-18,Delivered,Website,SAVE10
55401,12579,2025-05-26,Delivered,Website,NONE
55402,14871,2024-04-03,Delivered,Mobile App,NONE
55403,10176,2025-01-09,Delivered,Mobile App,SAVE10
55404,10263,2025-10-02,Delivered,Mobile App,FEST15
55405,10756,2025-12-18,Delivered,Website,WELCOME5
55406,10746,2026-07-12,Delivered,Mobile App,NONE
55407,12494,2026-04-25,Delivered,Marketplace,FEST15
55408,10396,2024-02-03,Delivered,Mobile App,NONE
55409,10957,2025-04-16,Delivered,Mobile App,NONE
55410,12599,2024-01-23,Delivered,Website,NONE
55411,14499,2026-02-16,Delivered,Website,BIG20
55412,14015,2024-03-13,Delivered,Website,FEST15
55413,11084,2026-01-23,Shipped,Website,NONE
55414,10275,2024-01-02,Delivered,Website,WELCOME5
55415,13695,2024-04-17,Delivered,Mobile App,NONE
55416,13898,2026-06-19,Processing,Website,NONE
55417,14646,2024-06-29,Delivered,Marketplace,NONE
55418,12166,2025-04-04,Delivered,Marketplace,NONE
55419,10293,2025-05-19,Delivered,Website,NONE
55420,14708,2025-11-02,Delivered,Marketplace,BIG20
55421,11437,2026-06-26,Delivered,Website,NONE
55422,11914,2025-02-07,Delivered,Marketplace,NONE
55423,12072,2025-08-08,Delivered,Mobile App,NONE
55424,14923,2026-08-25,Delivered,Website,NONE
55425,11806,2024-04-14,Delivered,Mobile App,NONE
55426,12783,2025-04-10,Processing,Mobile App,FEST15
55427,12522,2024-10-21,Delivered,Mobile App,NONE
55428,14950,2026-06-30,Delivered,Mobile App,BIG20
55429,14762,2025-08-19,Delivered,Mobile App,NONE
55430,13160,2025-09-22,Delivered,Mobile App,NONE
55431,10530,2024-06-30,Delivered,Marketplace,BIG20
55432,11732,2026-07-08,Delivered,Mobile App,NONE
55433,13331,2024-03-06,Cancelled,Mobile app ,NONE
55434,14018,2025-04-25,Delivered,Website,NONE
55435,13760,2025-11-09,Cancelled,Marketplace,SAVE10
55436,12435,2026-05-02,Delivered,Marketplace,NONE
55437,13353,2024-09-22,Delivered,Mobile App,SAVE10
55438,11545,2024-11-19,Cancelled,Marketplace,WELCOME5
55439,13180,2024-02-06,Shipped,Mobile App,SAVE10
55440,12392,2025-10-03,Delivered,Mobile App,NONE
55441,13419,2024-07-10,Delivered,Mobile App,NONE
55442,14360,2025-08-21,Delivered,Website,SAVE10
55443,14101,2024-03-23,Delivered,Mobile App,SAVE10
55444,13662,2025-04-17,Processing,Mobile App,NONE
55445,13840,2025-04-09,Delivered,Marketplace,NONE
55446,10869,2025-05-01,Delivered,Mobile App,NONE
55447,10925,2024-10-26,Delivered,Website,NONE
55448,14193,2024-06-14,Delivered,Mobile App,WELCOME5
55449,12705,2026-01-22,Shipped,Website,BIG20
55450,12158,2026-05-28,Delivered,Mobile App,FEST15
55451,13326,2024-09-25,Delivered,Mobile App,WELCOME5
55452,10415,2025-03-16,Delivered,Marketplace,BIG20
55453,10826,2024-04-15,Delivered,Website,NONE
55454,10736,2024-05-26,Delivered,Mobile App,NONE
55455,12831,2024-12-07,Delivered,Mobile App,NONE
55456,10331,2025-11-14,Delivered,Mobile App,NONE
55457,10224,2025-10-14,Delivered,Mobile App,NONE
55458,13383,2025-12-06,Processing,Website,NONE
55459,13675,2024-03-27,Delivered,Mobile App,NONE
55460,11288,2024-02-13,Delivered,Website,NONE
55461,13455,2024-09-23,Delivered,Marketplace,SAVE10
55462,10482,2024-11-18,Delivered,Website,WELCOME5
55463,12048,2025-05-13,Shipped,Marketplace,NONE
55464,11829,2025-07-20,Delivered,Website,SAVE10
55465,11733,2024-07-01,Cancelled,Website,NONE
55466,14335,2026-03-07,Delivered,Mobile App,SAVE10
55467,10393,2025-12-25,Delivered,Website,NONE
55468,13144,2024-10-28,Delivered,Mobile App,WELCOME5
55469,11369,2025-09-18,Delivered,Mobile App,NONE
55470,12432,2024-10-17,Delivered,Website,FEST15
55471,11007,2024-02-28,Shipped,Mobile App,NONE
55472,13666,2025-12-15,Cancelled,Website,BIG20
55473,10305,2024-03-24,Delivered,Mobile App,SAVE10
55474,10380,2024-07-31,Cancelled,Mobile App,WELCOME5
55475,11644,2024-10-20,Delivered,Mobile App,NONE
55476,14414,2026-05-19,Shipped,Website,NONE
55477,10120,2025-07-22,Cancelled,Mobile App,NONE
55478,10889,2026-02-05,Cancelled,Website,NONE
55479,12459,2026-05-30,Delivered,Website,NONE
55480,10107,2026-05-16,Delivered,Website,NONE
55481,12672,2025-08-13,Delivered,Website,NONE
55482,11812,2024-12-09,Delivered,Marketplace,NONE
55483,13229,2025-01-26,Delivered,Mobile App,NONE
55484,10293,2024-06-09,Shipped,Website,SAVE10
55485,10884,2025-07-24,Delivered,Mobile App,WELCOME5
55486,10836,2025-07-21,Delivered,Mobile App,NONE
55487,13688,2026-08-01,Delivered,Mobile App,NONE
55488,13695,2024-07-03,Delivered,Mobile App,FEST15
55489,10582,2026-01-04,Delivered,Mobile App,SAVE10
55490,12024,2024-09-15,Processing,Mobile App,WELCOME5
55491,13520,2024-03-17,Shipped,Mobile App,NONE
55492,10035,2025-01-23,Delivered,Website,WELCOME5
55493,10504,2026-07-23,Delivered,Mobile App,NONE
55494,13219,2025-03-24,Delivered,Website,NONE
55495,12824,2024-06-29,Delivered,Website,NONE
55496,13536,2024-11-08,Delivered,Website,BIG20
55497,12334,2025-11-04,Delivered,Website,NONE
55498,14510,2024-10-03,Delivered,Website,SAVE10
55499,10628,2024-08-12,Delivered,Marketplace,WELCOME5
55500,10774,2024-08-27,Delivered,Website,BIG20
55501,13177,2024-03-20,Cancelled,Mobile App,FEST15
55502,14286,2025-10-31,Shipped,Mobile App,NONE
55503,10115,2024-11-06,Delivered,Website,FEST15
55504,13544,2024-10-23,Delivered,Website,FEST15
55505,14863,2024-11-14,Delivered,Mobile App,BIG20
55506,12819,2025-11-04,Shipped,Website,NONE
55507,14156,2026-04-27,Shipped,Mobile App,NONE
55508,11309,2025-12-21,Delivered,Website,NONE
55509,14025,2025-07-04,Delivered,Website,SAVE10
55510,12290,2025-11-23,Shipped,Mobile App,NONE
55511,11493,2024-08-08,Delivered,Website,NONE
55512,10992,2026-06-06,Delivered,Website,NONE
55513,14265,2025-08-17,Delivered,Website,FEST15
55514,13589,2026-07-14,Delivered,Website,SAVE10
55515,13944,2024-09-16,Delivered,Mobile App,NONE
55516,13518,2024-05-22,Delivered,Mobile App,SAVE10
55517,11279,2025-11-24,Delivered,Marketplace,NONE
55518,10958,2024-11-06,Delivered,Mobile App,NONE
55519,13239,2024-07-20,Cancelled,Marketplace,NONE
55520,11264,2026-02-03,Delivered,Website,NONE
55521,13241,2025-05-31,Delivered,Mobile App,NONE
55522,14506,2026-01-28,Delivered,Mobile App,SAVE10
55523,13745,2024-08-24,Processing,Mobile App,NONE
55524,12359,2024-03-09,Delivered,Mobile App,NONE
55525,14545,2025-02-01,Delivered,Website,NONE
55526,12756,2026-07-22,Delivered,Website,SAVE10
55527,12350,2025-07-22,Delivered,Website,NONE
55528,14794,2026-04-10,Processing,Website,NONE
55529,11676,2026-03-28,Delivered,Website,SAVE10
55530,11036,2026-05-22,Delivered,Website,BIG20
55531,10695,2025-03-21,Delivered,Website,NONE
55532,13136,2024-07-17,Delivered,Website,NONE
55533,12550,2026-05-22,Processing,Mobile App,SAVE10
55534,13871,2025-04-30,Delivered,Mobile App,NONE
55535,10734,2024-11-06,Shipped,Website,NONE
55536,11598,2025-03-03,Delivered,Mobile App,SAVE10
55537,10605,2026-01-29,Delivered,Marketplace,NONE
55538,11545,2024-12-15,Delivered,Website,NONE
55539,14802,2026-03-17,Shipped,Mobile App,NONE
55540,14485,2024-08-08,Delivered,Website,NONE
55541,12481,2024-11-04,Cancelled,Website,SAVE10
55542,10498,2024-05-15,Delivered,Website,FEST15
55543,14975,2026-04-25,Processing,Mobile App,NONE
55544,10787,2026-04-24,Delivered,Website,NONE
55545,10506,2024-07-19,Delivered,Website,NONE
55546,12055,2025-05-29,Shipped,Mobile App,SAVE10
55547,14706,2026-02-06,Delivered,Marketplace,FEST15
55548,13992,2025-08-05,Delivered,Mobile App,NONE
55549,11798,2025-09-17,Shipped,Website,NONE
55550,12275,2024-09-10,Delivered,Marketplace,FEST15
55551,10304,2024-01-29,Delivered,Website,NONE
55552,11353,2026-06-26,Delivered,Marketplace,NONE
55553,13351,2026-06-04,Delivered,Website,SAVE10
55554,12102,2026-06-27,Delivered,Marketplace,BIG20
55555,14895,2024-02-11,Delivered,Website,FEST15
55556,12228,2025-10-13,Delivered,Website,NONE
55557,14235,2024-08-31,Delivered,Mobile App,NONE
55558,13636,2024-11-06,Delivered,Mobile App,NONE
55559,12539,2025-02-04,Delivered,Mobile App,NONE
55560,14344,2024-08-13,Delivered,Mobile App,NONE
55561,14355,2025-07-30,Shipped,Mobile App,NONE
55562,11607,2025-07-31,Delivered,Website,BIG20
55563,11393,2026-06-19,Cancelled,Website,NONE
55564,13543,2026-03-18,Delivered,Mobile App,BIG20
55565,10136,2025-11-12,Processing,Website,NONE
55566,13507,2026-07-26,Processing,Website,SAVE10
55567,12176,2025-02-19,Delivered,Website,NONE
55568,13835,2024-03-07,Delivered,Mobile App,FEST15
55569,10651,2026-05-02,Delivered,Website,NONE
55570,12877,2024-11-20,Delivered,Website,BIG20
55571,12681,2025-03-08,Delivered,Website,NONE
55572,10074,2025-01-14,Delivered,Mobile App,SAVE10
55573,12624,2026-06-02,Delivered,Website,SAVE10
55574,13280,2024-12-23,Shipped,Website,NONE
55575,12027,2025-10-25,Delivered,Mobile App,BIG20
55576,13062,2025-10-09,Shipped,Website,NONE
55577,11632,2025-06-23,Processing,Marketplace,NONE
55578,13058,2025-06-14,Delivered,Mobile App,SAVE10
55579,11218,2024-03-11,Delivered,Website,NONE
55580,11407,2026-05-14,Delivered,Website,SAVE10
55581,10356,2024-11-19,Cancelled,Website,SAVE10
55582,10490,2024-08-03,Shipped,Mobile App,FEST15
55583,10673,2024-07-31,Delivered,Website,NONE
55584,10947,2025-01-22,Cancelled,Website,NONE
55585,13594,2025-08-28,Delivered,Mobile App,NONE
55586,11082,2025-06-08,Delivered,Mobile App,NONE
55587,11777,2026-03-21,Delivered,Website,BIG20
55588,10869,2026-03-03,Shipped,Website,BIG20
55589,12120,2024-11-21,Delivered,Mobile App,NONE
55590,11223,2026-03-09,Delivered,Mobile App,SAVE10
55591,11645,2025-10-23,Delivered,Website,NONE
55592,10344,2026-04-13,Delivered,Marketplace,SAVE10
55593,12525,2024-01-01,Cancelled,Website,NONE
55594,11347,2025-05-18,Delivered,Mobile App,NONE
55595,13257,2025-08-29,Delivered,Mobile App,NONE
55596,14990,2024-08-22,Delivered,Mobile App,NONE
55597,12426,2025-09-27,Delivered,Mobile App,NONE
55598,12557,2025-12-05,Delivered,Website,NONE
55599,14153,2024-05-14,Delivered,Marketplace,NONE
55600,11723,2026-07-15,Cancelled,Website,NONE
55601,10706,2026-07-06,Delivered,Website,NONE
55602,13603,2024-10-03,Delivered,Marketplace,NONE
55603,13249,2024-07-12,Delivered,Website,NONE
55604,12348,2024-07-11,Delivered,Mobile App,NONE
55605,11934,2024-02-05,Delivered,Mobile App,BIG20
55606,10148,2024-01-22,Delivered,Mobile App,WELCOME5
55607,12786,2024-10-30,Processing,Website,NONE
55608,12737,2025-10-08,Delivered,Website,NONE
55609,12579,2025-10-22,Delivered,Mobile App,SAVE10
55610,11521,2025-06-12,Delivered,Website,NONE
55611,10759,2025-09-22,Delivered,Mobile App,SAVE10
55612,12856,2024-05-10,Delivered,Website,NONE
55613,13101,2026-08-23,Delivered,Website,NONE
55614,10867,2024-07-12,Delivered,Website,NONE
55615,10603,2024-12-21,Delivered,Website,NONE
55616,12413,2025-10-04,Delivered,Mobile App,FEST15
55617,10240,2024-05-03,Delivered,Website,NONE
55618,10969,2025-02-26,Delivered,Mobile App,NONE
55619,13182,2026-06-24,Shipped,Mobile App,SAVE10
55620,11495,2024-08-14,Delivered,Marketplace,NONE
55621,12303,2025-08-24,Delivered,Website,NONE
55622,13436,2025-08-10,Delivered,Mobile App,NONE
55623,10884,2024-03-15,Delivered,Website,SAVE10
55624,11139,2024-02-21,Shipped,Marketplace,FEST15
55625,11488,2024-05-22,Delivered,Marketplace,NONE
55626,12086,2024-01-16,Delivered,Mobile App,NONE
55627,12800,2025-05-30,Delivered,Website,NONE
55628,10366,2024-09-10,Delivered,Website,NONE
55629,12370,2025-08-03,Delivered,Mobile App,WELCOME5
55630,13436,2024-10-07,Delivered,Mobile App,SAVE10
55631,14258,2024-12-05,Delivered,Website,WELCOME5
55632,12695,2024-04-11,Delivered,Website,NONE
55633,13130,2026-02-10,Delivered,Website,WELCOME5
55634,14069,2024-04-21,Delivered,Mobile App,FEST15
55635,13637,2026-06-04,Delivered,Mobile App,BIG20
55636,12676,2024-06-11,Delivered,Marketplace,NONE
55637,12832,2026-08-18,Delivered,Mobile App,BIG20
55638,14972,2025-12-03,Delivered,Marketplace,SAVE10
55639,13786,2026-03-09,Delivered,Website,FEST15
55640,11206,2026-02-20,Delivered,Mobile App,NONE
55641,12269,2025-03-08,Processing,Mobile App,NONE
55642,13711,2024-06-25,Delivered,Mobile App,BIG20
55643,12611,2025-10-18,Delivered,Mobile App,FEST15
55644,12162,2025-09-29,Delivered,Website,WELCOME5
55645,13042,2026-02-21,Delivered,Website,NONE
55646,11880,2024-08-14,Delivered,Mobile App,NONE
55647,13391,2026-03-05,Delivered,Website,NONE
55648,13658,2026-05-03,Delivered,Marketplace,NONE
55649,14491,2025-12-10,Delivered,Mobile App,NONE
55650,14778,2024-09-17,Delivered,Mobile App,NONE
55651,13558,2024-08-27,Delivered,Mobile App,NONE
55652,13778,2024-05-05,Cancelled,Mobile App,NONE
55653,13862,2026-03-15,Delivered,Mobile App,NONE
55654,11651,2025-03-01,Processing,Mobile App,NONE
55655,14578,2024-10-24,Delivered,Website,NONE
55656,12550,2024-05-29,Delivered,Website,NONE
55657,14338,2025-04-24,Delivered,Marketplace,SAVE10
55658,11086,2024-07-11,Processing,Website,NONE
55659,11552,2026-03-21,Delivered,Website,WELCOME5
55660,13102,2024-11-24,Delivered,Marketplace,NONE
55661,12893,2025-03-08,Delivered,Website,NONE
55662,12013,2025-10-02,Delivered,Mobile App,WELCOME5
55663,11105,2025-11-09,Delivered,Website,FEST15
55664,11141,2024-04-23,Delivered,Website,FEST15
55665,13635,2024-03-15,Delivered,Mobile App,FEST15
55666,10106,2024-10-02,Delivered,Mobile App,BIG20
55667,10598,2025-12-25,Delivered,Marketplace,NONE
55668,14627,2026-04-12,Delivered,Mobile App,BIG20
55669,14896,2026-08-01,Delivered,Mobile App,BIG20
55670,10395,2024-09-22,Delivered,Mobile App,NONE
55671,10712,2026-01-10,Delivered,Mobile App,NONE
55672,11647,2024-06-12,Processing,Website,SAVE10
55673,12930,2024-07-02,Delivered,Website,WELCOME5
55674,10953,2025-06-01,Shipped,Website,NONE
55675,14912,2024-04-04,Processing,Mobile App,NONE
55676,12471,2024-02-02,Delivered,Marketplace,NONE
55677,12686,2026-08-23,Delivered,Mobile App,FEST15
55678,10975,2026-02-18,Shipped,Mobile App,NONE
55679,11539,2025-10-17,Cancelled,Website,NONE
55680,13682,2024-08-03,Delivered,Mobile App,WELCOME5
55681,13164,2024-03-15,Processing,Mobile App,NONE
55682,11125,2024-05-08,Delivered,Mobile App,NONE
55683,12208,2025-02-12,Delivered,Website,WELCOME5
55684,10928,2026-02-22,Processing,Website,SAVE10
55685,12038,2025-07-29,Delivered,Mobile App,NONE
55686,11085,2026-03-28,Delivered,Website,BIG20
55687,14899,2026-05-31,Delivered,Mobile App,NONE
55688,11488,2025-12-13,Delivered,Website,FEST15
55689,12370,2024-04-06,Processing,Website,NONE
55690,13210,2024-08-15,Delivered,Website,NONE
55691,10206,2024-11-23,Delivered,Website,NONE
55692,11049,2025-05-26,Processing,Website,NONE
55693,14945,2026-02-08,Shipped,Website,NONE
55694,13485,2026-07-28,Processing,Mobile App,WELCOME5
55695,11210,2026-08-11,Processing,Mobile App,NONE
55696,12151,2025-04-08,Delivered,Mobile App,SAVE10
55697,14288,2026-08-19,Delivered,Mobile App,NONE
55698,10986,2026-07-10,Delivered,Website,NONE
55699,11495,2024-06-10,Delivered,Website,NONE
55700,11201,2025-10-18,Delivered,website,BIG20
55701,13325,2025-03-01,Delivered,Website,NONE
55702,12637,2026-03-30,Shipped,Website,SAVE10
55703,12504,2026-04-22,Delivered,Marketplace,NONE
55704,11894,2024-07-05,Delivered,Website,NONE
55705,11640,2025-08-08,Delivered,Website,SAVE10
55706,12569,2026-06-17,Delivered,Marketplace,NONE
55707,13996,2025-10-09,Delivered,Mobile App,WELCOME5
55708,14063,2026-04-07,Delivered,Marketplace,WELCOME5
55709,13923,2025-12-02,Shipped,Website,SAVE10
55710,10230,2026-01-31,Shipped,Mobile App,NONE
55711,12451,2026-04-01,Shipped,Mobile App,NONE
55712,11969,2026-07-01,Shipped,Marketplace,WELCOME5
55713,14677,2024-07-11,Processing,Website,SAVE10
55714,12078,2026-02-04,Delivered,Mobile App,NONE
55715,11235,2025-01-07,Delivered,Website,NONE
55716,11255,2025-07-13,Delivered,Mobile App,NONE
55717,10974,2025-09-29,Delivered,Website,SAVE10
55718,12210,2025-09-21,Shipped,Website,NONE
55719,11321,2024-07-09,Delivered,Website,NONE
55720,12834,2026-03-07,Delivered,Website,NONE
55721,11155,2025-11-24,Delivered,Mobile App,SAVE10
55722,12925,2025-12-27,Delivered,Website,FEST15
55723,13079,2025-08-20,Processing,Marketplace,NONE
55724,13350,2025-07-28,Delivered,Website,FEST15
55725,14413,2024-09-26,Delivered,Mobile App,NONE
55726,10384,2025-08-03,Delivered,Website,NONE
55727,10265,2024-09-29,Processing,Website,NONE
55728,12301,2026-03-05,Delivered,Mobile App,WELCOME5
55729,12581,2024-02-18,Delivered,Website,FEST15
55730,13789,2024-01-10,Delivered,Website,SAVE10
55731,11135,2025-12-07,Delivered,Marketplace,WELCOME5
55732,12276,2025-11-27,Delivered,Website,NONE
55733,13057,2025-06-26,Delivered,Marketplace,FEST15
55734,13283,2025-07-02,Delivered,Website,WELCOME5
55735,12716,2024-02-03,Delivered,Website,BIG20
55736,12953,2026-03-24,Delivered,Mobile App,NONE
55737,10821,2026-04-01,Delivered,Website,SAVE10
55738,12324,2024-07-18,Delivered,Mobile App,NONE
55739,12708,2024-01-16,Processing,Marketplace,SAVE10
55740,10395,2025-05-24,Delivered,Website,NONE
55741,14844,2024-09-02,Delivered,Mobile App,NONE
55742,13167,2024-05-03,Delivered,Website,WELCOME5
55743,13589,2024-04-19,Processing,Mobile App,WELCOME5
55744,12673,2025-10-01,Processing,Mobile App,BIG20
55745,14654,2024-12-14,Delivered,Mobile App,NONE
55746,10029,2026-01-10,Delivered,Website,NONE
55747,14791,2024-10-31,Delivered,Mobile App,FEST15
55748,11035,2025-08-27,Delivered,Mobile App,NONE
55749,14423,2024-09-20,Delivered,Website,SAVE10
55750,10307,2025-06-22,Delivered,Website,NONE
55751,11565,2025-11-08,Delivered,Website,SAVE10
55752,12852,2024-11-29,Delivered,Website,NONE
55753,13289,2026-05-11,Delivered,Website,NONE
55754,10076,2025-09-12,Delivered,Website,NONE
55755,11795,2024-07-14,Delivered,Website,WELCOME5
55756,14213,2026-05-22,Processing,Website,NONE
55757,10916,2025-04-28,Delivered,Mobile App,NONE
55758,14738,2025-11-30,Delivered,Website,NONE
55759,13552,2024-12-01,Processing,Website,NONE
55760,14878,2024-01-23,Delivered,Mobile App,NONE
55761,14517,2025-06-30,Delivered,Mobile App,NONE
55762,11133,2025-05-08,Delivered,Website,SAVE10
55763,14706,2025-12-03,Delivered,Marketplace,NONE
55764,12476,2025-12-15,Delivered,Website,FEST15
55765,11293,2025-10-29,Shipped,Mobile App,NONE
55766,14456,2025-05-04,Delivered,Mobile App,SAVE10
55767,12353,2024-01-06,Shipped,Website,NONE
55768,13437,2025-07-27,Delivered,Marketplace,NONE
55769,13051,2026-07-10,Delivered,Mobile App,NONE
55770,11494,2026-06-03,Delivered,Website,SAVE10
55771,14915,2024-03-19,Delivered,Website,FEST15
55772,14170,2026-04-27,Delivered,Mobile App,SAVE10
55773,12647,2024-05-20,Delivered,Marketplace,WELCOME5
55774,12870,2024-03-19,Delivered,Mobile App,NONE
55775,10348,2024-01-26,Processing,Website,NONE
55776,13650,2025-05-10,Delivered,Mobile App,NONE
55777,14550,2024-06-20,Cancelled,Website,NONE
55778,14848,2025-08-26,Delivered,Website,NONE
55779,12800,2025-03-28,Delivered,Marketplace,SAVE10
55780,14988,2026-04-06,Delivered,Website,NONE
55781,13992,2024-07-23,Delivered,Mobile App,NONE
55782,12525,2024-09-14,Shipped,Website,NONE
55783,14002,2025-05-17,Delivered,Mobile App,NONE
55784,10784,2024-05-15,Delivered,Website,SAVE10
55785,13379,2025-03-20,Shipped,Website,NONE
55786,13098,2025-08-02,Delivered,Mobile App,NONE
55787,12466,2025-08-21,Delivered,Mobile App,BIG20
55788,13220,2025-03-29,Delivered,Mobile App,SAVE10
55789,14261,2024-04-07,Delivered,Website,NONE
55790,12861,2024-09-06,Delivered,Mobile App,NONE
55791,11896,2024-03-10,Delivered,Website,NONE
55792,12111,2026-07-03,Delivered,Website,NONE
55793,12842,2025-07-17,Delivered,Mobile App,NONE
55794,12908,2024-11-04,Delivered,Website,NONE
55795,11568,2024-10-19,Delivered,Website,BIG20
55796,12671,2024-02-23,Delivered,Website,BIG20
55797,11438,2025-04-03,Delivered,Mobile App,NONE
55798,14724,2024-02-27,Processing,Mobile App,WELCOME5
55799,12673,2025-11-11,Delivered,Marketplace,NONE
55800,14189,2024-07-14,Delivered,Marketplace,FEST15
55801,11898,2024-04-07,Delivered,Mobile App,WELCOME5
55802,11969,2024-04-23,Shipped,Website,WELCOME5
55803,11443,2024-01-28,Delivered,Mobile App,SAVE10
55804,12855,2025-01-17,Delivered,Website,FEST15
55805,13082,2024-02-27,Delivered,Mobile App,NONE
55806,12831,2024-03-19,Delivered,Marketplace,NONE
55807,14185,2024-07-31,Processing,Mobile App,FEST15
55808,12554,2025-06-28,Shipped,Mobile App,NONE
55809,14106,2024-08-01,Delivered,Mobile App,NONE
55810,10291,2025-01-31,Delivered,Mobile App,FEST15
55811,11801,2025-02-20,Shipped,Website,SAVE10
55812,13563,2025-08-02,Delivered,Website,NONE
55813,11918,2024-02-15,Shipped,Marketplace,NONE
55814,13657,2026-08-17,Delivered,Marketplace,NONE
55815,12960,2024-03-30,Delivered,Mobile App,WELCOME5
55816,12421,2026-08-20,Cancelled,Website,NONE
55817,12790,2024-10-03,Delivered,Marketplace,SAVE10
55818,14508,2025-02-08,Delivered,Marketplace,NONE
55819,13393,2024-03-05,Delivered,Website,NONE
55820,14920,2024-12-22,Delivered,Mobile App,NONE
55821,10479,2026-05-21,Delivered,Marketplace,FEST15
55822,14065,2025-10-23,Delivered,Website,NONE
55823,14457,2025-08-27,Delivered,Website,NONE
55824,14640,2024-12-22,Shipped,Mobile App,NONE
55825,12696,2026-06-17,Shipped,Mobile App,NONE
55826,12438,2026-01-24,Delivered,Mobile App,SAVE10
55827,12919,2024-09-01,Cancelled,Mobile App,NONE
55828,14572,2025-08-06,Delivered,Website,NONE
55829,14334,2025-01-19,Shipped,Marketplace,NONE
55830,14676,2024-07-12,Delivered,Mobile App,NONE
55831,14846,2025-09-28,Processing,Mobile App,NONE
55832,13118,2025-02-06,Shipped,Mobile App,NONE
55833,11296,2024-04-04,Processing,Mobile App,BIG20
55834,10754,2026-04-17,Delivered,Mobile App,NONE
55835,14489,2025-08-11,Shipped,Website,SAVE10
55836,10762,2025-06-20,Delivered,Website,NONE
55837,10353,2026-08-27,Delivered,Mobile App,NONE
55838,12362,2025-11-19,Processing,Website,SAVE10
55839,13717,2026-08-07,Delivered,Marketplace,NONE
55840,13678,2025-11-19,Delivered,Mobile App,NONE
55841,11271,2024-06-13,Delivered,Mobile App,NONE
55842,12507,2025-04-12,Delivered,Website,NONE
55843,14473,2025-05-08,Delivered,Website,NONE
55844,14000,2024-10-13,Delivered,Mobile App,NONE
55845,14584,2024-10-27,Processing,Website,BIG20
55846,13849,2025-08-01,Delivered,Mobile App,NONE
55847,10456,2025-02-03,Delivered,Website,SAVE10
55848,11019,2024-04-19,Delivered,Marketplace,BIG20
55849,10846,2025-07-17,Delivered,Mobile App,WELCOME5
55850,10664,2025-08-02,Delivered,Marketplace,SAVE10
55851,14293,2026-03-03,Shipped,Marketplace,NONE
55852,13530,2024-04-09,Delivered,Website,FEST15
55853,14569,2025-03-19,Delivered,Mobile App,BIG20
55854,11602,2026-05-24,Delivered,Website,NONE
55855,14900,2024-09-13,Delivered,Mobile App,NONE
55856,14657,2025-12-22,Delivered,Website,NONE
55857,10531,2024-11-29,Delivered,Website,NONE
55858,14343,2024-06-24,Processing,Mobile App,NONE
55859,10554,2025-11-20,Delivered,Website,NONE
55860,12257,2026-01-31,Delivered,Website,SAVE10
55861,10904,2026-06-06,Shipped,Mobile App,NONE
55862,12903,2025-12-05,Delivered,Website,NONE
55863,10089,2024-10-24,Shipped,Marketplace,SAVE10
55864,14236,2025-12-07,Delivered,Website,NONE
55865,12382,2024-02-01,Delivered,Website,WELCOME5
55866,14357,2024-11-21,Delivered,Website,BIG20
55867,12167,2024-07-25,Delivered,Marketplace,BIG20
55868,12785,2025-05-22,Delivered,Mobile App,NONE
55869,13691,2025-10-31,Delivered,Website,NONE
55870,14860,2025-07-22,Delivered,Website,NONE
55871,11872,2024-06-24,Delivered,Mobile App,WELCOME5
55872,12605,2024-12-31,Delivered,Marketplace,WELCOME5
55873,11623,2024-03-28,Delivered,Website,NONE
55874,10206,2025-06-27,Delivered,Mobile App,NONE
55875,14366,2025-12-21,Shipped,Mobile App,NONE
55876,12814,2024-08-24,Cancelled,Mobile App,NONE
55877,11863,2025-05-27,Delivered,Website,NONE
55878,13886,2026-04-28,Delivered,Website,NONE
55879,14094,2024-04-20,Delivered,Website,SAVE10
55880,14925,2026-07-20,Delivered,Mobile App,SAVE10
55881,12185,2024-11-17,Delivered,website,NONE
55882,10527,2024-11-12,Shipped,Website,NONE
55883,12427,2025-11-23,Processing,Website,NONE
55884,12203,2024-11-28,Delivered,Marketplace,SAVE10
55885,11038,2025-01-28,Delivered,Website,NONE
55886,12934,2024-07-28,Delivered,Website,NONE
55887,12071,2024-05-10,Delivered,Website,WELCOME5
55888,14408,2026-04-18,Delivered,Website,NONE
55889,10239,2024-04-04,Delivered,Mobile App,WELCOME5
55890,13580,2024-06-07,Delivered,Mobile App,SAVE10
55891,13010,2026-03-11,Delivered,Mobile App,NONE
55892,11157,2026-02-13,Delivered,Mobile App,NONE
55893,11763,2024-07-28,Delivered,Website,SAVE10
55894,14297,2026-03-18,Delivered,Website,NONE
55895,11821,2025-12-04,Delivered,Mobile App,NONE
55896,13322,2024-11-02,Delivered,Website,FEST15
55897,12563,2024-03-17,Shipped,Website,SAVE10
55898,14476,2026-01-23,Delivered,Website,FEST15
55899,13303,2025-10-22,Delivered,Website,NONE
55900,14172,2025-03-15,Delivered,Website,NONE
55901,14518,2024-09-22,Shipped,Marketplace,NONE
55902,10647,2024-12-03,Delivered,Website,NONE
55903,14169,2024-09-21,Shipped,Marketplace,WELCOME5
55904,14803,2026-05-16,Processing,Website,NONE
55905,10182,2024-07-16,Delivered,Website,NONE
55906,12272,2025-03-15,Processing,Mobile App,NONE
55907,11275,2025-09-13,Delivered,Website,BIG20
55908,14913,2024-02-23,Delivered,Marketplace,NONE
55909,11760,2025-05-01,Delivered,Mobile App,WELCOME5
55910,10936,2025-09-07,Delivered,Mobile App,BIG20
55911,10479,2025-05-26,Delivered,Website,NONE
55912,13967,2025-09-30,Delivered,Website,SAVE10
55913,10294,2025-04-18,Delivered,Mobile App,SAVE10
55914,11525,2025-09-07,Delivered,Website,NONE
55915,12772,2026-08-06,Delivered,Website,BIG20
55916,10225,2024-12-15,Delivered,Mobile App,SAVE10
55917,10874,2024-12-12,Delivered,Website,FEST15
55918,14971,2025-10-20,Delivered,Mobile App,SAVE10
55919,12290,2024-03-27,Delivered,Marketplace,NONE
55920,11518,2024-10-09,Cancelled,Mobile App,SAVE10
55921,14349,2024-06-10,Delivered,Website,WELCOME5
55922,10403,2025-03-26,Delivered,Marketplace,FEST15
55923,11321,2024-04-27,Delivered,Marketplace,NONE
55924,14303,2024-07-29,Delivered,Mobile App,NONE
55925,13765,2025-02-16,Shipped,Mobile App,SAVE10
55926,12161,2025-08-17,Delivered,Mobile App,NONE
55927,14904,2025-02-21,Delivered,Website,NONE
55928,12883,2026-02-25,Delivered,Website,NONE
55929,13727,2026-02-14,Delivered,Website,BIG20
55930,14925,2024-04-04,Delivered,Website,SAVE10
55931,12522,2025-11-05,Delivered,Website,NONE
55932,12404,2024-01-27,Delivered,Website,NONE
55933,13319,2024-06-17,Delivered,Website,NONE
55934,10336,2026-01-08,Delivered,Website,WELCOME5
55935,12144,2025-07-19,Delivered,Mobile App,NONE
55936,13456,2024-11-09,Delivered,Website,NONE
55937,11895,2024-05-28,Delivered,Marketplace,SAVE10
55938,13553,2024-11-10,Delivered,Mobile App,FEST15
55939,12017,2026-01-25,Processing,Marketplace,NONE
55940,10972,2025-07-01,Delivered,Website,NONE
55941,10732,2024-05-06,Delivered,Website,NONE
55942,12728,2025-04-17,Delivered,Mobile App,NONE
55943,10968,2024-07-14,Delivered,Mobile App,NONE
55944,11847,2024-04-27,Shipped,Website,SAVE10
55945,12600,2024-03-24,Delivered,Mobile App,NONE
55946,10250,2026-01-07,Delivered,Mobile App,SAVE10
55947,12103,2024-06-04,Delivered,Marketplace,WELCOME5
55948,11559,2024-06-19,Shipped,Mobile App,NONE
55949,11570,2026-04-20,Shipped,Mobile App,BIG20
55950,14548,2026-03-12,Processing,Website,NONE
55951,14625,2025-05-02,Shipped,Website,NONE
55952,11502,2026-01-11,Delivered,Website,NONE
55953,14405,2024-01-23,Delivered,Website,SAVE10
55954,11116,2024-06-11,Delivered,Marketplace,FEST15
55955,11735,2024-12-08,Delivered,Website,NONE
55956,14705,2026-01-05,Delivered,Mobile App,SAVE10
55957,10509,2024-03-28,Delivered,Marketplace,NONE
55958,11912,2025-10-03,Cancelled,Website,BIG20
55959,14026,2024-03-09,Delivered,Website,NONE
55960,14703,2026-08-10,Delivered,Marketplace,NONE
55961,14743,2024-07-21,Delivered,Mobile App,NONE
55962,14402,2025-11-21,Delivered,Mobile App,NONE
55963,14823,2025-08-26,Shipped,Mobile App,NONE
55964,12353,2025-01-13,Delivered,Website,NONE
55965,11616,2026-01-10,Delivered,Mobile App,NONE
55966,11925,2025-08-24,Shipped,Website,NONE
55967,10604,2025-03-12,Delivered,Mobile App,NONE
55968,10689,2025-10-04,Delivered,Website,WELCOME5
55969,14869,2024-10-05,Delivered,Mobile App,NONE
55970,10954,2025-12-24,Shipped,Mobile App,FEST15
55971,13082,2025-11-10,Delivered,Website,NONE
55972,11163,2025-03-30,Delivered,Website,WELCOME5
55973,13321,2025-09-30,Delivered,Mobile App,FEST15
55974,12352,2026-03-13,Processing,Website,BIG20
55975,10526,2025-09-14,Shipped,Website,FEST15
55976,11861,2024-10-05,Processing,Website,FEST15
55977,13654,2024-09-25,Delivered,Website,SAVE10
55978,14002,2026-07-23,Delivered,Website,FEST15
55979,11448,2026-02-23,Delivered,Website,NONE
55980,11484,2024-10-28,Delivered,Mobile App,NONE
55981,13649,2025-11-26,Shipped,Website,NONE
55982,12123,2024-02-06,Delivered,Website,FEST15
55983,10351,2025-11-02,Delivered,Website,NONE
55984,10614,2024-07-13,Delivered,Website,WELCOME5
55985,11869,2024-10-28,Delivered,Mobile App,NONE
55986,11357,2026-06-18,Delivered,Mobile App,FEST15
55987,10595,2024-05-14,Delivered,Website,NONE
55988,13916,2026-02-05,Shipped,Mobile App,WELCOME5
55989,12295,2025-01-25,Delivered,Website,BIG20
55990,13536,2025-03-02,Delivered,Mobile App,FEST15
55991,10010,2025-03-23,Delivered,Website,WELCOME5
55992,12012,2026-05-28,Delivered,Marketplace,FEST15
55993,12391,2025-04-30,Delivered,Website,NONE
55994,12888,2024-08-27,Delivered,Website,NONE
55995,14841,2024-01-08,Shipped,Website,SAVE10
55996,12292,2024-08-14,Delivered,Website,NONE
55997,12447,2024-06-02,Delivered,Mobile App,NONE
55998,14477,2024-05-05,Delivered,Mobile App,NONE
55999,11993,2026-08-21,Delivered,Mobile App,NONE
56000,11974,2025-03-05,Cancelled,Website,SAVE10
56001,10799,2026-08-27,Shipped,Website,NONE
56002,13611,2025-05-13,Shipped,Website,WELCOME5
56003,10098,2024-07-31,Delivered,Marketplace,NONE
56004,11093,2024-05-20,Shipped,Website,NONE
56005,12091,2026-01-07,Delivered,Marketplace,BIG20
56006,12171,2024-04-21,Delivered,Marketplace,WELCOME5
56007,10193,2024-02-20,Delivered,Website,NONE
56008,12647,2025-01-13,Delivered,Marketplace,WELCOME5
56009,14860,2024-11-01,Delivered,Mobile App,WELCOME5
56010,10524,2024-08-13,Delivered,Website,NONE
56011,12468,2025-05-13,Delivered,Mobile App,WELCOME5
56012,12938,2025-07-11,Delivered,Website,NONE
56013,11621,2025-02-25,Delivered,Website,NONE
56014,12874,2025-05-23,Delivered,Website,NONE
56015,11705,2025-10-10,Delivered,Mobile App,NONE
56016,10794,2024-06-06,Delivered,Website,NONE
56017,14203,2024-12-24,Delivered,Marketplace,FEST15
56018,14994,2024-01-13,Processing,Mobile App,NONE
56019,11930,2026-07-28,Delivered,Mobile App,FEST15
56020,10463,2025-09-17,Delivered,Mobile App,SAVE10
56021,10818,2026-02-17,Delivered,Marketplace,SAVE10
56022,14477,2026-01-19,Delivered,Website,FEST15
56023,14405,2024-01-06,Delivered,Mobile App,FEST15
56024,12458,2025-04-18,Shipped,Website,NONE
56025,14357,2026-04-23,Processing,Marketplace,SAVE10
56026,11114,2025-07-12,Delivered,Website,NONE
56027,12002,2025-08-02,Delivered,Mobile App,FEST15
56028,10564,2026-07-21,Delivered,Mobile App,FEST15
56029,12725,2025-12-28,Delivered,Mobile App,BIG20
56030,13498,2026-01-14,Shipped,Website,NONE
56031,14808,2026-02-13,Delivered,Website,NONE
56032,13773,2024-11-19,Shipped,Mobile App,WELCOME5
56033,13325,2026-08-02,Delivered,Website,NONE
56034,13368,2026-04-04,Delivered,Mobile App,SAVE10
56035,13146,2024-02-01,Delivered,Mobile App,BIG20
56036,12100,2025-06-16,Delivered,Website,SAVE10
56037,12501,2024-08-28,Delivered,Website,NONE
56038,10863,2025-05-21,Delivered,Website,NONE
56039,10101,2026-02-23,Shipped,Marketplace,NONE
56040,13948,2025-11-02,Delivered,Mobile App,SAVE10
56041,12481,2026-02-14,Delivered,Mobile App,BIG20
56042,14357,2025-02-20,Delivered,Marketplace,NONE
56043,10609,2024-03-16,Delivered,Website,NONE
56044,11960,2026-05-04,Processing,Website,FEST15
56045,11287,2024-03-17,Shipped,Website,WELCOME5
56046,14207,2024-06-11,Delivered,Website,WELCOME5
56047,11885,2025-12-01,Delivered,Website,FEST15
56048,13179,2025-02-13,Delivered,Website,NONE
56049,10422,2025-04-07,Delivered,Mobile App,NONE
56050,12635,2024-03-03,Delivered,Website,SAVE10
56051,12207,2024-06-14,Delivered,Mobile App,NONE
56052,13054,2025-11-15,Delivered,Website,NONE
56053,12927,2025-07-03,Shipped,Mobile App,NONE
56054,10539,2024-09-19,Delivered,Mobile App,NONE
56055,10251,2025-01-23,Shipped,Website,FEST15
56056,10627,2025-02-16,Processing,Mobile App,SAVE10
56057,11089,2026-06-14,Shipped,Mobile App,NONE
56058,13634,2026-05-09,Shipped,Website,BIG20
56059,11346,2025-04-10,Delivered,Website,NONE
56060,14850,2024-06-29,Delivered,Website,SAVE10
56061,10434,2025-07-04,Delivered,Marketplace,SAVE10
56062,12540,2024-01-03,Delivered,Website,NONE
56063,13580,2025-09-19,Delivered,Mobile App,WELCOME5
56064,10271,2025-07-14,Processing,Mobile App,SAVE10
56065,12571,2026-05-21,Delivered,Website,NONE
56066,10341,2025-02-28,Delivered,Website,NONE
56067,13950,2025-06-28,Delivered,Website,BIG20
56068,12337,2024-02-23,Shipped,Website,BIG20
56069,14324,2026-03-10,Processing,Website,FEST15
56070,13289,2024-10-14,Delivered,Mobile App,
56071,11585,2026-01-04,Delivered,Mobile App,SAVE10
56072,10775,2024-08-19,Shipped,Website,NONE
56073,10792,2024-12-03,Delivered,Website,WELCOME5
56074,10166,2024-09-09,Delivered,Mobile App,FEST15
56075,11502,2026-05-21,Shipped,Website,NONE
56076,13648,2026-02-04,Delivered,Mobile App,NONE
56077,11774,2025-11-13,Processing,Website,FEST15
56078,10731,2024-10-22,Processing,Mobile App,BIG20
56079,10401,2025-12-12,Delivered,Mobile App,FEST15
56080,12191,2025-04-19,Delivered,Marketplace,
56081,11050,2025-11-24,Delivered,Website,FEST15
56082,13671,2024-09-14,Delivered,Website,FEST15
56083,11685,2025-06-07,Delivered,Mobile App,FEST15
56084,10627,2026-07-11,Delivered,Website,BIG20
56085,11364,2024-03-17,Delivered,Website,SAVE10
56086,12214,2026-01-20,Shipped,Mobile App,NONE
56087,10189,2025-11-08,Delivered,Website,FEST15
56088,10558,2025-02-14,Delivered,Mobile App,WELCOME5
56089,14805,2026-06-01,Delivered,Website,SAVE10
56090,11738,2025-12-06,Delivered,Mobile App,NONE
56091,13741,2025-05-26,Delivered,Website,NONE
56092,14563,2024-11-01,Shipped,Website,WELCOME5
56093,10568,2025-10-27,Delivered,Website,NONE
56094,13431,2024-03-20,Processing,Website,BIG20
56095,14166,2024-09-06,Delivered,Mobile App,NONE
56096,10116,2025-02-21,Delivered,Website,SAVE10
56097,11555,2024-08-05,Shipped,Website,NONE
56098,10673,2025-07-01,Delivered,Website,NONE
56099,10160,2026-04-25,Delivered,Website,NONE
56100,11470,2024-12-04,Delivered,Website,NONE
56101,10915,2025-01-29,Processing,Mobile App,NONE
56102,14478,2025-01-24,Delivered,Mobile App,WELCOME5
56103,11187,2025-12-03,Delivered,Website,BIG20
56104,13736,2025-11-23,Processing,Mobile App,SAVE10
56105,10258,2024-08-15,Delivered,Website,WELCOME5
56106,13088,2026-05-18,Shipped,Website,WELCOME5
56107,13475,2025-09-20,Delivered,Website,NONE
56108,10763,2026-05-17,Delivered,Mobile App,NONE
56109,12156,2026-04-29,Delivered,Website,WELCOME5
56110,14645,2025-07-12,Delivered,Website,SAVE10
56111,13071,2025-11-13,Delivered,Mobile App,FEST15
56112,14041,2025-09-02,Processing,Website,SAVE10
56113,12124,2025-08-14,Delivered,Mobile App,NONE
56114,11198,2025-05-31,Delivered,Website,NONE
56115,12350,2024-08-12,Delivered,Website,NONE
56116,12022,2024-12-26,Delivered,Mobile App,SAVE10
56117,14915,2025-11-15,Delivered,Website,NONE
56118,12142,2025-12-17,Delivered,Mobile App,NONE
56119,13137,2025-03-29,Delivered,Website,NONE
56120,12938,2024-04-17,Delivered,Mobile App,SAVE10
56121,11858,2024-05-10,Delivered,Mobile App,NONE
56122,11875,2026-05-17,Delivered,Website,SAVE10
56123,14224,2024-05-02,Delivered,Mobile App,FEST15
56124,11051,2024-10-02,Delivered,Website,FEST15
56125,12080,2024-03-01,Delivered,Marketplace,WELCOME5
56126,13335,2024-07-31,Delivered,Website,NONE
56127,10283,2026-03-25,Delivered,Website,NONE
56128,13388,2024-09-22,Delivered,Marketplace,NONE
56129,14164,2026-03-21,Shipped,Mobile App,NONE
56130,12212,2026-02-26,Delivered,Mobile App,NONE
56131,12915,2025-11-10,Delivered,Website,
56132,12434,2024-09-17,Delivered,Website,BIG20
56133,13330,2026-08-25,Delivered,Marketplace,NONE
56134,10254,2025-08-14,Delivered,Mobile App,BIG20
56135,13087,2026-01-16,Delivered,Mobile App,NONE
56136,12281,2024-11-28,Delivered,Marketplace,NONE
56137,10179,2025-10-05,Delivered,Mobile App,SAVE10
56138,14002,2025-09-28,Delivered,Mobile App,NONE
56139,10759,2025-08-02,Delivered,Website,FEST15
56140,12958,2025-07-27,Shipped,Website,WELCOME5
56141,14252,2025-11-12,Delivered,Mobile App,SAVE10
56142,14604,2026-08-25,Delivered,Marketplace,WELCOME5
56143,13141,2026-04-23,Delivered,Website,NONE
56144,13583,2024-10-28,Shipped,Mobile App,NONE
56145,12925,2026-05-12,Delivered,Website,NONE
56146,13889,2024-12-05,Delivered,Website,BIG20
56147,14880,2024-08-29,Shipped,Website,SAVE10
56148,12293,2024-07-11,Delivered,Website,FEST15
56149,12065,2025-11-13,Cancelled,Website,WELCOME5
56150,10868,2025-03-25,Delivered,Website,FEST15
56151,14897,2026-03-14,Delivered,Mobile App,SAVE10
56152,14561,2026-03-23,Shipped,Website,FEST15
56153,13532,2025-06-06,Delivered,Mobile App,NONE
56154,13296,2024-07-23,Delivered,Website,SAVE10
56155,11024,2024-04-18,Delivered,Website,WELCOME5
56156,14548,2026-07-21,Delivered,Website,NONE
56157,10290,2024-10-24,Delivered,Mobile App,FEST15
56158,13088,2024-01-13,Delivered,Website,FEST15
56159,11268,2025-01-19,Delivered,Marketplace,NONE
56160,12273,2026-02-19,Delivered,Website,SAVE10
56161,10476,2024-03-29,Delivered,Website,NONE
56162,10674,2025-11-01,Delivered,Website,NONE
56163,11885,2025-02-07,Delivered,Website,SAVE10
56164,11989,2026-05-28,Shipped,Website,NONE
56165,14408,2025-03-11,Delivered,Marketplace,SAVE10
56166,12988,2025-05-21,Shipped,Website,NONE
56167,10157,2025-03-19,Delivered,Website,NONE
56168,14654,2025-10-22,Shipped,Website,FEST15
56169,13053,2024-03-09,Delivered,Mobile App,SAVE10
56170,14147,2024-02-17,Delivered,Mobile App,NONE
56171,14621,2025-07-18,Delivered,Website,NONE
56172,12566,2025-01-17,Delivered,Website,NONE
56173,10897,2024-06-11,Delivered,Mobile App,NONE
56174,12240,2026-01-17,Delivered,Mobile App,WELCOME5
56175,13434,2025-12-27,Delivered,Mobile App,WELCOME5
56176,10167,2024-04-15,Delivered,Mobile App,NONE
56177,14731,2024-06-27,Delivered,Mobile App,NONE
56178,11756,2026-01-28,Delivered,Website,NONE
56179,13299,2025-04-08,Delivered,Website,NONE
56180,14907,2024-10-26,Delivered,Mobile App,FEST15
56181,14327,2025-05-28,Delivered,Website,SAVE10
56182,13706,2024-12-08,Delivered,Marketplace,NONE
56183,11494,2024-03-31,Delivered,Mobile App,NONE
56184,12624,2025-09-19,Delivered,Mobile App,NONE
56185,12508,2025-11-06,Delivered,Marketplace,NONE
56186,14312,2024-03-16,Processing,Mobile App,NONE
56187,10199,2024-08-29,Delivered,Website,NONE
56188,10116,2025-08-28,Processing,Website,NONE
56189,10591,2026-01-04,Delivered,Website,NONE
56190,14789,2026-06-05,Shipped,Website,NONE
56191,12703,2025-08-08,Delivered,Website,NONE
56192,13499,2024-03-31,Delivered,Website,BIG20
56193,10473,2024-12-08,Delivered,Mobile App,SAVE10
56194,10067,2024-09-02,Delivered,Mobile App,SAVE10
56195,13252,2026-08-15,Delivered,Website,NONE
56196,13528,2024-01-14,Delivered,Website,NONE
56197,12136,2024-12-30,Delivered,Mobile App,NONE
56198,10416,2025-05-17,Delivered,Mobile App,NONE
56199,12449,2024-10-17,Shipped,Website,NONE
56200,13198,2025-12-10,Delivered,Website,FEST15
56201,11068,2024-05-07,Delivered,Website,NONE
56202,11505,2026-06-17,Delivered,Mobile App,FEST15
56203,13734,2025-01-23,Delivered,Website,NONE
56204,11061,2024-12-22,Delivered,Marketplace,NONE
56205,10496,2026-06-14,Delivered,Marketplace,SAVE10
56206,13141,2024-05-24,Delivered,Mobile App,SAVE10
56207,10116,2025-03-30,Shipped,Marketplace,BIG20
56208,12171,2024-01-29,Shipped,Website,NONE
56209,12848,2025-05-11,Cancelled,Mobile App,NONE
56210,10323,2024-11-11,Delivered,Mobile App,FEST15
56211,13267,2025-12-19,Delivered,Website,NONE
56212,14112,2025-05-11,Delivered,Mobile App,NONE
56213,14868,2025-08-29,Delivered,Marketplace,WELCOME5
56214,11331,2026-05-23,Delivered,Mobile App,NONE
56215,11636,2026-07-10,Shipped,Website,NONE
56216,13092,2024-07-28,Cancelled,Website,NONE
56217,12997,2025-05-01,Delivered,Website,BIG20
56218,13047,2026-01-27,Processing,Website,WELCOME5
56219,11574,2024-05-03,Delivered,Marketplace,FEST15
56220,10281,2025-04-11,Delivered,Website,NONE
56221,10125,2025-06-24,Delivered,Marketplace,NONE
56222,14987,2026-04-21,Delivered,Mobile App,NONE
56223,12032,2024-03-26,Delivered,Mobile App,WELCOME5
56224,12239,2026-04-17,Delivered,Mobile App,WELCOME5
56225,13131,2024-08-18,Delivered,Website,FEST15
56226,11027,2026-04-11,Delivered,Mobile App,SAVE10
56227,11910,2025-09-27,Delivered,Website,NONE
56228,12184,2025-01-24,Delivered,Website,NONE
56229,10475,2024-05-09,Delivered,Mobile App,WELCOME5
56230,13016,2024-12-01,Cancelled,Website,NONE
56231,10969,2025-12-18,Shipped,Mobile App,NONE
56232,10016,2024-07-20,Cancelled,Website,NONE
56233,13105,2025-10-11,Delivered,Website,NONE
56234,11501,2024-08-09,Delivered,Website,NONE
56235,13590,2024-03-19,Shipped,Website,NONE
56236,12682,2025-08-20,Processing,Mobile App,NONE
56237,10146,2026-02-27,Delivered,Website,FEST15
56238,13473,2026-07-22,Cancelled,Mobile App,BIG20
56239,10204,2025-05-01,Delivered,Website,NONE
56240,11567,2025-08-10,Shipped,Website,SAVE10
56241,13431,2025-10-22,Delivered,Mobile App,
56242,12020,2025-02-03,Delivered,Website,NONE
56243,11925,2024-02-05,Delivered,Website,FEST15
56244,11107,2024-08-23,Delivered,Website,FEST15
56245,12220,2025-01-02,Delivered,Website,NONE
56246,11466,2025-09-24,Delivered,Mobile App,WELCOME5
56247,14731,2024-10-22,Delivered,Mobile App,NONE
56248,13437,2024-07-23,Delivered,Website,NONE
56249,14545,2026-05-28,Delivered,Website,NONE
56250,11687,2024-03-31,Delivered,Mobile App,SAVE10
56251,14751,2026-02-03,Delivered,Website,NONE
56252,11399,2024-03-31,Delivered,Mobile App,NONE
56253,11546,2024-11-06,Delivered,Marketplace,NONE
56254,11493,2026-04-04,Processing,Mobile App,NONE
56255,12948,2026-03-27,Processing,Website,SAVE10
56256,13064,2025-01-05,Delivered,Website,SAVE10
56257,10325,2024-01-18,Delivered,Website,NONE
56258,12805,2026-07-01,Shipped,Website,FEST15
56259,14765,2026-05-11,Delivered,Mobile App,NONE
56260,12035,2025-04-26,Delivered,Website,SAVE10
56261,13499,2024-01-28,Cancelled,Mobile App,SAVE10
56262,13162,2025-11-01,Shipped,Mobile App,NONE
56263,14900,2026-01-29,Processing,Website,WELCOME5
56264,13214,2026-03-13,Delivered,Website,NONE
56265,12355,2025-12-09,Delivered,Website,FEST15
56266,10066,2026-04-28,Shipped,Mobile App,NONE
56267,14020,2025-05-10,Delivered,Website,NONE
56268,11696,2024-06-06,Shipped,Website,NONE
56269,14625,2025-10-30,Delivered,Marketplace,NONE
56270,11222,2024-07-29,Processing,Website,SAVE10
56271,12187,2025-09-03,Delivered,Mobile App,SAVE10
56272,14146,2024-05-25,Delivered,Website,NONE
56273,10759,2024-02-08,Processing,Website,NONE
56274,11378,2025-03-08,Delivered,Marketplace,NONE
56275,13960,2025-07-28,Delivered,Mobile App,WELCOME5
56276,11587,2024-05-30,Cancelled,Mobile App,WELCOME5
56277,14789,2026-01-31,Delivered,Mobile App,NONE
56278,12689,2025-09-23,Delivered,Mobile App,WELCOME5
56279,14127,2026-02-15,Delivered,Website,NONE
56280,12737,2024-12-17,Shipped,Website,NONE
56281,10226,2025-10-01,Delivered,Marketplace,FEST15
56282,14055,2026-07-24,Delivered,Mobile App,NONE
56283,12099,2024-06-25,Processing,Marketplace,NONE
56284,11940,2026-03-03,Delivered,Mobile App,FEST15
56285,13682,2025-09-02,Shipped,Mobile App,FEST15
56286,11406,2025-12-03,Shipped,Mobile App,NONE
56287,12141,2025-08-29,Delivered,Marketplace,NONE
56288,13042,2025-10-30,Delivered,Mobile App,WELCOME5
56289,12967,2026-01-26,Shipped,Website,NONE
56290,13642,2024-02-08,Delivered,Website,NONE
56291,10412,2024-01-31,Delivered,Website,NONE
56292,14963,2024-03-22,Delivered,Website,NONE
56293,13041,2026-06-20,Delivered,Website,NONE
56294,13092,2025-02-23,Delivered,Website,NONE
56295,14414,2026-08-19,Delivered,Website,NONE
56296,12454,2026-06-06,Delivered,Website,BIG20
56297,10152,2024-11-30,Delivered,Mobile App,WELCOME5
56298,10666,2024-04-01,Delivered,Website,NONE
56299,14738,2026-03-28,Delivered,Mobile App,FEST15
56300,14935,2025-02-11,Processing,Marketplace,SAVE10
56301,10420,2024-10-15,Shipped,Website,NONE
56302,13425,2026-02-09,Delivered,Website,FEST15
56303,13304,2025-04-12,Delivered,Mobile App,NONE
56304,10826,2024-11-06,Processing,Mobile App,NONE
56305,13937,2025-01-19,Shipped,Website,NONE
56306,12299,2026-06-20,Processing,Website,FEST15
56307,11153,2024-10-20,Delivered,Marketplace,SAVE10
56308,12802,2026-06-25,Delivered,Mobile App,WELCOME5
56309,14526,2025-07-25,Delivered,Marketplace,NONE
56310,11085,2024-02-25,Delivered,Mobile App,NONE
56311,13095,2024-04-19,Delivered,Website,SAVE10
56312,13663,2025-08-20,Delivered,Mobile App,NONE
56313,13127,2024-05-12,Processing,Marketplace,FEST15
56314,13252,2024-05-21,Delivered,Website,FEST15
56315,13629,2025-03-25,Delivered,Website,NONE
56316,11169,2025-03-03,Delivered,Website,WELCOME5
56317,10509,2026-07-02,Delivered,Marketplace,NONE
56318,14949,2026-05-20,Delivered,Marketplace,NONE
56319,11599,2026-06-21,Delivered,Mobile App,NONE
56320,14744,2024-03-12,Delivered,Mobile App,BIG20
56321,11343,2026-02-18,Delivered,Website,SAVE10
56322,11328,2026-06-28,Delivered,Mobile App,SAVE10
56323,10125,2025-08-16,Delivered,Mobile App,NONE
56324,12210,2026-08-22,Delivered,Website,FEST15
56325,14725,2026-02-17,Delivered,Website,SAVE10
56326,14474,2025-10-12,Cancelled,Mobile App,NONE
56327,11524,2025-01-28,Delivered,Marketplace,SAVE10
56328,12032,2024-12-11,Delivered,Marketplace,NONE
56329,13348,2025-01-18,Delivered,Website,NONE
56330,14775,2024-08-31,Delivered,Website,NONE
56331,13021,2025-07-15,Delivered,Mobile App,NONE
56332,11003,2025-02-23,Delivered,Website,BIG20
56333,11781,2024-10-15,Shipped,Mobile App,NONE
56334,13621,2024-06-23,Delivered,Mobile App,NONE
56335,10118,2025-05-15,Shipped,Website,NONE
56336,12998,2024-01-20,Delivered,Mobile App,NONE
56337,13846,2024-12-28,Shipped,Mobile App,NONE
56338,11731,2024-03-01,Delivered,Marketplace,SAVE10
56339,12695,2024-11-21,Delivered,Mobile App,NONE
56340,13589,2025-10-05,Delivered,Website,NONE
56341,12976,2025-09-10,Delivered,Website,WELCOME5
56342,10122,2024-01-21,Delivered, marketplace,NONE
56343,12928,2025-11-17,Delivered,Website,NONE
56344,11155,2024-10-19,Delivered,Mobile App,NONE
56345,13700,2025-04-06,Delivered,Mobile App,FEST15
56346,11307,2025-10-18,Delivered,Mobile App,NONE
56347,14891,2024-02-05,Delivered,Marketplace,WELCOME5
56348,10588,2024-06-18,Shipped,Mobile App,NONE
56349,14454,2024-06-09,Delivered,Website,NONE
56350,10170,2024-11-18,Delivered,Website,NONE
56351,13415,2024-01-16,Cancelled,Website,BIG20
56352,11765,2024-01-31,Delivered,Website,NONE
56353,10977,2025-05-11,Delivered,Marketplace,NONE
56354,11092,2024-04-19,Processing,Marketplace,NONE
56355,10193,2025-02-26,Delivered,Mobile App,NONE
56356,10665,2024-08-07,Delivered,Website,NONE
56357,11961,2026-08-23,Delivered,Website,NONE
56358,10787,2024-05-02,Delivered,Website,NONE
56359,14841,2025-04-10,Shipped,Website,NONE
56360,14132,2025-04-02,Delivered,Mobile App,NONE
56361,12362,2025-12-17,Shipped,Marketplace,NONE
56362,10475,2024-05-03,Delivered,Website,NONE
56363,14931,2026-07-24,Delivered,Marketplace,NONE
56364,13625,2024-10-23,Delivered,Marketplace,SAVE10
56365,10917,2024-02-03,Delivered,Marketplace,NONE
56366,10270,2025-12-02,Shipped,Website,SAVE10
56367,13099,2025-06-10,Delivered,Website,SAVE10
56368,10204,2025-09-26,Delivered,Website,FEST15
56369,13072,2026-06-03,Delivered,Mobile App,SAVE10
56370,12212,2025-01-06,Delivered,Website,NONE
56371,14403,2026-05-30,Delivered,Website,WELCOME5
56372,11910,2026-06-22,Delivered,Marketplace,FEST15
56373,12240,2025-06-15,Cancelled,Website,WELCOME5
56374,12729,2026-02-02,Delivered,Website,NONE
56375,14916,2024-02-02,Delivered,Website,SAVE10
56376,13514,2025-08-11,Delivered,Mobile App,BIG20
56377,13347,2024-03-19,Delivered,Mobile App,BIG20
56378,11550,2025-02-27,Delivered,Website,NONE
56379,12417,2025-12-28,Cancelled,Website,WELCOME5
56380,10973,2024-02-28,Delivered,Website,NONE
56381,11959,2025-01-29,Delivered,Mobile App,NONE
56382,14111,2025-02-04,Delivered,Mobile App,BIG20
56383,10498,2024-08-19,Delivered,Website,NONE
56384,10827,2025-06-12,Shipped,Mobile App,NONE
56385,12930,2026-02-22,Delivered,Website,WELCOME5
56386,13993,2026-08-19,Delivered,Mobile App,FEST15
56387,14876,2026-05-29,Delivered,Website,NONE
56388,12936,2026-07-12,Processing,Mobile App,FEST15
56389,13285,2024-07-16,Delivered,Mobile App,NONE
56390,11447,2024-04-18,Shipped,Mobile App,SAVE10
56391,12050,2024-06-26,Delivered,Website,NONE
56392,11572,2026-08-07,Delivered,Website,SAVE10
56393,10546,2024-07-30,Delivered,Mobile App,NONE
56394,11854,2026-01-01,Delivered,Website,FEST15
56395,11088,2025-01-28,Delivered,Marketplace,SAVE10
56396,12956,2025-10-23,Delivered,Website,FEST15
56397,13769,2025-12-31,Delivered,Mobile App,SAVE10
56398,14899,2026-05-26,Delivered,Mobile App,FEST15
56399,14401,2024-03-25,Delivered,Website,BIG20
56400,11592,2024-11-11,Delivered,Website,NONE
56401,14693,2024-04-24,Delivered,Website,FEST15
56402,14710,2025-01-22,Delivered,Website,NONE
56403,12518,2024-12-19,Delivered,Website,BIG20
56404,11026,2026-04-24,Delivered,Website,WELCOME5
56405,13888,2025-11-13,Delivered,Mobile App,NONE
56406,10565,2024-04-10,Processing,Mobile App,FEST15
56407,11806,2025-03-08,Shipped,Mobile App,SAVE10
56408,12661,2025-11-18,Delivered,Website,NONE
56409,14319,2025-12-19,Delivered,Website,NONE
56410,14883,2026-02-24,Delivered,Marketplace,SAVE10
56411,14090,2024-08-05,Delivered,Marketplace,NONE
56412,12425,2026-05-08,Delivered,Marketplace,WELCOME5
56413,10425,2026-05-26,Delivered,Mobile App,NONE
56414,14000,2024-07-31,Processing,Mobile App,NONE
56415,14284,2025-10-02,Delivered,Mobile App,NONE
56416,12363,2025-10-20,Delivered,Mobile App,NONE
56417,12771,2026-05-03,Delivered,Website,NONE
56418,14251,2024-03-24,Delivered,Website,BIG20
56419,10661,2024-08-13,Delivered,Website,NONE
56420,14064,2026-04-15,Delivered,Mobile App,FEST15
56421,12564,2024-02-04,Delivered,Website,NONE
56422,13431,2025-04-12,Processing,Website,NONE
56423,10953,2024-10-11,Delivered,Website,SAVE10
56424,13078,2025-08-28,Shipped,Marketplace,NONE
56425,11342,2025-04-03,Delivered,Mobile App,BIG20
56426,12591,2026-04-05,Delivered,Website,NONE
56427,12625,2024-03-16,Shipped,Website,NONE
56428,14784,2025-05-05,Delivered,Mobile App,BIG20
56429,13351,2025-05-18,Shipped,Mobile App,NONE
56430,12787,2025-05-08,Delivered,Website,BIG20
56431,12010,2024-03-16,Delivered,Website,FEST15
56432,11686,2025-03-26,Delivered,Mobile App,NONE
56433,13262,2026-05-04,Delivered,Marketplace,NONE
56434,14412,2025-08-05,Delivered,Website,NONE
56435,12863,2024-04-15,Shipped,Website,BIG20
56436,13301,2025-11-26,Shipped,Mobile App,SAVE10
56437,11640,2026-06-19,Shipped,Mobile App,NONE
56438,12791,2026-02-20,Shipped,Website,SAVE10
56439,12860,2024-03-31,Shipped,Marketplace,WELCOME5
56440,13411,2024-01-29,Delivered,Mobile App,NONE
56441,11582,2024-06-19,Delivered,Mobile App,NONE
56442,11745,2024-12-03,Delivered,Mobile App,FEST15
56443,11797,2026-06-16,Cancelled,Website,WELCOME5
56444,12105,2025-02-23,Delivered,Mobile App,FEST15
56445,11461,2026-07-30,Delivered,Website,SAVE10
56446,10978,2024-04-05,Delivered,Website,NONE
56447,12502,2026-01-08,Shipped,Website,NONE
56448,14276,2025-12-30,Delivered,Marketplace,SAVE10
56449,10159,2026-07-19,Delivered,Mobile App,FEST15
56450,13328,2025-05-22,Delivered,Website,NONE
56451,14083,2025-08-10,Delivered,Mobile App,BIG20
56452,14122,2024-01-02,Delivered,Mobile App,NONE
56453,14264,2026-05-05,Delivered,Website,NONE
56454,11587,2025-09-04,Delivered,Website,SAVE10
56455,10505,2025-11-10,Delivered,Marketplace,BIG20
56456,14978,2024-11-24,Delivered,Mobile App,NONE
56457,13500,2024-03-16,Delivered,Mobile App,NONE
56458,11787,2025-12-06,Delivered,Mobile App,NONE
56459,14261,2025-12-11,Delivered,Marketplace,SAVE10
56460,11769,2024-06-23,Cancelled,Website,NONE
56461,13747,2026-03-10,Cancelled,Website,NONE
56462,14804,2024-01-02,Delivered,Mobile App,NONE
56463,13840,2025-09-25,Delivered,Mobile App,BIG20
56464,13276,2024-03-25,Delivered,Marketplace,NONE
56465,10956,2025-12-30,Delivered,Website,NONE
56466,14668,2025-03-03,Delivered,Mobile App,NONE
56467,12129,2024-11-13,Delivered,Website,NONE
56468,13116,2025-12-26,Cancelled,Website,BIG20
56469,13060,2026-02-18,Delivered,Website,SAVE10
56470,11233,2025-08-08,Delivered,Website,SAVE10
56471,13016,2025-12-12,Delivered,Mobile App,NONE
56472,11954,2024-01-15,Delivered,Website,NONE
56473,11748,2026-03-07,Delivered,Website,NONE
56474,14295,2025-07-27,Delivered,Mobile App,NONE
56475,13610,2024-06-01,Delivered,Website,NONE
56476,12448,2025-04-12,Delivered,Mobile App,NONE
56477,10096,2025-08-31,Cancelled,Website,SAVE10
56478,13545,2026-02-11,Delivered,Website,NONE
56479,13691,2025-05-17,Delivered,Website,BIG20
56480,10833,2024-09-05,Shipped,Mobile App,NONE
56481,13785,2024-09-03,Delivered,Mobile App,NONE
56482,11999,2025-11-28,Delivered,Mobile App,NONE
56483,13664,2026-04-16,Cancelled,Mobile App,SAVE10
56484,14198,2025-09-04,Shipped,Website,FEST15
56485,13502,2026-02-14,Delivered,Website,BIG20
56486,14706,2025-08-27,Delivered,Website,NONE
56487,10382,2025-04-21,Delivered,Website,NONE
56488,11622,2025-01-28,Processing,Website,BIG20
56489,10297,2025-04-19,Delivered,Mobile App,NONE
56490,10863,2024-01-13,Delivered,Mobile App,SAVE10
56491,11869,2025-07-15,Delivered,Website,BIG20
56492,10118,2024-07-01,Delivered,Website,NONE
56493,11981,2026-05-23,Delivered,Marketplace,NONE
56494,10637,2026-03-29,Delivered,Website,FEST15
56495,10567,2025-04-24,Delivered,Mobile App,SAVE10
56496,14179,2025-08-21,Delivered,Mobile App,NONE
56497,13721,2024-02-06,Delivered,Mobile App,BIG20
56498,12279,2025-07-14,Delivered,Website,SAVE10
56499,12837,2026-04-04,Delivered,Marketplace,NONE
56500,11459,2025-05-24,Shipped,Website,NONE
56501,12429,2026-04-14,Shipped,Mobile App,WELCOME5
56502,13879,2024-03-15,Delivered,Mobile App,BIG20
56503,12608,2026-08-03,Processing,Mobile App,NONE
56504,13968,2024-12-03,Delivered,Mobile App,NONE
56505,12424,2024-01-27,Delivered,Mobile App,NONE
56506,11811,2025-08-23,Delivered,Mobile App,NONE
56507,14475,2025-08-19,Delivered,Mobile App,NONE
56508,14507,2024-05-01,Delivered,Mobile App,WELCOME5
56509,11144,2024-12-02,Delivered,Mobile App,NONE
56510,12316,2026-06-12,Delivered,Marketplace,NONE
56511,13863,2024-07-02,Shipped,Marketplace,BIG20
56512,11307,2024-03-11,Delivered,Website,NONE
56513,13745,2026-03-08,Delivered,Marketplace,NONE
56514,14499,2025-10-21,Delivered,Mobile App,NONE
56515,11180,2025-04-28,Delivered,Mobile App,NONE
56516,10765,2024-10-19,Delivered,Mobile App,NONE
56517,14724,2026-04-25,Delivered,Website,NONE
56518,14980,2026-04-17,Delivered,Website,SAVE10
56519,14293,2024-01-01,Delivered,Website,NONE
56520,13067,2026-03-13,Delivered,Marketplace,FEST15
56521,10428,2025-04-03,Delivered,Mobile App,NONE
56522,14577,2024-11-19,Shipped,Website,BIG20
56523,10995,2024-12-03,Shipped,Mobile App,WELCOME5
56524,10895,2025-03-24,Delivered,Mobile App,NONE
56525,13586,2025-07-10,Delivered,Mobile App,WELCOME5
56526,11946,2026-07-19,Cancelled,Website,NONE
56527,14339,2024-01-25,Delivered,Mobile App,NONE
56528,14367,2025-08-12,Processing,Mobile App,NONE
56529,14027,2024-03-04,Shipped,Website,WELCOME5
56530,14186,2024-01-06,Delivered,Mobile App,NONE
56531,12730,2024-10-20,Delivered,Website,NONE
56532,14360,2026-01-23,Processing,Mobile App,FEST15
56533,14577,2024-12-01,Delivered,Mobile App,BIG20
56534,11403,2024-12-16,Delivered,Mobile App,WELCOME5
56535,12127,2026-05-25,Delivered,Website,BIG20
56536,13089,2024-09-24,Delivered,Marketplace,NONE
56537,14297,2026-01-14,Delivered,Marketplace,NONE
56538,11948,2026-03-18,Delivered,Mobile App,NONE
56539,11301,2025-09-20,Shipped,Mobile App,SAVE10
56540,11604,2026-07-27,Delivered,Website,BIG20
56541,13998,2026-08-12,Shipped,Mobile App,BIG20
56542,12601,2024-03-01,Cancelled,Mobile App,SAVE10
56543,11275,2024-06-14,Delivered,Website,FEST15
56544,13576,2025-01-13,Cancelled,Marketplace,WELCOME5
56545,13301,2025-10-08,Delivered,Website,NONE
56546,12593,2024-09-28,Delivered,Marketplace,SAVE10
56547,13099,2025-09-10,Delivered,Marketplace,WELCOME5
56548,11153,2026-05-20,Delivered,Mobile App,NONE
56549,10914,2024-01-07,Processing,Marketplace,NONE
56550,14038,2026-04-21,Delivered,Website,WELCOME5
56551,13401,2025-04-16,Delivered,Website,WELCOME5
56552,14889,2026-05-24,Shipped,Website,FEST15
56553,14695,2025-10-21,Cancelled,Website,NONE
56554,11815,2024-02-11,Processing,Website,NONE
56555,12313,2026-05-25,Delivered,Website,NONE
56556,14247,2024-02-18,Delivered,Website,NONE
56557,10017,2024-08-30,Delivered,Mobile App,NONE
56558,14320,2025-06-18,Delivered,Website,NONE
56559,10839,2026-05-26,Shipped,Mobile App,FEST15
56560,11303,2024-06-10,Delivered,Mobile App,SAVE10
56561,12410,2025-06-06,Processing,Mobile App,NONE
56562,13527,2024-04-19,Delivered,Marketplace,NONE
56563,11770,2024-11-25,Delivered,Mobile App,NONE
56564,14693,2024-09-09,Delivered,Mobile App,NONE
56565,13915,2025-02-19,Delivered,Website,WELCOME5
56566,13700,2025-11-19,Shipped,Website,NONE
56567,13863,2025-11-30,Delivered,Mobile App,NONE
56568,10151,2025-10-13,Shipped,Marketplace,WELCOME5
56569,14115,2024-01-27,Shipped,Mobile App,NONE
56570,13023,2026-01-31,Delivered,Marketplace,NONE
56571,10932,2025-09-19,Delivered,Marketplace,SAVE10
56572,13893,2024-03-01,Delivered,Marketplace,BIG20
56573,10529,2026-07-07,Delivered,Mobile App,BIG20
56574,13091,2026-01-13,Delivered,Marketplace,NONE
56575,12847,2025-11-02,Delivered,Mobile App,NONE
56576,10144,2025-04-20,Processing,Website,NONE
56577,11874,2026-02-09,Shipped,Website,NONE
56578,10601,2024-10-30,Delivered, marketplace,WELCOME5
56579,14733,2025-12-04,Delivered,Website,FEST15
56580,14009,2025-08-14,Delivered,Website,BIG20
56581,14980,2025-08-14,Delivered,Mobile App,NONE
56582,12441,2026-02-14,Delivered,Website,SAVE10
56583,11644,2024-06-17,Delivered,Mobile App,NONE
56584,14790,2024-04-10,Cancelled,Marketplace,NONE
56585,11534,2025-06-22,Delivered,Mobile App,FEST15
56586,12075,2026-02-22,Delivered,Website,NONE
56587,10669,2024-09-02,Shipped,Website,WELCOME5
56588,14109,2025-07-06,Delivered,Mobile App,SAVE10
56589,10599,2026-07-17,Delivered,Website,NONE
56590,10178,2025-08-24,Delivered,Website,NONE
56591,14167,2024-03-17,Delivered,Website,BIG20
56592,14206,2026-05-02,Delivered,Website,NONE
56593,14269,2026-08-04,Shipped,Marketplace,SAVE10
56594,14296,2025-11-19,Delivered,Website,NONE
56595,10709,2025-08-15,Delivered,Website,SAVE10
56596,11811,2025-07-20,Delivered,Mobile App,NONE
56597,13827,2025-08-27,Shipped,Website,NONE
56598,11548,2024-11-21,Delivered,Website,NONE
56599,13892,2025-09-17,Cancelled,Website,NONE
56600,14550,2025-05-10,Shipped,Marketplace,WELCOME5
56601,14807,2026-02-07,Delivered,Website,WELCOME5
56602,13889,2026-03-22,Delivered,Mobile App,BIG20
56603,13987,2025-11-19,Delivered,Mobile App,SAVE10
56604,12990,2026-08-23,Delivered,Website,NONE
56605,10391,2025-03-11,Delivered,Mobile App,WELCOME5
56606,12182,2026-01-03,Delivered,Website,BIG20
56607,14767,2024-11-28,Delivered,Website,NONE
56608,14561,2026-02-05,Cancelled,Mobile App,NONE
56609,11194,2024-09-16,Delivered,Website,NONE
56610,13737,2025-11-09,Delivered,Marketplace,NONE
56611,11536,2024-01-14,Delivered,Mobile App,SAVE10
56612,12085,2026-01-13,Delivered,Website,WELCOME5
56613,13245,2024-10-08,Cancelled,Website,WELCOME5
56614,12484,2024-08-23,Delivered,Mobile App,NONE
56615,13022,2024-11-19,Delivered,Marketplace,FEST15
56616,10493,2025-02-15,Delivered,Website,NONE
56617,11484,2024-05-04,Shipped,Website,NONE
56618,14054,2025-06-23,Delivered,Mobile App,NONE
56619,13097,2024-04-30,Delivered,Mobile App,WELCOME5
56620,14209,2025-06-16,Delivered,Mobile App,NONE
56621,14827,2024-12-23,Delivered,Mobile App,SAVE10
56622,11779,2025-08-02,Delivered,Website,SAVE10
56623,11322,2024-05-26,Delivered,Website,NONE
56624,11549,2026-08-02,Delivered,Mobile App,SAVE10
56625,12862,2024-01-15,Delivered,Website,NONE
56626,11262,2026-04-09,Delivered,Website,NONE
56627,11952,2024-12-07,Shipped,Website,NONE
56628,10868,2026-03-13,Delivered,Website,NONE
56629,11929,2025-08-01,Delivered,Website,NONE
56630,14739,2026-03-16,Delivered,Mobile App,NONE
56631,12120,2025-06-22,Delivered,Marketplace,WELCOME5
56632,13796,2026-02-08,Delivered,Mobile App,NONE
56633,12153,2025-09-27,Cancelled,Website,WELCOME5
56634,12168,2025-10-20,Delivered,Mobile App,NONE
56635,13293,2025-07-08,Delivered,Website,NONE
56636,10551,2024-09-05,Delivered,Website,NONE
56637,11777,2026-04-03,Delivered,Website,NONE
56638,10698,2026-04-10,Delivered,Mobile App,SAVE10
56639,10995,2025-12-02,Delivered,Website,NONE
56640,13549,2024-09-28,Delivered,Website,NONE
56641,10874,2025-01-30,Processing,Mobile App,NONE
56642,11016,2025-12-04,Delivered,Marketplace,NONE
56643,12864,2024-06-30,Shipped,Mobile App,FEST15
56644,11740,2024-04-17,Delivered,Mobile App,NONE
56645,10614,2025-01-25,Processing,Website,BIG20
56646,14786,2025-06-14,Delivered,Website,NONE
56647,14617,2026-05-16,Delivered,Website,WELCOME5
56648,12906,2024-11-05,Delivered,Website,FEST15
56649,12625,2024-07-28,Delivered,Website,FEST15
56650,14042,2025-11-14,Shipped,Marketplace,SAVE10
56651,14870,2026-04-28,Delivered,Website,NONE
56652,10520,2026-04-09,Delivered,Website,FEST15
56653,10489,2025-09-05,Delivered,Website,NONE
56654,11652,2024-01-16,Delivered,Website,NONE
56655,11523,2025-09-25,Delivered,Website,NONE
56656,14479,2024-04-20,Shipped,Mobile App,NONE
56657,12542,2026-02-02,Processing,Mobile App,NONE
56658,14053,2026-06-16,Delivered,Website,WELCOME5
56659,13337,2025-08-15,Delivered,Mobile App,SAVE10
56660,13618,2024-08-20,Delivered,Website,SAVE10
56661,14783,2024-10-16,Delivered,Website,FEST15
56662,12938,2025-12-09,Shipped,Marketplace,NONE
56663,13882,2026-01-07,Delivered,Marketplace,SAVE10
56664,11345,2026-02-27,Delivered,Website,SAVE10
56665,11299,2024-04-08,Delivered,Mobile App,SAVE10
56666,12928,2025-12-19,Delivered,Mobile App,SAVE10
56667,14509,2026-07-20,Delivered,Marketplace,NONE
56668,10254,2024-02-01,Delivered,Website,NONE
56669,12506,2025-02-22,Shipped,Website,SAVE10
56670,11012,2025-12-14,Delivered,Mobile App,NONE
56671,14423,2025-05-28,Delivered,Website,NONE
56672,12592,2026-07-21,Delivered,Mobile App,SAVE10
56673,10211,2025-10-17,Delivered,Website,NONE
56674,10010,2024-12-23,Delivered,Mobile App,NONE
56675,13199,2025-08-26,Delivered,Website,NONE
56676,11162,2025-11-19,Delivered,Mobile App,NONE
56677,10207,2026-01-28,Delivered,Website,FEST15
56678,10762,2024-09-25,Delivered,Website,FEST15
56679,10772,2026-06-07,Delivered,Website,NONE
56680,11728,2026-08-25,Shipped,Mobile App,NONE
56681,13591,2024-07-28,Delivered,Website,NONE
56682,14292,2024-07-21,Delivered,Website,NONE
56683,12661,2025-01-08,Delivered,Marketplace,NONE
56684,14738,2024-10-23,Delivered,Website,BIG20
56685,13957,2024-06-29,Delivered,Website,FEST15
56686,10826,2024-06-11,Processing,Mobile App,NONE
56687,13678,2025-11-19,Delivered,Website,NONE
56688,11156,2026-07-15,Delivered,Mobile App,NONE
56689,14817,2024-04-02,Cancelled,Website,SAVE10
56690,14235,2025-07-08,Delivered,Marketplace,NONE
56691,10322,2024-09-28,Delivered,Website,WELCOME5
56692,10864,2024-08-27,Delivered,Website,FEST15
56693,12208,2025-07-08,Delivered,Marketplace,NONE
56694,13707,2024-05-10,Shipped,Mobile App,NONE
56695,12762,2024-03-21,Delivered,Website,NONE
56696,10428,2026-04-28,Delivered,Website,NONE
56697,13143,2025-03-08,Delivered,Mobile App,BIG20
56698,13242,2024-03-01,Cancelled,Mobile App,SAVE10
56699,14649,2026-04-30,Delivered,Website,NONE
56700,11329,2025-09-15,Delivered,Mobile App,NONE
56701,10192,2025-12-17,Cancelled,Website,SAVE10
56702,13748,2025-08-14,Delivered,Marketplace,WELCOME5
56703,13514,2025-04-04,Delivered,Mobile App,NONE
56704,12597,2026-01-18,Delivered,Mobile App,SAVE10
56705,13461,2024-11-30,Shipped,Mobile App,BIG20
56706,10895,2025-10-23,Delivered,Website,SAVE10
56707,10629,2026-05-05,Cancelled,Website,SAVE10
56708,12012,2026-03-22,Delivered,Marketplace,WELCOME5
56709,14471,2025-06-21,Delivered,Marketplace,NONE
56710,12572,2024-02-06,Shipped,Website,NONE
56711,13197,2024-01-15,Delivered,Marketplace,NONE
56712,14980,2025-02-21,Delivered,Website,NONE
56713,11514,2025-10-04,Processing,Mobile App,WELCOME5
56714,12402,2024-03-19,Cancelled,Marketplace,FEST15
56715,13429,2025-02-02,Shipped,Website,FEST15
56716,10757,2025-01-28,Delivered,Website,NONE
56717,12010,2025-03-21,Delivered,Website,FEST15
56718,12777,2025-06-28,Delivered,Mobile App,SAVE10
56719,11519,2024-09-27,Delivered,Mobile App,NONE
56720,11102,2025-07-29,Delivered,Mobile App,NONE
56721,12190,2025-03-15,Delivered,Marketplace,FEST15
56722,14398,2026-06-16,Delivered,Website,WELCOME5
56723,12081,2024-11-10,Delivered,Marketplace,SAVE10
56724,14171,2026-06-13,Delivered,Website,NONE
56725,13383,2026-07-22,Shipped,Marketplace,WELCOME5
56726,10644,2024-10-27,Processing,Mobile App,WELCOME5
56727,14571,2025-01-30,Delivered,Mobile App,SAVE10
56728,12942,2025-11-09,Processing,Marketplace,FEST15
56729,12845,2025-03-20,Shipped,Website,NONE
56730,13483,2025-11-22,Shipped,Mobile App,FEST15
56731,10209,2024-09-08,Processing,Website,WELCOME5
56732,11259,2026-07-17,Delivered,Website,SAVE10
56733,13974,2025-11-08,Shipped,Mobile App,BIG20
56734,13132,2024-03-22,Delivered,Mobile App,NONE
56735,11948,2024-08-23,Cancelled,Mobile App,NONE
56736,12314,2025-08-21,Delivered,Mobile App,BIG20
56737,13099,2024-10-11,Delivered,Website,WELCOME5
56738,12411,2025-01-30,Delivered,Website,NONE
56739,12287,2025-09-19,Delivered,Marketplace,WELCOME5
56740,12757,2024-12-02,Delivered,Mobile App,NONE
56741,11408,2026-05-27,Delivered,Website,NONE
56742,12851,2025-08-21,Delivered,Website,NONE
56743,13461,2025-02-10,Delivered,Mobile App,WELCOME5
56744,13549,2024-09-28,Processing,Website,BIG20
56745,13102,2024-10-13,Shipped,Marketplace,NONE
56746,12263,2024-02-04,Delivered,Website,WELCOME5
56747,13276,2024-03-24,Shipped,Mobile App,NONE
56748,13614,2026-01-24,Delivered,Website,BIG20
56749,11552,2026-01-15,Processing,Website,WELCOME5
56750,12430,2024-03-25,Delivered,Website,FEST15
56751,13390,2025-06-19,Delivered,Mobile app ,NONE
56752,13315,2024-11-14,Delivered,Mobile App,NONE
56753,12481,2025-11-07,Shipped,Website,NONE
56754,11316,2025-07-31,Shipped,Mobile App,NONE
56755,14551,2026-02-14,Delivered,Website,NONE
56756,12709,2025-08-28,Delivered,Marketplace,SAVE10
56757,12705,2024-07-12,Processing,Mobile App,NONE
56758,12340,2025-10-08,Cancelled,Website,SAVE10
56759,13801,2026-03-20,Delivered,Mobile App,NONE
56760,11511,2026-08-22,Delivered,Website,NONE
56761,14687,2025-11-13,Delivered,Mobile App,SAVE10
56762,10312,2025-01-24,Delivered,Website,SAVE10
56763,10063,2025-05-08,Shipped,Mobile App,NONE
56764,12551,2024-05-13,Delivered,Mobile App,NONE
56765,14297,2025-09-09,Delivered,Marketplace,FEST15
56766,10049,2024-05-13,Delivered,Website,SAVE10
56767,13395,2024-09-09,Delivered,Mobile App,NONE
56768,11950,2025-05-09,Processing,Website,NONE
56769,10109,2025-04-09,Delivered,Website,NONE
56770,11854,2025-01-07,Delivered,Website,NONE
56771,13234,2025-09-19,Delivered,Website,FEST15
56772,13169,2026-06-04,Delivered,Mobile App,WELCOME5
56773,14245,2026-06-14,Delivered,Website,NONE
56774,14938,2025-05-10,Delivered,Mobile App,SAVE10
56775,10273,2025-06-19,Delivered,Mobile App,NONE
56776,14291,2025-03-14,Delivered,Website,FEST15
56777,10049,2026-05-20,Delivered,Website,WELCOME5
56778,14876,2026-04-16,Processing,Website,WELCOME5
56779,13870,2024-02-22,Delivered,Mobile App,NONE
56780,14755,2026-02-11,Delivered,Mobile App,NONE
56781,10339,2024-01-30,Delivered,Website,NONE
56782,10371,2025-11-23,Delivered,Mobile App,NONE
56783,14928,2024-11-24,Delivered,Website,NONE
56784,11410,2025-05-26,Shipped,Website,NONE
56785,11908,2026-01-29,Delivered,Website,FEST15
56786,11485,2024-08-15,Delivered,Mobile App,SAVE10
56787,10784,2024-05-08,Processing,Mobile App,NONE
56788,10356,2025-07-04,Delivered,Website,SAVE10
56789,10677,2026-03-23,Delivered,Website,NONE
56790,14234,2024-04-22,Delivered,Website,SAVE10
56791,10135,2025-01-10,Delivered,Mobile App,NONE
56792,14477,2025-06-04,Delivered,Website,NONE
56793,11101,2024-08-08,Processing,Mobile App,NONE
56794,13025,2026-04-05,Delivered,Mobile App,NONE
56795,11287,2025-08-03,Delivered,Mobile App,NONE
56796,14455,2025-05-14,Delivered,Website,NONE
56797,10203,2024-05-14,Delivered,Mobile App,BIG20
56798,13572,2024-03-07,Shipped,Website,NONE
56799,14673,2024-06-09,Delivered,Website,NONE
56800,12203,2024-01-31,Processing,Website,SAVE10
56801,12254,2025-06-02,Delivered,Website,NONE
56802,10750,2026-04-14,Delivered,Website,NONE
56803,14394,2026-01-05,Delivered,Mobile App,FEST15
56804,14793,2024-08-05,Delivered,Mobile App,BIG20
56805,12483,2024-07-09,Shipped,Marketplace,NONE
56806,13462,2025-05-24,Delivered,Mobile App,FEST15
56807,13791,2026-01-24,Shipped,Marketplace,FEST15
56808,11771,2026-01-23,Delivered,Website,NONE
56809,10020,2025-05-21,Delivered,Mobile App,NONE
56810,10644,2024-09-02,Delivered,Website,WELCOME5
56811,14485,2025-04-13,Delivered,Mobile App,SAVE10
56812,13995,2025-12-16,Processing,Website,NONE
56813,10475,2026-05-03,Delivered,Mobile App,WELCOME5
56814,14011,2024-03-14,Shipped,Mobile App,NONE
56815,14416,2026-01-20,Cancelled,Mobile App,FEST15
56816,12716,2025-12-27,Delivered,Website,NONE
56817,12257,2024-07-25,Delivered,Marketplace,NONE
56818,15000,2024-03-03,Processing,Website,NONE
56819,14360,2024-10-26,Delivered,Website,NONE
56820,11933,2024-09-25,Delivered,Website,NONE
56821,12385,2024-04-19,Delivered,Website,NONE
56822,14711,2024-09-06,Processing,Mobile App,SAVE10
56823,14608,2024-07-08,Cancelled,Website,BIG20
56824,13152,2026-05-14,Processing,Mobile App,FEST15
56825,13243,2024-03-24,Delivered,Marketplace,WELCOME5
56826,13683,2025-06-02,Delivered,Mobile App,NONE
56827,11445,2024-11-12,Delivered,Mobile App,NONE
56828,14586,2026-03-28,Cancelled,Website,NONE
56829,11471,2025-04-05,Processing,Website,NONE
56830,14156,2025-07-18,Delivered,Website,NONE
56831,14101,2025-01-19,Delivered,Website,NONE
56832,11444,2026-02-21,Processing,Website,WELCOME5
56833,14039,2025-10-09,Processing,Mobile App,NONE
56834,14337,2025-06-18,Cancelled,Mobile App,NONE
56835,12484,2025-01-19,Delivered,Marketplace,BIG20
56836,12699,2025-03-12,Delivered,Mobile App,SAVE10
56837,12547,2024-09-02,Delivered,Mobile App,NONE
56838,10225,2025-09-30,Delivered,Marketplace,NONE
56839,12703,2024-10-13,Processing,Website,NONE
56840,13370,2024-10-04,Delivered,Marketplace,FEST15
56841,12807,2025-03-28,Delivered,Website,BIG20
56842,12499,2026-06-10,Processing,Website,NONE
56843,12507,2025-03-02,Delivered,Mobile App,FEST15
56844,12684,2026-05-30,Delivered,Mobile App,NONE
56845,14646,2025-05-25,Shipped,Website,FEST15
56846,12058,2024-03-11,Delivered,Mobile App,WELCOME5
56847,11122,2025-07-20,Delivered,Marketplace,NONE
56848,10321,2026-06-08,Shipped,Website,SAVE10
56849,14354,2026-05-05,Delivered,Mobile App,BIG20
56850,10902,2024-06-25,Delivered,Website,SAVE10
56851,12086,2024-09-16,Processing,Marketplace,SAVE10
56852,13783,2025-10-22,Delivered,Website,NONE
56853,10893,2025-02-27,Delivered,Mobile App,NONE
56854,11172,2026-03-09,Delivered,Mobile App,NONE
56855,13177,2025-05-19,Delivered,Website,NONE
56856,13139,2024-08-22,Delivered,Marketplace,NONE
56857,11217,2024-11-17,Delivered,Website,WELCOME5
56858,12710,2024-04-19,Delivered,Website,NONE
56859,13521,2024-10-04,Delivered,Mobile App,WELCOME5
56860,11107,2026-01-03,Delivered,Website,BIG20
56861,12217,2024-08-03,Shipped,Marketplace,NONE
56862,11403,2025-03-05,Delivered,Mobile App,NONE
56863,14701,2024-06-23,Shipped,Marketplace,FEST15
56864,11918,2025-04-17,Delivered,Mobile App,BIG20
56865,14280,2026-07-25,Delivered,Marketplace,NONE
56866,14401,2026-01-09,Delivered,Mobile App,NONE
56867,10839,2026-01-11,Delivered,Website,FEST15
56868,14707,2024-09-03,Delivered,Website,NONE
56869,10246,2024-10-25,Shipped,Website,NONE
56870,11934,2024-04-04,Delivered,Marketplace,NONE
56871,10795,2026-06-12,Shipped,Marketplace,FEST15
56872,10231,2026-07-18,Delivered,Website,NONE
56873,12760,2024-11-24,Delivered,Website,SAVE10
56874,13005,2025-11-09,Delivered,Website,SAVE10
56875,12910,2024-07-23,Delivered,Mobile App,WELCOME5
56876,12088,2025-09-24,Delivered,Website,NONE
56877,13935,2024-04-02,Delivered,Marketplace,NONE
56878,12462,2024-11-18,Delivered,Website,WELCOME5
56879,12676,2025-01-16,Delivered,Mobile App,NONE
56880,12210,2026-08-23,Cancelled,Mobile App,BIG20
56881,11037,2025-03-29,Processing,Website,NONE
56882,13273,2024-08-03,Cancelled,Mobile App,NONE
56883,14146,2024-02-15,Delivered,Mobile App,FEST15
56884,11523,2024-06-21,Delivered,Marketplace,NONE
56885,12318,2024-08-23,Delivered,Marketplace,NONE
56886,14464,2024-11-04,Delivered,Mobile App,NONE
56887,11033,2024-05-12,Cancelled,Mobile App,WELCOME5
56888,12107,2025-12-17,Delivered,Marketplace,NONE
56889,11348,2025-01-10,Delivered,Mobile App,NONE
56890,11709,2024-08-17,Delivered,Mobile App,NONE
56891,12297,2025-05-24,Delivered,Website,WELCOME5
56892,14615,2024-10-30,Processing,Website,SAVE10
56893,10063,2025-10-25,Delivered,Marketplace,NONE
56894,11791,2025-05-28,Delivered,Website,WELCOME5
56895,14330,2026-06-23,Delivered,Marketplace,NONE
56896,10416,2025-09-22,Delivered,Mobile App,NONE
56897,12533,2024-12-21,Delivered,Mobile App,NONE
56898,10777,2024-05-24,Shipped,Website,SAVE10
56899,12797,2024-04-08,Delivered,Website,WELCOME5
56900,13572,2025-09-27,Delivered,Marketplace,SAVE10
56901,13177,2024-02-01,Delivered,Mobile App,SAVE10
56902,12812,2025-01-04,Delivered,Mobile App,FEST15
56903,13714,2024-01-20,Delivered,Marketplace,NONE
56904,12674,2024-12-01,Delivered,Website,WELCOME5
56905,13065,2026-05-07,Shipped,Website,SAVE10
56906,10410,2024-03-17,Delivered,Website,NONE
56907,10107,2026-08-03,Cancelled,Mobile App,SAVE10
56908,10821,2026-08-02,Delivered,Mobile App,NONE
56909,12700,2026-04-17,Delivered,Mobile App,SAVE10
56910,11982,2025-11-03,Shipped,Mobile App,NONE
56911,11831,2024-06-22,Delivered,Mobile App,NONE
56912,12241,2024-04-06,Processing,Website,FEST15
56913,14948,2026-06-10,Delivered,Website,NONE
56914,11883,2024-12-21,Delivered,Marketplace,NONE
56915,12221,2025-03-12,Cancelled,Website,SAVE10
56916,12514,2024-03-18,Delivered,Mobile App,SAVE10
56917,13872,2024-02-28,Delivered,Mobile App,NONE
56918,13668,2025-06-09,Processing,Mobile App,NONE
56919,14897,2025-01-28,Delivered,Marketplace,NONE
56920,13179,2025-11-10,Delivered,Marketplace,FEST15
56921,14770,2026-03-20,Delivered,Mobile App,FEST15
56922,13057,2024-02-24,Processing,Website,NONE
56923,12692,2026-07-30,Delivered,Website,BIG20
56924,12789,2026-06-13,Delivered,Mobile App,NONE
56925,12401,2025-07-10,Cancelled,Mobile App,SAVE10
56926,11005,2024-12-28,Delivered,Website,NONE
56927,11832,2024-06-10,Shipped,Mobile App,NONE
56928,13024,2024-08-15,Delivered,Mobile App,NONE
56929,13031,2025-11-11,Delivered,Mobile App,NONE
56930,10793,2024-05-05,Delivered,Marketplace,NONE
56931,14018,2026-07-25,Delivered,Marketplace,SAVE10
56932,13565,2024-05-21,Delivered,Website,NONE
56933,12626,2026-01-02,Delivered,Website,BIG20
56934,12262,2026-04-04,Delivered,Website,FEST15
56935,12789,2024-10-13,Shipped, marketplace,NONE
56936,12908,2025-04-10,Delivered,Website,NONE
56937,12140,2025-07-13,Delivered,Mobile App,WELCOME5
56938,14314,2026-02-13,Delivered,Website,NONE
56939,10792,2024-02-19,Delivered,Mobile App,BIG20
56940,11866,2024-08-08,Delivered,Website,NONE
56941,11989,2024-05-25,Delivered,Website,WELCOME5
56942,10499,2024-11-04,Delivered,Mobile App,SAVE10
56943,10446,2025-10-14,Shipped,Website,NONE
56944,14457,2025-02-04,Delivered,Website,NONE
56945,13873,2025-04-22,Delivered,Marketplace,NONE
56946,11825,2025-03-16,Delivered,Website,SAVE10
56947,11331,2024-01-06,Delivered,Marketplace,NONE
56948,12033,2024-04-04,Delivered,Mobile App,FEST15
56949,13525,2024-08-08,Delivered,Website,WELCOME5
56950,11481,2024-02-13,Delivered,Website,SAVE10
56951,10332,2026-03-08,Delivered,Website,NONE
56952,12101,2026-08-24,Delivered,Mobile App,WELCOME5
56953,12994,2025-04-15,Delivered,Website,NONE
56954,12605,2025-10-08,Delivered,Website,SAVE10
56955,10862,2024-02-24,Delivered,Mobile App,NONE
56956,14217,2024-02-23,Delivered,Mobile App,NONE
56957,13158,2025-08-09,Cancelled,Mobile App,WELCOME5
56958,13601,2026-01-19,Delivered,Website,NONE
56959,14788,2026-06-20,Delivered,Mobile App,SAVE10
56960,12567,2024-12-16,Shipped,Mobile App,NONE
56961,12895,2025-02-09,Delivered,Marketplace,SAVE10
56962,13820,2026-02-11,Delivered,Mobile App,FEST15
56963,13870,2024-05-16,Delivered,Mobile App,NONE
56964,14239,2026-07-10,Delivered,Mobile App,NONE
56965,13523,2024-10-15,Delivered,Website,NONE
56966,10291,2024-01-26,Cancelled,Mobile App,NONE
56967,11752,2026-02-05,Delivered,Marketplace,NONE
56968,12962,2026-07-24,Shipped,Marketplace,NONE
56969,12225,2025-04-12,Delivered,Website,SAVE10
56970,10217,2024-06-09,Delivered,Website,FEST15
56971,11338,2024-05-26,Delivered,Website,FEST15
56972,11541,2024-10-15,Delivered,Mobile App,SAVE10
56973,10181,2025-06-01,Delivered,Mobile App,NONE
56974,13813,2025-08-31,Delivered,Marketplace,NONE
56975,11890,2025-11-08,Shipped,website,FEST15
56976,13957,2025-11-25,Processing,Mobile App,NONE
56977,14352,2024-08-21,Delivered,Website,NONE
56978,14420,2024-06-14,Delivered,Mobile App,NONE
56979,14542,2026-07-11,Shipped,Mobile App,SAVE10
56980,12492,2024-05-12,Delivered,Mobile App,FEST15
56981,11213,2025-05-09,Shipped,Website,NONE
56982,10421,2024-10-04,Delivered,Marketplace,NONE
56983,13120,2025-12-10,Delivered,Marketplace,
56984,10634,2024-11-11,Delivered,Mobile App,SAVE10
56985,11207,2024-04-07,Delivered,Website,SAVE10
56986,11222,2024-11-04,Delivered,Website,NONE
56987,11368,2024-04-07,Delivered,Website,SAVE10
56988,11861,2024-06-15,Processing,Marketplace,FEST15
56989,11657,2025-04-03,Delivered,Website,NONE
56990,12633,2026-07-30,Delivered,Marketplace,NONE
56991,14787,2024-07-16,Delivered,Mobile App,NONE
56992,13230,2026-02-13,Delivered,Website,SAVE10
56993,13381,2025-05-19,Processing,Website,WELCOME5
56994,10813,2026-08-08,Delivered,Website,NONE
56995,10571,2025-05-19,Delivered,Website,WELCOME5
56996,10945,2024-04-10,Delivered,Mobile App,NONE
56997,14243,2025-02-01,Delivered,Website,WELCOME5
56998,10865,2024-03-14,Delivered,Mobile App,WELCOME5
56999,14920,2024-08-03,Delivered,Marketplace,SAVE10
57000,13775,2025-06-03,Processing,Website,NONE
57001,14146,2026-05-23,Shipped,Website,NONE
57002,11511,2025-08-19,Processing,Marketplace,NONE
57003,10782,2024-12-19,Delivered,Mobile App,NONE
57004,10834,2025-09-08,Delivered,Website,FEST15
57005,14289,2024-08-24,Processing,Website,FEST15
57006,12157,2024-03-31,Delivered,Website,NONE
57007,12046,2025-12-12,Processing,Website,NONE
57008,11238,2026-03-29,Delivered,Mobile App,NONE
57009,11782,2025-08-16,Delivered,Website,WELCOME5
57010,11847,2025-04-20,Delivered,Website,FEST15
57011,13748,2025-03-20,Delivered,Website,WELCOME5
57012,14121,2024-12-23,Delivered,Mobile App,NONE
57013,12336,2026-07-29,Processing,Website,NONE
57014,11670,2025-05-04,Delivered,Website,FEST15
57015,12259,2026-04-25,Delivered,Website,BIG20
57016,10875,2024-02-09,Cancelled,Marketplace,NONE
57017,10343,2024-12-07,Processing,Marketplace,NONE
57018,11163,2024-07-27,Delivered,Mobile App,SAVE10
57019,10123,2024-04-22,Delivered,Mobile App,FEST15
57020,10172,2026-08-26,Delivered,Marketplace,WELCOME5
57021,11193,2024-02-20,Shipped,Mobile App,FEST15
57022,14506,2025-06-19,Delivered,Marketplace,BIG20
57023,10926,2024-07-29,Delivered,Marketplace,NONE
57024,13485,2024-03-17,Delivered,Website,FEST15
57025,10736,2026-08-11,Delivered,Website,FEST15
57026,12317,2024-10-11,Delivered,Mobile App,NONE
57027,13035,2024-12-06,Processing,Mobile App,WELCOME5
57028,12805,2024-06-28,Shipped,Mobile App,NONE
57029,13999,2025-10-27,Cancelled,Mobile App,SAVE10
57030,11271,2026-06-15,Delivered,Website,NONE
57031,13714,2024-11-25,Delivered,Website,NONE
57032,12019,2026-02-21,Delivered,Website,NONE
57033,12227,2025-01-31,Cancelled,Mobile App,NONE
57034,11600,2025-06-14,Delivered,Website,NONE
57035,14985,2026-02-15,Delivered,Website,FEST15
57036,14123,2026-07-12,Delivered,Marketplace,NONE
57037,12315,2025-08-13,Delivered,Mobile App,FEST15
57038,13718,2024-12-27,Delivered,Website,BIG20
57039,14579,2025-03-30,Delivered,Website,NONE
57040,11420,2026-04-19,Delivered,Website,NONE
57041,11631,2024-12-08,Delivered,Website,NONE
57042,13812,2025-03-29,Delivered,Website,SAVE10
57043,11420,2026-01-22,Delivered,Website,FEST15
57044,10470,2026-04-03,Delivered,Mobile App,NONE
57045,12977,2025-03-09,Delivered,Website,FEST15
57046,11013,2026-05-23,Delivered,Marketplace,NONE
57047,12934,2026-04-16,Delivered,Marketplace,SAVE10
57048,10532,2025-03-25,Delivered,Website,WELCOME5
57049,12393,2024-09-26,Delivered,Website,WELCOME5
57050,11192,2024-06-21,Delivered,Mobile App,NONE
57051,12644,2024-04-27,Delivered,Marketplace,NONE
57052,11131,2024-07-05,Delivered,Mobile App,NONE
57053,11257,2024-03-07,Delivered,Website,NONE
57054,14503,2024-10-07,Delivered,Mobile App,SAVE10
57055,14910,2026-08-19,Delivered,Mobile App,SAVE10
57056,11637,2024-08-04,Shipped,Website,NONE
57057,13229,2025-01-08,Delivered,Website,NONE
57058,11777,2025-01-11,Delivered,Mobile App,BIG20
57059,10851,2025-05-19,Delivered,Mobile App,NONE
57060,10499,2025-05-06,Delivered,Website,SAVE10
57061,14453,2025-07-17,Shipped,Marketplace,NONE
57062,10330,2024-03-25,Delivered,Website,NONE
57063,12461,2024-11-07,Delivered,Website,NONE
57064,11097,2026-06-01,Delivered,Mobile App,NONE
57065,13802,2026-08-04,Delivered,Website,NONE
57066,10673,2024-01-03,Delivered,Mobile App,FEST15
57067,12885,2025-09-03,Delivered,Website,WELCOME5
57068,11724,2024-05-14,Delivered,Website,NONE
57069,12605,2025-06-03,Processing,Website,SAVE10
57070,10931,2024-01-09,Shipped,Website,NONE
57071,10585,2026-01-03,Delivered,Website,NONE
57072,10891,2026-08-14,Processing,Website,NONE
57073,12883,2024-04-29,Delivered,Mobile App,NONE
57074,13238,2025-02-02,Delivered,Marketplace,NONE
57075,14523,2024-07-07,Delivered,Website,NONE
57076,14711,2024-07-09,Delivered,Website,NONE
57077,13763,2026-02-08,Delivered,Website,NONE
57078,10063,2024-04-25,Processing,Website,SAVE10
57079,13518,2024-04-30,Shipped,Website,WELCOME5
57080,13528,2024-12-25,Delivered,Mobile App,NONE
57081,13531,2024-10-26,Delivered,Website,NONE
57082,13296,2026-08-04,Delivered,Website,NONE
57083,13438,2025-01-17,Delivered,Website,BIG20
57084,12926,2025-06-16,Delivered,Mobile App,FEST15
57085,13098,2024-04-10,Delivered,Mobile App,NONE
57086,13462,2024-12-09,Delivered,Marketplace,NONE
57087,10218,2024-07-18,Delivered,Website,NONE
57088,12544,2024-12-19,Processing,Marketplace,NONE
57089,10639,2024-10-21,Delivered,Marketplace,NONE
57090,14635,2024-04-23,Delivered,Mobile App,NONE
57091,14949,2025-06-21,Delivered,Website,SAVE10
57092,10792,2025-05-16,Processing,Website,FEST15
57093,14458,2025-05-18,Delivered,Marketplace,NONE
57094,12368,2025-02-15,Delivered,Mobile App,NONE
57095,13362,2025-05-24,Cancelled,Mobile App,FEST15
57096,13266,2025-12-07,Delivered,Website,BIG20
57097,10589,2024-09-10,Delivered,Website,WELCOME5
57098,14544,2024-07-05,Delivered,Website,NONE
57099,13204,2025-10-19,Delivered,Mobile App,NONE
57100,12438,2024-05-13,Delivered,Website,WELCOME5
57101,13075,2024-12-06,Processing,Website,SAVE10
57102,14885,2025-07-18,Delivered,Marketplace,NONE
57103,13237,2025-07-20,Delivered,Marketplace,FEST15
57104,13283,2025-12-20,Delivered,Mobile App,NONE
57105,14384,2025-04-02,Shipped,Website,FEST15
57106,13497,2025-04-27,Delivered,Mobile App,WELCOME5
57107,10715,2024-02-13,Delivered,Website,NONE
57108,14092,2026-02-05,Delivered,Marketplace,NONE
57109,14499,2024-08-17,Processing,Mobile App,NONE
57110,13670,2026-03-26,Delivered,Marketplace,NONE
57111,10762,2025-09-17,Delivered,Website,NONE
57112,12614,2026-06-08,Delivered,Mobile App,SAVE10
57113,10271,2026-04-28,Cancelled,Website,NONE
57114,13864,2025-01-01,Delivered,Website,WELCOME5
57115,14787,2025-01-17,Processing,Mobile App,WELCOME5
57116,10179,2026-05-27,Delivered,Website,NONE
57117,10546,2026-05-06,Delivered,Website,NONE
57118,14664,2025-11-18,Delivered,Website,SAVE10
57119,13999,2026-06-14,Delivered,Mobile App,BIG20
57120,14116,2025-08-29,Delivered,Mobile App,NONE
57121,11043,2024-01-24,Delivered,Marketplace,FEST15
57122,13189,2025-06-21,Delivered,Mobile App,BIG20
57123,14144,2024-12-24,Delivered,Mobile App,FEST15
57124,10344,2024-01-20,Delivered,Mobile App,SAVE10
57125,11419,2025-06-23,Delivered,Website,WELCOME5
57126,11475,2025-06-27,Delivered,Website,NONE
57127,12708,2025-12-10,Shipped,Mobile App,WELCOME5
57128,11269,2026-01-25,Delivered,Website,SAVE10
57129,11710,2024-11-08,Delivered,Website,NONE
57130,11286,2026-08-16,Delivered,Marketplace,WELCOME5
57131,10319,2025-03-04,Delivered,Marketplace,FEST15
57132,13361,2025-02-24,Delivered,Mobile App,FEST15
57133,13194,2024-06-24,Delivered,Mobile App,NONE
57134,14381,2026-08-18,Delivered,Website,SAVE10
57135,12881,2025-01-17,Processing,Mobile App,NONE
57136,13409,2024-06-14,Delivered,Mobile App,SAVE10
57137,11797,2026-04-01,Delivered,Mobile App,FEST15
57138,11944,2026-07-18,Delivered,Website,SAVE10
57139,12062,2024-07-26,Delivered,Website,WELCOME5
57140,14847,2025-07-25,Delivered,Mobile App,NONE
57141,12363,2026-05-27,Delivered,Mobile App,SAVE10
57142,14313,2025-10-04,Shipped,Mobile App,NONE
57143,11604,2025-02-27,Delivered,Website,FEST15
57144,13428,2025-07-10,Delivered,Mobile App,NONE
57145,11371,2024-04-08,Delivered,Mobile App,NONE
57146,11988,2026-08-11,Delivered,Mobile App,NONE
57147,14295,2025-05-12,Delivered,Website,NONE
57148,13420,2024-02-12,Delivered,Marketplace,NONE
57149,12432,2024-11-23,Delivered,Mobile App,SAVE10
57150,12040,2025-02-02,Delivered,Mobile App,NONE
57151,13999,2026-08-22,Delivered,Website,NONE
57152,10776,2026-04-28,Shipped,Website,NONE
57153,14244,2024-10-21,Shipped,Marketplace,SAVE10
57154,13095,2024-06-11,Delivered,Marketplace,NONE
57155,11645,2024-02-11,Delivered,Website,NONE
57156,13491,2025-07-06,Delivered,Marketplace,NONE
57157,14956,2025-03-08,Delivered,Mobile App,NONE
57158,11747,2025-05-22,Delivered,Website,WELCOME5
57159,11966,2024-09-21,Delivered,Website,NONE
57160,14647,2026-02-22,Delivered,Mobile App,NONE
57161,11722,2025-05-16,Delivered,Website,NONE
57162,14272,2026-06-09,Delivered,Mobile App,WELCOME5
57163,14499,2024-08-20,Delivered,Mobile App,WELCOME5
57164,12915,2024-09-08,Delivered,Mobile App,SAVE10
57165,10411,2025-07-22,Delivered,Mobile App,SAVE10
57166,10302,2025-11-03,Delivered,Mobile App,WELCOME5
57167,11405,2024-10-13,Delivered,Mobile App,NONE
57168,10087,2025-06-15,Delivered,Website,NONE
57169,13814,2025-05-10,Delivered,Mobile App,NONE
57170,13200,2025-04-10,Delivered,Marketplace,NONE
57171,12274,2025-09-09,Processing,Website,NONE
57172,14070,2024-07-13,Delivered,Website,
57173,10668,2024-04-20,Processing,Mobile App,NONE
57174,12502,2024-09-21,Processing,Marketplace,NONE
57175,11693,2024-05-02,Delivered,Website,WELCOME5
57176,10118,2025-06-17,Shipped,Website,FEST15
57177,12393,2025-05-11,Delivered,Marketplace,FEST15
57178,10725,2024-01-03,Delivered,Website,SAVE10
57179,10230,2026-03-11,Delivered,Website,NONE
57180,11057,2025-11-25,Delivered,Website,FEST15
57181,10974,2025-03-28,Cancelled,Mobile App,SAVE10
57182,13139,2024-06-05,Delivered,Website,NONE
57183,13966,2024-06-05,Delivered,Website,NONE
57184,12431,2026-06-22,Delivered,Mobile App,NONE
57185,13206,2024-08-16,Delivered,Website,FEST15
57186,10512,2026-04-14,Delivered,Website,SAVE10
57187,13934,2025-10-05,Delivered,Website,SAVE10
57188,12509,2025-08-27,Shipped,Website,BIG20
57189,12143,2026-03-21,Delivered,Marketplace,NONE
57190,14348,2026-05-14,Delivered,Website,NONE
57191,11569,2024-09-19,Delivered,Website,NONE
57192,12196,2026-08-15,Delivered,Mobile App,NONE
57193,14631,2024-05-04,Shipped,Website,
57194,10749,2026-01-21,Delivered,Mobile App,NONE
57195,12610,2025-01-09,Delivered,Website,NONE
57196,12891,2025-08-30,Delivered,Mobile App,NONE
57197,13501,2026-03-20,Processing,Website,NONE
57198,14647,2025-03-11,Delivered,Mobile App,SAVE10
57199,11720,2024-03-20,Shipped,Marketplace,NONE
57200,10580,2026-02-28,Delivered,Marketplace,NONE
57201,11996,2024-05-07,Delivered,Marketplace,NONE
57202,10783,2025-11-14,Delivered,Mobile App,NONE
57203,13640,2025-03-02,Delivered,Website,SAVE10
57204,12835,2025-04-03,Delivered,Website,NONE
57205,13788,2024-09-11,Delivered,Website,NONE
57206,11700,2025-04-30,Delivered,Mobile App,NONE
57207,14773,2024-06-30,Delivered,Mobile App,NONE
57208,14478,2024-08-10,Delivered,Website,FEST15
57209,14579,2025-04-04,Delivered,Website,NONE
57210,13564,2026-02-03,Shipped,Website,SAVE10
57211,10936,2025-05-13,Delivered,Marketplace,WELCOME5
57212,10736,2026-05-01,Cancelled,Website,WELCOME5
57213,14786,2024-09-23,Cancelled,Mobile App,FEST15
57214,14354,2024-01-16,Delivered,Mobile App,NONE
57215,14404,2024-10-25,Shipped,Mobile App,SAVE10
57216,13212,2024-04-18,Delivered,Mobile App,NONE
57217,14284,2025-05-22,Delivered,Website,SAVE10
57218,12469,2026-08-19,Delivered,Website,NONE
57219,10811,2025-04-19,Delivered,Marketplace,BIG20
57220,11283,2024-06-21,Delivered,Mobile App,NONE
57221,14258,2025-07-20,Processing,Mobile App,FEST15
57222,13249,2025-12-15,Cancelled,Mobile App,NONE
57223,14988,2026-04-24,Delivered,Website,NONE
57224,14493,2025-04-11,Delivered,Mobile App,FEST15
57225,13797,2025-02-15,Processing,Marketplace,SAVE10
57226,10193,2025-05-20,Delivered,Website,NONE
57227,10926,2024-07-26,Delivered,Website,NONE
57228,11876,2024-04-15,Cancelled,Website,WELCOME5
57229,10179,2026-01-18,Delivered,Marketplace,NONE
57230,14679,2024-05-13,Delivered,Mobile App,SAVE10
57231,11141,2025-10-30,Delivered,Mobile App,NONE
57232,11915,2025-07-14,Shipped,Website,NONE
57233,13373,2025-04-02,Delivered,Website,FEST15
57234,10180,2025-01-01,Shipped,Website,NONE
57235,13182,2026-08-12,Shipped,Mobile App,FEST15
57236,10508,2026-02-12,Delivered,Website,NONE
57237,14513,2024-06-07,Delivered,Marketplace,NONE
57238,13454,2026-07-31,Delivered,Mobile App,NONE
57239,11679,2024-05-05,Delivered,Website,NONE
57240,13501,2026-02-26,Delivered,Website,BIG20
57241,11571,2025-02-17,Cancelled,Website,NONE
57242,10576,2025-01-28,Delivered,Website,SAVE10
57243,10049,2025-05-04,Delivered,Marketplace,FEST15
57244,11097,2025-04-12,Shipped,Marketplace,NONE
57245,13539,2024-05-02,Cancelled,Website,SAVE10
57246,12820,2024-05-31,Processing,Website,FEST15
57247,11366,2025-12-14,Delivered,Website,NONE
57248,13433,2025-11-05,Delivered,Mobile App,FEST15
57249,11942,2025-01-16,Delivered,Website,BIG20
57250,10784,2025-03-09,Delivered,Website,NONE
57251,13396,2025-01-06,Delivered,Website,NONE
57252,12282,2026-04-11,Shipped,Website,WELCOME5
57253,13323,2024-03-08,Processing,Website,NONE
57254,12811,2025-09-24,Delivered,Website,NONE
57255,10507,2024-10-25,Shipped,Mobile App,NONE
57256,10249,2024-06-14,Delivered,Website,SAVE10
57257,10504,2024-06-01,Delivered,Website,BIG20
57258,11119,2025-02-02,Delivered,Mobile App,NONE
57259,11121,2024-05-20,Delivered,Mobile App,FEST15
57260,14595,2025-10-18,Shipped,Marketplace,NONE
57261,13916,2024-11-14,Delivered,Website,SAVE10
57262,14400,2026-04-12,Shipped,Website,NONE
57263,12372,2024-05-21,Delivered,Mobile App,WELCOME5
57264,11613,2024-12-06,Delivered,Website,NONE
57265,12015,2025-01-06,Delivered,Website,FEST15
57266,14340,2025-10-11,Delivered,Website,NONE
57267,11778,2024-10-14,Delivered,Mobile App,SAVE10
57268,13163,2024-06-17,Delivered,Website,SAVE10
57269,10724,2025-01-28,Delivered,Website,NONE
57270,14909,2026-05-27,Delivered,Website,NONE
57271,13209,2026-02-28,Delivered,Mobile App,NONE
57272,14832,2025-07-11,Delivered,Website,NONE
57273,11474,2026-08-23,Processing,Mobile App,NONE
57274,13085,2026-01-15,Delivered,Marketplace,BIG20
57275,11371,2026-01-12,Delivered,Website,NONE
57276,12340,2025-01-19,Shipped,Mobile App,NONE
57277,11615,2025-04-25,Cancelled,Mobile App,NONE
57278,10712,2026-07-01,Delivered,Website,NONE
57279,12211,2026-06-17,Delivered,Mobile App,WELCOME5
57280,12652,2025-11-29,Delivered,Mobile App,SAVE10
57281,10786,2024-04-04,Delivered,Mobile App,NONE
57282,11992,2024-05-29,Delivered,Website,SAVE10
57283,10469,2025-03-19,Delivered,Mobile App,NONE
57284,13229,2025-06-17,Shipped,Website,NONE
57285,11565,2025-08-27,Delivered,Website,NONE
57286,10448,2024-09-20,Delivered,Website,NONE
57287,12567,2026-01-26,Delivered,Website,FEST15
57288,14175,2026-03-19,Delivered,Website,NONE
57289,14957,2024-07-21,Delivered,Marketplace,NONE
57290,14836,2026-01-29,Cancelled,Marketplace,NONE
57291,10869,2024-05-26,Delivered,Website,SAVE10
57292,11047,2025-04-24,Delivered,Website,NONE
57293,14465,2026-05-01,Delivered,Website,NONE
57294,13164,2024-10-19,Delivered,Website,NONE
57295,12716,2025-10-26,Processing,Website,NONE
57296,14010,2026-04-07,Delivered,Mobile App,SAVE10
57297,10324,2025-04-21,Delivered,Website,NONE
57298,12773,2026-04-04,Processing,Mobile App,FEST15
57299,12863,2025-09-10,Delivered,Marketplace,NONE
57300,14678,2025-05-05,Cancelled,Website,NONE
57301,12337,2024-04-24,Delivered,Mobile App,NONE
57302,12560,2025-11-26,Shipped,Website,NONE
57303,14004,2024-10-28,Delivered,Mobile App,
57304,11353,2024-10-03,Delivered,Website,NONE
57305,10350,2026-06-10,Delivered,Website,NONE
57306,12359,2024-12-04,Delivered,Website,NONE
57307,13053,2024-12-14,Delivered,Marketplace,SAVE10
57308,12440,2026-07-04,Delivered,Website,NONE
57309,13532,2024-10-07,Delivered,Website,NONE
57310,11269,2025-12-15,Delivered,Website,BIG20
57311,10072,2025-05-19,Delivered,Website,SAVE10
57312,13935,2024-03-10,Shipped,Mobile App,NONE
57313,14254,2025-07-18,Delivered,Marketplace,NONE
57314,13089,2025-03-20,Delivered,Mobile App,NONE
57315,11570,2025-12-04,Delivered,Mobile App,NONE
57316,11852,2025-01-18,Delivered,Mobile App,NONE
57317,12399,2024-08-21,Delivered,Website,SAVE10
57318,12109,2024-08-12,Delivered,Marketplace,NONE
57319,11119,2025-05-27,Delivered,Marketplace,FEST15
57320,11859,2026-08-23,Delivered,Website,NONE
57321,11491,2025-03-13,Shipped,Website,FEST15
57322,12240,2024-05-11,Delivered,Mobile App,FEST15
57323,11878,2026-03-08,Delivered,Marketplace,WELCOME5
57324,12641,2024-10-31,Delivered,Mobile App,FEST15
57325,14034,2025-02-15,Delivered,Website,BIG20
57326,11655,2026-04-03,Delivered,Website,NONE
57327,10290,2024-04-17,Delivered,Website,NONE
57328,14091,2024-05-08,Delivered,Marketplace,BIG20
57329,10932,2024-07-14,Delivered,Mobile App,WELCOME5
57330,14642,2024-12-30,Cancelled,Mobile App,FEST15
57331,12644,2026-04-11,Delivered,Website,SAVE10
57332,12615,2025-09-07,Processing,Website,BIG20
57333,12045,2026-01-22,Processing,Mobile App,NONE
57334,13557,2024-11-22,Delivered,Website,NONE
57335,13265,2025-02-04,Delivered,Website,BIG20
57336,14653,2025-01-31,Cancelled,Mobile App,NONE
57337,10083,2024-04-20,Delivered,Mobile App,WELCOME5
57338,10960,2025-06-17,Delivered,Mobile App,NONE
57339,11389,2024-11-18,Delivered,Website,FEST15
57340,10949,2026-07-13,Delivered,Website,NONE
57341,14742,2025-11-01,Shipped,Marketplace,SAVE10
57342,10364,2026-04-24,Delivered,Website,WELCOME5
57343,10607,2024-07-08,Delivered,Mobile App,FEST15
57344,12211,2024-04-18,Delivered,Mobile App,FEST15
57345,11322,2025-02-27,Delivered,Website,NONE
57346,11656,2025-07-06,Delivered,Mobile App,
57347,13020,2025-06-27,Delivered,Website,WELCOME5
57348,12803,2025-09-25,Delivered,website,BIG20
57349,14322,2026-03-18,Processing,Mobile App,NONE
57350,12256,2024-11-11,Delivered,Website,WELCOME5
57351,14687,2024-10-09,Delivered,Marketplace,SAVE10
57352,10951,2024-09-13,Cancelled,Website,NONE
57353,10973,2024-12-18,Delivered,Mobile App,NONE
57354,11956,2025-08-02,Delivered,Website,FEST15
57355,10585,2026-02-17,Delivered,Mobile App,BIG20
57356,10145,2025-02-06,Delivered,Website,NONE
57357,11857,2025-02-09,Shipped,Website,NONE
57358,12687,2026-05-27,Processing,Marketplace,NONE
57359,11389,2024-11-28,Delivered,Mobile App,WELCOME5
57360,11356,2024-06-07,Shipped,Mobile App,WELCOME5
57361,10487,2024-11-30,Delivered,Marketplace,NONE
57362,10562,2024-02-09,Delivered,Website,FEST15
57363,14417,2024-12-20,Shipped,Website,NONE
57364,10330,2026-05-22,Delivered,Mobile App,SAVE10
57365,13514,2026-02-24,Delivered,Website,SAVE10
57366,13573,2026-05-19,Shipped,Mobile App,NONE
57367,11017,2024-10-18,Delivered,Mobile App,NONE
57368,11237,2025-02-08,Delivered,Website,NONE
57369,11839,2026-04-03,Delivered,Mobile App,BIG20
57370,13294,2026-01-01,Delivered,Website,NONE
57371,10184,2024-06-28,Cancelled,Website,NONE
57372,14078,2026-03-31,Delivered,Mobile App,NONE
57373,11705,2024-04-09,Delivered,Website,BIG20
57374,12500,2024-09-04,Shipped,Website,NONE
57375,14550,2025-05-31,Delivered,Mobile App,WELCOME5
57376,10666,2025-09-26,Delivered,Website,SAVE10
57377,14739,2026-02-13,Processing,Website,NONE
57378,13073,2025-12-16,Shipped,Mobile App,NONE
57379,12135,2024-10-02,Delivered,Mobile App,NONE
57380,10359,2024-12-12,Processing,Website,WELCOME5
57381,10338,2025-12-01,Delivered,Marketplace,NONE
57382,14086,2026-07-06,Delivered,Website,NONE
57383,12010,2026-04-21,Delivered,Website,SAVE10
57384,13808,2026-07-27,Delivered,website,NONE
57385,14167,2025-10-17,Shipped,Marketplace,NONE
57386,12011,2025-04-17,Delivered,Website,NONE
57387,11583,2026-01-13,Delivered,Mobile App,SAVE10
57388,11346,2024-03-14,Delivered,Website,SAVE10
57389,13184,2026-06-27,Delivered,Marketplace,BIG20
57390,13548,2026-06-10,Shipped,Marketplace,NONE
57391,11748,2025-05-04,Delivered,Website,BIG20
57392,12837,2025-05-22,Delivered,Website,NONE
57393,12700,2025-05-28,Delivered,Website,NONE
57394,10726,2024-05-14,Delivered,Marketplace,FEST15
57395,12629,2024-07-18,Delivered,Mobile App,NONE
57396,13796,2025-12-11,Shipped,Marketplace,NONE
57397,14811,2024-02-01,Cancelled,Website,NONE
57398,11670,2025-10-28,Delivered,Mobile App,BIG20
57399,11194,2024-10-22,Delivered,Marketplace,SAVE10
57400,14470,2024-05-15,Delivered,Website,BIG20
57401,14598,2025-08-01,Delivered,Website,FEST15
57402,14148,2024-09-23,Delivered,Website,SAVE10
57403,11678,2025-03-09,Delivered,Mobile App,NONE
57404,11380,2026-04-18,Delivered,Mobile App,NONE
57405,13125,2025-11-07,Shipped,Marketplace,NONE
57406,11277,2026-07-29,Delivered,Mobile App,NONE
57407,13848,2025-01-20,Delivered,Website,NONE
57408,11990,2025-01-28,Delivered,Marketplace,NONE
57409,11636,2025-10-28,Delivered,Mobile App,BIG20
57410,14023,2024-05-10,Delivered,Website,NONE
57411,11776,2026-04-11,Shipped,Marketplace,NONE
57412,10654,2024-12-07,Delivered,Website,SAVE10
57413,13975,2025-03-31,Delivered,Mobile App,NONE
57414,11581,2025-05-07,Delivered,Mobile App,SAVE10
57415,13277,2024-03-05,Delivered,Website,FEST15
57416,13296,2024-10-18,Delivered,Mobile App,NONE
57417,10416,2024-05-15,Processing,Mobile App,NONE
57418,10168,2025-08-15,Delivered,Mobile App,BIG20
57419,14102,2025-11-16,Delivered,Mobile App,WELCOME5
57420,10280,2024-01-08,Delivered,Website,NONE
57421,11660,2024-01-08,Delivered,Website,NONE
57422,13811,2026-03-02,Shipped,Website,NONE
57423,10889,2024-11-20,Delivered,Website,WELCOME5
57424,12612,2026-03-30,Delivered,Website,NONE
57425,10579,2025-09-30,Delivered,Mobile App,WELCOME5
57426,12789,2026-01-29,Shipped,Website,NONE
57427,13568,2025-01-07,Processing,Mobile App,NONE
57428,11245,2024-10-21,Delivered,Mobile App,NONE
57429,11410,2025-12-01,Delivered,Website,NONE
57430,12659,2025-09-05,Delivered,Website,WELCOME5
57431,13957,2025-07-07,Shipped,Website,NONE
57432,12726,2024-12-20,Processing,Mobile App,NONE
57433,13508,2025-08-18,Delivered,Website,SAVE10
57434,12069,2025-01-12,Delivered,Website,NONE
57435,10644,2026-05-13,Delivered,Marketplace,NONE
57436,14823,2025-11-18,Delivered,Mobile App,NONE
57437,13982,2025-01-20,Delivered,Website,NONE
57438,10247,2026-03-29,Delivered,Mobile App,FEST15
57439,11380,2024-03-09,Cancelled,Website,NONE
57440,12075,2026-03-17,Delivered,Marketplace,NONE
57441,10408,2025-02-06,Delivered,Marketplace,NONE
57442,14288,2024-08-12,Delivered,Website,NONE
57443,10864,2026-03-16,Delivered,Marketplace,FEST15
57444,11032,2025-09-30,Delivered,Mobile App,NONE
57445,11584,2024-03-12,Delivered,Website,NONE
57446,14675,2024-09-16,Delivered,Mobile App,NONE
57447,11130,2025-03-13,Delivered,Website,NONE
57448,12128,2025-09-01,Delivered,Website,NONE
57449,13412,2026-02-21,Delivered,Mobile App,NONE
57450,10783,2024-12-22,Cancelled,Website,FEST15
57451,10446,2026-02-23,Delivered,Marketplace,BIG20
57452,10466,2026-02-05,Delivered,Website,NONE
57453,10919,2025-01-01,Delivered,Mobile App,NONE
57454,11636,2026-06-28,Delivered,Mobile App,NONE
57455,14704,2026-07-04,Cancelled,Mobile App,WELCOME5
57456,14599,2024-10-08,Delivered,Website,NONE
57457,12847,2025-06-23,Processing,Website,NONE
57458,14696,2026-04-22,Delivered,Marketplace,WELCOME5
57459,10145,2025-06-06,Delivered,Website,FEST15
57460,12817,2025-12-18,Processing,Mobile App,FEST15
57461,12221,2026-02-14,Delivered,Website,NONE
57462,10591,2025-07-03,Delivered,Mobile App,SAVE10
57463,12766,2024-12-14,Delivered,Website,NONE
57464,12283,2025-05-24,Processing,Mobile App,NONE
57465,13818,2026-03-18,Delivered,Mobile App,WELCOME5
57466,12089,2024-11-05,Processing,Mobile App,FEST15
57467,12146,2026-03-30,Delivered,Website,SAVE10
57468,11156,2024-07-16,Delivered,Website,FEST15
57469,12363,2025-03-24,Delivered,Website,NONE
57470,10381,2024-03-21,Delivered,Website,FEST15
57471,12832,2026-04-08,Delivered,Website,FEST15
57472,11908,2025-11-22,Delivered,Website,FEST15
57473,11369,2024-04-24,Delivered,Marketplace,NONE
57474,11860,2024-08-03,Delivered,Mobile App,NONE
57475,14460,2025-05-26,Delivered,Website,NONE
57476,13520,2025-04-25,Cancelled,Mobile App,SAVE10
57477,14263,2024-04-19,Delivered,Website,NONE
57478,11972,2026-05-13,Cancelled,Website,NONE
57479,11969,2025-03-23,Delivered,Website,SAVE10
57480,10066,2025-10-12,Shipped,Mobile App,NONE
57481,13411,2025-12-31,Delivered,Website,NONE
57482,10101,2024-06-13,Delivered,Website,FEST15
57483,14862,2024-11-19,Delivered,Website,NONE
57484,13438,2025-12-13,Shipped,Mobile App,WELCOME5
57485,12328,2026-01-20,Delivered,Marketplace,FEST15
57486,13304,2024-07-27,Shipped,Mobile App,FEST15
57487,14969,2024-11-06,Delivered,Marketplace,NONE
57488,10802,2026-01-26,Cancelled,Website,SAVE10
57489,13730,2024-11-29,Processing,Mobile App,FEST15
57490,14332,2024-03-16,Processing,Marketplace,NONE
57491,12933,2025-04-27,Delivered,Mobile App,NONE
57492,13314,2024-05-17,Shipped,Website,NONE
57493,12531,2025-07-30,Delivered,Website,FEST15
57494,10771,2026-06-25,Delivered,Marketplace,BIG20
57495,14905,2024-04-07,Processing,Website,WELCOME5
57496,11439,2024-09-28,Delivered,Website,WELCOME5
57497,11929,2025-07-03,Shipped,Mobile App,NONE
57498,14869,2024-05-26,Delivered,Mobile App,NONE
57499,10284,2025-06-02,Delivered,Mobile App,NONE
57500,12039,2024-07-27,Delivered,Mobile App,NONE
57501,12780,2025-09-08,Delivered,Marketplace,NONE
57502,11184,2024-12-16,Delivered,Website,SAVE10
57503,13351,2026-06-16,Delivered,Website,FEST15
57504,12621,2026-03-23,Delivered,Marketplace,NONE
57505,11311,2026-08-21,Delivered,Website,WELCOME5
57506,11028,2024-05-27,Delivered,Mobile App,NONE
57507,11434,2026-07-08,Delivered,Mobile App,SAVE10
57508,13959,2024-01-16,Delivered,Marketplace,NONE
57509,12605,2024-07-31,Delivered,Website,SAVE10
57510,13972,2026-04-19,Shipped,Mobile App,NONE
57511,13592,2026-04-16,Delivered,Website,FEST15
57512,14005,2024-10-17,Shipped,Website,NONE
57513,14276,2026-03-27,Delivered,Website,NONE
57514,13087,2024-03-15,Delivered,Mobile App,FEST15
57515,11802,2024-11-22,Processing,Website,NONE
57516,13471,2024-01-27,Shipped,Website,
57517,14723,2025-05-16,Delivered,Marketplace,NONE
57518,11608,2026-05-22,Delivered,Mobile App,NONE
57519,12439,2025-08-18,Delivered,Mobile App,FEST15
57520,14395,2025-05-22,Delivered,Website,NONE
57521,12987,2024-07-11,Delivered,Mobile App,NONE
57522,10721,2025-08-15,Delivered,Website,NONE
57523,11753,2024-11-10,Delivered,Website,NONE
57524,11273,2025-08-20,Delivered,Marketplace,NONE
57525,12388,2024-05-06,Delivered,Website,NONE
57526,14964,2025-05-21,Delivered,Website,NONE
57527,14197,2025-04-27,Delivered,Marketplace,FEST15
57528,14802,2026-01-16,Delivered,Mobile App,NONE
57529,13708,2026-05-31,Delivered,Website,NONE
57530,12539,2026-05-28,Delivered,Website,NONE
57531,13300,2024-11-27,Delivered,Website,FEST15
57532,12496,2025-09-13,Delivered,Website,WELCOME5
57533,10206,2025-09-25,Delivered,Mobile App,NONE
57534,10585,2026-03-29,Delivered,Mobile App,NONE
57535,12775,2026-02-21,Delivered,Mobile App,WELCOME5
57536,13299,2024-01-10,Delivered,Website,BIG20
57537,11269,2026-02-15,Delivered,Mobile App,NONE
57538,10156,2025-04-10,Delivered,Website,SAVE10
57539,10349,2026-07-10,Delivered,Mobile App,NONE
57540,11572,2025-08-08,Shipped,Mobile App,NONE
57541,14306,2025-01-10,Delivered,Website,FEST15
57542,12092,2024-07-14,Processing,Website,NONE
57543,14867,2026-07-09,Processing,Mobile App,WELCOME5
57544,14470,2024-06-04,Delivered,Mobile App,NONE
57545,14292,2024-03-28,Processing,Mobile App,NONE
57546,14843,2024-05-12,Delivered,Marketplace,SAVE10
57547,11211,2025-06-19,Cancelled,Website,BIG20
57548,14870,2024-10-03,Processing,Mobile App,NONE
57549,14620,2025-07-17,Delivered,Website,BIG20
57550,13995,2026-03-09,Delivered,Website,SAVE10
57551,10963,2024-10-09,Delivered,Mobile App,SAVE10
57552,11450,2024-01-27,Delivered,Website,NONE
57553,13262,2024-12-14,Delivered,Website,NONE
57554,10227,2025-08-07,Delivered,Website,SAVE10
57555,14109,2025-12-07,Delivered,Mobile App,NONE
57556,12129,2024-03-07,Delivered,Marketplace,BIG20
57557,10109,2026-05-02,Shipped,Mobile App,NONE
57558,11487,2025-07-29,Delivered,Mobile App,NONE
57559,11976,2025-04-12,Delivered,Website,NONE
57560,13276,2024-09-01,Shipped,Website,NONE
57561,13012,2026-07-19,Shipped,Mobile App,NONE
57562,11856,2024-06-01,Delivered,Website,WELCOME5
57563,13097,2025-03-11,Delivered,Mobile App,NONE
57564,14454,2025-03-27,Delivered,Website,NONE
57565,11751,2025-06-14,Delivered,Website,FEST15
57566,11871,2024-08-12,Delivered,Mobile App,WELCOME5
57567,10509,2026-07-04,Shipped,Website,BIG20
57568,11890,2025-01-01,Delivered,Mobile App,NONE
57569,11421,2025-11-21,Delivered,Website,NONE
57570,13796,2025-09-06,Delivered,Website,NONE
57571,10566,2024-07-15,Delivered,Website,BIG20
57572,12951,2026-06-27,Delivered,Mobile App,BIG20
57573,13861,2025-03-22,Delivered,Website,SAVE10
57574,11277,2025-08-22,Processing,Marketplace,FEST15
57575,10339,2025-09-18,Delivered,Website,NONE
57576,13384,2025-05-06,Processing,Website,WELCOME5
57577,12942,2025-09-10,Delivered,Marketplace,NONE
57578,12815,2025-06-24,Delivered,Website,FEST15
57579,14399,2025-12-19,Shipped,Website,NONE
57580,10521,2025-04-02,Shipped,Mobile App,NONE
57581,10989,2026-02-27,Delivered,Website,SAVE10
57582,12337,2025-06-29,Delivered,Mobile App,NONE
57583,12811,2026-08-26,Delivered,Website,WELCOME5
57584,14594,2025-07-07,Delivered,Marketplace,NONE
57585,13094,2025-07-26,Delivered,Mobile App,NONE
57586,11059,2025-04-22,Delivered,Website,SAVE10
57587,14260,2025-01-20,Processing,Website,FEST15
57588,12074,2026-02-03,Delivered,Website,NONE
57589,14342,2025-09-07,Delivered,Website,SAVE10
57590,11380,2025-01-14,Delivered,Marketplace,NONE
57591,13958,2026-02-21,Delivered,Website,WELCOME5
57592,12685,2024-04-15,Cancelled,Website,FEST15
57593,12779,2024-03-01,Shipped,Website,BIG20
57594,14876,2025-09-15,Delivered,Website,SAVE10
57595,10772,2025-03-20,Shipped,Website,SAVE10
57596,11550,2026-02-11,Cancelled,Website,NONE
57597,10916,2025-10-06,Delivered,Website,NONE
57598,14165,2026-01-26,Delivered,Marketplace,NONE
57599,14253,2024-09-14,Delivered,Website,NONE
57600,14192,2024-09-01,Delivered,Website,NONE
57601,11191,2024-08-31,Shipped,Mobile App,BIG20
57602,11298,2025-09-19,Shipped,Website,WELCOME5
57603,12011,2025-10-16,Delivered,Website,NONE
57604,13864,2026-08-26,Delivered,Mobile App,NONE
57605,13757,2024-07-29,Delivered,Mobile App,NONE
57606,14941,2024-04-11,Processing,Website,BIG20
57607,13922,2026-07-18,Delivered,Marketplace,NONE
57608,14771,2025-05-22,Delivered,Mobile App,WELCOME5
57609,11332,2024-12-21,Delivered,Website,NONE
57610,13029,2024-10-23,Delivered,Website,SAVE10
57611,12666,2026-05-07,Delivered,Website,WELCOME5
57612,10759,2026-02-06,Shipped,Website,SAVE10
57613,14736,2024-06-18,Delivered,Website,NONE
57614,10597,2024-11-10,Delivered,Website,BIG20
57615,14275,2026-04-24,Delivered,Website,WELCOME5
57616,11335,2025-12-12,Delivered,Website,NONE
57617,11108,2026-03-01,Delivered,Mobile App,NONE
57618,13007,2024-06-04,Delivered,Mobile App,SAVE10
57619,12338,2025-07-15,Delivered,Mobile App,SAVE10
57620,11932,2024-03-05,Delivered,Mobile App,NONE
57621,14517,2025-03-12,Delivered,Website,FEST15
57622,13496,2024-04-10,Delivered,Website,NONE
57623,13045,2024-09-17,Delivered,Website,NONE
57624,13939,2024-09-09,Shipped,Website,NONE
57625,14017,2024-07-01,Delivered,Website,NONE
57626,10903,2026-04-04,Shipped,Website,NONE
57627,12207,2024-12-26,Shipped,Website,BIG20
57628,14527,2024-05-25,Delivered,Mobile App,NONE
57629,14073,2026-08-16,Delivered,Website,SAVE10
57630,10303,2024-02-02,Cancelled,Mobile App,BIG20
57631,11232,2024-05-23,Delivered,Mobile App,BIG20
57632,11325,2026-04-07,Delivered,Website,FEST15
57633,12567,2025-03-13,Delivered,Mobile App,SAVE10
57634,14075,2024-12-29,Processing,Website,NONE
57635,12416,2024-10-23,Delivered,Mobile App,NONE
57636,10919,2025-07-25,Processing,Mobile App,NONE
57637,12787,2024-12-14,Delivered,Website,NONE
57638,11101,2024-03-22,Delivered,Website,NONE
57639,13391,2026-07-23,Delivered,Website,WELCOME5
57640,14879,2026-05-30,Delivered,Mobile App,WELCOME5
57641,13162,2024-06-19,Delivered,Website,SAVE10
57642,14562,2025-05-04,Delivered,Marketplace,SAVE10
57643,12723,2025-03-15,Delivered,Mobile App,NONE
57644,14064,2024-03-27,Delivered,Website,NONE
57645,14701,2025-01-21,Delivered,Website,WELCOME5
57646,10870,2025-09-06,Delivered,Website,NONE
57647,13329,2024-04-10,Delivered,Mobile App,SAVE10
57648,11276,2024-12-20,Shipped,Marketplace,NONE
57649,10424,2024-08-31,Delivered,Mobile App,FEST15
57650,11176,2024-12-08,Processing,Website,SAVE10
57651,10713,2025-09-03,Delivered,Website,NONE
57652,10946,2025-01-30,Delivered,Marketplace,FEST15
57653,10034,2026-01-14,Delivered,Website,FEST15
57654,14853,2025-05-07,Delivered,Mobile App,NONE
57655,12202,2025-11-02,Delivered,Website,NONE
57656,10831,2025-08-23,Delivered,Website,NONE
57657,11717,2026-03-03,Delivered,Website,NONE
57658,13734,2024-05-22,Delivered,Website,SAVE10
57659,13161,2026-08-19,Delivered,Website,NONE
57660,10256,2026-01-01,Shipped,Mobile App,NONE
57661,10740,2024-07-11,Shipped,Website,NONE
57662,12720,2024-01-27,Delivered,Mobile App,FEST15
57663,14850,2024-01-25,Delivered,Website,NONE
57664,10355,2025-11-09,Delivered,Mobile App,WELCOME5
57665,14312,2025-02-14,Processing,Website,FEST15
57666,10309,2024-06-26,Shipped,Mobile App,NONE
57667,12478,2024-11-04,Shipped,Website,FEST15
57668,11152,2025-03-09,Delivered,Website,NONE
57669,12118,2024-02-10,Delivered,Mobile App,NONE
57670,14629,2025-06-28,Delivered,Mobile App,SAVE10
57671,11079,2024-02-05,Delivered,Mobile App,NONE
57672,13195,2025-09-19,Shipped,Website,WELCOME5
57673,11667,2024-02-29,Delivered,Website,SAVE10
57674,13258,2026-02-06,Delivered,Website,NONE
57675,10275,2024-09-02,Shipped,Website,NONE
57676,11489,2025-05-15,Shipped,Mobile App,WELCOME5
57677,14789,2025-01-09,Delivered,Mobile App,NONE
57678,13619,2026-05-03,Delivered,Website,NONE
57679,14684,2026-02-09,Delivered,Mobile App,NONE
57680,13408,2026-07-15,Delivered,Mobile App,WELCOME5
57681,10927,2025-11-24,Delivered,Mobile App,NONE
57682,12309,2026-08-04,Delivered,Marketplace,SAVE10
57683,14390,2024-08-06,Delivered,Website,
57684,13414,2024-11-05,Shipped,Website,NONE
57685,12602,2026-02-24,Delivered,Website,SAVE10
57686,14336,2024-02-01,Delivered,Website,NONE
57687,10568,2024-06-22,Delivered,Mobile App,NONE
57688,14802,2025-11-25,Delivered,Mobile App,NONE
57689,10631,2025-01-22,Cancelled,Website,NONE
57690,14983,2024-09-01,Delivered,Mobile App,NONE
57691,14023,2024-10-21,Delivered,Website,WELCOME5
57692,12442,2026-01-14,Delivered,Website,NONE
57693,12382,2025-04-10,Delivered,Marketplace,NONE
57694,10164,2024-01-05,Delivered,Website,WELCOME5
57695,11585,2025-05-16,Delivered,Mobile App,WELCOME5
57696,11146,2026-01-23,Shipped,Website,NONE
57697,13534,2024-06-10,Delivered,Website,NONE
57698,10985,2024-03-09,Processing,Website,FEST15
57699,14030,2025-08-31,Shipped,Mobile App,NONE
57700,11503,2026-05-02,Shipped,Website,SAVE10
57701,14252,2024-03-09,Delivered,Website,NONE
57702,11803,2025-09-23,Delivered,Website,WELCOME5
57703,13763,2026-01-25,Delivered,Website,FEST15
57704,13344,2024-06-05,Delivered,Website,WELCOME5
57705,14948,2024-09-09,Delivered,Website,BIG20
57706,12629,2025-05-07,Delivered,Website,FEST15
57707,11764,2025-08-15,Delivered,website,NONE
57708,13249,2025-05-05,Delivered,Website,SAVE10
57709,10149,2024-06-27,Delivered,Marketplace,BIG20
57710,14860,2026-05-02,Delivered,Website,NONE
57711,13391,2025-02-12,Delivered,Mobile App,NONE
57712,10246,2025-05-31,Delivered,Mobile App,FEST15
57713,10863,2025-06-03,Delivered,Website,SAVE10
57714,10072,2025-06-17,Shipped,Mobile App,NONE
57715,13336,2024-10-08,Delivered,Website,NONE
57716,13328,2024-11-05,Processing,Marketplace,FEST15
57717,10815,2024-05-14,Delivered,Mobile App,NONE
57718,12732,2025-12-07,Shipped,Mobile App,WELCOME5
57719,12449,2024-10-31,Delivered,Marketplace,SAVE10
57720,12414,2024-02-18,Processing,Marketplace,FEST15
57721,13091,2024-02-15,Delivered,Website,NONE
57722,14267,2026-07-27,Shipped,Marketplace,SAVE10
57723,14573,2025-02-19,Delivered,Mobile App,BIG20
57724,10795,2025-08-11,Delivered,Website,NONE
57725,14721,2025-06-02,Delivered,Mobile App,FEST15
57726,12869,2026-03-31,Delivered,Mobile App,NONE
57727,10906,2026-05-11,Shipped,Mobile App,NONE
57728,14660,2026-01-27,Processing,Website,WELCOME5
57729,11849,2026-08-10,Delivered,Mobile App,NONE
57730,12230,2024-07-30,Delivered,Mobile App,NONE
57731,14836,2025-03-11,Delivered,Marketplace,FEST15
57732,12900,2024-10-07,Delivered,Mobile App,NONE
57733,10716,2026-03-18,Delivered,Marketplace,SAVE10
57734,10350,2024-09-26,Delivered,Marketplace,NONE
57735,14103,2026-02-09,Delivered,Mobile App,BIG20
57736,11746,2024-08-06,Delivered,Website,WELCOME5
57737,10499,2025-11-03,Delivered,Mobile App,SAVE10
57738,10207,2024-01-16,Delivered,Marketplace,NONE
57739,14728,2026-02-04,Delivered,Website,FEST15
57740,12862,2026-03-13,Processing,Mobile App,SAVE10
57741,12621,2025-06-30,Delivered, marketplace,NONE
57742,12953,2025-06-05,Delivered,Mobile App,NONE
57743,12094,2025-03-21,Delivered,Marketplace,WELCOME5
57744,14755,2025-07-27,Shipped,Mobile App,SAVE10
57745,13011,2025-07-02,Delivered,Marketplace,NONE
57746,13193,2025-04-21,Delivered,Marketplace,NONE
57747,14468,2025-05-20,Delivered,Mobile App,FEST15
57748,10015,2024-04-30,Delivered,Mobile App,SAVE10
57749,11596,2025-03-27,Shipped,Marketplace,WELCOME5
57750,14167,2025-02-27,Shipped,Mobile App,NONE
57751,10482,2026-05-18,Delivered,Mobile App,SAVE10
57752,11649,2024-10-11,Delivered,Mobile App,NONE
57753,10818,2026-07-27,Delivered,Website,NONE
57754,13572,2026-05-15,Delivered,Marketplace,WELCOME5
57755,14219,2026-01-29,Delivered,Website,NONE
57756,11321,2025-11-11,Shipped,Website,NONE
57757,13438,2024-11-03,Delivered,Website,NONE
57758,13802,2024-06-06,Delivered,Mobile App,FEST15
57759,14528,2026-02-05,Delivered,Marketplace,NONE
57760,14638,2025-11-11,Delivered,Mobile App,NONE
57761,12278,2026-03-17,Delivered,Website,SAVE10
57762,10397,2025-06-15,Cancelled,Website,SAVE10
57763,13723,2026-05-21,Delivered,Website,BIG20
57764,12722,2024-03-20,Delivered,Marketplace,NONE
57765,12297,2024-04-16,Delivered,Website,BIG20
57766,12703,2024-03-08,Delivered,Marketplace,NONE
57767,13220,2024-11-07,Delivered,Website,NONE
57768,11433,2024-05-23,Cancelled,Mobile App,FEST15
57769,11642,2024-02-09,Delivered,Marketplace,NONE
57770,11709,2026-02-25,Delivered,Website,WELCOME5
57771,12466,2024-05-31,Cancelled,Mobile App,NONE
57772,13381,2026-03-16,Delivered,Website,NONE
57773,10211,2025-09-15,Delivered,Mobile App,SAVE10
57774,11464,2025-08-12,Shipped,Marketplace,NONE
57775,13641,2024-04-23,Delivered,Website,SAVE10
57776,10154,2024-01-16,Processing,Marketplace,NONE
57777,13977,2024-05-15,Shipped,Website,NONE
57778,13846,2024-11-03,Delivered,Mobile App,NONE
57779,11596,2026-07-16,Delivered,Website,
57780,13126,2025-01-23,Delivered,Website,BIG20
57781,12452,2024-08-14,Delivered,Mobile App,NONE
57782,11253,2024-10-02,Processing,Mobile App,SAVE10
57783,10747,2024-11-20,Shipped,Mobile App,WELCOME5
57784,14808,2025-07-17,Delivered,Mobile App,NONE
57785,14298,2026-02-21,Delivered,Website,BIG20
57786,14493,2024-03-01,Delivered,Website,NONE
57787,10704,2026-01-21,Delivered,Mobile App,FEST15
57788,14822,2024-01-20,Delivered,Mobile App,SAVE10
57789,13130,2024-11-08,Delivered,Mobile App,WELCOME5
57790,12562,2025-07-24,Delivered,Mobile App,NONE
57791,11710,2024-04-11,Delivered,Mobile App,WELCOME5
57792,11176,2024-09-13,Delivered,Mobile App,BIG20
57793,11627,2025-09-11,Processing,Website,NONE
57794,10870,2025-10-27,Shipped,Mobile App,SAVE10
57795,13951,2024-03-21,Delivered,Mobile App,NONE
57796,14743,2026-01-24,Delivered,Mobile App,SAVE10
57797,14836,2025-01-30,Processing,Marketplace,WELCOME5
57798,14455,2025-08-15,Delivered,Mobile App,SAVE10
57799,10662,2024-07-25,Shipped,Marketplace,FEST15
57800,13705,2026-08-18,Delivered,Website,WELCOME5
57801,14290,2026-01-08,Delivered,Marketplace,SAVE10
57802,12553,2025-09-15,Delivered,Mobile App,NONE
57803,12791,2024-06-29,Delivered,Mobile App,SAVE10
57804,11923,2026-01-19,Shipped,Marketplace,WELCOME5
57805,14113,2025-01-01,Cancelled,Marketplace,FEST15
57806,13518,2025-09-13,Delivered,Website,NONE
57807,13146,2025-09-22,Delivered,Website,WELCOME5
57808,10048,2026-02-20,Delivered,Mobile App,WELCOME5
57809,14803,2026-03-22,Delivered,Website,NONE
57810,12622,2025-01-13,Delivered,Website,NONE
57811,14780,2024-03-19,Delivered,Website,NONE
57812,13394,2025-02-25,Delivered,Website,WELCOME5
57813,12605,2025-01-23,Delivered,Mobile App,SAVE10
57814,13769,2024-11-21,Delivered,Website,NONE
57815,11234,2025-04-18,Processing,Mobile App,NONE
57816,12256,2025-07-13,Shipped,Website,SAVE10
57817,10126,2025-08-27,Delivered,Mobile App,BIG20
57818,13726,2024-12-29,Shipped,Marketplace,NONE
57819,11621,2025-08-20,Delivered,Website,BIG20
57820,10480,2026-08-16,Delivered,Marketplace,FEST15
57821,13982,2025-09-23,Delivered,Marketplace,SAVE10
57822,11167,2025-08-07,Delivered,Website,NONE
57823,11120,2024-10-04,Processing,Website,NONE
57824,10724,2024-11-21,Shipped,Website,FEST15
57825,13018,2024-02-20,Delivered,Marketplace,NONE
57826,11700,2025-05-07,Delivered,Website,SAVE10
57827,12854,2024-03-13,Delivered,Website,NONE
57828,11721,2026-01-27,Delivered,Website,FEST15
57829,13767,2026-07-17,Delivered,Website,SAVE10
57830,11870,2026-02-20,Processing,Marketplace,NONE
57831,13965,2024-05-31,Delivered,Marketplace,FEST15
57832,12330,2025-09-09,Shipped,Website,FEST15
57833,10075,2025-02-21,Delivered,Mobile App,NONE
57834,12182,2024-01-03,Delivered,Mobile App,NONE
57835,11226,2025-11-26,Delivered,Website,NONE
57836,12453,2026-04-22,Delivered,Mobile App,NONE
57837,10624,2025-03-23,Delivered,Marketplace,NONE
57838,13763,2026-06-01,Shipped,Mobile App,FEST15
57839,13123,2024-02-23,Delivered,Mobile App,SAVE10
57840,10711,2026-04-25,Shipped,Mobile App,NONE
57841,14892,2025-10-22,Delivered,Mobile App,NONE
57842,11754,2025-10-12,Delivered,Mobile App,NONE
57843,11050,2025-05-02,Delivered,Marketplace,NONE
57844,10001,2024-01-27,Shipped,Mobile App,NONE
57845,11234,2025-03-14,Delivered,Website,WELCOME5
57846,10142,2026-07-11,Shipped,Mobile App,NONE
57847,12416,2025-03-24,Delivered,Website,NONE
57848,13033,2024-03-06,Delivered,Mobile App,NONE
57849,11851,2025-04-24,Delivered,Website,FEST15
57850,14381,2024-05-24,Delivered,Website,NONE
57851,14831,2025-02-12,Delivered,Website,NONE
57852,11530,2025-09-01,Delivered,Marketplace,NONE
57853,13189,2024-03-05,Delivered,Marketplace,NONE
57854,12010,2025-03-23,Delivered,Mobile App,NONE
57855,11369,2025-05-05,Delivered,Mobile App,WELCOME5
57856,11050,2026-01-02,Delivered,Mobile App,SAVE10
57857,12608,2024-03-06,Delivered,Mobile App,NONE
57858,10714,2025-09-06,Delivered,Website,NONE
57859,13363,2025-08-26,Delivered,Website,FEST15
57860,14421,2024-01-05,Delivered,Mobile App,NONE
57861,11841,2024-04-25,Processing,Website,WELCOME5
57862,12861,2025-09-15,Delivered,Mobile App,NONE
57863,14881,2026-04-14,Delivered,Marketplace,NONE
57864,13525,2026-04-12,Delivered,Mobile App,NONE
57865,12020,2026-01-15,Delivered,Mobile App,NONE
57866,14410,2026-04-06,Delivered,Website,NONE
57867,10213,2025-08-11,Delivered,Website,SAVE10
57868,12942,2024-06-01,Delivered,Website,NONE
57869,11263,2025-05-30,Delivered,Website,WELCOME5
57870,10902,2024-12-02,Delivered,Marketplace,NONE
57871,12585,2024-09-04,Delivered,Marketplace,NONE
57872,13567,2024-04-25,Delivered,Mobile App,FEST15
57873,13691,2024-01-20,Delivered,Mobile App,FEST15
57874,13740,2025-12-29,Shipped,Website,NONE
57875,11444,2024-06-14,Delivered,Website,BIG20
57876,12070,2025-08-31,Delivered,Website,BIG20
57877,10566,2024-10-20,Delivered,Marketplace,NONE
57878,13085,2025-04-14,Delivered,Mobile App,NONE
57879,14020,2025-01-20,Delivered,Website,NONE
57880,12423,2024-10-17,Delivered,Website,NONE
57881,11564,2025-04-11,Delivered,Website,FEST15
57882,11665,2026-02-02,Delivered,Website,NONE
57883,13251,2025-05-03,Delivered,Website,WELCOME5
57884,13363,2026-02-06,Delivered,Website,NONE
57885,12382,2026-06-02,Delivered,Marketplace,SAVE10
57886,11238,2025-04-21,Delivered,Website,FEST15
57887,12053,2026-02-17,Processing,Mobile App,NONE
57888,11638,2024-04-30,Delivered,Website,WELCOME5
57889,10490,2025-07-02,Delivered,Website,NONE
57890,12029,2025-03-27,Delivered,Website,NONE
57891,14245,2024-01-06,Delivered,Mobile App,NONE
57892,13074,2026-05-19,Delivered,Website,WELCOME5
57893,10668,2025-12-20,Delivered,Mobile App,SAVE10
57894,14262,2025-07-20,Shipped,Website,NONE
57895,11068,2025-11-05,Shipped,Marketplace,NONE
57896,13075,2026-01-01,Delivered,Website,NONE
57897,12839,2026-01-24,Delivered,Mobile App,WELCOME5
57898,13631,2024-10-12,Delivered,Mobile App,FEST15
57899,13832,2025-02-09,Delivered,Marketplace,NONE
57900,11464,2024-11-28,Shipped,Marketplace,FEST15
57901,13889,2026-06-02,Delivered,Mobile App,SAVE10
57902,12938,2024-04-23,Delivered,Mobile App,NONE
57903,11749,2026-05-30,Delivered,Mobile App,NONE
57904,10520,2024-11-28,Delivered,Marketplace,NONE
57905,12843,2026-01-25,Delivered,Mobile App,NONE
57906,12317,2024-06-13,Delivered,Mobile App,WELCOME5
57907,12353,2026-03-29,Delivered,Website,NONE
57908,13450,2025-06-06,Delivered,Website,NONE
57909,13545,2026-08-13,Delivered,Website,WELCOME5
57910,10899,2025-01-16,Delivered,Mobile App,NONE
57911,11482,2026-08-22,Delivered,Mobile App,NONE
57912,14511,2026-03-21,Processing,Website,SAVE10
57913,12971,2024-01-08,Delivered,Mobile App,NONE
57914,12086,2025-01-06,Delivered,Mobile App,NONE
57915,14863,2025-01-28,Processing,Mobile App,NONE
57916,13356,2024-07-24,Processing,Website,BIG20
57917,14248,2026-05-01,Delivered,Website,NONE
57918,12350,2024-03-22,Shipped,Mobile App,NONE
57919,10818,2024-09-07,Cancelled,Website,FEST15
57920,13662,2024-09-01,Delivered,Mobile App,NONE
57921,14083,2025-02-09,Delivered,Website,SAVE10
57922,12922,2025-11-07,Delivered,Website,NONE
57923,12165,2024-01-07,Delivered,Website,BIG20
57924,10613,2025-08-30,Cancelled,Website,SAVE10
57925,11229,2025-01-27,Delivered,Marketplace,SAVE10
57926,14624,2025-08-24,Delivered,Website,FEST15
57927,10843,2024-02-29,Shipped,Website,NONE
57928,13301,2026-04-12,Delivered,Mobile App,NONE
57929,13317,2025-07-14,Delivered,Website,NONE
57930,12361,2024-09-02,Delivered,Mobile App,FEST15
57931,14984,2026-02-04,Delivered,Mobile App,NONE
57932,13384,2025-04-01,Delivered,Marketplace,NONE
57933,14834,2025-01-13,Delivered,Website,FEST15
57934,11305,2024-06-12,Delivered,Mobile App,NONE
57935,13704,2025-04-20,Delivered,Website,BIG20
57936,13845,2024-07-31,Shipped,Website,SAVE10
57937,14595,2025-12-12,Delivered,Website,NONE
57938,12057,2024-12-25,Delivered,Mobile App,NONE
57939,11662,2024-04-24,Delivered,Mobile App,NONE
57940,14026,2025-11-16,Delivered,Mobile App,NONE
57941,13595,2026-03-30,Delivered,Website,NONE
57942,11371,2026-03-19,Delivered,Website,FEST15
57943,11523,2025-04-15,Shipped,Website,NONE
57944,13952,2024-10-24,Delivered,Website,NONE
57945,12848,2024-08-02,Delivered,Website,NONE
57946,14534,2025-01-20,Delivered,Website,NONE
57947,13153,2024-04-08,Shipped,Website,NONE
57948,14905,2026-05-11,Delivered,Mobile App,NONE
57949,11637,2024-08-29,Processing,Mobile App,FEST15
57950,13884,2026-01-26,Delivered,Mobile App,NONE
57951,10951,2025-01-08,Delivered,Mobile App,NONE
57952,13521,2025-10-31,Delivered,Website,NONE
57953,12088,2026-06-02,Shipped,Marketplace,BIG20
57954,12600,2025-01-29,Shipped,Mobile App,SAVE10
57955,14039,2026-07-24,Delivered,Mobile App,NONE
57956,10529,2024-11-26,Delivered,Marketplace,NONE
57957,11119,2024-09-03,Delivered,Mobile App,NONE
57958,12800,2025-12-02,Processing,Mobile App,FEST15
57959,12072,2024-05-16,Delivered,Website,BIG20
57960,12817,2024-03-31,Delivered,Mobile App,NONE
57961,12153,2024-12-23,Delivered,Marketplace,FEST15
57962,10324,2025-06-11,Delivered,Website,WELCOME5
57963,14683,2025-03-30,Processing,Website,SAVE10
57964,13454,2024-02-28,Delivered,Website,NONE
57965,13051,2025-06-15,Delivered,Website,WELCOME5
57966,10745,2025-08-27,Delivered,Mobile App,SAVE10
57967,10988,2024-10-03,Delivered,Mobile App,NONE
57968,12984,2025-07-05,Delivered,Website,SAVE10
57969,10264,2024-12-10,Delivered,Website,FEST15
57970,12364,2024-02-27,Shipped,Website,NONE
57971,14447,2025-12-22,Delivered,Mobile App,WELCOME5
57972,14376,2025-02-11,Delivered,Website,WELCOME5
57973,12574,2026-08-12,Processing,Website,NONE
57974,11162,2024-07-05,Processing,Website,NONE
57975,10370,2024-01-08,Delivered,Mobile App,FEST15
57976,10857,2026-02-13,Delivered,Website,WELCOME5
57977,11404,2026-04-16,Delivered,Mobile App,SAVE10
57978,12756,2026-04-06,Delivered,Marketplace,FEST15
57979,13629,2026-08-17,Delivered,Website,FEST15
57980,12302,2024-11-01,Delivered,Website,NONE
57981,14133,2025-10-20,Delivered,Marketplace,NONE
57982,10807,2024-01-29,Shipped,Marketplace,WELCOME5
57983,12118,2025-02-08,Shipped,Mobile App,NONE
57984,13069,2026-05-20,Delivered,Website,NONE
57985,10270,2025-09-07,Delivered,Website,WELCOME5
57986,14530,2026-03-30,Delivered,Marketplace,NONE
57987,14976,2026-07-06,Delivered,Website,NONE
57988,13702,2026-02-11,Delivered,Website,NONE
57989,13515,2025-10-28,Delivered,Website,NONE
57990,11048,2024-12-11,Shipped,Website,SAVE10
57991,10915,2025-05-30,Delivered,Website,BIG20
57992,11193,2024-03-18,Processing,Mobile App,NONE
57993,10676,2025-07-13,Delivered,Website,WELCOME5
57994,12788,2026-08-03,Delivered,Website,NONE
57995,14787,2024-05-23,Delivered,Website,WELCOME5
57996,13388,2025-04-23,Delivered,Mobile App,WELCOME5
57997,14407,2026-05-22,Delivered,Mobile App,NONE
57998,14895,2024-12-11,Delivered,Website,NONE
57999,13311,2025-07-25,Delivered,Website,NONE
58000,10525,2026-01-23,Delivered,Marketplace,BIG20
58001,14653,2026-02-03,Delivered,Website,NONE
58002,12732,2025-10-12,Cancelled,Website,NONE
58003,12737,2024-03-01,Delivered,Website,NONE
58004,14937,2024-02-10,Delivered,Website,NONE
58005,13420,2026-01-01,Shipped,Mobile App,SAVE10
58006,10555,2026-07-18,Delivered,Website,NONE
58007,13825,2024-09-16,Delivered,Website,WELCOME5
58008,14863,2025-06-23,Delivered,Mobile App,NONE
58009,11188,2024-03-10,Delivered,Website,WELCOME5
58010,12311,2024-07-01,Delivered,Mobile App,SAVE10
58011,10519,2025-04-15,Delivered,Website,WELCOME5
58012,13587,2024-01-16,Shipped,Website,WELCOME5
58013,10715,2025-07-25,Delivered,Marketplace,FEST15
58014,12127,2025-06-19,Delivered,Website,NONE
58015,13254,2024-03-30,Cancelled,Website,NONE
58016,14206,2025-07-30,Delivered,Mobile App,WELCOME5
58017,11598,2025-03-17,Delivered,Website,NONE
58018,14543,2024-04-06,Shipped,Website,NONE
58019,10122,2024-07-31,Shipped,Mobile App,WELCOME5
58020,10834,2025-06-12,Delivered,Mobile App,FEST15
58021,10595,2026-02-25,Delivered,Mobile App,WELCOME5
58022,13737,2025-02-22,Delivered,Website,FEST15
58023,11810,2025-09-05,Delivered,Mobile App,WELCOME5
58024,10104,2025-02-28,Delivered,Marketplace,NONE
58025,13941,2026-04-15,Delivered,Marketplace,SAVE10
58026,11385,2026-08-04,Delivered,Mobile App,WELCOME5
58027,13412,2025-02-13,Delivered,Mobile App,WELCOME5
58028,12762,2024-10-14,Delivered,Mobile App,WELCOME5
58029,10558,2025-07-12,Delivered,Marketplace,FEST15
58030,13017,2026-05-07,Processing,Website,NONE
58031,14306,2025-08-04,Delivered,Website,NONE
58032,11827,2024-11-30,Cancelled,Website,NONE
58033,14168,2026-01-22,Delivered,Marketplace,NONE
58034,11353,2024-06-23,Delivered,Mobile App,NONE
58035,11415,2024-09-21,Shipped,Website,SAVE10
58036,10859,2024-05-27,Delivered,Marketplace,NONE
58037,11059,2026-06-04,Shipped,Mobile App,NONE
58038,11199,2026-07-01,Delivered,Marketplace,NONE
58039,13249,2026-07-18,Delivered,Marketplace,SAVE10
58040,10652,2024-01-23,Delivered,Website,WELCOME5
58041,12723,2026-05-22,Delivered,Website,NONE
58042,11306,2024-07-31,Delivered,Website,NONE
58043,10734,2026-07-12,Delivered,Mobile App,NONE
58044,14107,2024-11-26,Delivered,Mobile App,SAVE10
58045,12700,2024-10-23,Delivered,Website,NONE
58046,11438,2025-09-29,Delivered,Mobile App,SAVE10
58047,13193,2026-02-05,Processing,Website,NONE
58048,14539,2024-12-30,Delivered,Website,NONE
58049,11414,2026-03-10,Delivered,Mobile App,WELCOME5
58050,11227,2024-01-20,Delivered,Mobile App,NONE
58051,13414,2026-05-21,Delivered,Mobile App,FEST15
58052,12460,2025-05-16,Delivered,Website,SAVE10
58053,13369,2025-06-04,Delivered,Website,FEST15
58054,10838,2026-05-07,Delivered,Website,NONE
58055,14665,2024-02-23,Delivered,Website,NONE
58056,10086,2026-05-09,Delivered,Mobile App,NONE
58057,11369,2024-07-16,Processing,Mobile App,WELCOME5
58058,13128,2026-08-19,Delivered,Website,NONE
58059,12602,2025-11-28,Delivered,Website,SAVE10
58060,11689,2024-11-28,Delivered,Mobile App,WELCOME5
58061,14885,2024-03-05,Processing,Marketplace,NONE
58062,11726,2024-04-28,Delivered,Website,NONE
58063,13393,2024-04-28,Shipped,Mobile App,NONE
58064,12039,2024-03-08,Delivered,Website,NONE
58065,12203,2025-08-20,Delivered,Mobile App,NONE
58066,13889,2026-04-21,Delivered,Mobile App,NONE
58067,11772,2026-02-14,Delivered,Mobile App,NONE
58068,11999,2025-12-26,Shipped,Website,NONE
58069,13910,2026-08-09,Delivered,Website,BIG20
58070,10433,2025-08-31,Cancelled,Marketplace,NONE
58071,12162,2024-04-02,Delivered,Website,SAVE10
58072,11394,2025-04-26,Delivered,Website,NONE
58073,12412,2026-01-05,Shipped,Website,NONE
58074,12881,2025-03-19,Delivered,Mobile App,NONE
58075,12146,2024-10-24,Delivered,Website,NONE
58076,14968,2025-04-24,Delivered,Website,BIG20
58077,14564,2026-01-27,Delivered,Website,WELCOME5
58078,10716,2024-12-18,Delivered,Website,NONE
58079,13217,2024-12-08,Processing,Mobile App,NONE
58080,11618,2025-04-05,Shipped,Mobile App,SAVE10
58081,13576,2025-02-10,Cancelled,Website,SAVE10
58082,12428,2024-07-23,Delivered,Website,NONE
58083,14768,2024-09-28,Delivered,Marketplace,FEST15
58084,14724,2024-04-24,Delivered,Mobile App,FEST15
58085,10284,2025-12-29,Delivered,Mobile App,FEST15
58086,10543,2024-07-23,Delivered,Website,NONE
58087,10115,2026-08-07,Delivered,Website,NONE
58088,13970,2026-07-30,Delivered,Website,NONE
58089,11144,2025-10-14,Delivered,Website,NONE
58090,13615,2026-08-18,Delivered,Website,NONE
58091,11662,2026-04-17,Delivered,Website,NONE
58092,11533,2025-12-29,Shipped,Marketplace,SAVE10
58093,13021,2024-12-11,Delivered,Website,NONE
58094,13869,2026-03-23,Delivered,Website,NONE
58095,12833,2024-11-26,Delivered,Website,NONE
58096,12875,2024-04-10,Delivered,Marketplace,SAVE10
58097,13683,2025-07-02,Delivered,Marketplace,FEST15
58098,10857,2024-04-29,Shipped,Website,NONE
58099,12961,2024-03-30,Delivered,Marketplace,WELCOME5
58100,11429,2024-03-30,Delivered,Website,NONE
58101,10775,2026-06-03,Delivered,Mobile App,FEST15
58102,11642,2024-03-02,Cancelled,Mobile App,NONE
58103,10962,2025-01-17,Delivered,Marketplace,NONE
58104,11616,2025-12-25,Shipped,Website,SAVE10
58105,10118,2026-02-16,Delivered,Mobile App,NONE
58106,13732,2024-02-24,Delivered,Mobile App,NONE
58107,11742,2026-05-17,Delivered,Website,NONE
58108,13302,2026-07-09,Delivered,Mobile App,NONE
58109,13748,2026-07-29,Delivered,Marketplace,NONE
58110,14100,2025-09-26,Delivered,Mobile App,NONE
58111,10389,2025-05-11,Processing,Mobile App,NONE
58112,12554,2024-06-14,Delivered,Mobile App,NONE
58113,12084,2024-04-29,Delivered,Mobile App,BIG20
58114,11753,2026-03-03,Delivered,Mobile App,NONE
58115,14034,2026-04-04,Delivered,Mobile App,SAVE10
58116,10339,2026-03-09,Delivered,Website,NONE
58117,11551,2025-08-22,Cancelled,Website,NONE
58118,13972,2025-06-30,Delivered,Website,NONE
58119,11974,2024-07-06,Delivered,Mobile App,NONE
58120,10374,2024-03-29,Delivered,Website,NONE
58121,10868,2024-07-13,Delivered,Website,SAVE10
58122,11508,2025-01-23,Delivered,Website,SAVE10
58123,11241,2024-10-19,Delivered,Marketplace,NONE
58124,13345,2025-06-16,Shipped,Marketplace,NONE
58125,10857,2026-01-28,Delivered,Website,NONE
58126,13821,2025-12-22,Delivered,Mobile App,FEST15
58127,11558,2026-03-14,Delivered,Mobile App,WELCOME5
58128,10343,2024-10-16,Delivered,Website,SAVE10
58129,10057,2026-06-26,Delivered,Website,NONE
58130,13039,2026-04-26,Delivered,Website,FEST15
58131,13675,2024-12-04,Delivered,Website,SAVE10
58132,10686,2024-08-31,Cancelled,Website,SAVE10
58133,11546,2026-05-11,Processing,Website,SAVE10
58134,13787,2026-08-26,Delivered,Marketplace,NONE
58135,14340,2025-03-27,Cancelled,Mobile App,NONE
58136,13650,2024-04-21,Delivered,Website,NONE
58137,13089,2025-08-11,Delivered,Website,SAVE10
58138,13741,2026-03-18,Delivered,Website,NONE
58139,11486,2025-03-30,Delivered,Website,NONE
58140,10319,2024-05-08,Shipped,Website,NONE
58141,12822,2025-12-14,Processing,Website,SAVE10
58142,12798,2026-01-06,Delivered,Website,NONE
58143,14017,2026-04-28,Delivered,Mobile App,NONE
58144,11205,2026-04-16,Delivered,Mobile App,FEST15
58145,14446,2025-04-08,Delivered,Website,NONE
58146,12480,2024-10-30,Delivered,Website,SAVE10
58147,12211,2024-06-09,Delivered,Website,SAVE10
58148,14948,2024-04-08,Delivered,Website,SAVE10
58149,12718,2026-03-13,Delivered,Website,NONE
58150,10453,2026-08-27,Delivered,Website,NONE
58151,11269,2025-09-15,Delivered,Marketplace,FEST15
58152,12971,2026-07-30,Delivered,Mobile App,FEST15
58153,11152,2024-10-25,Processing,Marketplace,NONE
58154,10825,2026-01-04,Shipped,Mobile App,FEST15
58155,11484,2025-01-20,Delivered,Mobile App,NONE
58156,12551,2025-01-09,Delivered,Website,WELCOME5
58157,10464,2025-09-12,Delivered,Website,NONE
58158,12605,2024-05-10,Delivered,Mobile App,NONE
58159,13637,2025-02-03,Delivered,Marketplace,NONE
58160,12282,2025-02-09,Delivered,Mobile App,SAVE10
58161,13471,2025-02-21,Delivered,Website,SAVE10
58162,13199,2025-11-29,Processing,Marketplace,SAVE10
58163,12482,2024-09-26,Processing,Mobile App,BIG20
58164,14871,2024-05-27,Processing,Website,NONE
58165,13059,2025-08-15,Delivered,Website,SAVE10
58166,14027,2024-01-17,Delivered,Mobile App,NONE
58167,13205,2026-08-16,Delivered,Mobile App,SAVE10
58168,14793,2026-05-26,Delivered,Mobile App,NONE
58169,12156,2025-01-06,Delivered,Marketplace,WELCOME5
58170,10948,2025-11-09,Delivered,Mobile App,WELCOME5
58171,10908,2025-05-18,Delivered,Website,BIG20
58172,14967,2025-11-04,Delivered,Website,FEST15
58173,13993,2024-07-31,Delivered,Mobile App,SAVE10
58174,11526,2026-07-07,Delivered,Website,NONE
58175,12238,2026-05-04,Delivered,Mobile App,NONE
58176,10171,2025-05-20,Shipped,Website,NONE
58177,14766,2026-05-01,Delivered,Website,WELCOME5
58178,12182,2024-11-04,Delivered,Website,SAVE10
58179,11924,2026-02-01,Processing,Mobile App,NONE
58180,11231,2026-06-01,Shipped,Mobile App,SAVE10
58181,10412,2025-11-06,Delivered,Website,SAVE10
58182,13811,2026-08-14,Shipped,Website,BIG20
58183,11115,2024-07-26,Delivered,Website,SAVE10
58184,10435,2024-01-20,Delivered,Mobile App,FEST15
58185,14893,2025-05-25,Processing,Website,FEST15
58186,12741,2024-11-16,Delivered,Website,FEST15
58187,10386,2025-09-12,Delivered,Website,NONE
58188,11447,2024-12-17,Delivered,Website,NONE
58189,12769,2026-04-22,Delivered,Website,FEST15
58190,11034,2024-04-17,Shipped,Marketplace,WELCOME5
58191,14951,2026-07-23,Delivered,Mobile App,NONE
58192,14379,2024-08-02,Delivered,Website,NONE
58193,14429,2024-11-13,Delivered,Website,WELCOME5
58194,12578,2024-01-24,Delivered,Website,NONE
58195,14942,2025-10-20,Delivered,Website,NONE
58196,11628,2025-11-06,Delivered,Website,BIG20
58197,12777,2026-06-20,Delivered,Website,FEST15
58198,13731,2024-04-13,Delivered,Website,NONE
58199,12527,2025-04-12,Delivered,Website,WELCOME5
58200,14266,2026-05-10,Delivered,Website,NONE
58201,10520,2024-01-30,Delivered,Mobile App,FEST15
58202,12211,2025-07-20,Delivered,Mobile App,NONE
58203,14150,2024-08-10,Delivered,Website,NONE
58204,10911,2024-12-11,Shipped,Mobile App,NONE
58205,11926,2026-01-03,Processing,Website,SAVE10
58206,14972,2026-02-23,Delivered,Website,SAVE10
58207,13068,2024-01-06,Processing,Mobile App,SAVE10
58208,11795,2025-09-23,Processing,Website,NONE
58209,11816,2025-01-17,Delivered,Mobile App,BIG20
58210,11028,2025-12-31,Shipped,Website,NONE
58211,13674,2026-03-27,Delivered,Website,NONE
58212,10517,2026-05-01,Shipped,Mobile App,NONE
58213,11041,2024-04-09,Delivered,Mobile App,NONE
58214,10620,2026-02-22,Cancelled,Mobile App,BIG20
58215,13770,2026-07-24,Delivered,Website,NONE
58216,14716,2026-01-25,Delivered,Marketplace,NONE
58217,10436,2024-12-31,Delivered,Website,NONE
58218,14734,2025-12-08,Processing,Marketplace,FEST15
58219,14582,2024-03-06,Delivered,Website,SAVE10
58220,12540,2025-01-01,Delivered,Marketplace,NONE
58221,10186,2026-03-10,Shipped,Marketplace,NONE
58222,13461,2025-09-24,Delivered,Website,SAVE10
58223,12624,2024-09-14,Delivered,Website,BIG20
58224,14164,2025-07-02,Delivered,Mobile App,NONE
58225,11475,2024-01-02,Delivered,Website,NONE
58226,12788,2026-07-23,Shipped,Website,NONE
58227,14460,2025-06-18,Processing,Marketplace,NONE
58228,13335,2025-04-30,Delivered,Mobile App,SAVE10
58229,13232,2024-11-19,Delivered,Mobile App,NONE
58230,14835,2024-08-03,Delivered,Marketplace,NONE
58231,12448,2024-11-14,Processing,Mobile App,NONE
58232,10863,2025-03-19,Delivered,Mobile App,NONE
58233,14881,2025-02-17,Delivered,Mobile App,NONE
58234,10694,2025-02-06,Delivered,Website,FEST15
58235,12756,2025-05-07,Delivered,Website,SAVE10
58236,13766,2025-03-30,Processing,Mobile App,WELCOME5
58237,13936,2024-10-27,Delivered,Mobile App,NONE
58238,13517,2025-07-17,Delivered,Website,NONE
58239,12127,2024-08-26,Delivered,Website,NONE
58240,10930,2026-07-08,Delivered,Marketplace,NONE
58241,10192,2025-10-09,Delivered,Website,NONE
58242,11513,2024-09-29,Delivered,Mobile App,NONE
58243,14861,2025-11-02,Delivered,Mobile App,FEST15
58244,13427,2026-07-29,Delivered,Website,SAVE10
58245,12035,2026-01-11,Delivered,Mobile App,NONE
58246,12472,2026-01-26,Cancelled,Mobile App,FEST15
58247,11671,2024-07-30,Processing,Website,NONE
58248,14468,2024-06-26,Delivered,Website,NONE
58249,12268,2025-06-28,Delivered,Website,FEST15
58250,14186,2024-09-29,Delivered,Mobile App,SAVE10
58251,10256,2024-04-26,Shipped,Website,NONE
58252,12436,2026-06-01,Delivered,Marketplace,NONE
58253,13015,2024-11-30,Delivered,Marketplace,NONE
58254,13335,2026-02-16,Delivered,Marketplace,NONE
58255,10119,2025-12-10,Delivered,Mobile App,BIG20
58256,13218,2024-05-19,Delivered,Mobile App,NONE
58257,14197,2024-07-01,Cancelled,Mobile App,FEST15
58258,10461,2025-07-21,Delivered,Marketplace,SAVE10
58259,11654,2025-08-28,Shipped,Mobile App,FEST15
58260,12128,2024-09-25,Processing,Website,NONE
58261,11272,2024-05-28,Delivered,Website,SAVE10
58262,12200,2025-09-02,Delivered,Mobile App,NONE
58263,14466,2024-08-17,Delivered,Mobile App,BIG20
58264,14487,2024-06-17,Delivered,Mobile App,NONE
58265,13007,2025-01-02,Delivered,Website,NONE
58266,14427,2024-12-07,Processing,Website,SAVE10
58267,14076,2025-01-25,Delivered,Website,NONE
58268,10289,2025-01-11,Shipped,Mobile App,WELCOME5
58269,11935,2025-07-02,Delivered,Mobile App,WELCOME5
58270,14226,2025-06-05,Delivered,Mobile App,NONE
58271,12213,2024-02-06,Delivered,Mobile App,BIG20
58272,13059,2024-08-20,Delivered,Website,SAVE10
58273,12061,2025-05-04,Delivered,Website,SAVE10
58274,10082,2025-12-06,Delivered,Mobile App,NONE
58275,12825,2024-01-30,Delivered,Website,SAVE10
58276,11909,2026-02-23,Delivered,Mobile App,NONE
58277,13870,2024-04-01,Delivered,Website,NONE
58278,14441,2025-09-12,Delivered,Website,FEST15
58279,10523,2024-07-31,Cancelled,Website,BIG20
58280,11792,2026-05-25,Delivered,Mobile App,NONE
58281,11964,2025-11-03,Delivered,Marketplace,SAVE10
58282,13383,2026-02-05,Delivered,Mobile App,NONE
58283,11982,2026-02-26,Delivered,Website,NONE
58284,12829,2024-02-12,Processing,Mobile App,NONE
58285,14542,2026-04-01,Delivered,Website,NONE
58286,12950,2024-03-23,Delivered,Website,BIG20
58287,10493,2025-06-10,Delivered,Website,SAVE10
58288,12405,2025-10-02,Delivered,Mobile App,SAVE10
58289,14433,2026-05-22,Delivered,Mobile App,SAVE10
58290,12412,2025-12-01,Delivered,Mobile App,NONE
58291,14915,2025-11-21,Shipped,Mobile App,NONE
58292,14514,2026-07-27,Delivered,Website,WELCOME5
58293,11320,2024-01-16,Delivered,Mobile App,SAVE10
58294,12070,2024-01-04,Delivered,Website,
58295,10926,2024-07-03,Delivered,Mobile App,NONE
58296,10958,2024-08-17,Delivered,Mobile App,NONE
58297,11839,2025-04-29,Delivered,Website,FEST15
58298,12099,2026-03-17,Delivered,Mobile App,SAVE10
58299,11753,2025-01-15,Delivered,Website,NONE
58300,13665,2026-05-14,Processing,Website,WELCOME5
58301,10760,2025-09-13,Delivered,Marketplace,NONE
58302,12377,2025-03-26,Delivered,Website,FEST15
58303,14444,2026-02-08,Delivered,Marketplace,NONE
58304,13661,2025-04-14,Processing,Mobile App,WELCOME5
58305,11023,2024-02-11,Delivered,Marketplace,WELCOME5
58306,11199,2026-04-08,Delivered,Website,NONE
58307,14631,2024-05-08,Processing,Mobile App,NONE
58308,12914,2025-03-22,Delivered,Mobile App,WELCOME5
58309,14399,2024-05-31,Delivered,Website,FEST15
58310,14322,2026-02-02,Delivered,Website,NONE
58311,12208,2025-09-10,Delivered,Marketplace,NONE
58312,12647,2026-07-09,Delivered,Website,NONE
58313,11842,2026-04-20,Processing,Website,FEST15
58314,13185,2024-09-10,Delivered,Website,WELCOME5
58315,13249,2024-09-01,Delivered,Website,SAVE10
58316,13395,2024-09-23,Shipped,Website,BIG20
58317,14305,2024-05-29,Delivered,Mobile App,NONE
58318,13699,2026-06-29,Delivered,Website,NONE
58319,10509,2024-03-21,Delivered,Marketplace,NONE
58320,11752,2025-02-15,Delivered,Mobile App,NONE
58321,12850,2024-09-30,Cancelled,Website,NONE
58322,13135,2024-01-16,Delivered,Website,NONE
58323,14322,2026-03-16,Delivered,Website,NONE
58324,12081,2025-05-02,Delivered,Mobile App,NONE
58325,14109,2026-05-01,Delivered,Website,SAVE10
58326,11955,2025-08-21,Processing,Marketplace,NONE
58327,10731,2025-04-26,Delivered,Mobile App,NONE
58328,12377,2024-08-25,Delivered,Marketplace,NONE
58329,10746,2025-07-27,Delivered,Mobile App,SAVE10
58330,12040,2025-12-06,Delivered,Website,WELCOME5
58331,11212,2024-01-28,Shipped,Website,NONE
58332,10130,2024-08-13,Delivered,Website,FEST15
58333,13318,2024-12-16,Shipped,Website,WELCOME5
58334,13710,2024-04-26,Shipped,Website,SAVE10
58335,10660,2024-03-22,Cancelled,Website,NONE
58336,12922,2024-08-29,Delivered,Website,NONE
58337,12511,2024-11-26,Delivered,Website,NONE
58338,10688,2025-06-01,Delivered,Website,NONE
58339,13042,2026-02-28,Shipped,Website,NONE
58340,11307,2026-04-10,Delivered,Mobile App,SAVE10
58341,14111,2025-01-05,Delivered,Marketplace,NONE
58342,13056,2025-05-28,Delivered,Mobile App,NONE
58343,10558,2024-01-14,Delivered,Mobile App,FEST15
58344,12591,2026-04-03,Delivered,Mobile App,NONE
58345,10584,2024-08-15,Delivered,Website,NONE
58346,13618,2024-03-03,Cancelled,Website,NONE
58347,11488,2025-08-07,Delivered,Website,FEST15
58348,12447,2024-12-27,Delivered,Website,NONE
58349,13481,2025-02-02,Delivered,Website,SAVE10
58350,14224,2025-02-26,Delivered,Marketplace,FEST15
58351,12562,2025-09-01,Delivered,Website,NONE
58352,10388,2026-02-16,Shipped,Mobile App,NONE
58353,11294,2025-07-08,Delivered,Website,BIG20
58354,13066,2025-08-15,Delivered,Mobile App,NONE
58355,10210,2026-02-23,Delivered,Website,SAVE10
58356,11858,2026-01-31,Delivered,Mobile App,WELCOME5
58357,11618,2024-06-16,Delivered,Website,WELCOME5
58358,11535,2024-11-24,Delivered,Mobile App,NONE
58359,14769,2025-04-23,Delivered,Website,WELCOME5
58360,14719,2026-06-25,Delivered,Marketplace,NONE
58361,14487,2025-08-11,Shipped,Mobile App,FEST15
58362,14320,2026-02-28,Cancelled,Mobile App,FEST15
58363,14468,2026-02-10,Processing,Website,SAVE10
58364,10919,2026-06-07,Delivered,Mobile App,SAVE10
58365,11968,2025-05-17,Cancelled,Website,SAVE10
58366,10288,2024-09-11,Processing,Website,NONE
58367,13986,2025-02-02,Delivered,Website,NONE
58368,14337,2024-01-07,Delivered,Marketplace,NONE
58369,10145,2025-10-25,Cancelled,Website,NONE
58370,10847,2025-08-20,Delivered,Mobile App,NONE
58371,10845,2024-06-09,Cancelled,Website,NONE
58372,14642,2025-04-22,Delivered,Mobile App,NONE
58373,13952,2025-11-25,Delivered,Website,SAVE10
58374,11387,2026-01-25,Delivered,Marketplace,NONE
58375,10229,2026-01-22,Delivered,Website,SAVE10
58376,12059,2024-04-04,Delivered,Mobile App,SAVE10
58377,12923,2024-12-28,Delivered,Marketplace,SAVE10
58378,10225,2025-07-31,Delivered,Mobile App,SAVE10
58379,12345,2024-04-12,Processing,Website,NONE
58380,12688,2024-07-11,Delivered,Marketplace,SAVE10
58381,14906,2026-07-03,Delivered,Website,NONE
58382,10944,2025-05-14,Processing,Mobile App,FEST15
58383,10918,2025-07-14,Processing,Mobile App,FEST15
58384,12156,2024-06-02,Shipped,Website,WELCOME5
58385,11598,2025-09-06,Delivered,Mobile App,BIG20
58386,14598,2026-06-03,Delivered,Website,NONE
58387,13936,2026-07-20,Shipped,Marketplace,NONE
58388,11263,2024-06-26,Shipped,Website,NONE
58389,11675,2024-08-03,Delivered,Marketplace,FEST15
58390,13175,2025-07-11,Delivered,Mobile App,NONE
58391,14358,2026-05-10,Delivered,Website,SAVE10
58392,11010,2024-01-06,Delivered,Website,SAVE10
58393,11481,2024-08-06,Processing,Website,NONE
58394,13050,2024-05-31,Delivered,Website,NONE
58395,14300,2026-02-04,Delivered,Website,NONE
58396,11446,2025-04-29,Delivered,Mobile App,FEST15
58397,12338,2025-11-24,Shipped,Mobile App,FEST15
58398,13408,2024-02-09,Processing,Website,NONE
58399,12127,2024-05-08,Delivered,Marketplace,WELCOME5
58400,13854,2025-06-10,Delivered,Website,NONE
58401,12576,2025-02-11,Delivered,Mobile App,NONE
58402,14404,2024-06-27,Delivered,Mobile App,WELCOME5
58403,13037,2024-09-10,Shipped,Website,WELCOME5
58404,14593,2025-12-05,Delivered,Website,NONE
58405,14299,2024-01-14,Processing,Website,NONE
58406,11207,2026-04-22,Delivered,Website,NONE
58407,14487,2024-06-03,Shipped,Marketplace,NONE
58408,10645,2026-01-05,Delivered,Website,NONE
58409,11414,2025-09-02,Delivered,Marketplace,FEST15
58410,10243,2024-03-02,Delivered,Mobile App,NONE
58411,10522,2026-01-11,Delivered,Marketplace,NONE
58412,13602,2025-04-26,Delivered,Website,NONE
58413,10556,2024-10-19,Delivered,Mobile App,BIG20
58414,10935,2024-04-17,Delivered,Website,FEST15
58415,12042,2024-04-21,Shipped,Website,NONE
58416,14001,2025-01-31,Delivered,Mobile App,NONE
58417,14055,2024-10-12,Delivered,Website,WELCOME5
58418,14825,2026-03-25,Delivered,Marketplace,NONE
58419,10276,2025-06-10,Shipped,Website,SAVE10
58420,10740,2024-02-09,Delivered,Website,SAVE10
58421,11995,2026-04-30,Delivered,Marketplace,FEST15
58422,11417,2024-09-01,Delivered,Marketplace,SAVE10
58423,10486,2025-08-11,Delivered,Marketplace,NONE
58424,12621,2026-03-12,Delivered,Mobile App,NONE
58425,12344,2025-10-09,Delivered,Mobile App,NONE
58426,12153,2025-01-28,Shipped,Website,SAVE10
58427,10113,2024-01-08,Delivered,Mobile App,NONE
58428,12130,2024-08-16,Delivered,Mobile App,NONE
58429,12291,2025-07-06,Delivered,Website,NONE
58430,11086,2026-07-09,Delivered,Marketplace,WELCOME5
58431,13975,2024-02-04,Delivered,Website,NONE
58432,14447,2024-05-31,Shipped,Mobile App,NONE
58433,14645,2024-12-13,Delivered,Mobile App,NONE
58434,13408,2026-02-03,Delivered,Website,NONE
58435,13381,2026-07-10,Delivered,Website,NONE
58436,10770,2024-06-21,Processing,Mobile App,NONE
58437,11971,2025-07-17,Delivered,Marketplace,NONE
58438,10023,2026-07-23,Delivered,Website,NONE
58439,12797,2026-08-26,Delivered,Mobile App,NONE
58440,13814,2026-02-01,Shipped,Website,WELCOME5
58441,13346,2026-01-25,Delivered,Website,SAVE10
58442,10080,2024-09-25,Delivered,Website,WELCOME5
58443,12782,2024-10-27,Delivered,Mobile app ,SAVE10
58444,14403,2026-08-12,Delivered,Website,NONE
58445,10511,2025-08-27,Delivered,Website,WELCOME5
58446,12648,2024-04-21,Processing,Website,FEST15
58447,11252,2024-03-08,Delivered,Website,NONE
58448,14651,2026-04-13,Delivered,Marketplace,NONE
58449,12754,2024-05-05,Delivered,Mobile App,BIG20
58450,13860,2025-11-09,Delivered,Marketplace,FEST15
58451,12623,2024-11-08,Delivered,Mobile App,NONE
58452,14472,2024-06-17,Delivered,Website,SAVE10
58453,11438,2024-04-20,Delivered,Mobile App,FEST15
58454,13720,2025-06-13,Delivered,Website,NONE
58455,12147,2026-02-18,Delivered,Website,NONE
58456,12884,2024-01-12,Delivered,Website,SAVE10
58457,13430,2025-11-13,Delivered,Website,NONE
58458,10866,2025-07-09,Delivered,Mobile App,NONE
58459,14340,2026-02-09,Delivered,Website,NONE
58460,13639,2025-07-18,Delivered,Website,FEST15
58461,12047,2024-05-02,Delivered,Mobile App,NONE
58462,12962,2025-01-31,Shipped,Mobile App,NONE
58463,13318,2026-08-15,Delivered,Website,NONE
58464,12274,2026-03-10,Shipped,Website,NONE
58465,13176,2024-12-06,Delivered,Mobile App,NONE
58466,12793,2026-06-21,Delivered,Mobile App,NONE
58467,13898,2024-01-08,Shipped,Website,FEST15
58468,11162,2025-06-01,Delivered,Mobile App,SAVE10
58469,10021,2026-01-20,Delivered,Mobile App,NONE
58470,12023,2025-10-15,Delivered,Mobile App,BIG20
58471,14123,2024-06-22,Delivered,Website,NONE
58472,10621,2024-05-21,Delivered,Marketplace,NONE
58473,14306,2025-12-22,Delivered,Mobile App,SAVE10
58474,12049,2026-08-26,Shipped,Website,BIG20
58475,11044,2026-01-11,Processing,Marketplace,WELCOME5
58476,12335,2026-04-12,Processing,Mobile App,NONE
58477,14059,2026-06-02,Delivered,Website,NONE
58478,14289,2026-07-09,Shipped,Marketplace,NONE
58479,13066,2026-02-05,Shipped,Mobile App,NONE
58480,12636,2026-01-24,Delivered,Website,NONE
58481,14033,2026-02-05,Delivered,Mobile App,NONE
58482,14545,2024-11-09,Delivered,Website,NONE
58483,13978,2025-06-08,Shipped,Website,NONE
58484,14840,2024-08-03,Delivered,Website,NONE
58485,14156,2025-05-29,Delivered,Website,NONE
58486,10245,2025-05-10,Delivered,Website,SAVE10
58487,10099,2024-03-07,Shipped,Website,WELCOME5
58488,12986,2024-03-21,Delivered,Website,FEST15
58489,14786,2026-07-11,Shipped,Mobile App,NONE
58490,11497,2025-06-19,Delivered,Website,NONE
58491,14832,2024-02-01,Cancelled,Website,NONE
58492,14257,2024-12-24,Delivered,Website,FEST15
58493,10704,2026-05-14,Delivered,Mobile App,WELCOME5
58494,12471,2025-12-07,Processing,Website,BIG20
58495,11106,2026-03-09,Delivered,Mobile App,BIG20
58496,10391,2025-08-29,Delivered,Website,WELCOME5
58497,13455,2025-11-10,Delivered,Mobile App,NONE
58498,11076,2024-08-27,Delivered,Marketplace,NONE
58499,12799,2026-03-27,Delivered,Mobile App,WELCOME5
58500,13370,2025-12-12,Delivered,Mobile App,WELCOME5
58501,12161,2024-08-20,Delivered,Website,NONE
58502,10399,2024-10-28,Processing,Website,SAVE10
58503,10346,2026-01-14,Processing,Website,NONE
58504,11896,2024-08-29,Shipped,Mobile App,NONE
58505,10214,2025-10-10,Shipped,Mobile App,NONE
58506,14359,2025-02-09,Delivered,Website,WELCOME5
58507,10832,2024-10-05,Delivered,Mobile App,SAVE10
58508,10147,2024-06-02,Delivered,Mobile App,WELCOME5
58509,10701,2025-11-30,Shipped,Marketplace,NONE
58510,13482,2024-11-11,Delivered,Marketplace,NONE
58511,12944,2025-06-23,Delivered,Website,NONE
58512,13378,2024-09-09,Delivered,Mobile App,NONE
58513,11735,2024-05-22,Cancelled,Website,SAVE10
58514,11604,2024-01-22,Delivered,Mobile App,BIG20
58515,13359,2026-06-30,Delivered,Mobile App,NONE
58516,10564,2024-10-18,Delivered,Website,FEST15
58517,11972,2025-07-12,Delivered,Mobile App,WELCOME5
58518,10513,2025-03-28,Delivered,Mobile App,NONE
58519,12121,2024-12-24,Delivered,Mobile App,FEST15
58520,14847,2026-03-15,Delivered,Mobile App,BIG20
58521,14251,2026-06-02,Delivered,Website,FEST15
58522,13385,2024-06-24,Delivered,Website,NONE
58523,13287,2024-01-31,Processing,Website,SAVE10
58524,11880,2024-11-13,Delivered,Website,FEST15
58525,13527,2024-04-09,Delivered,Mobile App,FEST15
58526,14168,2024-01-29,Delivered,Website,SAVE10
58527,12797,2026-02-19,Delivered,Website,BIG20
58528,10517,2024-03-13,Delivered,Website,WELCOME5
58529,13472,2024-03-09,Delivered,Mobile App,NONE
58530,10635,2024-12-11,Delivered,Mobile App,BIG20
58531,11620,2025-07-04,Delivered,Website,SAVE10
58532,10988,2025-04-29,Delivered,Website,WELCOME5
58533,10251,2025-12-24,Delivered,Website,NONE
58534,13818,2025-12-26,Delivered,Marketplace,WELCOME5
58535,13226,2024-01-17,Delivered,Mobile App,BIG20
58536,12045,2026-01-10,Delivered,Website,FEST15
58537,11908,2024-02-11,Delivered,Website,FEST15
58538,13213,2026-06-05,Delivered,Marketplace,NONE
58539,12658,2024-10-23,Delivered,Website,NONE
58540,11163,2026-05-30,Delivered,Marketplace,FEST15
58541,12403,2026-08-27,Shipped,Mobile App,SAVE10
58542,13887,2024-04-08,Delivered,Mobile App,SAVE10
58543,12762,2025-01-04,Delivered,Mobile App,NONE
58544,14009,2024-04-18,Delivered,Mobile App,NONE
58545,12541,2026-07-28,Delivered,Mobile App,SAVE10
58546,12067,2025-04-26,Delivered,Website,NONE
58547,13712,2026-03-23,Delivered,Mobile App,FEST15
58548,11047,2025-07-25,Delivered,Mobile App,NONE
58549,13134,2026-04-02,Delivered,Marketplace,NONE
58550,13151,2025-08-02,Delivered,Website,NONE
58551,11385,2024-02-17,Delivered,Marketplace,NONE
58552,11281,2025-04-16,Delivered,Website,NONE
58553,10419,2025-09-27,Delivered,Website,SAVE10
58554,10742,2026-08-09,Processing,Mobile App,NONE
58555,10478,2026-03-18,Delivered,Mobile App,WELCOME5
58556,13079,2025-05-08,Delivered,Website,SAVE10
58557,10609,2026-02-20,Delivered,Website,WELCOME5
58558,12565,2026-06-26,Shipped,Website,NONE
58559,10558,2026-04-29,Delivered,Mobile App,NONE
58560,13918,2026-08-16,Delivered,Website,NONE
58561,13389,2024-12-14,Delivered,Mobile App,NONE
58562,11462,2025-03-06,Cancelled,Marketplace,WELCOME5
58563,13677,2024-01-14,Delivered,Marketplace,WELCOME5
58564,11127,2024-05-09,Delivered,Website,BIG20
58565,13177,2026-03-03,Delivered,Mobile App,FEST15
58566,13203,2024-11-12,Delivered,Website,NONE
58567,12182,2025-03-01,Delivered,Mobile App,FEST15
58568,13506,2024-12-13,Delivered,Mobile App,NONE
58569,14740,2026-06-17,Delivered,Marketplace,NONE
58570,12067,2026-05-11,Cancelled,Mobile App,NONE
58571,11418,2025-12-18,Delivered,Mobile App,NONE
58572,12212,2026-07-21,Delivered,Marketplace,NONE
58573,12840,2025-06-14,Delivered,Marketplace,NONE
58574,10618,2024-06-13,Delivered,Website,NONE
58575,14800,2025-09-07,Delivered,Mobile App,SAVE10
58576,12348,2024-01-20,Shipped,Marketplace,WELCOME5
58577,14820,2025-02-11,Delivered,Mobile App,NONE
58578,14807,2026-03-16,Delivered,Marketplace,NONE
58579,10320,2024-06-23,Delivered,Mobile App,FEST15
58580,10569,2025-06-25,Shipped,Website,FEST15
58581,10908,2026-01-23,Delivered,Website,NONE
58582,12840,2025-12-29,Delivered,Website,FEST15
58583,11769,2025-07-28,Delivered,Mobile App,SAVE10
58584,10092,2024-11-17,Delivered,Marketplace,NONE
58585,12822,2024-08-22,Shipped,Website,SAVE10
58586,11627,2024-06-02,Delivered,Mobile App,NONE
58587,14218,2025-12-15,Delivered,Mobile App,NONE
58588,13806,2024-09-13,Shipped,Website,NONE
58589,14224,2025-09-22,Delivered,Website,NONE
58590,12836,2024-02-17,Delivered,Website,NONE
58591,13480,2024-10-10,Delivered,Mobile App,WELCOME5
58592,10406,2025-01-09,Shipped,Mobile App,NONE
58593,13799,2026-01-19,Delivered,Website,NONE
58594,12260,2024-04-06,Delivered,Marketplace,NONE
58595,10022,2025-04-01,Cancelled,Website,NONE
58596,10396,2025-03-25,Delivered,Mobile App,SAVE10
58597,11542,2024-11-07,Delivered,Website,WELCOME5
58598,11868,2026-02-14,Delivered,Website,NONE
58599,11044,2026-08-08,Delivered,Mobile App,NONE
58600,13845,2024-02-16,Delivered,Website,WELCOME5
58601,12235,2026-06-23,Delivered,Mobile App,FEST15
58602,11292,2026-05-19,Delivered,Website,BIG20
58603,13369,2026-03-28,Delivered,Website,FEST15
58604,12267,2024-04-29,Delivered,Marketplace,WELCOME5
58605,13894,2025-01-11,Delivered,Mobile App,WELCOME5
58606,12502,2025-09-28,Delivered,Mobile App,NONE
58607,13748,2024-07-17,Delivered,Marketplace,BIG20
58608,14267,2024-08-21,Shipped,Mobile App,NONE
58609,10397,2025-06-30,Delivered,Website,BIG20
58610,10608,2026-03-30,Delivered,Mobile App,FEST15
58611,13654,2024-06-06,Delivered,Mobile App,FEST15
58612,12753,2024-01-11,Delivered,Website,NONE
58613,11204,2026-08-24,Delivered,Mobile App,NONE
58614,10154,2025-02-12,Delivered,Mobile App,NONE
58615,14778,2024-03-14,Delivered,Mobile App,NONE
58616,10467,2026-07-22,Delivered,Website,WELCOME5
58617,12314,2024-09-22,Delivered,Mobile App,NONE
58618,11104,2024-04-19,Delivered,Website,BIG20
58619,11978,2025-10-10,Delivered,Website,SAVE10
58620,13599,2026-01-07,Shipped,Mobile App,NONE
58621,12546,2024-05-02,Processing,Website,NONE
58622,10206,2025-12-05,Delivered,Mobile App,NONE
58623,10437,2025-01-01,Delivered,Website,NONE
58624,14726,2024-11-05,Delivered,Mobile App,SAVE10
58625,11260,2025-10-08,Processing,Website,NONE
58626,12139,2024-02-28,Delivered,Website,NONE
58627,13928,2024-06-12,Processing,Marketplace,BIG20
58628,14194,2026-03-19,Delivered,Website,NONE
58629,11421,2026-08-14,Shipped,Mobile App,NONE
58630,11110,2026-05-27,Delivered,Mobile App,NONE
58631,12188,2026-01-29,Delivered,Website,NONE
58632,11690,2024-05-03,Delivered,Website,NONE
58633,13506,2024-10-26,Delivered,Website,NONE
58634,13636,2026-04-02,Delivered,Mobile App,NONE
58635,11301,2025-11-22,Shipped,Website,FEST15
58636,11896,2026-03-19,Delivered,Marketplace,FEST15
58637,13654,2025-02-02,Cancelled,Website,NONE
58638,12538,2025-07-13,Delivered,Website,NONE
58639,12756,2025-12-15,Delivered,Website,BIG20
58640,14047,2026-01-30,Delivered,Mobile App,WELCOME5
58641,13259,2025-12-04,Delivered,Website,NONE
58642,13256,2024-02-08,Delivered,Mobile App,SAVE10
58643,12409,2024-07-15,Delivered,Mobile App,NONE
58644,14180,2025-04-26,Delivered,Marketplace,NONE
58645,10115,2025-11-09,Delivered,Website,NONE
58646,10433,2026-07-26,Delivered,Mobile App,NONE
58647,13383,2024-10-18,Delivered,Website,NONE
58648,13041,2026-01-21,Delivered,Website,FEST15
58649,11399,2025-10-06,Processing,Marketplace,NONE
58650,13007,2024-09-17,Delivered,Marketplace,NONE
58651,10536,2024-06-16,Delivered,Website,BIG20
58652,13036,2025-08-27,Shipped,Mobile App,SAVE10
58653,11807,2024-11-14,Shipped,Mobile App,NONE
58654,12945,2024-07-25,Delivered,Website,NONE
58655,11705,2024-07-31,Delivered,Website,NONE
58656,13620,2024-08-03,Processing,Mobile App,WELCOME5
58657,10559,2024-03-29,Processing,Mobile App,FEST15
58658,14221,2024-07-02,Cancelled,Website,NONE
58659,12474,2026-08-04,Delivered,Website,NONE
58660,11148,2024-07-03,Delivered,Marketplace,FEST15
58661,14811,2025-01-31,Delivered,Website,WELCOME5
58662,10523,2025-04-29,Delivered,Mobile App,NONE
58663,12686,2025-11-12,Delivered,Website,NONE
58664,10370,2024-10-27,Delivered,Website,SAVE10
58665,14498,2026-03-13,Processing,Website,NONE
58666,10793,2026-01-24,Delivered,Website,WELCOME5
58667,11260,2025-05-08,Delivered,Website,WELCOME5
58668,13280,2026-05-17,Delivered,Website,NONE
58669,14424,2024-12-03,Cancelled,Mobile App,NONE
58670,12083,2025-04-17,Processing,Website,BIG20
58671,11302,2025-08-03,Delivered,Marketplace,BIG20
58672,11748,2024-07-04,Delivered,Marketplace,NONE
58673,14588,2024-03-20,Cancelled,Website,NONE
58674,14550,2026-08-26,Delivered,Mobile App,FEST15
58675,10613,2024-02-17,Delivered,Website,NONE
58676,14501,2024-02-15,Delivered,Website,FEST15
58677,14205,2024-04-08,Delivered,Website,NONE
58678,12695,2025-06-17,Delivered,Marketplace,SAVE10
58679,11278,2024-09-17,Delivered,Website,BIG20
58680,12293,2024-08-01,Delivered,Website,NONE
58681,13877,2026-04-14,Shipped,Mobile App,BIG20
58682,11353,2026-06-28,Delivered,Mobile App,FEST15
58683,11720,2026-04-29,Delivered,Website,SAVE10
58684,12300,2024-11-11,Delivered,Mobile App,WELCOME5
58685,10337,2024-03-23,Delivered,Mobile App,WELCOME5
58686,12055,2026-07-18,Delivered,Website,WELCOME5
58687,10670,2025-06-13,Shipped,Website,WELCOME5
58688,10035,2026-08-01,Shipped,Mobile App,NONE
58689,11936,2024-06-11,Delivered,Mobile App,NONE
58690,13793,2026-07-03,Delivered,Website,NONE
58691,14914,2024-10-27,Delivered,Website,BIG20
58692,12193,2026-02-07,Delivered,Website,WELCOME5
58693,13770,2024-04-16,Delivered,Marketplace,FEST15
58694,11115,2025-12-19,Delivered,Website,FEST15
58695,13183,2025-04-04,Shipped,Mobile App,NONE
58696,13332,2026-07-13,Delivered,Website,NONE
58697,11662,2024-05-23,Delivered,Website,SAVE10
58698,12239,2024-08-04,Cancelled,Marketplace,NONE
58699,13351,2025-09-09,Cancelled,Marketplace,NONE
58700,11569,2026-02-24,Delivered,Website,NONE
58701,13019,2026-05-11,Cancelled,Marketplace,NONE
58702,11155,2024-04-20,Delivered,Website,NONE
58703,12678,2024-01-07,Delivered,Mobile App,WELCOME5
58704,10296,2024-12-17,Delivered,Website,NONE
58705,12233,2024-04-04,Delivered,Mobile App,SAVE10
58706,12516,2025-01-24,Delivered,Mobile app ,SAVE10
58707,14137,2025-04-07,Shipped,Website,NONE
58708,11878,2026-08-23,Delivered,Marketplace,NONE
58709,10031,2024-02-02,Delivered,Website,NONE
58710,10202,2024-11-07,Delivered,Mobile App,NONE
58711,12697,2024-11-24,Delivered,Marketplace,NONE
58712,14063,2025-06-22,Delivered,Website,NONE
58713,14453,2024-11-06,Shipped,Marketplace,WELCOME5
58714,14042,2025-09-06,Processing,Mobile App,NONE
58715,11700,2026-04-03,Delivered,Mobile App,NONE
58716,12451,2025-10-19,Delivered,Website,SAVE10
58717,14442,2025-10-02,Delivered,Website,FEST15
58718,14195,2024-04-26,Delivered,Website,NONE
58719,12270,2026-05-10,Delivered,Marketplace,NONE
58720,12406,2025-06-26,Delivered,Website,FEST15
58721,10347,2024-06-08,Delivered,Website,WELCOME5
58722,10845,2025-09-07,Delivered,Website,NONE
58723,12647,2025-04-17,Delivered,Marketplace,SAVE10
58724,12588,2026-05-26,Delivered,Mobile App,WELCOME5
58725,12875,2025-09-20,Shipped,Website,SAVE10
58726,11563,2026-07-17,Shipped,Mobile App,NONE
58727,11135,2026-08-03,Delivered,Website,NONE
58728,12262,2024-08-15,Shipped,Marketplace,FEST15
58729,14394,2024-10-10,Delivered,Mobile App,NONE
58730,14854,2024-07-23,Shipped,Website,NONE
58731,10263,2024-08-11,Shipped,Website,NONE
58732,11778,2025-10-25,Delivered,Mobile App,NONE
58733,12607,2026-07-09,Shipped,Mobile App,NONE
58734,11080,2025-04-19,Delivered,Website,FEST15
58735,11767,2026-02-23,Delivered,Marketplace,NONE
58736,10643,2025-12-22,Shipped,Mobile App,NONE
58737,12320,2024-09-09,Delivered,Marketplace,NONE
58738,14420,2026-04-03,Delivered,Website,NONE
58739,14644,2025-04-09,Delivered,Mobile App,NONE
58740,10075,2024-01-11,Delivered,Marketplace,NONE
58741,13184,2025-11-25,Delivered,Website,NONE
58742,14538,2026-05-02,Delivered,Mobile App,SAVE10
58743,13841,2024-08-25,Delivered,Mobile App,SAVE10
58744,10309,2024-09-14,Shipped,Website,WELCOME5
58745,11949,2025-12-11,Delivered,Mobile App,NONE
58746,13764,2026-07-29,Shipped,Website,SAVE10
58747,14899,2024-09-09,Delivered,Website,WELCOME5
58748,11469,2025-02-21,Delivered,Mobile App,WELCOME5
58749,11416,2025-10-20,Delivered,Website,NONE
58750,11250,2026-04-06,Delivered,Marketplace,SAVE10
58751,14475,2024-02-02,Shipped,Website,NONE
58752,10900,2024-07-12,Delivered,Marketplace,NONE
58753,11831,2026-05-17,Cancelled,Mobile App,FEST15
58754,10673,2025-05-24,Delivered,Mobile App,WELCOME5
58755,14699,2026-01-05,Delivered,Marketplace,NONE
58756,10332,2024-03-02,Delivered, marketplace,FEST15
58757,12537,2024-03-29,Delivered,Marketplace,SAVE10
58758,10776,2025-12-13,Delivered,Mobile App,NONE
58759,12036,2024-12-30,Delivered,Mobile App,NONE
58760,12943,2026-07-02,Delivered,Website,FEST15
58761,13492,2025-02-22,Delivered,Website,WELCOME5
58762,12849,2026-03-28,Shipped,Mobile App,NONE
58763,12137,2025-06-11,Delivered,Website,NONE
58764,11406,2025-10-21,Delivered,Mobile App,NONE
58765,14014,2025-09-26,Delivered,Mobile App,NONE
58766,13400,2024-04-25,Processing,Mobile App,NONE
58767,13360,2026-02-09,Delivered,Mobile App,FEST15
58768,13849,2026-08-12,Delivered,Marketplace,SAVE10
58769,11102,2025-01-10,Delivered,Website,BIG20
58770,14901,2024-11-29,Cancelled,Mobile App,NONE
58771,14598,2025-08-02,Delivered,Mobile App,WELCOME5
58772,12199,2025-09-05,Shipped,Website,NONE
58773,11020,2025-01-06,Delivered,Mobile App,WELCOME5
58774,11873,2024-09-21,Shipped,Website,NONE
58775,11944,2026-07-31,Delivered,Mobile App,NONE
58776,14866,2026-03-13,Delivered,Marketplace,FEST15
58777,11444,2025-07-08,Cancelled,Website,BIG20
58778,14711,2025-01-02,Delivered,Mobile App,SAVE10
58779,11156,2024-12-07,Delivered,Marketplace,WELCOME5
58780,14635,2025-01-13,Cancelled,Mobile App,NONE
58781,14651,2025-07-29,Delivered,Website,WELCOME5
58782,13044,2024-01-05,Shipped,Mobile App,NONE
58783,10539,2025-09-29,Delivered,Website,BIG20
58784,13089,2025-07-12,Delivered,Website,NONE
58785,14557,2024-05-20,Delivered,Marketplace,FEST15
58786,14640,2024-08-31,Delivered,Website,SAVE10
58787,12288,2024-09-25,Delivered,Marketplace,NONE
58788,12400,2026-06-13,Delivered,Mobile App,NONE
58789,11921,2026-06-25,Delivered,Website,
58790,11068,2026-01-29,Delivered,Marketplace,NONE
58791,13268,2025-10-23,Delivered,Website,FEST15
58792,14927,2026-07-12,Delivered,Marketplace,FEST15
58793,11337,2025-12-13,Delivered,Mobile App,NONE
58794,14211,2025-01-13,Delivered,Mobile App,SAVE10
58795,10480,2024-12-13,Delivered,Website,BIG20
58796,10281,2025-10-03,Processing,Marketplace,NONE
58797,14504,2025-01-31,Delivered,Mobile App,WELCOME5
58798,10563,2025-03-14,Cancelled,Mobile App,NONE
58799,12070,2026-08-01,Delivered,Mobile App,FEST15
58800,14411,2026-06-01,Cancelled,Mobile App,NONE
58801,11745,2025-08-11,Delivered,Mobile App,NONE
58802,11506,2024-11-10,Delivered,Mobile App,NONE
58803,10204,2025-03-05,Delivered,Website,BIG20
58804,13482,2024-11-14,Delivered,Website,SAVE10
58805,11601,2025-02-10,Shipped,Mobile App,WELCOME5
58806,10590,2024-12-20,Delivered,Website,FEST15
58807,12374,2025-03-07,Cancelled,Marketplace,FEST15
58808,10853,2025-04-27,Delivered,Mobile App,WELCOME5
58809,14244,2025-09-15,Delivered,Website,NONE
58810,13737,2026-05-11,Delivered,Mobile App,FEST15
58811,14899,2025-05-27,Delivered,Mobile App,WELCOME5
58812,14897,2024-07-20,Shipped,Mobile App,FEST15
58813,14186,2024-06-28,Delivered,Marketplace,SAVE10
58814,12511,2025-09-23,Delivered,Mobile App,NONE
58815,10852,2026-08-26,Delivered,Mobile App,BIG20
58816,10215,2024-10-23,Delivered,Mobile App,NONE
58817,10458,2024-03-26,Delivered,Mobile App,NONE
58818,11172,2024-03-21,Delivered,Website,NONE
58819,14415,2024-09-22,Delivered,Website,NONE
58820,11064,2026-07-14,Delivered,Mobile App,NONE
58821,10464,2026-01-27,Delivered,Mobile App,SAVE10
58822,14677,2026-02-01,Delivered,Website,NONE
58823,12178,2024-11-18,Delivered,Website,WELCOME5
58824,12096,2026-07-12,Delivered,Website,NONE
58825,11509,2025-01-30,Delivered,Mobile App,NONE
58826,14739,2025-01-23,Cancelled,Website,NONE
58827,11741,2026-06-28,Cancelled,Website,NONE
58828,14298,2026-01-04,Delivered,Website,NONE
58829,14961,2024-10-07,Delivered,Website,WELCOME5
58830,12255,2025-09-23,Cancelled,Marketplace,WELCOME5
58831,13504,2024-12-05,Delivered,Website,NONE
58832,10125,2025-08-23,Delivered,Website,NONE
58833,13909,2024-05-13,Delivered,Website,SAVE10
58834,14865,2024-02-09,Delivered,Mobile App,SAVE10
58835,10976,2026-07-23,Shipped,Marketplace,WELCOME5
58836,10051,2024-03-10,Delivered,Marketplace,WELCOME5
58837,10220,2025-01-24,Delivered,Website,NONE
58838,14281,2024-07-08,Delivered,Mobile App,WELCOME5
58839,11220,2024-01-15,Shipped,Marketplace,NONE
58840,12067,2025-12-28,Delivered,Website,WELCOME5
58841,11681,2024-10-01,Delivered,Marketplace,SAVE10
58842,11507,2026-02-13,Delivered,Mobile App,NONE
58843,10828,2025-06-17,Delivered,Marketplace,SAVE10
58844,12042,2025-09-19,Delivered,Marketplace,NONE
58845,14622,2025-10-10,Shipped,Website,SAVE10
58846,11785,2024-07-05,Delivered,Mobile App,NONE
58847,14008,2025-03-18,Delivered,Website,NONE
58848,13446,2026-01-24,Processing,Website,NONE
58849,13987,2024-08-15,Cancelled,Mobile App,NONE
58850,12864,2024-04-20,Delivered,Marketplace,WELCOME5
58851,11857,2025-02-06,Delivered,website,SAVE10
58852,11285,2026-05-17,Delivered,Mobile App,NONE
58853,11401,2024-11-08,Delivered,Website,SAVE10
58854,12638,2025-01-08,Delivered,Website,SAVE10
58855,12021,2024-05-02,Delivered,Website,NONE
58856,12025,2025-12-06,Delivered,Mobile App,NONE
58857,11845,2024-11-23,Delivered,Website,NONE
58858,14604,2024-06-13,Delivered,Website,NONE
58859,13217,2024-04-08,Delivered,Website,NONE
58860,14462,2024-10-31,Delivered,Website,FEST15
58861,14641,2024-07-16,Delivered,Mobile App,NONE
58862,13087,2025-04-25,Delivered,Website,NONE
58863,10459,2025-02-17,Delivered,Website,NONE
58864,14827,2025-04-26,Delivered,Website,NONE
58865,12392,2024-12-21,Delivered,Mobile App,NONE
58866,11876,2024-04-04,Delivered,Website,WELCOME5
58867,12068,2026-01-23,Delivered,Website,NONE
58868,10440,2025-06-15,Delivered,Website,NONE
58869,13322,2024-06-27,Shipped,Marketplace,WELCOME5
58870,10239,2024-03-13,Processing,Mobile App,NONE
58871,13604,2026-06-30,Delivered,Website,FEST15
58872,14168,2026-06-14,Delivered,Mobile App,NONE
58873,12111,2024-07-02,Delivered,Marketplace,NONE
58874,11918,2025-02-13,Processing,Mobile App,NONE
58875,13366,2025-07-18,Delivered,Mobile App,NONE
58876,14302,2025-03-01,Delivered,Website,FEST15
58877,10479,2026-03-22,Delivered,Mobile App,SAVE10
58878,12294,2025-07-13,Delivered,Website,WELCOME5
58879,11615,2024-09-14,Delivered,Website,WELCOME5
58880,10056,2026-01-28,Delivered,Marketplace,NONE
58881,10043,2026-04-28,Delivered,Mobile App,SAVE10
58882,12644,2024-03-08,Delivered,Website,FEST15
58883,13819,2026-04-05,Shipped,Mobile App,NONE
58884,12973,2025-11-12,Delivered,Marketplace,NONE
58885,11244,2026-06-09,Delivered,Mobile App,WELCOME5
58886,12258,2026-06-02,Shipped,Mobile App,SAVE10
58887,14829,2024-02-18,Delivered,Website,NONE
58888,14191,2025-03-02,Delivered,Mobile App,SAVE10
58889,10600,2024-03-10,Delivered,Marketplace,NONE
58890,13221,2024-01-13,Delivered,Website,NONE
58891,13124,2026-06-08,Shipped,Mobile App,
58892,11824,2024-08-27,Cancelled,Mobile App,WELCOME5
58893,11823,2024-02-28,Delivered,Website,NONE
58894,13596,2026-07-01,Delivered,Website,NONE
58895,14675,2025-01-30,Shipped,Marketplace,FEST15
58896,11599,2024-04-24,Delivered,Website,SAVE10
58897,14636,2024-09-04,Delivered,Website,SAVE10
58898,14193,2024-01-14,Delivered,Website,NONE
58899,10264,2025-10-18,Delivered,Mobile App,NONE
58900,11401,2026-06-26,Delivered,Website,SAVE10
58901,12205,2025-01-14,Delivered,Website,FEST15
58902,13334,2026-04-17,Delivered,Website,NONE
58903,11134,2024-11-28,Shipped,Mobile App,SAVE10
58904,12076,2025-03-22,Delivered,Website,NONE
58905,10464,2024-07-26,Shipped,Website,FEST15
58906,10506,2024-01-06,Processing,Mobile App,WELCOME5
58907,12175,2024-06-07,Delivered,Mobile App,NONE
58908,13149,2025-07-20,Delivered,Mobile App,NONE
58909,12262,2024-04-06,Delivered,Website,NONE
58910,11916,2026-03-03,Shipped,Website,SAVE10
58911,12490,2026-06-08,Delivered,Website,NONE
58912,13172,2024-10-04,Cancelled,Website,NONE
58913,13571,2024-09-19,Delivered,Website,NONE
58914,12700,2024-06-16,Delivered,Mobile App,WELCOME5
58915,10460,2025-02-01,Delivered,Mobile App,NONE
58916,10208,2026-05-27,Delivered,Marketplace,SAVE10
58917,11715,2025-01-13,Delivered,Website,SAVE10
58918,11025,2026-01-14,Delivered,Website,NONE
58919,12685,2024-11-08,Delivered,Mobile App,FEST15
58920,13503,2025-03-10,Shipped,Mobile App,NONE
58921,11261,2025-04-23,Delivered,Mobile App,BIG20
58922,12339,2026-05-27,Delivered,Mobile App,NONE
58923,11093,2025-04-28,Delivered,Website,NONE
58924,12333,2025-08-12,Delivered,Website,SAVE10
58925,11891,2026-04-08,Delivered,Mobile App,NONE
58926,10012,2026-07-04,Delivered,Mobile App,NONE
58927,13327,2026-05-18,Delivered,Website,NONE
58928,11514,2024-04-10,Delivered,Website,WELCOME5
58929,13740,2024-04-18,Delivered,Marketplace,BIG20
58930,13348,2025-02-27,Delivered,Mobile App,NONE
58931,10976,2024-12-06,Processing,Mobile App,WELCOME5
58932,14435,2025-10-20,Delivered,Website,SAVE10
58933,10112,2025-02-23,Delivered,Marketplace,NONE
58934,12871,2025-01-30,Delivered,Mobile App,NONE
58935,14013,2024-03-28,Delivered,Website,SAVE10
58936,12704,2024-12-05,Delivered,Website,NONE
58937,12788,2025-07-08,Delivered,Website,SAVE10
58938,12352,2025-11-05,Delivered,Website,NONE
58939,10301,2024-06-12,Delivered,Website,WELCOME5
58940,13393,2025-08-10,Delivered,Website,WELCOME5
58941,14765,2025-07-09,Delivered,Website,NONE
58942,13991,2024-10-01,Delivered,Mobile App,SAVE10
58943,10294,2026-05-12,Delivered,Website,NONE
58944,11104,2025-03-06,Delivered,Website,WELCOME5
58945,14164,2024-09-13,Delivered,Marketplace,WELCOME5
58946,13570,2025-11-16,Delivered,Website,SAVE10
58947,11833,2024-07-01,Shipped,Website,NONE
58948,11220,2025-08-31,Shipped,Mobile App,NONE
58949,12312,2025-10-23,Delivered,Marketplace,SAVE10
58950,10159,2025-03-15,Delivered,Mobile App,BIG20
58951,10448,2024-07-16,Delivered,Website,BIG20
58952,10374,2024-09-09,Delivered,Mobile App,FEST15
58953,14126,2024-08-03,Delivered,Website,NONE
58954,10233,2024-04-21,Delivered,Mobile App,NONE
58955,12764,2026-08-26,Delivered,Website,BIG20
58956,11401,2026-03-25,Delivered,Website,NONE
58957,13783,2025-05-21,Delivered,Mobile App,SAVE10
58958,10636,2026-03-06,Delivered,Website,WELCOME5
58959,14552,2025-09-29,Shipped,Mobile App,NONE
58960,10427,2025-08-17,Delivered,Website,NONE
58961,14233,2025-11-26,Delivered,Marketplace,WELCOME5
58962,10738,2025-07-08,Delivered,Mobile App,WELCOME5
58963,10149,2025-06-27,Delivered,Website,NONE
58964,10191,2024-05-12,Delivered,Mobile App,WELCOME5
58965,13905,2025-08-15,Delivered,Mobile App,SAVE10
58966,11718,2025-03-09,Delivered,Website,NONE
58967,12084,2024-08-26,Shipped,Mobile App,NONE
58968,14115,2025-04-14,Delivered,Mobile App,FEST15
58969,11309,2026-03-19,Processing,Mobile App,NONE
58970,12769,2025-03-23,Delivered,Website,NONE
58971,11493,2025-04-07,Delivered,Mobile App,NONE
58972,10325,2024-08-22,Delivered,Website,NONE
58973,14969,2026-02-20,Delivered,Website,NONE
58974,11875,2024-04-30,Shipped,Website,SAVE10
58975,14237,2026-03-23,Delivered,Website,SAVE10
58976,12150,2026-06-22,Delivered,Mobile App,NONE
58977,14336,2024-06-21,Delivered,Website,SAVE10
58978,10863,2025-06-23,Delivered,Website,NONE
58979,12701,2025-07-22,Delivered,Website,NONE
58980,11866,2026-04-16,Processing,Website,SAVE10
58981,14963,2024-11-12,Delivered,Mobile App,FEST15
58982,11684,2025-10-13,Delivered,Mobile App,SAVE10
58983,13858,2024-04-06,Delivered,Website,SAVE10
58984,12470,2026-03-06,Shipped,Mobile App,NONE
58985,12004,2026-01-05,Processing,Mobile App,NONE
58986,13487,2024-07-28,Shipped,Website,NONE
58987,13224,2024-05-01,Delivered,Website,NONE
58988,12395,2024-04-12,Delivered,Website,NONE
58989,10277,2026-03-15,Shipped,website,FEST15
58990,10370,2025-08-18,Delivered,Website,SAVE10
58991,12994,2024-12-26,Delivered,Mobile App,NONE
58992,10277,2025-06-16,Delivered,Website,WELCOME5
58993,13029,2025-06-25,Shipped,Mobile App,NONE
58994,14440,2024-04-03,Processing,Marketplace,FEST15
58995,13947,2025-03-02,Delivered,Website,NONE
58996,13474,2025-08-15,Delivered,Marketplace,NONE
58997,11369,2025-08-12,Processing,Website,FEST15
58998,13286,2024-06-25,Delivered,Website,NONE
58999,10917,2026-06-19,Delivered,Mobile App,SAVE10
59000,14567,2024-04-14,Processing,Mobile App,SAVE10
59001,10451,2026-04-16,Delivered,Mobile app ,FEST15
59002,12708,2026-08-13,Processing,Mobile App,FEST15
59003,12432,2025-12-29,Delivered,Website,SAVE10
59004,10369,2025-06-23,Delivered,Website,WELCOME5
59005,10933,2024-07-05,Delivered,Website,BIG20
59006,13572,2024-11-15,Delivered,Marketplace,NONE
59007,12979,2025-06-16,Delivered,Marketplace,SAVE10
59008,10812,2024-04-05,Delivered,Website,SAVE10
59009,10703,2025-11-17,Delivered,Mobile App,NONE
59010,13331,2026-06-08,Delivered,Website,NONE
59011,13304,2025-12-21,Delivered,Mobile App,NONE
59012,12004,2026-07-03,Delivered,Website,NONE
59013,10102,2025-04-05,Delivered,Mobile App,FEST15
59014,10142,2024-09-06,Delivered,Website,NONE
59015,10755,2024-01-17,Delivered,Mobile App,WELCOME5
59016,10278,2025-02-25,Shipped,Website,WELCOME5
59017,12784,2024-04-21,Delivered,Mobile App,SAVE10
59018,11964,2025-09-18,Delivered,Website,BIG20
59019,11087,2026-02-17,Delivered,Marketplace,NONE
59020,12973,2024-04-17,Delivered,Mobile App,NONE
59021,13523,2025-05-16,Delivered,Website,NONE
59022,10855,2025-06-04,Shipped,Website,NONE
59023,13126,2024-10-28,Delivered,Website,FEST15
59024,10534,2024-07-31,Delivered,Mobile App,NONE
59025,13000,2025-11-23,Delivered,Website,WELCOME5
59026,11882,2024-08-06,Delivered,Mobile App,NONE
59027,10549,2024-01-31,Delivered,Mobile App,BIG20
59028,14021,2025-08-07,Delivered,Website,SAVE10
59029,10914,2024-03-06,Shipped,Website,NONE
59030,13921,2024-10-27,Delivered,Marketplace,SAVE10
59031,11827,2024-03-25,Delivered,Mobile App,WELCOME5
59032,13421,2025-06-17,Delivered,Mobile App,NONE
59033,13536,2024-07-30,Delivered,Mobile App,NONE
59034,12127,2024-09-11,Delivered,Website,NONE
59035,13335,2025-01-22,Delivered,Mobile App,SAVE10
59036,12210,2025-04-18,Delivered,Website,
59037,13032,2025-11-28,Delivered,Website,NONE
59038,11130,2026-06-23,Delivered,Mobile App,NONE
59039,12127,2025-08-08,Cancelled,Marketplace,NONE
59040,10686,2025-04-15,Delivered,Mobile App,FEST15
59041,12079,2025-07-20,Delivered,Mobile App,NONE
59042,10080,2025-05-01,Delivered,Website,NONE
59043,12049,2024-01-06,Delivered,Website,NONE
59044,14301,2025-04-23,Delivered,Mobile App,NONE
59045,11807,2025-12-22,Delivered,Mobile App,NONE
59046,12481,2026-04-10,Delivered,Marketplace,NONE
59047,14281,2024-03-30,Delivered,Marketplace,NONE
59048,10016,2025-10-23,Delivered,Website,NONE
59049,13354,2024-04-16,Delivered,Mobile App,NONE
59050,12646,2024-01-30,Delivered,Mobile App,NONE
59051,11716,2024-02-14,Delivered,Website,NONE
59052,11292,2024-04-24,Delivered,Mobile App,WELCOME5
59053,12964,2024-03-22,Cancelled,Marketplace,SAVE10
59054,12137,2025-07-14,Delivered,Marketplace,NONE
59055,11977,2026-06-11,Cancelled,Mobile App,NONE
59056,13363,2026-01-07,Delivered,Website,NONE
59057,11998,2025-12-10,Delivered,Mobile App,WELCOME5
59058,14049,2024-04-23,Delivered,Marketplace,BIG20
59059,11425,2026-06-29,Processing,Mobile App,NONE
59060,13503,2025-05-02,Processing,Website,SAVE10
59061,12817,2024-01-31,Delivered,Website,NONE
59062,14482,2025-09-15,Delivered,Website,FEST15
59063,12002,2025-11-14,Delivered,Website,BIG20
59064,11174,2025-01-23,Shipped,Website,NONE
59065,11993,2025-11-24,Delivered,Website,NONE
59066,13307,2025-11-03,Shipped,Mobile App,FEST15
59067,12150,2025-07-17,Delivered,Website,NONE
59068,14450,2024-11-28,Delivered,Marketplace,SAVE10
59069,10780,2026-08-26,Delivered,Website,NONE
59070,11543,2025-08-27,Delivered,Website,NONE
59071,14917,2025-03-24,Shipped,Website,NONE
59072,13998,2026-01-12,Delivered,Mobile App,NONE
59073,10385,2024-08-23,Delivered,Website,NONE
59074,14702,2026-07-16,Delivered,Website,NONE
59075,12130,2025-12-14,Delivered,Mobile App,WELCOME5
59076,13220,2025-09-11,Shipped,Mobile App,NONE
59077,10084,2024-09-15,Delivered,Website,SAVE10
59078,10822,2024-12-07,Processing,Marketplace,BIG20
59079,13493,2026-07-10,Delivered,Mobile App,BIG20
59080,11305,2025-11-30,Delivered,Mobile App,SAVE10
59081,10589,2024-04-17,Delivered,Marketplace,NONE
59082,13400,2026-02-19,Delivered,Mobile App,NONE
59083,11087,2024-04-25,Delivered,Website,NONE
59084,14331,2025-02-06,Delivered,Marketplace,WELCOME5
59085,10894,2025-02-08,Delivered,Mobile App,FEST15
59086,10119,2024-12-17,Cancelled,Website,WELCOME5
59087,11953,2025-04-25,Delivered,Website,NONE
59088,11632,2024-05-27,Delivered,Website,BIG20
59089,13193,2025-10-03,Delivered,Website,SAVE10
59090,11168,2025-10-18,Delivered,Website,BIG20
59091,14904,2026-04-06,Delivered,Mobile App,FEST15
59092,12111,2025-03-07,Processing,Website,SAVE10
59093,13546,2025-05-29,Delivered,Website,NONE
59094,13843,2024-05-08,Delivered,Website,NONE
59095,14421,2024-12-02,Delivered,Website,NONE
59096,12515,2025-06-28,Shipped,Marketplace,NONE
59097,11138,2025-02-07,Delivered,Website,FEST15
59098,12592,2026-08-18,Delivered,Marketplace,NONE
59099,12129,2024-09-26,Delivered,Marketplace,BIG20
59100,13046,2024-02-19,Delivered,Website,SAVE10
59101,11182,2026-04-21,Delivered,Website,FEST15
59102,12579,2025-05-15,Delivered,Mobile App,WELCOME5
59103,14789,2024-03-09,Processing,Website,NONE
59104,13442,2026-06-26,Delivered,Website,NONE
59105,14788,2024-07-20,Delivered,Marketplace,NONE
59106,10536,2026-07-19,Delivered,Mobile App,NONE
59107,13269,2024-11-29,Delivered,Website,BIG20
59108,10115,2024-11-27,Delivered,Website,NONE
59109,11016,2024-07-24,Delivered,Mobile App,NONE
59110,14134,2024-06-15,Delivered,Website,FEST15
59111,10506,2026-02-15,Delivered,Mobile App,SAVE10
59112,12395,2025-02-12,Delivered,Website,WELCOME5
59113,10350,2025-06-23,Delivered,Mobile App,BIG20
59114,11493,2024-11-04,Delivered,Mobile App,SAVE10
59115,10618,2025-02-14,Delivered,Marketplace,WELCOME5
59116,12272,2025-04-13,Cancelled,Marketplace,BIG20
59117,13215,2024-10-28,Delivered,Website,NONE
59118,13251,2025-08-01,Delivered,Website,SAVE10
59119,14663,2025-03-27,Cancelled,Marketplace,NONE
59120,10609,2026-01-15,Shipped,Website,FEST15
59121,12003,2026-01-24,Processing,Website,NONE
59122,12619,2025-09-07,Delivered,Mobile App,WELCOME5
59123,10431,2024-04-10,Processing,Website,NONE
59124,10554,2026-05-15,Shipped,Website,NONE
59125,11552,2025-11-05,Delivered,Website,FEST15
59126,14298,2025-12-14,Delivered,Website,NONE
59127,12932,2025-09-21,Delivered,Marketplace,WELCOME5
59128,12812,2025-05-18,Delivered,Mobile App,WELCOME5
59129,12756,2025-06-30,Delivered,Website,NONE
59130,14055,2024-04-25,Delivered,Website,NONE
59131,12725,2026-06-10,Cancelled,Mobile App,FEST15
59132,13606,2026-02-18,Processing,Website,NONE
59133,11548,2026-06-01,Shipped,Website,NONE
59134,14077,2025-11-23,Delivered,Website,NONE
59135,10162,2024-09-14,Delivered,Mobile App,NONE
59136,11710,2024-11-22,Processing,Marketplace,NONE
59137,11251,2026-04-20,Delivered,Mobile App,
59138,10698,2024-08-12,Delivered,Website,FEST15
59139,12685,2025-08-19,Delivered,Website,WELCOME5
59140,14459,2025-09-30,Delivered,Website,FEST15
59141,10813,2024-06-26,Delivered,Website,NONE
59142,14424,2024-03-22,Shipped,Mobile App,FEST15
59143,14286,2024-02-02,Delivered,Marketplace,SAVE10
59144,14417,2026-02-02,Delivered,Website,SAVE10
59145,10031,2024-10-09,Delivered,Website,NONE
59146,14947,2024-08-08,Delivered,Mobile App,NONE
59147,12138,2026-05-31,Shipped,Website,NONE
59148,12981,2025-07-29,Delivered,Website,NONE
59149,11525,2024-01-24,Shipped,Website,SAVE10
59150,12563,2024-10-21,Delivered,Mobile App,NONE
59151,12751,2025-04-05,Delivered,Mobile App,NONE
59152,13987,2025-04-07,Processing,Mobile App,FEST15
59153,11708,2026-01-30,Delivered,Mobile App,NONE
59154,10551,2026-02-15,Delivered,Website,NONE
59155,12933,2024-01-31,Delivered,Website,WELCOME5
59156,13916,2024-10-05,Shipped,Website,SAVE10
59157,10079,2025-08-05,Delivered,Website,SAVE10
59158,14062,2024-02-02,Delivered,Mobile App,NONE
59159,14018,2025-07-07,Delivered,Website,SAVE10
59160,12886,2024-03-16,Processing,Mobile App,NONE
59161,14741,2025-07-09,Delivered,Website,BIG20
59162,11940,2024-03-13,Delivered,Website,FEST15
59163,10668,2025-12-17,Delivered,Website,WELCOME5
59164,13282,2025-03-21,Delivered,Website,SAVE10
59165,13050,2026-07-11,Delivered,Website,NONE
59166,14576,2024-03-21,Delivered,Mobile App,SAVE10
59167,11122,2026-04-23,Delivered,Mobile App,BIG20
59168,10790,2025-02-04,Delivered,Mobile App,NONE
59169,13396,2025-04-18,Delivered,Website,NONE
59170,11556,2025-11-07,Shipped,Marketplace,NONE
59171,10925,2025-08-26,Delivered,Mobile App,FEST15
59172,13358,2026-05-03,Delivered,Mobile App,NONE
59173,10927,2026-03-17,Delivered,Marketplace,WELCOME5
59174,14167,2024-08-02,Shipped,Mobile App,FEST15
59175,11556,2024-09-23,Processing,Marketplace,SAVE10
59176,13261,2026-04-30,Shipped,Website,NONE
59177,12887,2026-02-24,Processing,Mobile App,NONE
59178,12955,2026-08-06,Delivered,Marketplace,NONE
59179,11521,2026-06-07,Delivered,Website,SAVE10
59180,10429,2025-08-29,Shipped,Website,NONE
59181,13198,2026-07-22,Delivered,Marketplace,NONE
59182,12169,2025-12-16,Delivered,Website,NONE
59183,14885,2026-05-10,Delivered,Mobile App,NONE
59184,14451,2025-04-13,Delivered,Website,SAVE10
59185,10373,2026-07-25,Delivered,Website,BIG20
59186,11809,2024-03-13,Delivered,Mobile App,BIG20
59187,12079,2026-05-30,Delivered,Website,SAVE10
59188,11906,2026-07-20,Delivered,Mobile App,NONE
59189,13617,2026-02-04,Delivered,Mobile App,NONE
59190,11788,2026-07-05,Delivered,Marketplace,BIG20
59191,10765,2025-02-12,Delivered,Website,SAVE10
59192,11814,2024-11-09,Delivered,Mobile App,SAVE10
59193,13936,2024-05-09,Shipped,Website,NONE
59194,12024,2024-07-08,Delivered,Marketplace,BIG20
59195,11428,2026-04-20,Delivered,Marketplace,NONE
59196,13867,2024-03-04,Delivered,Website,NONE
59197,10330,2024-07-13,Delivered,Mobile App,NONE
59198,12276,2025-04-27,Cancelled,Mobile App,NONE
59199,10516,2024-12-14,Delivered,Website,NONE
59200,13036,2026-06-16,Delivered,Website,NONE
59201,14500,2024-01-29,Shipped,Website,NONE
59202,12213,2024-02-09,Delivered,Mobile App,NONE
59203,14909,2024-09-20,Delivered,Website,NONE
59204,14370,2025-08-16,Delivered,Website,NONE
59205,13639,2024-12-11,Delivered,Marketplace,NONE
59206,10894,2026-03-21,Delivered,Mobile App,NONE
59207,10165,2024-04-03,Shipped,Marketplace,NONE
59208,10615,2025-01-03,Delivered,Website,NONE
59209,11741,2025-09-21,Delivered,Website,SAVE10
59210,12039,2025-08-16,Delivered,Marketplace,NONE
59211,11051,2025-05-17,Shipped,Mobile App,NONE
59212,14872,2025-03-06,Delivered,Website,BIG20
59213,13715,2024-04-01,Processing,Website,NONE
59214,13499,2024-03-04,Delivered,Website,NONE
59215,13256,2024-02-22,Delivered,Mobile App,SAVE10
59216,13082,2025-05-04,Delivered,Website,NONE
59217,14410,2026-05-08,Delivered,Website,NONE
59218,11952,2024-03-27,Processing,Mobile App,NONE
59219,10703,2024-03-04,Delivered,Website,NONE
59220,11476,2025-10-26,Delivered,Mobile App,FEST15
59221,11145,2025-04-30,Shipped,Website,NONE
59222,14783,2024-10-27,Delivered,Website,NONE
59223,12836,2024-01-18,Delivered,Website,SAVE10
59224,12135,2026-02-17,Delivered,Website,BIG20
59225,10129,2025-10-01,Delivered,Mobile App,SAVE10
59226,13556,2025-07-23,Delivered,Website,WELCOME5
59227,13234,2024-08-15,Delivered,Website,NONE
59228,14053,2026-06-25,Delivered,Website,NONE
59229,10656,2024-03-01,Delivered,Marketplace,NONE
59230,13288,2025-12-16,Delivered,Mobile App,SAVE10
59231,11810,2025-12-06,Shipped,Website,NONE
59232,11164,2025-12-04,Cancelled,Marketplace,FEST15
59233,11120,2025-08-06,Delivered,Website,SAVE10
59234,11440,2024-10-22,Shipped,Website,SAVE10
59235,13666,2025-03-18,Delivered,Mobile App,WELCOME5
59236,10115,2025-03-04,Shipped,Website,NONE
59237,14737,2026-04-20,Delivered,Website,NONE
59238,14847,2025-12-24,Delivered,Website,FEST15
59239,14840,2025-04-07,Delivered,Mobile App,NONE
59240,14174,2025-12-01,Delivered,Mobile App,WELCOME5
59241,11619,2026-07-29,Delivered,Website,NONE
59242,12021,2025-11-02,Delivered,Website,NONE
59243,10634,2024-12-11,Delivered,Website,FEST15
59244,14463,2024-01-08,Delivered,Website,SAVE10
59245,13853,2026-05-01,Delivered,Website,NONE
59246,10769,2024-01-17,Delivered,Mobile App,SAVE10
59247,14951,2025-05-08,Delivered,Website,NONE
59248,10211,2024-03-06,Delivered,Website,BIG20
59249,13838,2026-05-03,Delivered,Marketplace,SAVE10
59250,10677,2024-01-31,Delivered,Website,NONE
59251,13749,2025-10-25,Delivered,Mobile App,NONE
59252,14418,2026-01-19,Delivered,Website,NONE
59253,14752,2025-12-11,Delivered,Mobile App,FEST15
59254,10803,2025-06-14,Shipped,Mobile App,WELCOME5
59255,10823,2025-07-27,Processing,Mobile App,SAVE10
59256,10341,2025-05-04,Delivered,Website,SAVE10
59257,14111,2026-01-04,Delivered,Website,NONE
59258,10928,2024-03-24,Cancelled,Website,NONE
59259,11954,2026-05-13,Delivered,Mobile App,BIG20
59260,12076,2026-01-21,Cancelled,Marketplace,NONE
59261,11754,2026-07-28,Delivered,Website,FEST15
59262,12483,2024-03-31,Delivered,Website,WELCOME5
59263,11745,2024-07-21,Delivered,Website,NONE
59264,11180,2024-08-03,Delivered,Website,WELCOME5
59265,11940,2025-02-04,Delivered,Mobile App,NONE
59266,14029,2026-03-05,Delivered,Website,FEST15
59267,10590,2026-02-02,Delivered,Mobile App,NONE
59268,14800,2025-11-02,Delivered,Website,WELCOME5
59269,12050,2025-01-19,Delivered,Mobile App,NONE
59270,11455,2024-03-30,Shipped,Mobile App,NONE
59271,12225,2025-11-04,Delivered,Marketplace,SAVE10
59272,14656,2024-03-12,Delivered,Mobile App,WELCOME5
59273,14046,2024-07-16,Delivered,Mobile App,NONE
59274,14090,2025-01-29,Delivered,Mobile App,BIG20
59275,11102,2026-01-23,Delivered,Website,WELCOME5
59276,14431,2025-08-08,Delivered,Website,NONE
59277,13531,2024-04-10,Delivered,Marketplace,NONE
59278,10299,2024-08-27,Delivered,Marketplace,NONE
59279,12136,2026-04-03,Delivered,Marketplace,SAVE10
59280,14171,2025-07-21,Cancelled,Mobile App,WELCOME5
59281,12663,2025-09-29,Delivered,Website,BIG20
59282,12930,2024-12-14,Delivered,Mobile App,NONE
59283,11874,2026-03-01,Delivered,Mobile App,NONE
59284,10192,2025-07-24,Delivered,Website,SAVE10
59285,14428,2024-03-19,Delivered,Website,NONE
59286,13769,2025-12-04,Delivered,Mobile App,SAVE10
59287,11359,2024-10-06,Delivered,Mobile App,NONE
59288,11209,2026-03-28,Delivered,Website,SAVE10
59289,12591,2025-09-11,Delivered,Marketplace,NONE
59290,13986,2024-07-08,Delivered,Website,NONE
59291,10435,2024-01-29,Shipped,Website,NONE
59292,13130,2024-03-23,Delivered,Website,WELCOME5
59293,14235,2024-08-26,Delivered,Website,WELCOME5
59294,12462,2024-04-24,Delivered,Website,WELCOME5
59295,10265,2025-09-30,Shipped,Mobile App,SAVE10
59296,10117,2024-06-09,Delivered,Website,NONE
59297,10811,2025-03-09,Shipped,Mobile App,NONE
59298,14449,2024-11-10,Delivered,Mobile App,SAVE10
59299,12290,2025-09-30,Delivered,Marketplace,NONE
59300,10738,2024-01-28,Delivered,Mobile App,SAVE10
59301,14525,2025-01-25,Delivered,Marketplace,NONE
59302,14149,2026-03-18,Delivered,Marketplace,NONE
59303,10735,2024-08-26,Delivered,Website,SAVE10
59304,13441,2026-04-03,Cancelled,Mobile App,BIG20
59305,11654,2024-06-15,Delivered,Marketplace,NONE
59306,10348,2025-11-22,Processing,Mobile App,NONE
59307,10311,2024-09-30,Processing,Marketplace,FEST15
59308,12712,2024-12-11,Delivered,Website,NONE
59309,14218,2025-05-21,Shipped,Website,FEST15
59310,14809,2025-11-16,Delivered,Website,WELCOME5
59311,13528,2025-05-25,Delivered,Website,NONE
59312,14615,2025-07-11,Delivered,Mobile App,NONE
59313,11179,2024-10-07,Delivered,Marketplace,NONE
59314,10732,2025-10-04,Delivered,Mobile App,NONE
59315,10554,2024-03-09,Delivered,Mobile App,NONE
59316,10866,2024-03-26,Cancelled,Mobile App,NONE
59317,13770,2024-06-03,Delivered,Mobile App,NONE
59318,10769,2026-04-28,Delivered,Website,NONE
59319,12163,2025-08-17,Delivered,Mobile App,SAVE10
59320,13781,2024-12-04,Delivered,Website,BIG20
59321,14635,2025-08-29,Delivered,Website,BIG20
59322,10804,2024-09-18,Processing,Website,NONE
59323,10934,2025-12-11,Delivered,Marketplace,SAVE10
59324,10323,2025-01-14,Shipped,Website,NONE
59325,10562,2025-08-23,Delivered,Mobile App,FEST15
59326,11952,2024-08-27,Delivered,Website,NONE
59327,11573,2024-02-04,Delivered,Website,NONE
59328,14835,2026-08-22,Delivered,Marketplace,NONE
59329,12222,2025-09-25,Delivered,Website,BIG20
59330,11542,2025-09-18,Delivered,Mobile App,NONE
59331,12347,2025-08-08,Delivered,Marketplace,FEST15
59332,13622,2026-05-19,Processing,Website,NONE
59333,11688,2024-01-19,Delivered,Website,FEST15
59334,10720,2026-07-11,Delivered,Mobile App,NONE
59335,12104,2025-03-21,Shipped,Website,FEST15
59336,13106,2025-07-17,Cancelled,Website,WELCOME5
59337,11582,2026-06-28,Delivered,Mobile App,NONE
59338,12906,2026-02-15,Delivered,Marketplace,SAVE10
59339,11623,2024-12-05,Delivered,Website,NONE
59340,14521,2026-05-28,Delivered,Website,BIG20
59341,14439,2024-03-21,Delivered,Mobile App,NONE
59342,13583,2024-05-25,Delivered,Mobile App,NONE
59343,14188,2024-08-08,Delivered,Mobile App,SAVE10
59344,10604,2024-09-18,Shipped,Marketplace,SAVE10
59345,13267,2025-10-15,Delivered,Website,NONE
59346,12024,2025-01-24,Delivered,Mobile App,WELCOME5
59347,13888,2026-04-04,Delivered,Website,
59348,10003,2025-08-27,Shipped,Website,NONE
59349,10939,2025-08-10,Delivered,Mobile App,FEST15
59350,11205,2026-01-15,Delivered,Website,NONE
59351,12786,2025-02-02,Delivered,Website,NONE
59352,14857,2024-11-30,Delivered,Website,WELCOME5
59353,14482,2024-04-14,Delivered,Website,NONE
59354,12279,2026-03-28,Delivered,Website,NONE
59355,10006,2024-08-13,Delivered,Website,SAVE10
59356,14338,2025-09-26,Shipped,Website,NONE
59357,12863,2026-02-05,Delivered,Mobile App,WELCOME5
59358,10119,2024-12-26,Cancelled,Website,BIG20
59359,13226,2024-06-07,Delivered,Website,NONE
59360,14401,2025-10-22,Delivered,Mobile App,BIG20
59361,14355,2024-11-11,Delivered,Marketplace,SAVE10
59362,14447,2026-04-06,Shipped,Mobile App,NONE
59363,14878,2025-03-08,Delivered,Website,NONE
59364,13268,2024-11-21,Shipped,Mobile App,WELCOME5
59365,13063,2025-12-06,Delivered,Website,NONE
59366,10582,2025-01-10,Delivered,Website,NONE
59367,13162,2026-02-12,Delivered,Marketplace,NONE
59368,14381,2025-11-02,Delivered,Website,NONE
59369,14065,2026-05-07,Delivered,Marketplace,SAVE10
59370,14500,2025-02-20,Delivered,Website,NONE
59371,10851,2024-03-25,Delivered,Mobile App,SAVE10
59372,11006,2024-06-21,Delivered,Website,BIG20
59373,14292,2024-01-05,Delivered,Mobile App,NONE
59374,14701,2026-04-08,Delivered,Mobile App,NONE
59375,12631,2024-08-23,Delivered,Website,NONE
59376,14406,2024-07-14,Delivered,Website,FEST15
59377,13411,2025-08-10,Delivered,Mobile App,SAVE10
59378,11025,2024-08-26,Delivered,Mobile App,SAVE10
59379,12534,2026-08-07,Cancelled,Mobile App,BIG20
59380,11970,2026-04-21,Cancelled,Marketplace,NONE
59381,13950,2025-03-13,Delivered,Website,SAVE10
59382,11684,2025-09-14,Delivered,Marketplace,WELCOME5
59383,10878,2025-01-10,Delivered,Website,FEST15
59384,12492,2025-02-22,Delivered,Marketplace,SAVE10
59385,12474,2025-04-11,Delivered,Website,SAVE10
59386,14446,2025-01-05,Shipped,Mobile App,NONE
59387,10041,2025-02-27,Delivered,Marketplace,NONE
59388,14372,2024-06-26,Delivered,Marketplace,NONE
59389,11056,2025-09-24,Delivered,Website,SAVE10
59390,10879,2024-03-06,Shipped,Mobile App,NONE
59391,12092,2026-06-01,Shipped,Website,WELCOME5
59392,12756,2026-06-01,Processing,Website,NONE
59393,14649,2024-07-20,Delivered,Mobile App,SAVE10
59394,12671,2024-02-13,Delivered,Website,NONE
59395,10728,2025-04-10,Delivered,Mobile App,NONE
59396,12252,2024-02-29,Cancelled,Mobile App,WELCOME5
59397,14603,2025-01-26,Delivered,Mobile App,NONE
59398,13574,2025-12-30,Delivered,Website,NONE
59399,11089,2024-10-27,Processing,Website,FEST15
59400,13230,2026-05-16,Delivered,Website,NONE
59401,13669,2024-01-15,Delivered,Mobile App,NONE
59402,11376,2025-11-19,Delivered,Marketplace,FEST15
59403,12640,2025-05-03,Delivered,Website,NONE
59404,11741,2024-08-22,Delivered,Website,WELCOME5
59405,10906,2025-02-21,Delivered,Mobile App,FEST15
59406,14442,2024-09-19,Delivered,Website,FEST15
59407,11603,2025-08-24,Delivered,Website,BIG20
59408,11629,2026-07-21,Delivered,Website,NONE
59409,10508,2025-05-01,Processing,Mobile App,NONE
59410,12221,2025-11-10,Delivered,Website,NONE
59411,13219,2025-08-16,Processing,Mobile App,WELCOME5
59412,14865,2026-03-13,Delivered,Mobile App,SAVE10
59413,13879,2025-06-29,Processing,Website,SAVE10
59414,14287,2025-03-08,Shipped,Mobile App,NONE
59415,14937,2024-04-25,Delivered,Website,SAVE10
59416,13495,2026-01-23,Cancelled,Marketplace,SAVE10
59417,14287,2026-05-21,Delivered,Marketplace,FEST15
59418,11521,2026-08-09,Cancelled,Mobile App,FEST15
59419,13576,2025-12-09,Delivered,Website,NONE
59420,13144,2024-12-12,Processing,Marketplace,NONE
59421,12258,2025-11-13,Delivered,Website,NONE
59422,13211,2024-11-06,Delivered,Mobile App,NONE
59423,13605,2026-05-21,Delivered,Marketplace,BIG20
59424,12058,2024-02-11,Delivered,Mobile App,NONE
59425,14213,2026-05-21,Delivered,Website,NONE
59426,10181,2025-12-15,Delivered,Website,BIG20
59427,11621,2026-05-12,Delivered,Mobile App,FEST15
59428,11833,2024-08-21,Processing,Website,NONE
59429,14153,2025-05-07,Delivered,Website,NONE
59430,12541,2024-09-03,Delivered,Website,NONE
59431,14665,2025-11-20,Delivered,Mobile App,NONE
59432,14751,2025-09-05,Cancelled,Marketplace,WELCOME5
59433,12293,2025-11-01,Delivered,Website,SAVE10
59434,13638,2025-12-17,Delivered,Mobile App,NONE
59435,11232,2024-02-13,Processing,Mobile App,NONE
59436,10540,2025-01-30,Cancelled,Mobile App,FEST15
59437,12456,2024-09-02,Delivered,Mobile App,NONE
59438,11508,2026-07-05,Delivered,Mobile App,FEST15
59439,13655,2025-05-28,Cancelled,Mobile App,WELCOME5
59440,12609,2024-06-05,Delivered,Website,FEST15
59441,10678,2025-01-15,Delivered,Website,SAVE10
59442,12256,2025-05-26,Shipped,Mobile App,WELCOME5
59443,12009,2024-11-11,Delivered,Website,NONE
59444,10026,2025-08-21,Delivered,Marketplace,SAVE10
59445,12725,2026-01-16,Delivered,Website,FEST15
59446,14676,2025-08-21,Delivered,Website,WELCOME5
59447,14484,2025-07-15,Delivered,Website,NONE
59448,14521,2025-09-29,Delivered,Website,NONE
59449,14470,2024-10-06,Delivered,Mobile App,NONE
59450,14619,2025-09-06,Cancelled,Mobile App,WELCOME5
59451,10488,2024-02-19,Processing,Website,SAVE10
59452,12143,2026-02-06,Shipped,Mobile App,SAVE10
59453,12726,2025-01-03,Shipped,Mobile App,NONE
59454,14167,2026-02-28,Delivered,Mobile App,NONE
59455,11866,2024-09-03,Delivered,Website,NONE
59456,13543,2026-08-06,Shipped,Mobile App,NONE
59457,13906,2025-05-19,Cancelled,Website,BIG20
59458,12559,2026-06-30,Delivered,Marketplace,SAVE10
59459,11206,2024-10-10,Delivered,Mobile App,SAVE10
59460,10386,2025-05-19,Cancelled,Marketplace,SAVE10
59461,12225,2025-11-23,Delivered,Marketplace,SAVE10
59462,10840,2025-11-15,Shipped,Website,WELCOME5
59463,13221,2024-09-02,Cancelled,Website,WELCOME5
59464,11192,2025-01-25,Delivered,Mobile App,NONE
59465,14384,2024-08-11,Delivered,Website,NONE
59466,14480,2025-09-23,Cancelled,Mobile App,NONE
59467,14182,2025-02-06,Shipped,Website,WELCOME5
59468,13327,2024-01-08,Delivered,Marketplace,FEST15
59469,10579,2024-10-10,Cancelled,Website,WELCOME5
59470,14916,2024-12-22,Delivered,Website,NONE
59471,10330,2025-06-27,Processing,Website,SAVE10
59472,12833,2026-06-06,Shipped,Website,NONE
59473,14022,2026-08-11,Delivered,Mobile App,NONE
59474,10424,2025-10-16,Shipped,Website,FEST15
59475,12485,2026-05-27,Delivered,Mobile App,SAVE10
59476,12389,2024-01-17,Cancelled,Website,NONE
59477,10986,2026-04-14,Delivered,Marketplace,NONE
59478,10559,2025-05-22,Delivered,Marketplace,NONE
59479,14550,2024-12-27,Cancelled,Mobile App,NONE
59480,14507,2024-12-20,Delivered,Website,NONE
59481,10469,2024-12-04,Delivered,Website,NONE
59482,11393,2026-02-23,Delivered,Website,NONE
59483,11962,2025-03-21,Delivered,Marketplace,SAVE10
59484,10987,2024-04-21,Delivered,Marketplace,SAVE10
59485,10333,2026-05-24,Delivered,Website,NONE
59486,12559,2025-08-08,Delivered,Website,NONE
59487,12211,2025-01-14,Delivered,Mobile App,FEST15
59488,14036,2025-11-21,Delivered,Mobile App,NONE
59489,11483,2024-12-06,Delivered,Website,NONE
59490,12552,2025-07-31,Delivered,Mobile App,NONE
59491,11570,2024-01-08,Delivered,Mobile App,NONE
59492,10192,2024-09-23,Delivered,Website,NONE
59493,13639,2024-11-27,Delivered,Website,NONE
59494,13715,2026-02-08,Delivered,Website,NONE
59495,13320,2026-01-01,Cancelled,Website,NONE
59496,10171,2026-02-08,Delivered,Mobile App,SAVE10
59497,13483,2025-04-09,Delivered,Mobile App,SAVE10
59498,13022,2024-12-16,Shipped,Website,NONE
59499,12206,2025-05-27,Delivered,Website,NONE
59500,13085,2024-09-15,Delivered,Marketplace,NONE
59501,10554,2025-05-27,Delivered,Marketplace,NONE
59502,11043,2025-10-05,Cancelled,Mobile App,BIG20
59503,10646,2026-07-29,Delivered,Website,NONE
59504,12233,2024-12-22,Delivered,Mobile App,SAVE10
59505,14477,2024-04-19,Delivered,Website,NONE
59506,10031,2024-11-30,Delivered,Marketplace,NONE
59507,12231,2026-03-12,Processing,Mobile App,NONE
59508,11419,2025-03-13,Processing,Website,NONE
59509,14688,2025-02-08,Shipped,Website,NONE
59510,13097,2025-03-20,Delivered,Mobile App,SAVE10
59511,11110,2024-09-02,Delivered,Website,NONE
59512,11421,2026-03-15,Delivered,Website,NONE
59513,12904,2025-10-13,Delivered,Website,NONE
59514,10239,2026-07-13,Delivered,Marketplace,SAVE10
59515,10336,2024-04-05,Delivered,Mobile App,NONE
59516,13372,2025-11-23,Delivered,Website,SAVE10
59517,14012,2024-03-19,Shipped,Mobile App,SAVE10
59518,13712,2024-03-26,Delivered,Website,NONE
59519,10859,2026-03-31,Delivered,Website,SAVE10
59520,14315,2024-11-23,Delivered,Website,NONE
59521,11125,2024-11-02,Delivered,Website,NONE
59522,14378,2024-07-02,Delivered,Website,NONE
59523,11480,2024-04-15,Delivered,Marketplace,BIG20
59524,12482,2025-10-05,Delivered,Website,NONE
59525,14786,2025-05-22,Shipped,Mobile App,WELCOME5
59526,12037,2025-08-03,Delivered,Marketplace,NONE
59527,13339,2024-05-29,Shipped,Website,WELCOME5
59528,12930,2026-08-10,Cancelled,Website,FEST15
59529,10375,2024-01-08,Processing,Mobile App,NONE
59530,13964,2025-03-10,Delivered,Mobile App,NONE
59531,11792,2025-05-21,Delivered,Mobile App,NONE
59532,12377,2024-04-12,Delivered,Website,NONE
59533,11523,2025-07-15,Delivered,Marketplace,BIG20
59534,14976,2025-08-03,Delivered,Website,NONE
59535,12754,2025-05-29,Delivered,Website,NONE
59536,13188,2024-12-21,Delivered,Marketplace,NONE
59537,12615,2026-06-21,Delivered,Website,FEST15
59538,11541,2024-06-21,Delivered,Mobile App,NONE
59539,12931,2025-12-22,Shipped,Website,NONE
59540,13969,2024-12-25,Delivered,Mobile App,FEST15
59541,10476,2025-01-10,Delivered,Website,NONE
59542,10754,2024-08-19,Cancelled,Mobile App,WELCOME5
59543,10823,2025-10-16,Delivered,Mobile App,FEST15
59544,14679,2024-07-10,Delivered,Mobile App,FEST15
59545,12884,2024-12-27,Delivered,Website,WELCOME5
59546,11702,2025-04-14,Delivered,Website,SAVE10
59547,10995,2024-01-10,Delivered,Website,NONE
59548,13426,2026-02-24,Processing,Mobile App,WELCOME5
59549,12624,2024-11-17,Delivered,Marketplace,SAVE10
59550,13127,2026-05-09,Delivered,Website,NONE
59551,13578,2025-09-21,Delivered,Marketplace,NONE
59552,10480,2024-09-09,Cancelled,Marketplace,NONE
59553,13398,2025-10-04,Delivered,Website,FEST15
59554,13609,2025-03-10,Delivered,Mobile App,NONE
59555,11386,2025-04-16,Delivered,Website,SAVE10
59556,11560,2026-03-28,Delivered,Website,NONE
59557,12961,2025-09-13,Delivered,Mobile App,NONE
59558,11906,2026-08-17,Delivered,Website,SAVE10
59559,14655,2026-06-19,Processing,Marketplace,BIG20
59560,10483,2026-04-04,Delivered,Mobile App,NONE
59561,10845,2025-03-27,Delivered,Mobile App,SAVE10
59562,14051,2025-04-24,Shipped,Website,NONE
59563,13406,2026-05-05,Delivered,Website,NONE
59564,14302,2026-04-24,Delivered,Website,NONE
59565,10120,2024-12-25,Delivered,Mobile App,NONE
59566,10672,2025-11-16,Delivered,Website,NONE
59567,14185,2025-08-04,Delivered,Mobile App,SAVE10
59568,14064,2024-04-20,Delivered,Website,WELCOME5
59569,14130,2024-04-29,Delivered,Mobile App,NONE
59570,14490,2024-03-22,Delivered,Mobile App,NONE
59571,11153,2024-09-05,Delivered,Marketplace,NONE
59572,10487,2026-06-27,Delivered,Website,NONE
59573,11482,2024-11-03,Delivered,Website,NONE
59574,14988,2026-06-15,Delivered,Mobile App,WELCOME5
59575,12584,2025-03-03,Delivered,Marketplace,NONE
59576,10023,2025-03-20,Delivered,Mobile App,NONE
59577,13718,2024-09-05,Delivered,Website,WELCOME5
59578,14213,2025-10-03,Delivered,Mobile App,FEST15
59579,10612,2025-07-25,Cancelled,Marketplace,SAVE10
59580,12792,2024-10-22,Delivered,Website,SAVE10
59581,13725,2026-01-31,Cancelled,Website,WELCOME5
59582,14787,2025-11-11,Delivered,Mobile App,NONE
59583,13036,2025-11-20,Delivered,website,NONE
59584,11691,2025-03-08,Delivered,Mobile App,NONE
59585,14551,2025-09-19,Delivered,Marketplace,BIG20
59586,11805,2024-12-04,Processing,Website,WELCOME5
59587,13167,2026-08-27,Delivered,Marketplace,SAVE10
59588,14202,2025-03-03,Delivered,Mobile App,NONE
59589,12652,2024-09-22,Delivered,Mobile App,SAVE10
59590,13554,2025-03-17,Delivered,Mobile App,NONE
59591,14209,2026-07-02,Delivered,Website,SAVE10
59592,13003,2026-07-03,Delivered,Mobile App,FEST15
59593,12101,2024-12-10,Delivered,Website,SAVE10
59594,13222,2026-05-08,Delivered,Website,NONE
59595,12006,2024-10-23,Delivered,Mobile App,NONE
59596,13414,2024-07-07,Shipped,Marketplace,NONE
59597,10408,2024-08-03,Delivered,Website,FEST15
59598,10240,2024-09-27,Delivered,Website,NONE
59599,12375,2024-10-10,Delivered,Website,FEST15
59600,10589,2024-10-17,Delivered,Mobile App,BIG20
59601,13654,2025-01-06,Delivered,Website,NONE
59602,10907,2024-01-12,Delivered,Website,NONE
59603,12498,2025-01-01,Delivered,Mobile App,SAVE10
59604,10884,2025-05-29,Delivered,Website,NONE
59605,14610,2025-01-23,Processing,Mobile App,NONE
59606,14215,2025-04-13,Delivered,Mobile App,NONE
59607,10009,2024-08-06,Delivered,Marketplace,NONE
59608,11973,2024-04-30,Delivered,Website,BIG20
59609,14711,2026-05-23,Delivered,Mobile App,FEST15
59610,12448,2026-08-18,Shipped,Website,BIG20
59611,14221,2025-01-30,Delivered,Mobile App,NONE
59612,10447,2026-01-08,Processing,Website,NONE
59613,12146,2024-05-16,Delivered,Website,NONE
59614,14353,2024-06-26,Delivered,Marketplace,SAVE10
59615,10974,2025-05-19,Shipped,Mobile App,FEST15
59616,10052,2025-11-15,Delivered,Mobile App,BIG20
59617,13673,2025-11-11,Delivered,Website,NONE
59618,10417,2024-11-26,Processing,Mobile App,NONE
59619,11504,2026-04-30,Shipped,Website,NONE
59620,14061,2025-09-05,Cancelled,Mobile App,NONE
59621,14460,2024-11-03,Delivered,Mobile App,SAVE10
59622,10653,2025-04-01,Delivered,Mobile App,SAVE10
59623,12485,2024-10-16,Delivered,Website,SAVE10
59624,13967,2024-05-14,Delivered,Marketplace,BIG20
59625,11957,2024-01-06,Delivered,Website,FEST15
59626,11753,2025-03-22,Shipped,Mobile App,NONE
59627,12717,2024-01-07,Delivered,Website,NONE
59628,13881,2026-07-21,Processing,Marketplace,WELCOME5
59629,10202,2026-05-01,Delivered,Website,NONE
59630,10252,2025-12-26,Delivered,Website,NONE
59631,10534,2025-12-28,Delivered,Marketplace,NONE
59632,11707,2025-08-30,Delivered,Website,NONE
59633,11391,2025-12-11,Delivered,Marketplace,NONE
59634,12407,2026-03-29,Delivered,Mobile App,NONE
59635,11505,2025-05-12,Delivered,Mobile App,SAVE10
59636,13129,2026-03-14,Delivered,Website,NONE
59637,11609,2024-08-18,Delivered,Website,WELCOME5
59638,14182,2026-05-11,Delivered,Website,FEST15
59639,11549,2025-11-16,Delivered,Marketplace,NONE
59640,11223,2024-04-15,Processing,Website,FEST15
59641,14302,2024-06-25,Shipped,Website,WELCOME5
59642,13295,2024-05-05,Delivered,Website,NONE
59643,10240,2024-08-23,Delivered,Mobile App,NONE
59644,10759,2026-02-13,Delivered,Mobile App,WELCOME5
59645,10244,2026-03-12,Delivered,Mobile App,NONE
59646,13976,2026-08-23,Delivered,Marketplace,FEST15
59647,13138,2024-05-04,Delivered,Website,NONE
59648,14667,2025-06-29,Delivered,Website,NONE
59649,11641,2026-03-07,Delivered,Mobile App,SAVE10
59650,10237,2026-07-24,Delivered,Website,NONE
59651,12295,2024-04-05,Delivered,Website,FEST15
59652,10400,2025-10-04,Delivered,Mobile App,SAVE10
59653,10723,2024-03-18,Delivered,Website,BIG20
59654,13938,2024-03-23,Delivered,Marketplace,NONE
59655,11895,2026-03-20,Delivered,Mobile App,NONE
59656,14402,2026-06-17,Delivered,Website,NONE
59657,12569,2024-06-28,Delivered,Website,FEST15
59658,13242,2026-03-25,Delivered,Website,NONE
59659,14171,2026-06-03,Delivered,Website,NONE
59660,12306,2025-06-03,Shipped,Mobile App,NONE
59661,11600,2024-06-15,Delivered,Mobile App,NONE
59662,13846,2025-12-22,Shipped,Website,NONE
59663,14154,2025-06-16,Processing,Website,NONE
59664,11499,2024-12-07,Cancelled,Website,NONE
59665,14116,2026-04-19,Delivered,Website,SAVE10
59666,14959,2025-08-20,Processing,Website,FEST15
59667,10969,2024-09-13,Delivered,Website,NONE
59668,14240,2025-02-04,Delivered,Marketplace,NONE
59669,10435,2024-10-26,Delivered,Website,FEST15
59670,14436,2025-05-26,Delivered,Website,WELCOME5
59671,14455,2024-09-19,Delivered,Website,NONE
59672,14275,2025-09-09,Processing,Website,WELCOME5
59673,11744,2025-03-10,Delivered,Website,NONE
59674,14665,2024-02-22,Delivered,Marketplace,SAVE10
59675,12770,2024-01-06,Shipped,Marketplace,NONE
59676,10323,2024-04-03,Delivered,Website,FEST15
59677,14247,2024-06-04,Processing,Website,FEST15
59678,14544,2024-03-20,Cancelled,Marketplace,NONE
59679,11516,2025-10-03,Delivered,Website,BIG20
59680,11244,2025-07-31,Delivered,Website,WELCOME5
59681,12846,2024-01-21,Delivered,Website,NONE
59682,11796,2025-02-04,Cancelled,Mobile App,NONE
59683,13196,2024-10-11,Delivered,Website,NONE
59684,11853,2025-04-30,Delivered,Mobile App,NONE
59685,11089,2025-07-21,Delivered,Marketplace,SAVE10
59686,11163,2025-04-30,Delivered,Website,NONE
59687,13289,2025-01-21,Delivered,Mobile App,SAVE10
59688,12193,2024-02-09,Delivered,Mobile App,FEST15
59689,10077,2026-02-07,Delivered,Website,NONE
59690,12528,2026-02-11,Delivered,Marketplace,NONE
59691,13940,2026-04-13,Delivered,Marketplace,NONE
59692,10744,2025-11-10,Delivered,Website,NONE
59693,11221,2024-11-13,Delivered,Marketplace,NONE
59694,11798,2025-10-29,Delivered,Marketplace,NONE
59695,14636,2026-05-24,Delivered,Website,NONE
59696,11741,2024-02-03,Delivered,Website,NONE
59697,14189,2025-05-06,Delivered,Website,NONE
59698,13374,2025-09-24,Delivered,Website,FEST15
59699,14961,2026-08-13,Delivered,Website,SAVE10
59700,12904,2025-04-30,Delivered,Website,NONE
59701,11585,2026-05-03,Delivered,Marketplace,NONE
59702,13581,2026-01-07,Shipped,Website,NONE
59703,10452,2026-02-05,Delivered,Mobile App,SAVE10
59704,13920,2024-04-03,Delivered,Marketplace,NONE
59705,11171,2025-05-04,Delivered,Mobile App,NONE
59706,13336,2025-12-25,Shipped,Mobile App,SAVE10
59707,12901,2024-04-30,Delivered,Website,NONE
59708,11207,2026-07-21,Delivered,Website,NONE
59709,12407,2025-10-25,Delivered,Mobile App,NONE
59710,12511,2026-04-05,Delivered,Mobile App,BIG20
59711,13836,2025-09-05,Delivered,Mobile App,NONE
59712,12333,2026-05-17,Delivered,Website,NONE
59713,10291,2026-05-23,Shipped,Website,NONE
59714,10371,2024-03-14,Delivered,Website,NONE
59715,13323,2026-06-28,Processing,Marketplace,SAVE10
59716,14473,2025-05-28,Delivered,Marketplace,NONE
59717,12177,2025-04-19,Delivered,Website,NONE
59718,10458,2024-08-27,Processing,Mobile App,NONE
59719,10855,2025-01-27,Delivered,website,NONE
59720,14883,2025-06-12,Shipped,Mobile App,BIG20
59721,13517,2025-05-31,Delivered,Website,WELCOME5
59722,10159,2025-11-16,Delivered,Website,NONE
59723,11298,2025-10-20,Shipped,Website,SAVE10
59724,13649,2025-12-25,Delivered,Mobile App,NONE
59725,13158,2025-07-15,Delivered,Website,SAVE10
59726,11438,2026-08-19,Delivered,Marketplace,BIG20
59727,13480,2026-05-02,Delivered,Website,NONE
59728,14524,2026-07-17,Delivered,Website,SAVE10
59729,14501,2025-12-03,Delivered,Website,NONE
59730,14121,2024-08-27,Delivered,Website,NONE
59731,11772,2026-07-24,Delivered,Mobile App,NONE
59732,10126,2026-06-07,Delivered,Website,NONE
59733,11954,2024-10-14,Shipped,Website,NONE
59734,10110,2026-05-07,Cancelled,Marketplace,SAVE10
59735,12851,2025-05-21,Shipped,Mobile App,NONE
59736,13016,2025-12-02,Delivered,Website,FEST15
59737,11709,2024-11-27,Delivered,Mobile App,SAVE10
59738,10748,2024-09-06,Delivered,Website,NONE
59739,12624,2025-01-25,Delivered,Website,SAVE10
59740,10071,2024-07-01,Delivered,Marketplace,NONE
59741,11382,2024-05-17,Shipped,Marketplace,NONE
59742,14839,2025-02-26,Delivered,Marketplace,NONE
59743,14571,2026-07-08,Delivered,Mobile App,WELCOME5
59744,13165,2024-02-07,Delivered,Mobile App,NONE
59745,11871,2024-11-13,Delivered,Website,NONE
59746,10055,2024-10-02,Delivered,Website,NONE
59747,13251,2024-07-20,Cancelled,Mobile App,FEST15
59748,12453,2024-03-12,Delivered,Mobile App,NONE
59749,13568,2024-06-19,Delivered,Website,SAVE10
59750,10788,2025-05-23,Delivered,Mobile App,NONE
59751,14152,2025-02-18,Delivered,Website,NONE
59752,14026,2025-08-21,Delivered,Mobile App,SAVE10
59753,12141,2026-04-10,Delivered,Website,SAVE10
59754,10144,2024-04-17,Delivered,Mobile App,NONE
59755,12332,2024-11-16,Delivered,Marketplace,SAVE10
59756,11855,2026-04-27,Delivered,Marketplace,FEST15
59757,13805,2024-08-16,Delivered,Mobile App,NONE
59758,11191,2024-04-03,Delivered,Website,NONE
59759,10091,2024-08-20,Delivered,Website,SAVE10
59760,14905,2025-01-19,Delivered,Mobile App,WELCOME5
59761,11207,2024-09-05,Delivered,Mobile App,FEST15
59762,10391,2025-04-30,Delivered,Mobile App,SAVE10
59763,14286,2024-07-16,Delivered,Website,NONE
59764,13600,2025-07-18,Delivered,Website,NONE
59765,11344,2026-04-19,Delivered,Mobile App,WELCOME5
59766,12391,2024-11-05,Delivered,Website,FEST15
59767,13442,2025-06-10,Delivered,Website,NONE
59768,14083,2025-11-22,Delivered,Mobile App,NONE
59769,11865,2024-03-05,Delivered,Marketplace,NONE
59770,11072,2024-11-27,Processing,Website,WELCOME5
59771,10074,2025-09-07,Shipped,Marketplace,NONE
59772,14277,2024-09-02,Delivered,Marketplace,WELCOME5
59773,14072,2025-02-03,Delivered,Website,SAVE10
59774,14752,2025-03-15,Cancelled,Website,NONE
59775,13739,2026-06-27,Delivered,Website,WELCOME5
59776,11066,2024-04-20,Delivered,Mobile App,NONE
59777,11202,2025-09-07,Delivered,Website,NONE
59778,11214,2026-07-26,Processing,Mobile App,SAVE10
59779,12292,2026-05-28,Delivered,Website,WELCOME5
59780,14819,2025-06-17,Delivered,Website,NONE
59781,13455,2025-01-11,Delivered,Mobile App,NONE
59782,12171,2024-05-19,Delivered,Mobile App,NONE
59783,13688,2024-09-10,Delivered,Website,BIG20
59784,14177,2026-02-11,Shipped,Mobile App,WELCOME5
59785,12018,2024-01-27,Delivered,Website,BIG20
59786,14213,2025-11-29,Delivered,Website,FEST15
59787,10092,2026-06-20,Processing,Marketplace,NONE
59788,11555,2025-02-21,Delivered,Marketplace,NONE
59789,10850,2026-02-23,Delivered,Website,SAVE10
59790,10894,2026-08-12,Delivered,Website,WELCOME5
59791,11014,2026-01-08,Delivered,Website,NONE
59792,11833,2025-04-30,Delivered,Website,NONE
59793,13625,2025-07-01,Delivered,Website,FEST15
59794,12960,2024-07-25,Delivered,Mobile App,NONE
59795,12206,2024-05-07,Delivered,Marketplace,FEST15
59796,12486,2026-02-06,Delivered,Website,NONE
59797,10917,2025-05-18,Delivered,Marketplace,SAVE10
59798,13684,2026-06-19,Delivered,Website,SAVE10
59799,13776,2025-12-21,Cancelled,Website,NONE
59800,12745,2024-09-11,Delivered,Website,NONE
59801,14072,2026-07-22,Delivered,Website,SAVE10
59802,14028,2024-01-07,Delivered,Website,BIG20
59803,14022,2024-04-02,Delivered,Mobile App,NONE
59804,10520,2025-08-14,Delivered,Website,NONE
59805,10431,2025-08-09,Delivered,Mobile App,WELCOME5
59806,12196,2025-12-11,Delivered,Website,NONE
59807,10285,2025-09-19,Shipped,Mobile App,NONE
59808,10081,2024-09-10,Delivered,Mobile App,NONE
59809,10655,2024-05-24,Delivered,Mobile App,FEST15
59810,10605,2026-07-23,Cancelled,Mobile App,NONE
59811,11630,2024-11-24,Delivered,Mobile App,NONE
59812,11658,2024-06-11,Delivered,Marketplace,NONE
59813,14098,2024-03-08,Delivered,Marketplace,SAVE10
59814,14508,2026-02-16,Delivered,Marketplace,NONE
59815,10852,2026-03-30,Delivered,Website,NONE
59816,11901,2026-04-30,Delivered,Mobile App,SAVE10
59817,12542,2026-04-07,Delivered,Mobile App,NONE
59818,11368,2024-06-14,Delivered,Mobile App,WELCOME5
59819,11655,2024-01-14,Delivered,Mobile App,WELCOME5
59820,13354,2025-05-01,Delivered,Website,NONE
59821,12128,2025-05-07,Delivered,Website,NONE
59822,13518,2024-01-28,Delivered,Website,NONE
59823,10375,2026-04-30,Delivered,Mobile App,FEST15
59824,12407,2025-09-14,Delivered,Website,NONE
59825,11553,2025-10-23,Delivered,Marketplace,NONE
59826,11443,2025-06-14,Delivered,Marketplace,BIG20
59827,12342,2026-08-21,Delivered,Mobile App,SAVE10
59828,11510,2026-01-24,Delivered,Website,NONE
59829,13792,2025-07-14,Shipped,Mobile App,WELCOME5
59830,10928,2025-05-01,Cancelled,Marketplace,NONE
59831,14466,2026-03-20,Delivered,Mobile App,NONE
59832,11813,2024-12-09,Shipped,Mobile App,NONE
59833,12635,2026-04-15,Delivered,Website,SAVE10
59834,10842,2024-05-12,Shipped,Website,FEST15
59835,14597,2024-02-04,Delivered,Mobile App,NONE
59836,13215,2024-02-19,Delivered,Marketplace,FEST15
59837,13849,2024-12-21,Delivered,Mobile App,NONE
59838,14474,2025-05-27,Delivered,Website,NONE
59839,14979,2026-05-19,Delivered,Mobile App,WELCOME5
59840,11272,2026-06-10,Delivered,Website,NONE
59841,11645,2024-01-31,Shipped,Website,NONE
59842,11212,2026-01-13,Processing,Website,NONE
59843,12508,2024-07-14,Delivered,Mobile App,SAVE10
59844,14491,2025-01-16,Delivered,Marketplace,NONE
59845,13692,2026-04-12,Delivered,Website,NONE
59846,12841,2026-08-12,Delivered,Website,NONE
59847,12368,2026-02-08,Delivered,Mobile App,FEST15
59848,13649,2024-06-27,Delivered,Mobile App,NONE
59849,12337,2024-02-06,Delivered,Website,SAVE10
59850,14446,2026-08-25,Delivered,Website,NONE
59851,12797,2024-08-16,Delivered,Website,SAVE10
59852,13325,2024-08-11,Delivered,Mobile App,NONE
59853,13397,2025-05-21,Delivered,Website,SAVE10
59854,13713,2024-06-12,Shipped,Website,FEST15
59855,12391,2025-10-07,Shipped,Website,BIG20
59856,11935,2026-04-12,Delivered,Website,FEST15
59857,12075,2024-12-01,Shipped,Mobile App,BIG20
59858,14691,2025-03-30,Delivered,Website,BIG20
59859,10549,2026-05-22,Delivered,Mobile App,NONE
59860,13520,2026-05-15,Delivered,Website,NONE
59861,14803,2024-03-31,Delivered,Mobile App,NONE
59862,10359,2025-12-26,Delivered,Website,NONE
59863,13090,2024-01-20,Shipped,Mobile App,FEST15
59864,12977,2024-06-01,Delivered,Mobile App,NONE
59865,11672,2025-08-31,Delivered,Website,WELCOME5
59866,10474,2024-04-28,Delivered,Marketplace,SAVE10
59867,13389,2024-06-27,Shipped,Website,NONE
59868,12611,2025-03-09,Delivered,Website,WELCOME5
59869,13759,2025-02-07,Delivered,Website,SAVE10
59870,10443,2025-06-28,Shipped,Website,NONE
59871,14674,2026-06-11,Delivered,Marketplace,WELCOME5
59872,13137,2025-02-14,Delivered,Website,NONE
59873,12214,2024-10-24,Cancelled,Website,NONE
59874,12282,2024-07-24,Shipped,Mobile App,FEST15
59875,14760,2026-04-30,Delivered,Mobile App,SAVE10
59876,12766,2024-07-30,Processing,Marketplace,NONE
59877,12902,2024-01-04,Delivered,Mobile App,NONE
59878,13245,2025-05-09,Delivered,Website,WELCOME5
59879,11563,2025-12-10,Delivered,Website,NONE
59880,11252,2024-01-14,Delivered,Marketplace,SAVE10
59881,13756,2025-09-09,Delivered,Mobile App,NONE
59882,11598,2025-03-01,Delivered,Website,WELCOME5
59883,10172,2026-01-23,Delivered,Mobile App,NONE
59884,12411,2024-02-02,Delivered,Website,SAVE10
59885,10051,2026-05-20,Delivered,Website,BIG20
59886,12832,2026-04-26,Delivered,Website,SAVE10
59887,13222,2025-10-27,Shipped,Marketplace,NONE
59888,14619,2025-08-24,Processing,Website,NONE
59889,13035,2025-11-13,Processing,Website,BIG20
59890,11760,2024-06-04,Delivered,Mobile App,SAVE10
59891,13212,2026-05-19,Delivered,Website,BIG20
59892,12959,2026-01-15,Delivered,Mobile App,NONE
59893,13706,2026-01-02,Processing, marketplace,FEST15
59894,14613,2025-04-22,Shipped,Website,NONE
59895,10485,2024-05-16,Delivered,Mobile App,NONE
59896,13590,2025-05-10,Shipped,Website,SAVE10
59897,14025,2025-06-12,Delivered,Marketplace,FEST15
59898,11642,2024-09-05,Delivered,Website,SAVE10
59899,12018,2026-06-15,Delivered,Website,NONE
59900,12074,2025-01-16,Delivered,Mobile App,NONE
59901,11868,2026-07-14,Delivered,Marketplace,WELCOME5
59902,14394,2026-05-01,Delivered,Website,NONE
59903,11631,2024-03-13,Delivered,Website,SAVE10
59904,12189,2024-05-22,Delivered,Mobile App,FEST15
59905,12925,2025-01-15,Delivered,Website,SAVE10
59906,11261,2025-08-27,Shipped,Website,NONE
59907,13490,2024-04-20,Processing,Website,FEST15
59908,12616,2024-07-29,Delivered,Website,WELCOME5
59909,10851,2026-04-10,Delivered,Website,FEST15
59910,10930,2025-03-07,Delivered,Mobile App,NONE
59911,10136,2025-06-23,Delivered,Website,NONE
59912,12911,2025-06-01,Delivered,Mobile App,SAVE10
59913,14005,2026-07-28,Delivered,Website,SAVE10
59914,14958,2024-04-28,Delivered,Mobile App,NONE
59915,13300,2025-05-20,Delivered,Website,SAVE10
59916,14847,2024-03-17,Shipped,Website,WELCOME5
59917,14941,2024-02-15,Delivered,Mobile App,NONE
59918,13069,2025-04-14,Processing,Website,NONE
59919,11876,2026-05-26,Delivered,Website,FEST15
59920,14432,2025-02-01,Delivered,Website,FEST15
59921,13163,2025-11-26,Delivered,Marketplace,SAVE10
59922,14076,2026-06-12,Delivered,Mobile App,NONE
59923,11132,2024-01-06,Delivered,Mobile App,SAVE10
59924,14754,2025-11-08,Delivered,Website,WELCOME5
59925,12146,2026-05-21,Delivered,Website,WELCOME5
59926,14366,2026-05-19,Delivered,Website,NONE
59927,11877,2025-12-14,Delivered,Mobile App,FEST15
59928,14500,2026-06-19,Delivered,Website,NONE
59929,13365,2025-08-06,Delivered,Website,WELCOME5
59930,11148,2024-01-19,Delivered,Website,WELCOME5
59931,10743,2026-08-10,Delivered,Mobile App,FEST15
59932,10791,2026-05-03,Delivered,Website,NONE
59933,11873,2024-07-03,Processing,Website,NONE
59934,10220,2026-07-18,Delivered,Mobile App,FEST15
59935,12743,2025-09-24,Shipped,Website,NONE
59936,13297,2025-03-15,Delivered,Marketplace,SAVE10
59937,13723,2026-03-05,Processing,Website,NONE
59938,14668,2025-09-08,Delivered,Mobile App,SAVE10
59939,14003,2026-02-04,Processing,Mobile App,NONE
59940,14970,2024-12-01,Shipped,Mobile App,SAVE10
59941,13019,2025-01-13,Delivered,Mobile App,NONE
59942,14262,2024-04-05,Delivered,Website,WELCOME5
59943,13873,2026-05-12,Delivered,Mobile App,SAVE10
59944,14156,2024-09-11,Delivered,Website,NONE
59945,12054,2024-05-13,Delivered,Marketplace,FEST15
59946,12595,2024-03-19,Delivered,Mobile App,SAVE10
59947,14570,2025-01-09,Delivered,Website,NONE
59948,12260,2025-04-17,Delivered,Website,NONE
59949,13032,2026-03-20,Delivered,Marketplace,NONE
59950,13202,2025-09-25,Delivered,Mobile App,NONE
59951,10925,2026-02-20,Delivered,Mobile App,NONE
59952,10114,2024-01-06,Delivered,Marketplace,NONE
59953,13477,2024-01-29,Delivered,Website,WELCOME5
59954,13972,2024-08-09,Shipped,Website,SAVE10
59955,12913,2025-01-09,Delivered,Marketplace,NONE
59956,13288,2024-03-12,Cancelled,Mobile App,BIG20
59957,10335,2026-04-21,Delivered,Mobile App,NONE
59958,10851,2026-07-25,Delivered,Website,SAVE10
59959,13689,2025-04-15,Delivered,Website,NONE
59960,13179,2026-02-18,Delivered,Website,NONE
59961,10990,2024-07-03,Processing,Website,FEST15
59962,12998,2024-01-31,Delivered,Website,SAVE10
59963,10176,2026-05-21,Cancelled,Marketplace,NONE
59964,13940,2026-02-28,Processing,Marketplace,NONE
59965,10135,2026-01-04,Delivered,Mobile App,FEST15
59966,14188,2026-03-13,Delivered,Website,WELCOME5
59967,11119,2025-11-19,Delivered,Mobile App,WELCOME5
59968,11268,2026-02-20,Delivered,Website,NONE
59969,14630,2026-07-27,Delivered,Website,NONE
59970,14073,2026-05-02,Delivered,Website,NONE
59971,11683,2026-05-13,Processing,Mobile App,NONE
59972,10911,2025-03-30,Shipped,Website,NONE
59973,10549,2026-03-04,Processing,Mobile App,NONE
59974,11972,2024-08-20,Delivered,Mobile App,SAVE10
59975,12905,2024-10-31,Delivered,Website,SAVE10
59976,12464,2026-04-24,Delivered,Website,NONE
59977,14484,2024-12-18,Delivered,Marketplace,FEST15
59978,14025,2026-03-20,Delivered,Mobile App,SAVE10
59979,11302,2025-04-25,Delivered,Website,NONE
59980,14506,2024-09-23,Delivered,Mobile App,NONE
59981,12310,2025-02-03,Delivered,Website,SAVE10
59982,10087,2025-07-17,Shipped,Mobile App,FEST15
59983,14258,2024-03-02,Cancelled,Mobile App,NONE
59984,13687,2025-06-24,Delivered,Website,NONE
59985,11777,2024-04-11,Delivered,Mobile App,NONE
59986,14388,2025-04-17,Delivered,Mobile App,SAVE10
59987,14529,2024-11-09,Delivered,Mobile App,BIG20
59988,14772,2025-08-13,Shipped,Website,NONE
59989,14563,2026-03-24,Processing,Website,WELCOME5
59990,11340,2024-03-22,Cancelled,Website,FEST15
59991,12789,2024-03-23,Delivered,Mobile App,WELCOME5
59992,10865,2025-03-17,Delivered,Website,SAVE10
59993,13409,2026-01-01,Delivered,Mobile App,BIG20
59994,12495,2024-09-28,Delivered,Mobile App,WELCOME5
59995,14397,2026-01-29,Delivered,Marketplace,NONE
59996,14506,2024-01-03,Delivered,Marketplace,NONE
59997,11590,2024-10-13,Cancelled,Mobile App,NONE
59998,11579,2025-05-18,Delivered,Mobile App,WELCOME5
59999,10160,2025-08-30,Processing,Website,NONE
60000,12526,2024-12-19,Delivered,Website,WELCOME5
60001,11924,2026-05-05,Shipped,Website,WELCOME5
60002,14978,2025-02-22,Processing,Website,NONE
60003,14089,2025-09-08,Delivered,Mobile App,SAVE10
60004,12281,2024-04-18,Delivered,Mobile App,NONE
60005,12840,2026-06-20,Shipped,Marketplace,NONE
60006,13142,2025-05-05,Delivered,Website,SAVE10
60007,14516,2025-04-01,Delivered,Marketplace,NONE
60008,14978,2024-09-19,Delivered,Mobile App,NONE
60009,12092,2025-08-12,Delivered,Mobile App,BIG20
60010,11837,2024-01-01,Delivered,Website,SAVE10
60011,13566,2025-03-14,Delivered,Mobile App,SAVE10
60012,11365,2026-01-26,Delivered,Mobile App,FEST15
60013,10703,2026-01-24,Cancelled,Mobile App,SAVE10
60014,11414,2025-09-01,Delivered,Mobile App,SAVE10
60015,11582,2024-12-29,Delivered,Marketplace,NONE
60016,13086,2025-05-27,Shipped,Website,NONE
60017,13679,2024-06-12,Shipped,Website,NONE
60018,10814,2025-08-26,Delivered,Mobile App,SAVE10
60019,10225,2024-07-28,Delivered,Marketplace,SAVE10
60020,10823,2024-11-09,Delivered,Website,NONE
60021,14557,2025-12-13,Cancelled,Website,FEST15
60022,11301,2024-04-29,Shipped,Mobile App,NONE
60023,12642,2024-11-16,Delivered,Mobile App,SAVE10
60024,12705,2024-12-12,Delivered,Mobile App,NONE
60025,11391,2026-07-06,Delivered,Website,WELCOME5
60026,14221,2026-02-04,Shipped,Website,NONE
60027,10326,2024-12-27,Delivered,Website,NONE
60028,12647,2025-08-13,Cancelled,Website,NONE
60029,12069,2024-08-20,Shipped,Mobile App,NONE
60030,13914,2026-02-06,Delivered,Website,SAVE10
60031,10987,2024-11-30,Delivered,Mobile App,NONE
60032,14788,2026-05-25,Delivered,Mobile App,FEST15
60033,13963,2026-05-14,Shipped,Marketplace,NONE
60034,13701,2024-08-30,Delivered,Marketplace,BIG20
60035,12473,2025-01-31,Shipped,Website,NONE
60036,13214,2026-06-05,Shipped,Website,NONE
60037,11039,2024-04-03,Delivered,Website,FEST15
60038,10041,2025-10-04,Delivered,Mobile App,WELCOME5
60039,13729,2025-05-15,Delivered,Website,FEST15
60040,12243,2025-06-27,Delivered,Marketplace,NONE
60041,11763,2025-07-09,Delivered,Mobile App,FEST15
60042,11341,2025-05-03,Delivered,Marketplace,NONE
60043,13103,2024-11-28,Delivered,Mobile App,SAVE10
60044,12563,2025-03-30,Delivered,Marketplace,NONE
60045,13376,2026-08-06,Delivered,Mobile App,NONE
60046,14756,2024-03-12,Delivered,Website,FEST15
60047,14178,2024-06-04,Processing,Mobile App,WELCOME5
60048,11603,2024-02-23,Delivered,Marketplace,NONE
60049,11210,2025-08-29,Delivered,Marketplace,NONE
60050,10804,2024-11-17,Shipped,Marketplace,NONE
60051,12846,2024-02-13,Delivered,Mobile App,BIG20
60052,14130,2024-07-16,Delivered,Mobile App,NONE
60053,11266,2024-09-09,Delivered,Mobile App,SAVE10
60054,14953,2024-03-25,Delivered,Website,NONE
60055,12147,2026-01-13,Shipped,Website,SAVE10
60056,13901,2024-01-24,Processing,Website,BIG20
60057,11492,2026-05-06,Shipped,Website,NONE
60058,10692,2026-08-07,Delivered,Website,SAVE10
60059,12564,2026-06-08,Delivered,Website,SAVE10
60060,12754,2024-07-24,Delivered,Website,NONE
60061,12392,2024-08-09,Delivered,Marketplace,WELCOME5
60062,12026,2026-08-13,Processing,Marketplace,SAVE10
60063,13250,2025-08-27,Delivered,Mobile App,NONE
60064,13168,2025-06-12,Delivered,Mobile App,NONE
60065,10757,2026-04-18,Delivered,Marketplace,WELCOME5
60066,13344,2024-07-05,Delivered,Website,NONE
60067,11664,2025-01-28,Cancelled,Mobile App,WELCOME5
60068,14036,2024-05-20,Cancelled,Mobile App,NONE
60069,12489,2026-02-13,Delivered,Mobile App,WELCOME5
60070,11201,2024-07-13,Processing,Mobile App,NONE
60071,10901,2024-05-07,Cancelled,Website,FEST15
60072,14824,2024-12-18,Shipped,Mobile App,BIG20
60073,13594,2025-07-01,Processing,Website,NONE
60074,11074,2024-07-17,Delivered,Mobile App,WELCOME5
60075,12509,2026-05-23,Delivered,Website,FEST15
60076,10621,2026-03-14,Shipped,Website,FEST15
60077,14172,2026-06-11,Delivered,Mobile App,NONE
60078,14145,2024-12-22,Processing,Mobile App,FEST15
60079,14017,2025-01-11,Delivered,Website,BIG20
60080,12317,2025-05-26,Delivered,Marketplace,NONE
60081,10830,2026-06-01,Shipped,Mobile App,FEST15
60082,12452,2025-05-01,Delivered,Website,NONE
60083,12553,2025-01-11,Delivered,Website,NONE
60084,11594,2025-10-01,Shipped,Mobile App,NONE
60085,11889,2024-05-08,Delivered,Marketplace,BIG20
60086,10233,2026-08-25,Shipped,Mobile App,FEST15
60087,12617,2025-10-30,Processing,Mobile App,BIG20
60088,10969,2025-03-06,Delivered,Mobile App,NONE
60089,14205,2024-03-28,Delivered,Mobile App,FEST15
60090,13809,2024-11-08,Delivered,Marketplace,SAVE10
60091,13019,2025-07-09,Shipped,Website,NONE
60092,11123,2026-08-02,Delivered,Mobile App,NONE
60093,13340,2025-04-17,Delivered,Mobile App,NONE
60094,14964,2026-08-25,Shipped,Website,NONE
60095,13154,2025-05-17,Delivered,Website,SAVE10
60096,13932,2026-01-27,Shipped,Website,NONE
60097,14503,2024-04-05,Delivered,Marketplace,NONE
60098,14243,2026-02-12,Processing,Website,FEST15
60099,10812,2024-08-22,Delivered,Website,NONE
60100,14367,2025-01-30,Delivered,Mobile App,SAVE10
60101,13828,2024-11-09,Delivered,Website,NONE
60102,13595,2025-06-06,Delivered,Mobile App,NONE
60103,11140,2025-08-19,Delivered,Mobile App,FEST15
60104,12331,2024-12-07,Delivered,Mobile App,WELCOME5
60105,14520,2024-02-25,Shipped,Website,NONE
60106,14586,2025-08-23,Delivered,Mobile App,NONE
60107,10577,2025-02-11,Delivered,Website,NONE
60108,12133,2026-03-11,Shipped,Mobile App,BIG20
60109,13031,2025-11-05,Delivered,Mobile App,WELCOME5
60110,10480,2024-12-28,Shipped,Mobile App,BIG20
60111,11231,2024-02-20,Processing,Mobile App,FEST15
60112,12983,2025-06-03,Delivered,Mobile App,SAVE10
60113,13281,2026-02-10,Delivered,Mobile App,WELCOME5
60114,10528,2026-01-21,Delivered,Website,BIG20
60115,12118,2024-11-20,Delivered,Website,WELCOME5
60116,13277,2024-07-21,Delivered,Mobile App,NONE
60117,14953,2024-03-12,Delivered,Mobile App,FEST15
60118,14988,2025-08-15,Delivered,Website,NONE
60119,11554,2024-09-11,Delivered,Mobile App,FEST15
60120,13377,2026-01-22,Delivered,Website,NONE
60121,12764,2025-08-02,Delivered,Website,NONE
60122,11053,2024-02-20,Delivered,Website,BIG20
60123,12538,2025-11-01,Delivered,Website,SAVE10
60124,10690,2024-09-03,Delivered,Website,NONE
60125,10601,2026-04-25,Delivered,Mobile App,BIG20
60126,11782,2024-01-25,Delivered,Website,NONE
60127,11308,2024-12-21,Delivered,Marketplace,WELCOME5
60128,10729,2024-01-07,Delivered,Mobile App,NONE
60129,10260,2025-09-06,Delivered,Website,NONE
60130,12849,2025-04-08,Shipped,Marketplace,NONE
60131,10030,2025-06-01,Cancelled,Website,WELCOME5
60132,13916,2025-11-10,Delivered,Mobile App,SAVE10
60133,10364,2026-05-19,Delivered,Website,NONE
60134,13291,2025-01-06,Shipped,Marketplace,WELCOME5
60135,10743,2025-07-07,Cancelled,Website,BIG20
60136,13086,2025-08-25,Delivered,Website,BIG20
60137,10714,2026-05-04,Shipped,Website,NONE
60138,12179,2024-07-04,Delivered,Website,FEST15
60139,13298,2025-05-22,Delivered,Website,WELCOME5
60140,10864,2026-03-22,Delivered,Mobile App,BIG20
60141,10664,2024-09-29,Delivered,Mobile App,BIG20
60142,13189,2024-12-17,Delivered,Website,WELCOME5
60143,13205,2025-03-11,Delivered,Website,WELCOME5
60144,12097,2025-11-16,Delivered,Website,NONE
60145,10613,2025-10-12,Delivered,Website,BIG20
60146,11528,2024-05-06,Delivered,Mobile App,FEST15
60147,11088,2024-07-18,Delivered,Website,NONE
60148,13297,2026-03-04,Delivered,Mobile App,NONE
60149,11503,2025-10-15,Delivered,Mobile App,NONE
60150,11893,2025-05-17,Delivered,Mobile App,SAVE10
60151,11307,2025-02-11,Shipped,Marketplace,NONE
60152,10842,2026-07-30,Shipped,Mobile App,NONE
60153,14059,2026-05-05,Delivered,Mobile App,FEST15
60154,12418,2025-01-28,Processing,Mobile App,FEST15
60155,12857,2024-12-07,Delivered,Mobile App,NONE
60156,11446,2026-04-26,Delivered,Marketplace,SAVE10
60157,10438,2024-12-01,Delivered,Mobile App,FEST15
60158,13668,2025-02-03,Cancelled,Marketplace,NONE
60159,13611,2026-06-08,Delivered,Website,SAVE10
60160,10236,2024-04-14,Delivered,Website,NONE
60161,14432,2025-11-13,Shipped,Mobile App,BIG20
60162,14265,2025-10-29,Delivered,Website,NONE
60163,14244,2025-01-02,Shipped,Marketplace,NONE
60164,12307,2024-06-26,Delivered,Marketplace,WELCOME5
60165,13470,2026-04-15,Cancelled,Website,NONE
60166,10080,2026-02-14,Delivered,Marketplace,NONE
60167,12993,2026-04-12,Processing,Marketplace,WELCOME5
60168,10667,2024-11-20,Shipped,Website,NONE
60169,14547,2026-07-23,Cancelled,Marketplace,FEST15
60170,14728,2026-01-03,Delivered,Mobile App,NONE
60171,10753,2024-08-20,Delivered,Website,NONE
60172,12686,2025-04-11,Delivered,Website,NONE
60173,12962,2024-11-02,Shipped,Marketplace,NONE
60174,13843,2025-06-04,Delivered,Mobile App,NONE
60175,12444,2024-07-01,Delivered,Mobile App,FEST15
60176,14414,2025-12-13,Delivered,Mobile App,WELCOME5
60177,11728,2025-03-21,Delivered,Mobile App,NONE
60178,11602,2025-10-07,Delivered,Website,NONE
60179,13646,2025-09-14,Delivered,Mobile App,NONE
60180,12735,2025-10-06,Delivered,Mobile App,FEST15
60181,10410,2026-01-07,Delivered,Marketplace,BIG20
60182,13252,2025-10-01,Cancelled,Mobile App,NONE
60183,11397,2025-05-15,Shipped,Website,NONE
60184,14208,2025-07-21,Delivered,Website,WELCOME5
60185,14183,2025-09-04,Delivered,Mobile App,NONE
60186,12101,2026-02-21,Delivered,Mobile App,SAVE10
60187,14267,2025-04-06,Shipped,Marketplace,NONE
60188,14759,2024-10-18,Processing,Marketplace,NONE
60189,13648,2024-09-01,Delivered,Website,NONE
60190,13036,2024-06-25,Delivered,Marketplace,SAVE10
60191,14666,2025-08-07,Delivered,Mobile App,SAVE10
60192,14370,2025-12-14,Delivered,Website,NONE
60193,12391,2024-11-03,Cancelled,Website,BIG20
60194,10417,2025-06-07,Processing,Mobile App,BIG20
60195,13004,2024-12-26,Delivered,Website,NONE
60196,12317,2026-05-23,Delivered,Website,NONE
60197,11829,2026-05-28,Delivered,Mobile App,NONE
60198,10896,2026-07-25,Delivered,Marketplace,NONE
60199,13583,2026-04-15,Delivered,Marketplace,NONE
60200,14560,2026-04-21,Delivered,Website,SAVE10
60201,12988,2025-06-24,Delivered,Mobile App,NONE
60202,11175,2025-06-15,Delivered,Website,NONE
60203,10007,2024-10-19,Delivered,Marketplace,SAVE10
60204,13565,2026-01-01,Delivered,Mobile App,WELCOME5
60205,10789,2024-11-06,Delivered,Website,NONE
60206,10315,2024-11-20,Delivered,Marketplace,FEST15
60207,10987,2026-07-06,Processing,Website,SAVE10
60208,11005,2024-01-15,Delivered,Website,NONE
60209,11698,2024-04-24,Delivered,Website,SAVE10
60210,11600,2026-01-27,Delivered,Website,NONE
60211,10988,2025-10-26,Delivered,Website,SAVE10
60212,13910,2026-01-28,Delivered,Marketplace,NONE
60213,14131,2025-03-28,Delivered,Mobile App,NONE
60214,11256,2024-01-08,Delivered,Mobile App,NONE
60215,11842,2024-10-15,Processing,Website,NONE
60216,14085,2026-04-17,Delivered,Website,NONE
60217,14765,2025-10-08,Delivered,Website,NONE
60218,13944,2026-05-04,Delivered,Mobile App,NONE
60219,12766,2024-01-10,Delivered,Mobile App,BIG20
60220,14962,2024-11-07,Shipped,Website,NONE
60221,13636,2025-10-28,Shipped,Website,NONE
60222,13386,2024-01-17,Shipped,Website,WELCOME5
60223,10149,2025-03-12,Delivered,Mobile App,NONE
60224,13188,2026-04-29,Processing,Website,WELCOME5
60225,11440,2024-06-05,Delivered,Mobile App,NONE
60226,13008,2024-03-09,Delivered,Marketplace,NONE
60227,12866,2025-09-09,Delivered,Website,NONE
60228,10549,2024-08-13,Delivered,Website,NONE
60229,12307,2024-06-27,Delivered,Website,FEST15
60230,12567,2025-06-10,Delivered,Mobile App,FEST15
60231,10238,2025-08-10,Shipped,Website,NONE
60232,14258,2026-03-03,Delivered,Website,NONE
60233,14688,2024-04-10,Processing,Mobile App,BIG20
60234,10105,2026-01-28,Delivered,Mobile App,NONE
60235,10602,2025-10-12,Delivered,Mobile App,NONE
60236,10634,2025-10-22,Delivered,Website,NONE
60237,12207,2024-08-19,Delivered,Marketplace,NONE
60238,13003,2026-03-14,Delivered,Website,NONE
60239,11208,2024-04-29,Delivered,Marketplace,NONE
60240,14236,2025-10-26,Delivered,Website,WELCOME5
60241,11553,2024-05-10,Delivered,Website,NONE
60242,11537,2025-09-10,Delivered,Website,NONE
60243,12941,2025-03-14,Delivered,Mobile App,NONE
60244,14358,2024-06-11,Processing,Mobile App,FEST15
60245,11245,2024-07-07,Cancelled,Mobile App,SAVE10
60246,11688,2025-03-02,Shipped,Marketplace,FEST15
60247,11694,2024-12-21,Delivered,Website,NONE
60248,12328,2025-03-13,Shipped,Website,SAVE10
60249,12145,2025-02-24,Delivered,Website,NONE
60250,14766,2024-01-18,Delivered,Website,FEST15
60251,10733,2025-02-20,Delivered,Website,NONE
60252,12088,2025-01-28,Cancelled,Website,NONE
60253,11269,2025-01-14,Delivered,Website,NONE
60254,12998,2024-08-08,Delivered,Mobile App,SAVE10
60255,13906,2024-07-05,Delivered,Website,NONE
60256,14678,2024-03-27,Delivered,Website,NONE
60257,12189,2025-08-29,Shipped,Mobile App,WELCOME5
60258,11322,2025-06-13,Delivered,Website,NONE
60259,14820,2026-02-26,Delivered,Website,NONE
60260,10460,2024-08-17,Processing,Mobile App,SAVE10
60261,10657,2025-01-30,Processing,Marketplace,FEST15
60262,14791,2024-07-03,Processing,Mobile App,NONE
60263,14433,2026-07-01,Delivered,Mobile App,NONE
60264,12800,2026-02-02,Processing,Mobile App,NONE
60265,11644,2024-05-24,Delivered,Website,NONE
60266,14830,2026-02-24,Delivered,Mobile App,NONE
60267,14792,2026-06-14,Delivered,Mobile App,FEST15
60268,14334,2025-10-03,Cancelled,Website,NONE
60269,13860,2026-08-18,Delivered,Marketplace,NONE
60270,12974,2024-07-02,Cancelled,Mobile App,NONE
60271,11859,2024-10-07,Cancelled,Mobile App,BIG20
60272,12357,2025-09-05,Processing,Website,NONE
60273,12713,2025-06-06,Delivered,Mobile App,NONE
60274,12402,2025-11-22,Delivered,Marketplace,FEST15
60275,14307,2026-07-25,Delivered,Website,NONE
60276,10831,2024-08-14,Delivered,Website,FEST15
60277,10415,2026-04-26,Delivered,Mobile App,NONE
60278,12268,2024-05-08,Delivered,Website,NONE
60279,11035,2025-03-21,Shipped,Website,NONE
60280,14109,2025-02-24,Processing,Website,NONE
60281,14242,2026-02-21,Delivered,Mobile App,NONE
60282,14944,2025-02-15,Delivered,Website,NONE
60283,11931,2026-03-16,Delivered,Website,NONE
60284,14802,2024-05-28,Processing,Website,NONE
60285,10507,2026-08-21,Delivered,Website,WELCOME5
60286,14811,2024-07-04,Delivered,Website,NONE
60287,11231,2025-07-27,Delivered,Website,NONE
60288,10096,2025-04-29,Shipped,Website,NONE
60289,14128,2024-03-28,Delivered,Website,NONE
60290,12579,2025-05-26,Cancelled,Mobile App,NONE
60291,12065,2026-04-27,Cancelled,Marketplace,NONE
60292,11001,2025-06-05,Processing,Website,SAVE10
60293,12079,2025-11-12,Delivered,Mobile App,NONE
60294,13077,2026-08-10,Processing,Website,WELCOME5
60295,10719,2024-10-20,Delivered,Mobile App,NONE
60296,14730,2024-02-08,Delivered,Website,SAVE10
60297,13619,2025-10-30,Delivered,Marketplace,NONE
60298,14384,2026-02-01,Delivered,Mobile App,NONE
60299,10223,2024-05-18,Delivered,Mobile App,NONE
60300,14333,2024-12-07,Delivered,Website,NONE
60301,14329,2024-12-13,Cancelled,Mobile App,BIG20
60302,11829,2025-12-31,Delivered,Marketplace,NONE
60303,12849,2026-04-29,Delivered,Website,WELCOME5
60304,12506,2025-12-14,Processing,Website,SAVE10
60305,14131,2024-10-14,Shipped,Marketplace,BIG20
60306,11410,2025-08-24,Delivered,Mobile App,BIG20
60307,14598,2024-09-18,Delivered,Website,NONE
60308,12770,2025-09-04,Delivered,Website,NONE
60309,10001,2026-07-25,Delivered,Mobile App,WELCOME5
60310,11517,2025-10-05,Delivered,Marketplace,NONE
60311,10713,2026-01-31,Delivered,Website,NONE
60312,14044,2025-12-26,Delivered,Website,NONE
60313,12046,2025-04-07,Delivered,Website,WELCOME5
60314,12323,2024-05-07,Delivered,Marketplace,NONE
60315,11751,2026-08-04,Delivered,Marketplace,SAVE10
60316,13502,2024-12-16,Delivered,Mobile App,NONE
60317,14968,2026-05-09,Delivered,Website,SAVE10
60318,14364,2026-03-27,Delivered,Mobile App,SAVE10
60319,14948,2025-10-25,Cancelled,Mobile App,NONE
60320,11499,2025-06-15,Delivered,Mobile App,NONE
60321,13322,2024-09-22,Delivered,Mobile App,NONE
60322,13111,2024-05-12,Delivered,Mobile App,FEST15
60323,11513,2026-04-26,Delivered,Marketplace,NONE
60324,14230,2026-07-21,Delivered,Website,SAVE10
60325,14599,2025-10-14,Delivered,Mobile App,NONE
60326,14754,2026-08-16,Delivered,Marketplace,NONE
60327,14940,2024-07-28,Delivered,Website,NONE
60328,10816,2025-05-12,Delivered,Website,NONE
60329,10737,2024-06-18,Delivered,Website,WELCOME5
60330,13408,2025-06-01,Delivered,Marketplace,WELCOME5
60331,13629,2026-05-14,Delivered,Mobile App,SAVE10
60332,12177,2024-10-10,Delivered,Mobile App,NONE
60333,10817,2025-02-12,Delivered,Mobile App,SAVE10
60334,11428,2025-05-15,Delivered,Website,NONE
60335,10642,2025-03-25,Delivered,Website,BIG20
60336,10789,2026-07-28,Delivered,Website,NONE
60337,10940,2025-02-17,Delivered,Website,NONE
60338,12927,2024-09-03,Shipped,Marketplace,SAVE10
60339,12567,2024-11-13,Delivered,Mobile App,NONE
60340,11671,2024-10-22,Shipped,Website,NONE
60341,12715,2024-11-01,Cancelled,Website,SAVE10
60342,13340,2026-05-20,Delivered,Mobile App,NONE
60343,10488,2025-05-12,Delivered,Mobile App,NONE
60344,11405,2025-01-07,Delivered,Website,BIG20
60345,11006,2024-05-17,Shipped,Website,NONE
60346,10003,2026-08-01,Cancelled,Mobile App,NONE
60347,10581,2024-05-28,Delivered,Mobile App,FEST15
60348,13837,2024-12-05,Processing,Mobile App,FEST15
60349,14378,2025-11-09,Shipped,Website,NONE
60350,10807,2024-01-05,Delivered,Website,NONE
60351,13837,2024-11-02,Processing,Mobile App,NONE
60352,11263,2026-07-14,Delivered,Website,SAVE10
60353,10700,2024-01-24,Delivered,Website,NONE
60354,11177,2024-08-17,Delivered,Website,SAVE10
60355,14597,2024-03-24,Delivered,Mobile App,NONE
60356,11712,2025-11-04,Delivered,Website,NONE
60357,13704,2024-01-12,Delivered,Website,BIG20
60358,12427,2024-02-15,Delivered,Website,WELCOME5
60359,12179,2025-04-03,Delivered,Mobile App,BIG20
60360,14063,2025-12-26,Delivered,Marketplace,SAVE10
60361,14958,2026-05-27,Delivered,Mobile App,FEST15
60362,13252,2024-08-01,Delivered,Website,NONE
60363,14248,2025-07-08,Delivered,Mobile App,NONE
60364,10730,2026-02-15,Delivered,Marketplace,NONE
60365,14504,2025-12-08,Shipped,Mobile App,NONE
60366,10919,2026-07-26,Delivered,Website,NONE
60367,10953,2024-03-14,Delivered,Website,NONE
60368,14236,2024-02-13,Delivered,Website,NONE
60369,12415,2025-10-27,Delivered,Website,SAVE10
60370,11250,2024-12-22,Delivered,Mobile App,WELCOME5
60371,10137,2025-12-17,Shipped,Mobile App,WELCOME5
60372,11094,2025-11-25,Delivered,Website,SAVE10
60373,14122,2025-03-05,Delivered,Website,WELCOME5
60374,10018,2026-08-24,Shipped,Website,NONE
60375,14602,2026-05-05,Delivered, marketplace,NONE
60376,13871,2024-12-18,Processing,Website,WELCOME5
60377,11024,2024-01-06,Processing,Website,BIG20
60378,13693,2026-08-23,Delivered,Marketplace,BIG20
60379,12593,2026-07-28,Shipped,Mobile App,FEST15
60380,11739,2026-05-22,Processing,Website,NONE
60381,12527,2024-02-24,Processing,Mobile App,FEST15
60382,10037,2025-11-28,Delivered,Mobile App,NONE
60383,14403,2026-07-20,Delivered,Mobile App,FEST15
60384,13928,2025-01-05,Delivered,Mobile App,NONE
60385,10898,2026-01-01,Delivered,Marketplace,FEST15
60386,10497,2025-06-04,Delivered,Mobile App,WELCOME5
60387,12118,2025-03-25,Delivered,Mobile App,NONE
60388,12303,2025-11-29,Delivered,Marketplace,NONE
60389,13863,2025-07-16,Delivered,Website,FEST15
60390,14201,2025-10-27,Delivered,Website,SAVE10
60391,10319,2024-08-05,Delivered,Website,NONE
60392,11222,2024-10-06,Delivered,Website,NONE
60393,12932,2025-09-12,Delivered,Website,NONE
60394,11899,2025-06-24,Delivered,Website,FEST15
60395,14954,2025-01-06,Delivered,Mobile App,WELCOME5
60396,13305,2026-03-20,Delivered,Marketplace,NONE
60397,11613,2024-11-27,Delivered,Website,SAVE10
60398,13366,2025-04-05,Delivered,Mobile App,FEST15
60399,12153,2024-11-02,Delivered,Marketplace,NONE
60400,12314,2025-07-03,Delivered,Website,BIG20
60401,13574,2025-06-29,Delivered,Website,NONE
60402,12169,2024-11-13,Cancelled,Marketplace,BIG20
60403,13483,2026-01-20,Shipped,Website,NONE
60404,12098,2024-06-04,Processing,Marketplace,NONE
60405,12972,2026-01-16,Delivered,Website,NONE
60406,12431,2024-03-05,Delivered,Mobile App,NONE
60407,12870,2024-08-31,Delivered,Mobile App,FEST15
60408,11734,2025-01-28,Delivered,Marketplace,FEST15
60409,10600,2025-02-14,Delivered,Website,NONE
60410,11283,2025-09-04,Delivered,Website,NONE
60411,11781,2026-06-29,Delivered,Website,NONE
60412,11581,2026-01-07,Shipped,Website,BIG20
60413,12108,2025-06-12,Delivered,Website,FEST15
60414,12389,2024-03-22,Delivered,Website,NONE
60415,11260,2026-08-20,Delivered,Mobile App,NONE
60416,11911,2024-11-04,Delivered,Mobile App,FEST15
60417,11412,2025-08-24,Delivered,Marketplace,NONE
60418,12928,2026-02-22,Delivered,Website,SAVE10
60419,12381,2025-11-09,Delivered,Marketplace,NONE
60420,13156,2024-04-18,Delivered,Website,FEST15
60421,12160,2024-09-08,Delivered,Marketplace,NONE
60422,14981,2026-08-21,Delivered,Mobile App,NONE
60423,12424,2026-01-14,Delivered,Website,FEST15
60424,13076,2025-09-05,Delivered,Marketplace,NONE
60425,12211,2025-03-08,Delivered,Website,BIG20
60426,13674,2026-06-30,Shipped,Mobile App,NONE
60427,12794,2025-12-06,Delivered,Mobile App,SAVE10
60428,10491,2025-12-09,Delivered,Website,WELCOME5
60429,13647,2026-06-07,Delivered,Website,BIG20
60430,13803,2026-07-23,Delivered,Website,WELCOME5
60431,12013,2026-04-13,Delivered,Website,WELCOME5
60432,12545,2025-10-07,Delivered,Marketplace,FEST15
60433,10055,2024-08-09,Delivered,Website,NONE
60434,14333,2024-09-17,Delivered,Mobile App,NONE
60435,13893,2024-05-29,Delivered,Mobile App,SAVE10
60436,14855,2026-02-15,Delivered,Mobile App,SAVE10
60437,12998,2024-11-20,Delivered,Website,SAVE10
60438,11152,2024-08-07,Cancelled,Website,NONE
60439,11450,2025-12-05,Delivered,Marketplace,NONE
60440,14644,2025-07-02,Delivered,Website,SAVE10
60441,10216,2024-08-26,Delivered,Website,NONE
60442,13359,2024-12-27,Delivered,Marketplace,SAVE10
60443,10341,2025-04-11,Delivered,Marketplace,NONE
60444,13696,2026-02-14,Processing,Mobile App,NONE
60445,12907,2024-01-07,Delivered,Marketplace,NONE
60446,12362,2026-01-06,Processing,Marketplace,NONE
60447,13503,2024-03-17,Delivered,Website,NONE
60448,11774,2026-04-17,Delivered,Website,NONE
60449,12867,2024-04-24,Delivered,Mobile App,NONE
60450,14001,2024-08-27,Delivered,Mobile App,NONE
60451,12292,2024-12-24,Delivered,Mobile App,NONE
60452,10110,2026-08-25,Delivered,Website,NONE
60453,14970,2025-01-21,Delivered,Website,NONE
60454,12703,2026-02-20,Delivered,Website,NONE
60455,12149,2024-09-05,Delivered,Mobile App,NONE
60456,10370,2025-01-10,Delivered,Mobile App,NONE
60457,10453,2025-05-16,Delivered,Website,SAVE10
60458,11274,2024-05-03,Cancelled,Mobile App,NONE
60459,14617,2024-01-30,Processing,Mobile App,NONE
60460,13626,2024-12-04,Delivered,Website,BIG20
60461,12067,2026-02-01,Shipped,Marketplace,SAVE10
60462,13774,2024-04-12,Delivered,Website,FEST15
60463,11960,2026-03-04,Delivered,Mobile App,NONE
60464,14446,2025-08-19,Shipped,Website,SAVE10
60465,11636,2024-09-22,Delivered,Mobile App,NONE
60466,13578,2024-04-19,Delivered,Marketplace,WELCOME5
60467,12183,2025-06-18,Delivered,Mobile App,SAVE10
60468,13374,2025-02-21,Shipped,Mobile App,NONE
60469,10933,2024-04-15,Delivered,Mobile App,NONE
60470,14726,2025-10-09,Delivered,Mobile App,NONE
60471,11432,2026-03-22,Delivered,Mobile App,SAVE10
60472,12688,2025-03-15,Delivered,Mobile App,NONE
60473,13437,2025-03-13,Delivered,Mobile App,BIG20
60474,13270,2026-05-05,Delivered,Website,FEST15
60475,12774,2025-01-10,Delivered,Website,NONE
60476,14341,2024-08-21,Delivered,Website,BIG20
60477,14849,2026-04-01,Delivered,Mobile App,FEST15
60478,13819,2025-05-23,Delivered,Mobile App,NONE
60479,10923,2026-06-28,Delivered,Mobile App,WELCOME5
60480,13850,2026-06-04,Delivered,Website,SAVE10
60481,12517,2026-02-25,Shipped,Mobile App,NONE
60482,12684,2024-12-08,Delivered,Website,NONE
60483,14708,2025-11-27,Delivered,Mobile App,FEST15
60484,12640,2025-04-03,Processing,Mobile App,NONE
60485,14254,2026-01-11,Delivered,Mobile App,NONE
60486,13244,2026-06-23,Delivered,Marketplace,BIG20
60487,10437,2025-12-11,Delivered,Mobile App,FEST15
60488,13503,2025-04-29,Processing,Mobile App,SAVE10
60489,12475,2026-08-20,Shipped,Mobile App,NONE
60490,12731,2026-04-18,Delivered,Marketplace,SAVE10
60491,11514,2024-08-25,Delivered,Mobile App,SAVE10
60492,10928,2026-07-01,Delivered,Website,NONE
60493,13720,2025-04-10,Shipped,Website,FEST15
60494,11243,2024-09-05,Shipped,Website,NONE
60495,10466,2024-10-13,Delivered,Website,NONE
60496,12466,2026-02-01,Delivered,Mobile App,NONE
60497,13559,2025-01-08,Delivered,Website,SAVE10
60498,11021,2025-09-26,Delivered,Website,NONE
60499,11810,2025-03-07,Delivered,Website,BIG20
60500,12118,2026-08-15,Delivered,Website,SAVE10
60501,14618,2024-05-12,Cancelled,Website,WELCOME5
60502,10736,2025-07-22,Delivered,Mobile App,NONE
60503,14591,2024-12-11,Delivered,Website,NONE
60504,10732,2026-02-07,Delivered,Website,FEST15
60505,12891,2026-07-03,Cancelled,Mobile App,WELCOME5
60506,14217,2024-12-01,Delivered, marketplace,NONE
60507,14522,2026-05-30,Delivered,Website,FEST15
60508,12712,2025-08-11,Delivered,Website,WELCOME5
60509,12466,2024-02-23,Delivered,Website,NONE
60510,13903,2026-01-25,Delivered,Website,NONE
60511,14548,2025-06-18,Shipped,Website,NONE
60512,10058,2026-07-26,Delivered,Mobile App,FEST15
60513,11311,2025-03-21,Delivered,Website,NONE
60514,11429,2024-09-01,Delivered,Website,NONE
60515,14167,2024-06-16,Delivered,Mobile App,SAVE10
60516,10089,2024-03-17,Delivered,Mobile App,NONE
60517,10628,2025-11-15,Delivered,Website,SAVE10
60518,10017,2026-08-05,Delivered,Website,NONE
60519,14765,2025-09-19,Processing,Website,SAVE10
60520,10161,2025-08-07,Delivered,Marketplace,NONE
60521,11328,2024-01-28,Delivered,Marketplace,FEST15
60522,12608,2024-01-17,Delivered,Mobile App,WELCOME5
60523,11744,2025-04-29,Shipped,Website,FEST15
60524,10455,2025-05-19,Processing,Website,NONE
60525,12065,2025-02-16,Delivered,Website,NONE
60526,13992,2026-06-26,Delivered,Website,WELCOME5
60527,11445,2024-11-16,Delivered,Website,FEST15
60528,12581,2026-08-12,Delivered,Website,NONE
60529,12349,2024-09-12,Delivered,Marketplace,NONE
60530,11227,2024-11-11,Delivered,Mobile App,NONE
60531,10013,2024-10-17,Delivered,Website,NONE
60532,14194,2026-01-28,Delivered,Website,NONE
60533,14969,2024-11-17,Delivered,Marketplace,SAVE10
60534,12549,2025-03-20,Delivered,Mobile App,WELCOME5
60535,14152,2024-04-18,Cancelled,Website,NONE
60536,11754,2025-01-21,Delivered,Marketplace,FEST15
60537,14716,2024-07-12,Delivered,Website,NONE
60538,12840,2026-01-05,Cancelled,Mobile App,NONE
60539,14001,2026-02-27,Delivered,Mobile App,NONE
60540,13364,2024-09-18,Delivered,Mobile App,BIG20
60541,14619,2026-08-16,Shipped,Website,NONE
60542,12795,2025-02-17,Delivered,Mobile App,NONE
60543,14237,2026-03-20,Delivered,Website,BIG20
60544,14664,2024-08-27,Delivered,Website,SAVE10
60545,13801,2026-04-13,Shipped,Website,NONE
60546,11770,2024-05-18,Delivered,Mobile App,
60547,10456,2024-12-16,Delivered,Website,NONE
60548,12050,2025-01-02,Delivered,Website,NONE
60549,13463,2024-06-29,Delivered,Website,NONE
60550,14295,2026-07-19,Delivered,Mobile App,FEST15
60551,13845,2024-10-11,Delivered,Website,SAVE10
60552,13188,2025-02-10,Delivered,Website,NONE
60553,12682,2024-01-17,Delivered,Website,NONE
60554,14832,2025-10-24,Processing,Website,NONE
60555,11220,2024-06-23,Shipped,Marketplace,NONE
60556,13961,2024-10-03,Delivered,Website,SAVE10
60557,12757,2026-06-08,Delivered,Mobile App,NONE
60558,12565,2026-04-19,Delivered,Marketplace,FEST15
60559,11997,2024-04-21,Delivered,Website,NONE
60560,13174,2025-08-29,Delivered,Mobile App,NONE
60561,15000,2025-12-25,Delivered,Website,WELCOME5
60562,12031,2026-07-10,Delivered,Marketplace,FEST15
60563,10565,2024-08-21,Delivered,Website,NONE
60564,10639,2024-11-12,Shipped,Website,NONE
60565,10885,2024-08-17,Delivered,Website,FEST15
60566,12036,2025-06-05,Delivered,Marketplace,NONE
60567,10021,2025-08-08,Delivered,Website,FEST15
60568,11408,2024-07-04,Delivered,Marketplace,SAVE10
60569,13476,2024-01-23,Delivered,Marketplace,WELCOME5
60570,13391,2024-05-11,Delivered,Marketplace,NONE
60571,13345,2024-07-21,Delivered,Website,SAVE10
60572,13346,2025-07-21,Delivered,Mobile App,NONE
60573,10380,2024-07-13,Cancelled,Website,WELCOME5
60574,14687,2026-02-18,Delivered,Website,NONE
60575,11489,2025-09-14,Delivered,Website,NONE
60576,10398,2024-07-12,Cancelled,Marketplace,NONE
60577,14059,2026-08-18,Processing,Website,NONE
60578,12338,2025-11-12,Delivered,Marketplace,NONE
60579,11733,2026-04-23,Delivered,Website,SAVE10
60580,11994,2025-10-13,Delivered,Mobile App,FEST15
60581,12916,2025-10-02,Delivered,Mobile App,NONE
60582,12638,2025-04-13,Delivered,Website,NONE
60583,10069,2025-09-28,Delivered,Mobile App,NONE
60584,10598,2026-01-13,Delivered,Website,NONE
60585,14737,2026-08-14,Delivered,Website,NONE
60586,12458,2025-07-30,Delivered,Mobile App,SAVE10
60587,14943,2026-01-01,Delivered,Mobile App,SAVE10
60588,13286,2026-07-07,Delivered,Mobile App,NONE
60589,13688,2025-08-15,Shipped,Mobile App,FEST15
60590,11569,2026-01-10,Delivered,Mobile App,SAVE10
60591,14190,2024-07-02,Delivered,Website,NONE
60592,13253,2026-05-09,Cancelled,Marketplace,NONE
60593,13759,2026-08-07,Cancelled,Marketplace,NONE
60594,11329,2024-12-16,Delivered,Website,FEST15
60595,12934,2026-05-10,Cancelled,Marketplace,NONE
60596,11847,2026-02-25,Delivered,Marketplace,FEST15
60597,14545,2024-08-13,Delivered,Mobile App,SAVE10
60598,14537,2026-08-20,Delivered,Mobile App,FEST15
60599,11765,2025-07-21,Delivered,Website,NONE
60600,10126,2024-06-07,Shipped,Website,NONE
60601,11248,2024-04-14,Delivered,Website,NONE
60602,11365,2025-05-10,Shipped,Website,NONE
60603,10097,2025-05-20,Shipped,Mobile App,NONE
60604,14679,2026-04-16,Delivered,Website,SAVE10
60605,12331,2025-05-10,Delivered,Website,FEST15
60606,10736,2025-01-19,Delivered,Website,WELCOME5
60607,13049,2024-11-03,Delivered,Website,FEST15
60608,11988,2025-05-07,Delivered,Marketplace,NONE
60609,10874,2024-09-15,Shipped,Mobile App,SAVE10
60610,12271,2025-12-26,Delivered,Website,NONE
60611,12994,2024-05-11,Delivered,Mobile App,FEST15
60612,13264,2026-03-10,Delivered,Mobile App,NONE
60613,11126,2024-07-28,Delivered,Mobile App,SAVE10
60614,13059,2024-07-12,Delivered,Website,FEST15
60615,13964,2026-08-02,Processing,Website,NONE
60616,13134,2025-01-14,Shipped,Website,NONE
60617,14758,2025-10-21,Delivered,Mobile App,SAVE10
60618,14703,2025-01-17,Processing,Website,NONE
60619,12477,2026-08-10,Shipped,Mobile App,BIG20
60620,11964,2024-05-28,Delivered,Mobile App,NONE
60621,12287,2025-03-27,Delivered,Mobile App,NONE
60622,12450,2024-03-29,Delivered,Mobile App,BIG20
60623,10867,2025-07-08,Delivered,Website,NONE
60624,14820,2025-12-23,Delivered,Mobile App,FEST15
60625,12842,2025-03-30,Delivered,Website,SAVE10
60626,10641,2026-04-06,Delivered,Website,FEST15
60627,14515,2026-01-15,Shipped,Mobile App,NONE
60628,14742,2026-07-12,Delivered,Mobile App,BIG20
60629,12806,2026-08-23,Delivered,Mobile App,NONE
60630,14742,2026-07-16,Delivered,Website,SAVE10
60631,14854,2025-02-24,Delivered,Mobile App,NONE
60632,14768,2026-08-22,Delivered,Website,NONE
60633,14820,2025-10-03,Delivered,Website,FEST15
60634,10336,2024-03-21,Delivered,Website,NONE
60635,10155,2024-03-20,Shipped,Mobile App,FEST15
60636,12888,2025-01-19,Delivered,Website,NONE
60637,13741,2025-06-23,Delivered,Website,SAVE10
60638,14191,2024-03-20,Delivered,Website,NONE
60639,13209,2025-07-13,Cancelled,Website,SAVE10
60640,11569,2025-10-19,Delivered,Website,SAVE10
60641,14665,2025-11-03,Delivered,Mobile App,NONE
60642,12953,2026-08-01,Delivered,Website,WELCOME5
60643,13408,2024-12-19,Delivered,Mobile App,BIG20
60644,11283,2024-02-05,Delivered,Website,BIG20
60645,13794,2026-07-18,Shipped,Website,FEST15
60646,10649,2025-05-25,Delivered,Website,NONE
60647,14353,2025-09-03,Delivered,Website,BIG20
60648,14262,2025-06-01,Delivered,Marketplace,SAVE10
60649,13414,2025-04-17,Shipped,Website,NONE
60650,14907,2024-06-07,Delivered,Mobile App,SAVE10
60651,14551,2025-07-01,Delivered,Website,SAVE10
60652,10349,2026-03-19,Delivered,Website,NONE
60653,11105,2024-04-19,Delivered,Website,NONE
60654,10607,2025-01-17,Delivered,Website,SAVE10
60655,11604,2026-06-26,Delivered,Marketplace,NONE
60656,12944,2025-02-11,Delivered,Mobile App,NONE
60657,10719,2024-06-05,Delivered,Mobile App,FEST15
60658,10432,2026-07-22,Delivered,Website,SAVE10
60659,13222,2024-05-12,Delivered,Website,NONE
60660,13156,2024-08-27,Delivered,Mobile App,SAVE10
60661,11832,2025-03-27,Cancelled,Mobile App,NONE
60662,13598,2025-01-08,Delivered,Website,FEST15
60663,12960,2025-02-07,Shipped,Mobile App,NONE
60664,12074,2026-01-17,Delivered,Mobile App,NONE
60665,10342,2025-06-24,Delivered,Website,NONE
60666,13782,2025-04-10,Cancelled,Website,WELCOME5
60667,13124,2025-11-13,Delivered,Mobile App,NONE
60668,10569,2025-08-08,Delivered,Website,FEST15
60669,10940,2025-09-01,Delivered,Website,BIG20
60670,11507,2025-04-08,Shipped,Mobile App,NONE
60671,10896,2025-06-21,Processing,Marketplace,NONE
60672,14039,2024-10-01,Delivered,Website,BIG20
60673,14668,2025-02-05,Delivered,Website,NONE
60674,10442,2024-06-06,Shipped,Website,NONE
60675,11197,2024-03-20,Delivered,Website,NONE
60676,11426,2026-04-04,Delivered,Website,NONE
60677,14959,2026-02-21,Delivered,Mobile App,NONE
60678,13106,2024-09-23,Delivered,Marketplace,NONE
60679,14771,2025-03-23,Delivered,Website,NONE
60680,11237,2026-08-25,Delivered,Marketplace,NONE
60681,10339,2025-05-30,Delivered,Website,WELCOME5
60682,12405,2024-01-10,Delivered,Website,FEST15
60683,14086,2025-07-14,Delivered,Marketplace,SAVE10
60684,14186,2026-05-05,Delivered,Website,NONE
60685,12362,2024-08-11,Delivered,Website,WELCOME5
60686,11349,2026-07-07,Delivered,Website,NONE
60687,10236,2026-01-10,Delivered,Website,WELCOME5
60688,12180,2024-02-26,Shipped,Marketplace,NONE
60689,12680,2026-08-16,Delivered,Website,NONE
60690,10092,2025-08-31,Shipped,Website,SAVE10
60691,14674,2024-07-28,Cancelled,Marketplace,SAVE10
60692,13542,2026-01-29,Delivered,Website,WELCOME5
60693,11635,2026-03-07,Delivered,Marketplace,NONE
60694,11776,2025-08-19,Delivered,Website,NONE
60695,11786,2026-07-24,Delivered,Mobile App,NONE
60696,14301,2026-05-03,Delivered,Marketplace,SAVE10
60697,13619,2024-10-29,Delivered,Marketplace,FEST15
60698,10443,2024-05-08,Cancelled,Website,NONE
60699,11532,2026-02-22,Delivered,Mobile App,SAVE10
60700,13912,2026-07-09,Cancelled,Website,NONE
60701,11783,2024-10-12,Delivered,Website,FEST15
60702,14069,2025-06-17,Delivered,Website,NONE
60703,12537,2025-05-10,Delivered,Mobile App,NONE
60704,13881,2024-11-30,Shipped,Website,WELCOME5
60705,12639,2025-06-06,Delivered,Marketplace,BIG20
60706,13672,2025-05-24,Shipped,Website,FEST15
60707,12158,2026-08-13,Delivered,Website,NONE
60708,11189,2024-11-25,Delivered,Mobile App,NONE
60709,14411,2024-05-24,Delivered,Mobile App,NONE
60710,12084,2025-03-17,Delivered,Website,NONE
60711,10047,2024-05-17,Shipped,Mobile App,NONE
60712,11930,2024-05-31,Delivered,Website,NONE
60713,12055,2025-09-07,Processing,Website,SAVE10
60714,11206,2026-03-30,Delivered,Marketplace,SAVE10
60715,14389,2024-04-22,Delivered,Mobile App,NONE
60716,12459,2025-01-12,Cancelled,Website,FEST15
60717,11852,2024-06-26,Shipped,Marketplace,SAVE10
60718,13488,2025-03-29,Delivered,Marketplace,NONE
60719,13200,2025-07-26,Delivered,Website,NONE
60720,12394,2026-06-01,Processing,Marketplace,NONE
60721,14875,2026-05-17,Delivered,Website,NONE
60722,14873,2026-05-29,Delivered,Marketplace,NONE
60723,12381,2025-02-13,Delivered,Mobile App,NONE
60724,13544,2026-02-03,Delivered,Website,SAVE10
60725,10261,2024-10-08,Delivered,Website,SAVE10
60726,12214,2024-01-30,Delivered,Website,NONE
60727,12209,2026-06-20,Delivered,Website,WELCOME5
60728,12020,2026-05-29,Delivered,Mobile App,NONE
60729,14205,2024-06-24,Delivered,Website,NONE
60730,12919,2024-07-02,Delivered,Website,NONE
60731,12357,2026-05-29,Delivered,Mobile App,SAVE10
60732,12159,2025-03-01,Delivered,Mobile App,NONE
60733,13094,2026-02-05,Delivered,Website,NONE
60734,11110,2026-05-25,Shipped,Website,NONE
60735,11230,2025-06-13,Delivered,Mobile App,FEST15
60736,12606,2024-04-02,Delivered,Website,NONE
60737,11596,2025-08-05,Delivered,Website,NONE
60738,13364,2024-05-09,Delivered,Marketplace,NONE
60739,14508,2025-10-29,Delivered,Website,NONE
60740,11793,2025-07-12,Delivered,Marketplace,WELCOME5
60741,12889,2025-02-28,Delivered,Website,SAVE10
60742,11417,2025-03-29,Delivered,Marketplace,NONE
60743,13968,2026-07-22,Shipped,Website,BIG20
60744,11087,2025-01-12,Delivered,Mobile App,FEST15
60745,12611,2026-04-03,Delivered,Marketplace,NONE
60746,11815,2026-02-24,Delivered,Website,NONE
60747,13825,2026-08-24,Cancelled,Website,NONE
60748,11222,2026-05-17,Delivered,Website,WELCOME5
60749,11006,2025-08-25,Processing,Mobile App,SAVE10
60750,13816,2026-08-19,Delivered,Mobile App,SAVE10
60751,12785,2025-11-10,Shipped,Mobile App,NONE
60752,13194,2024-04-29,Shipped,Website,NONE
60753,13971,2024-04-03,Delivered,Website,NONE
60754,11435,2025-10-17,Delivered,Website,NONE
60755,11207,2025-05-28,Delivered,Website,WELCOME5
60756,14960,2026-04-25,Delivered,Website,WELCOME5
60757,10558,2025-06-05,Delivered,Website,NONE
60758,13229,2024-08-21,Delivered,Website,NONE
60759,11945,2026-04-11,Delivered,Website,BIG20
60760,10713,2025-04-10,Delivered,Mobile App,NONE
60761,14767,2026-07-14,Shipped,Mobile App,NONE
60762,14147,2024-01-07,Delivered,Marketplace,NONE
60763,11111,2024-01-18,Delivered,Website,NONE
60764,13769,2024-05-10,Delivered,Mobile App,BIG20
60765,13839,2026-07-17,Delivered,Mobile App,WELCOME5
60766,12501,2024-05-01,Delivered,Marketplace,NONE
60767,14781,2025-11-22,Delivered,Mobile App,FEST15
60768,11168,2025-11-17,Delivered,Website,NONE
60769,10364,2026-05-03,Delivered,Website,SAVE10
60770,14055,2025-08-26,Delivered,Mobile App,WELCOME5
60771,11788,2024-01-21,Processing,Mobile App,NONE
60772,10623,2024-02-07,Delivered,Website,NONE
60773,14844,2024-01-14,Cancelled,Mobile App,SAVE10
60774,12091,2025-07-31,Delivered,Website,WELCOME5
60775,14328,2025-02-21,Delivered,Marketplace,NONE
60776,14087,2024-03-07,Delivered,Marketplace,BIG20
60777,11518,2024-01-21,Delivered,Marketplace,SAVE10
60778,14008,2024-07-15,Delivered,Marketplace,NONE
60779,12348,2025-04-10,Delivered,Marketplace,WELCOME5
60780,13150,2026-05-24,Delivered,Website,FEST15
60781,11433,2026-03-13,Delivered,Mobile App,SAVE10
60782,10039,2025-03-09,Delivered,Website,NONE
60783,10953,2024-10-05,Delivered,Website,NONE
60784,11666,2026-01-27,Delivered,Website,NONE
60785,12736,2026-06-28,Delivered,Mobile App,NONE
60786,14266,2024-10-31,Delivered,Website,NONE
60787,10885,2025-04-27,Cancelled,Marketplace,SAVE10
60788,13607,2024-04-17,Delivered,Marketplace,NONE
60789,13747,2024-05-05,Delivered,Marketplace,NONE
60790,14053,2026-05-11,Delivered,Website,WELCOME5
60791,14074,2024-08-07,Delivered,Mobile App,SAVE10
60792,10315,2024-06-07,Delivered,Website,NONE
60793,11089,2024-11-05,Delivered,Website,NONE
60794,14704,2024-12-05,Delivered,Mobile App,NONE
60795,13162,2024-07-16,Delivered,Website,NONE
60796,11146,2025-11-11,Delivered,Marketplace,BIG20
60797,14981,2025-07-10,Shipped,Marketplace,NONE
60798,11662,2025-07-28,Delivered,Mobile App,NONE
60799,11443,2026-08-13,Delivered,Website,SAVE10
60800,14203,2026-06-19,Delivered,Marketplace,NONE
60801,14803,2024-09-30,Shipped,Mobile App,WELCOME5
60802,12032,2026-08-16,Cancelled,Website,NONE
60803,13228,2025-10-20,Delivered,Website,SAVE10
60804,13216,2024-05-22,Delivered,Website,WELCOME5
60805,11130,2024-11-05,Delivered,Marketplace,FEST15
60806,12762,2024-08-07,Delivered,Marketplace,NONE
60807,10279,2026-02-14,Delivered,Mobile App,NONE
60808,14331,2025-09-11,Delivered,Website,WELCOME5
60809,14141,2026-01-25,Delivered,Mobile App,NONE
60810,10781,2024-05-22,Delivered,Website,NONE
60811,13044,2025-05-15,Delivered,Website,NONE
60812,10489,2025-06-09,Delivered,Marketplace,WELCOME5
60813,10439,2025-10-22,Delivered,Marketplace,NONE
60814,13162,2024-12-27,Delivered,Website,SAVE10
60815,13985,2024-03-02,Shipped,Marketplace,SAVE10
60816,14224,2026-05-11,Delivered,Website,BIG20
60817,11659,2025-02-17,Shipped,Website,WELCOME5
60818,14616,2026-06-09,Cancelled,Mobile App,NONE
60819,12699,2025-02-05,Delivered,Mobile App,NONE
60820,12000,2024-09-08,Processing,Mobile App,WELCOME5
60821,11725,2025-03-26,Delivered,Website,NONE
60822,13675,2024-04-02,Delivered,Website,FEST15
60823,11853,2025-06-26,Delivered,Mobile App,SAVE10
60824,11954,2026-08-19,Delivered,Mobile App,NONE
60825,11940,2024-09-05,Delivered,Website,NONE
60826,11595,2024-05-25,Processing,Mobile App,NONE
60827,11988,2024-05-12,Cancelled,Mobile App,NONE
60828,10122,2024-06-17,Delivered,Mobile App,NONE
60829,14373,2025-01-15,Delivered,Mobile App,NONE
60830,11251,2024-09-01,Delivered,Website,WELCOME5
60831,12237,2025-11-23,Delivered,Website,NONE
60832,10851,2024-11-26,Delivered,Website,NONE
60833,12683,2024-12-18,Delivered,Website,NONE
60834,11344,2024-05-23,Delivered,Mobile App,SAVE10
60835,10849,2025-07-10,Delivered,Marketplace,SAVE10
60836,11444,2024-11-08,Delivered,Mobile App,FEST15
60837,14524,2025-11-15,Delivered,Mobile App,SAVE10
60838,14295,2024-01-22,Delivered,Mobile App,SAVE10
60839,13950,2025-09-15,Delivered,Marketplace,FEST15
60840,11017,2026-02-15,Shipped,Marketplace,NONE
60841,13250,2025-11-21,Delivered,Marketplace,SAVE10
60842,14097,2024-09-12,Delivered,Website,NONE
60843,13250,2025-11-06,Delivered,Mobile App,NONE
60844,14297,2026-03-04,Delivered,Mobile App,FEST15
60845,11006,2025-05-26,Shipped,Website,BIG20
60846,12319,2025-09-19,Delivered,Website,NONE
60847,11653,2026-03-02,Delivered,Website,NONE
60848,13623,2025-04-11,Delivered,Website,SAVE10
60849,10640,2024-05-24,Delivered,Website,BIG20
60850,11594,2026-08-01,Cancelled,Website,SAVE10
60851,13513,2024-11-12,Delivered,Website,SAVE10
60852,10089,2025-01-10,Delivered,Website,NONE
60853,11279,2025-08-17,Delivered,Marketplace,NONE
60854,13549,2024-06-22,Delivered,Website,WELCOME5
60855,11198,2024-12-02,Delivered,Mobile App,NONE
60856,13033,2025-07-14,Delivered,Website,SAVE10
60857,12003,2025-12-12,Delivered,Website,NONE
60858,12307,2024-05-15,Delivered,Website,NONE
60859,11791,2026-03-14,Delivered,Marketplace,NONE
60860,14494,2024-09-25,Processing,Mobile App,NONE
60861,13605,2026-06-05,Delivered,Website,SAVE10
60862,13637,2026-05-30,Delivered,Mobile App,NONE
60863,13958,2025-11-20,Delivered,Mobile App,NONE
60864,12128,2026-05-15,Delivered,Website,BIG20
60865,10517,2024-06-04,Delivered,Website,NONE
60866,10267,2025-03-27,Delivered,Website,NONE
60867,12411,2024-05-16,Cancelled,Mobile App,NONE
60868,14381,2025-04-08,Delivered,Website,NONE
60869,12415,2025-07-18,Delivered,Website,SAVE10
60870,14924,2025-07-03,Delivered,Mobile App,WELCOME5
60871,12618,2024-03-14,Shipped,Website,FEST15
60872,13173,2024-03-22,Delivered,Mobile App,NONE
60873,10389,2026-08-26,Delivered,Marketplace,FEST15
60874,13842,2024-09-02,Delivered,Website,NONE
60875,14446,2025-04-24,Processing,Website,WELCOME5
60876,12531,2025-07-16,Delivered,Website,NONE
60877,14523,2024-06-03,Delivered,Website,NONE
60878,11184,2024-11-07,Shipped,Mobile App,BIG20
60879,12447,2025-08-06,Delivered,Website,NONE
60880,14561,2024-07-25,Cancelled,Website,NONE
60881,13019,2026-02-07,Delivered,Mobile App,BIG20
60882,13442,2025-09-19,Delivered,Mobile App,WELCOME5
60883,12017,2026-08-17,Delivered,Website,NONE
60884,12743,2025-07-03,Delivered,Website,NONE
60885,11858,2026-02-15,Delivered,Website,WELCOME5
60886,13411,2024-11-13,Delivered,Website,NONE
60887,10279,2025-11-04,Delivered,Website,NONE
60888,12560,2026-06-28,Delivered,Website,NONE
60889,14650,2026-03-08,Delivered,Website,NONE
60890,10292,2026-01-24,Cancelled,Marketplace,NONE
60891,12256,2025-03-13,Shipped,Website,NONE
60892,13303,2025-08-01,Delivered,Mobile App,NONE
60893,10423,2025-07-28,Delivered,Website,NONE
60894,10027,2024-07-22,Processing,Website,NONE
60895,10826,2024-09-12,Shipped,Marketplace,NONE
60896,11102,2025-09-20,Delivered,Mobile App,SAVE10
60897,14394,2025-09-09,Delivered,Website,NONE
60898,10780,2025-10-29,Delivered,Mobile App,NONE
60899,13203,2025-08-08,Delivered,Mobile App,NONE
60900,11701,2025-07-17,Delivered,Mobile App,FEST15
60901,12678,2025-05-19,Delivered,Website,NONE
60902,14542,2025-09-10,Delivered,Website,NONE
60903,14292,2024-12-17,Shipped,Marketplace,NONE
60904,10399,2024-06-06,Processing,Website,NONE
60905,10446,2025-10-18,Delivered,Mobile App,FEST15
60906,11788,2024-11-20,Delivered,Mobile App,BIG20
60907,14044,2026-01-05,Cancelled,Mobile App,NONE
60908,13798,2026-05-14,Delivered,Mobile App,BIG20
60909,13093,2025-01-14,Delivered,Website,NONE
60910,14316,2024-05-12,Processing,Marketplace,FEST15
60911,10912,2024-01-01,Delivered,Website,NONE
60912,13681,2025-07-26,Delivered,Website,NONE
60913,14847,2026-05-05,Delivered,Marketplace,WELCOME5
60914,14827,2026-05-20,Delivered,Mobile App,BIG20
60915,13557,2026-05-21,Processing,Website,NONE
60916,13480,2024-01-14,Delivered,Marketplace,NONE
60917,11119,2024-02-22,Delivered,Website,NONE
60918,13725,2026-07-27,Delivered,Website,NONE
60919,11237,2025-10-15,Delivered,Marketplace,SAVE10
60920,12111,2026-05-06,Delivered,Mobile App,WELCOME5
60921,10585,2026-08-08,Delivered,Website,BIG20
60922,11511,2025-11-24,Delivered,Marketplace,NONE
60923,10380,2025-01-24,Delivered,Mobile App,NONE
60924,12310,2025-11-18,Delivered,Marketplace,FEST15
60925,10362,2025-08-30,Shipped,Mobile App,SAVE10
60926,13840,2026-04-21,Delivered,Website,NONE
60927,13279,2026-04-15,Processing,Marketplace,SAVE10
60928,13252,2024-06-14,Processing,Mobile App,WELCOME5
60929,13517,2026-05-04,Delivered,Mobile App,NONE
60930,13860,2025-11-09,Delivered,Website,NONE
60931,13379,2025-12-13,Delivered,Marketplace,NONE
60932,13138,2024-11-29,Delivered,Mobile App,NONE
60933,10914,2025-04-16,Shipped,Website,NONE
60934,13666,2026-04-29,Cancelled,Website,BIG20
60935,12436,2024-05-14,Delivered,Marketplace,SAVE10
60936,10779,2025-06-01,Delivered,Mobile App,BIG20
60937,12404,2026-07-27,Delivered,Mobile App,WELCOME5
60938,11619,2026-01-12,Delivered,Mobile App,NONE
60939,10995,2024-05-24,Delivered,Mobile App,NONE
60940,12806,2024-06-11,Shipped,Mobile App,FEST15
60941,14474,2025-05-03,Delivered,Website,NONE
60942,10083,2024-08-22,Delivered,Website,NONE
60943,10675,2026-05-05,Delivered,Marketplace,WELCOME5
60944,14562,2026-03-24,Delivered,Website,SAVE10
60945,13455,2026-07-14,Delivered,Website,WELCOME5
60946,11198,2025-01-18,Shipped,Website,SAVE10
60947,11846,2024-10-04,Delivered,Marketplace,NONE
60948,10443,2025-05-26,Delivered,Website,NONE
60949,14218,2024-04-21,Delivered,Mobile App,NONE
60950,13322,2025-12-04,Delivered,Website,NONE
60951,11161,2026-04-23,Processing,Website,NONE
60952,10969,2024-06-13,Delivered,Website,NONE
60953,13456,2024-07-10,Delivered,Marketplace,WELCOME5
60954,12810,2024-10-20,Delivered,Website,FEST15
60955,13746,2026-02-15,Cancelled,Website,NONE
60956,11245,2024-11-11,Delivered,Website,NONE
60957,14973,2025-12-08,Delivered,Mobile App,WELCOME5
60958,10830,2026-06-08,Delivered,Website,NONE
60959,10892,2025-03-01,Delivered,Mobile App,FEST15
60960,13675,2024-05-13,Processing,Mobile App,NONE
60961,12825,2026-06-07,Delivered,Mobile App,NONE
60962,11942,2024-12-26,Delivered,Website,SAVE10
60963,13682,2025-08-04,Delivered,Mobile App,FEST15
60964,12873,2026-07-19,Delivered,Website,NONE
60965,12015,2026-05-20,Delivered,Marketplace,WELCOME5
60966,11081,2026-03-20,Delivered,Mobile App,NONE
60967,13587,2024-12-08,Delivered,Website,NONE
60968,12763,2025-10-12,Delivered,Mobile App,NONE
60969,14472,2024-11-19,Shipped,Marketplace,NONE
60970,12107,2025-06-16,Shipped,Website,NONE
60971,11328,2024-11-23,Delivered,Website,FEST15
60972,10257,2026-03-24,Delivered,Website,NONE
60973,11355,2025-12-29,Delivered,Website,NONE
60974,13634,2026-07-07,Shipped,Mobile App,NONE
60975,11435,2024-09-15,Delivered,Marketplace,SAVE10
60976,12762,2026-06-15,Shipped,Website,NONE
60977,11075,2024-08-28,Delivered,Marketplace,FEST15
60978,14637,2025-09-11,Delivered,Website,NONE
60979,14510,2024-06-17,Delivered,Marketplace,SAVE10
60980,14040,2025-12-07,Cancelled,Website,NONE
60981,13667,2026-01-21,Delivered,Marketplace,NONE
60982,12856,2026-01-22,Delivered,Marketplace,BIG20
60983,10042,2024-09-25,Processing,Website,SAVE10
60984,10216,2026-02-24,Delivered,Website,NONE
60985,12218,2024-06-03,Shipped,Website,NONE
60986,13760,2025-12-12,Shipped,Website,NONE
60987,10651,2025-04-01,Delivered,Marketplace,NONE
60988,12746,2024-06-23,Delivered,Mobile App,NONE
60989,14773,2026-08-03,Cancelled,Mobile App,NONE
60990,14176,2026-01-06,Delivered,Mobile App,NONE
60991,12759,2024-05-21,Delivered,Website,NONE
60992,12889,2025-01-13,Shipped,Mobile App,WELCOME5
60993,10313,2025-12-17,Delivered,Website,SAVE10
60994,10011,2024-07-12,Delivered,Mobile App,SAVE10
60995,11580,2025-04-03,Delivered,Mobile App,NONE
60996,14075,2024-04-09,Delivered,Mobile App,NONE
60997,10030,2024-01-22,Delivered,Website,NONE
60998,13997,2024-08-21,Delivered,Mobile App,SAVE10
60999,11288,2025-11-21,Processing,Website,WELCOME5
61000,10498,2025-05-07,Delivered,Website,BIG20
61001,10480,2024-10-26,Delivered,Mobile App,SAVE10
61002,13420,2024-08-27,Delivered,Website,FEST15
61003,10225,2026-02-18,Processing,Website,NONE
61004,12631,2025-10-07,Delivered,Marketplace,NONE
61005,14675,2026-04-17,Delivered,Website,SAVE10
61006,12950,2026-07-24,Processing,Website,FEST15
61007,11672,2025-09-05,Delivered,Website,NONE
61008,14447,2024-02-12,Delivered,Website,WELCOME5
61009,10365,2026-06-28,Cancelled,Website,NONE
61010,11248,2024-05-06,Delivered,Website,SAVE10
61011,10858,2025-11-18,Delivered,Website,NONE
61012,10066,2024-08-27,Delivered,Website,SAVE10
61013,14773,2026-01-13,Delivered,Website,FEST15
61014,11043,2026-02-19,Delivered,Mobile App,NONE
61015,10367,2026-02-08,Shipped,Website,FEST15
61016,14576,2024-09-20,Delivered,Website,NONE
61017,14811,2025-09-14,Delivered,Mobile App,SAVE10
61018,11058,2024-07-04,Shipped,Website,SAVE10
61019,12010,2026-05-10,Shipped,Mobile App,BIG20
61020,13373,2024-05-28,Delivered,Website,NONE
61021,12137,2026-03-27,Delivered,Marketplace,NONE
61022,13949,2024-05-25,Delivered,Website,NONE
61023,11244,2024-10-06,Delivered,Website,NONE
61024,14067,2025-11-29,Shipped,Website,FEST15
61025,12793,2026-07-18,Delivered,Website,NONE
61026,10053,2025-11-17,Delivered,Website,SAVE10
61027,13104,2024-11-28,Delivered,Mobile App,FEST15
61028,10048,2024-10-28,Cancelled,Mobile App,NONE
61029,14231,2025-09-03,Delivered,Mobile App,WELCOME5
61030,14946,2025-03-11,Delivered,Website,NONE
61031,10772,2024-07-19,Shipped,Website,FEST15
61032,12638,2025-09-01,Cancelled,Website,WELCOME5
61033,11684,2025-02-25,Delivered,Marketplace,FEST15
61034,10319,2026-08-03,Delivered,Website,NONE
61035,13389,2024-01-29,Delivered,Marketplace,NONE
61036,10135,2025-12-21,Cancelled,Marketplace,NONE
61037,10121,2026-02-13,Delivered,Website,NONE
61038,14054,2026-02-17,Delivered,Marketplace,NONE
61039,11411,2025-11-10,Processing,Mobile App,SAVE10
61040,14525,2026-08-06,Shipped,Mobile App,NONE
61041,12972,2024-10-27,Delivered,Mobile App,NONE
61042,12623,2025-01-04,Delivered,Website,FEST15
61043,12047,2026-06-25,Delivered,Mobile App,FEST15
61044,11859,2024-03-08,Processing,Website,NONE
61045,11125,2026-03-12,Delivered,Marketplace,SAVE10
61046,13512,2025-12-25,Delivered,Mobile App,FEST15
61047,13031,2025-07-25,Delivered,Website,NONE
61048,10112,2024-04-27,Delivered,Mobile App,NONE
61049,11618,2025-08-15,Delivered,Mobile App,NONE
61050,14495,2025-03-01,Processing,Marketplace,NONE
61051,12463,2024-03-26,Delivered,Website,NONE
61052,11281,2025-12-17,Shipped,Mobile App,SAVE10
61053,11148,2026-02-27,Delivered,Mobile App,FEST15
61054,10955,2025-06-25,Delivered,Mobile App,NONE
61055,14306,2024-06-07,Delivered,Mobile App,NONE
61056,11554,2024-12-22,Delivered,Website,BIG20
61057,11489,2025-06-08,Delivered,Website,WELCOME5
61058,10319,2025-05-13,Delivered,Website,NONE
61059,14448,2025-07-27,Delivered,Mobile App,FEST15
61060,11948,2024-08-25,Delivered,Website,SAVE10
61061,13525,2026-02-11,Cancelled,Marketplace,SAVE10
61062,13574,2024-03-12,Delivered,Website,SAVE10
61063,11751,2026-08-14,Delivered,Website,NONE
61064,12492,2025-02-04,Shipped,Marketplace,FEST15
61065,10507,2026-03-15,Cancelled,Website,SAVE10
61066,13340,2024-02-26,Delivered,Website,FEST15
61067,13370,2025-10-11,Delivered,Website,FEST15
61068,11069,2026-08-08,Delivered,Mobile App,NONE
61069,10978,2026-07-20,Shipped,Website,NONE
61070,11990,2025-03-10,Shipped,Mobile App,NONE
61071,13462,2024-12-28,Delivered,Mobile App,SAVE10
61072,12598,2026-05-05,Delivered,Website,NONE
61073,10309,2025-09-10,Cancelled,Mobile App,FEST15
61074,12863,2026-07-12,Delivered,Marketplace,NONE
61075,13536,2024-08-15,Delivered,Marketplace,NONE
61076,10932,2025-03-11,Delivered,Website,FEST15
61077,12224,2024-10-30,Delivered,Marketplace,BIG20
61078,14039,2025-02-11,Delivered,Website,WELCOME5
61079,11624,2026-04-26,Delivered,Website,NONE
61080,10452,2026-05-16,Delivered,Mobile App,WELCOME5
61081,14627,2025-07-31,Shipped,Mobile App,NONE
61082,10492,2024-02-03,Delivered,Website,FEST15
61083,10308,2025-03-04,Delivered,Mobile App,NONE
61084,11249,2025-04-17,Delivered,Website,NONE
61085,13758,2025-11-23,Cancelled,Website,NONE
61086,13272,2024-09-17,Delivered,Marketplace,NONE
61087,11177,2025-07-15,Shipped,Website,NONE
61088,10386,2025-12-31,Delivered,Mobile App,NONE
61089,14772,2025-07-06,Delivered,Website,NONE
61090,10039,2026-03-22,Delivered,Website,NONE
61091,14623,2024-09-01,Delivered,Website,NONE
61092,12361,2025-08-24,Shipped,Mobile App,FEST15
61093,10972,2025-03-17,Delivered,Website,FEST15
61094,11734,2025-01-29,Delivered,Mobile App,FEST15
61095,11553,2025-02-15,Delivered,Website,SAVE10
61096,10784,2025-06-22,Delivered,Website,NONE
61097,12160,2025-05-12,Delivered,Mobile App,FEST15
61098,13280,2025-07-10,Delivered,Mobile App,WELCOME5
61099,12364,2026-07-20,Delivered,Marketplace,FEST15
61100,13208,2025-09-08,Shipped,Mobile App,NONE
61101,14852,2025-06-14,Delivered,Website,NONE
61102,10610,2026-06-13,Delivered,Website,SAVE10
61103,13695,2024-08-18,Delivered,Mobile App,NONE
61104,11150,2024-08-29,Shipped,Website,NONE
61105,10096,2024-04-22,Delivered,Website,BIG20
61106,11825,2024-07-14,Delivered,Mobile App,FEST15
61107,11968,2024-03-16,Delivered,Mobile App,NONE
61108,14951,2024-07-03,Delivered,Website,NONE
61109,11722,2025-09-28,Delivered,Mobile App,NONE
61110,13843,2025-11-07,Shipped,Website,BIG20
61111,14676,2025-09-20,Delivered,Mobile App,NONE
61112,11686,2026-05-27,Delivered,Website,WELCOME5
61113,10896,2026-04-11,Delivered,Mobile App,NONE
61114,14828,2024-11-12,Delivered,Website,FEST15
61115,12291,2024-07-03,Shipped,Website,NONE
61116,12275,2025-02-12,Delivered,Website,NONE
61117,13644,2026-06-18,Shipped,Mobile App,FEST15
61118,11902,2026-07-28,Delivered,Marketplace,NONE
61119,12708,2024-07-17,Shipped,Website,NONE
61120,14722,2024-05-20,Delivered,Mobile App,NONE
61121,10244,2025-12-16,Delivered,Marketplace,NONE
61122,13681,2026-05-03,Cancelled,Website,BIG20
61123,11985,2026-07-10,Delivered,Mobile App,NONE
61124,12740,2026-07-19,Processing,Website,FEST15
61125,14551,2024-10-01,Delivered,Website,FEST15
61126,13004,2026-02-14,Delivered,Website,NONE
61127,12095,2025-10-15,Delivered,Marketplace,NONE
61128,14865,2024-11-22,Delivered,Mobile App,FEST15
61129,13027,2024-01-16,Delivered,Mobile App,SAVE10
61130,10765,2025-09-25,Delivered,Mobile App,FEST15
61131,10445,2024-12-16,Processing,Website,FEST15
61132,11736,2024-10-09,Shipped,Mobile App,NONE
61133,13591,2024-01-10,Shipped,Mobile App,SAVE10
61134,12106,2024-04-27,Delivered,Website,NONE
61135,10844,2024-07-03,Shipped,Website,WELCOME5
61136,14924,2024-04-14,Delivered,Website,NONE
61137,10991,2026-07-10,Delivered,Mobile App,NONE
61138,10421,2024-01-10,Delivered,Mobile App,NONE
61139,11907,2025-01-12,Delivered,Website,SAVE10
61140,10559,2026-08-07,Delivered,Website,FEST15
61141,12962,2024-04-24,Shipped,Mobile App,NONE
61142,12177,2025-09-27,Delivered,Website,BIG20
61143,14633,2024-08-30,Cancelled,Mobile App,NONE
61144,10847,2024-11-07,Shipped,Mobile App,FEST15
61145,11345,2025-03-06,Delivered,Marketplace,NONE
61146,13425,2025-07-15,Delivered,Website,NONE
61147,13490,2026-01-08,Delivered,Mobile App,NONE
61148,11804,2025-08-23,Delivered,Mobile App,NONE
61149,14609,2024-01-20,Delivered,Website,WELCOME5
61150,14232,2024-06-26,Delivered,Mobile App,SAVE10
61151,13059,2025-08-31,Shipped,Website,BIG20
61152,13744,2024-10-07,Delivered,Mobile App,NONE
61153,12679,2024-02-28,Delivered,Mobile App,NONE
61154,12355,2025-06-14,Shipped,Marketplace,NONE
61155,12729,2024-11-03,Delivered,Marketplace,WELCOME5
61156,14225,2026-03-25,Processing,Marketplace,NONE
61157,10082,2026-05-12,Delivered,Mobile App,SAVE10
61158,10505,2024-05-05,Delivered,Mobile App,NONE
61159,12374,2026-01-23,Cancelled,Mobile App,NONE
61160,12906,2026-04-12,Delivered,Mobile App,SAVE10
61161,10899,2025-09-13,Delivered,Mobile App,NONE
61162,13026,2025-08-13,Delivered,Website,WELCOME5
61163,10123,2025-03-26,Cancelled,Mobile App,NONE
61164,11231,2025-04-19,Delivered,Website,NONE
61165,12300,2024-03-17,Delivered,Website,FEST15
61166,10249,2024-05-19,Delivered,Mobile App,BIG20
61167,13169,2025-10-25,Delivered,Mobile App,NONE
61168,12676,2025-06-17,Delivered,Website,NONE
61169,12827,2024-06-17,Delivered,Website,NONE
61170,12569,2024-12-09,Delivered,Website,NONE
61171,13457,2025-09-18,Delivered,Mobile App,NONE
61172,13269,2024-07-02,Delivered,Website,BIG20
61173,13301,2024-07-23,Delivered,Mobile App,WELCOME5
61174,11065,2026-05-03,Delivered,Website,FEST15
61175,13437,2025-03-20,Shipped,Mobile App,BIG20
61176,10899,2025-03-22,Delivered,Website,SAVE10
61177,10108,2024-03-12,Delivered,Website,NONE
61178,14890,2024-03-18,Delivered,Website,NONE
61179,10894,2025-09-21,Processing,Mobile App,FEST15
61180,10569,2024-10-20,Shipped,Marketplace,SAVE10
61181,11516,2024-09-28,Delivered,Mobile App,NONE
61182,14998,2024-06-25,Delivered,Mobile App,SAVE10
61183,14322,2025-12-31,Delivered,Mobile App,SAVE10
61184,13600,2026-06-30,Cancelled,Website,NONE
61185,10941,2024-09-09,Delivered,Mobile App,NONE
61186,13147,2024-08-23,Delivered,Mobile App,NONE
61187,14165,2026-01-26,Delivered,Mobile App,NONE
61188,11699,2025-05-06,Delivered,Marketplace,NONE
61189,11297,2026-02-09,Delivered,Mobile App,NONE
61190,14340,2025-12-24,Delivered,Mobile App,NONE
61191,10658,2026-02-10,Delivered,Website,NONE
61192,14551,2024-06-02,Delivered,Website,NONE
61193,12396,2025-06-03,Delivered,Website,NONE
61194,13610,2025-02-28,Delivered,Website,SAVE10
61195,11861,2026-04-20,Delivered,Mobile App,NONE
61196,13550,2025-09-25,Cancelled,Website,NONE
61197,14625,2025-12-23,Delivered,Website,NONE
61198,12466,2026-05-05,Delivered,Mobile App,NONE
61199,11061,2025-10-31,Delivered,Marketplace,NONE
61200,10390,2025-09-26,Delivered,Website,NONE
61201,14629,2025-05-28,Processing,Mobile App,NONE
61202,14996,2024-03-18,Delivered,Website,NONE
61203,13256,2025-11-30,Delivered,Marketplace,SAVE10
61204,10078,2024-11-07,Delivered,Website,NONE
61205,14425,2024-04-29,Delivered,Mobile App,NONE
61206,12477,2024-12-06,Shipped,Website,NONE
61207,11169,2024-12-02,Delivered,Mobile App,NONE
61208,11836,2025-01-11,Delivered,Website,NONE
61209,14710,2024-09-28,Delivered,Marketplace,BIG20
61210,13881,2026-07-02,Delivered,Website,NONE
61211,12985,2026-05-07,Delivered,Mobile App,WELCOME5
61212,13679,2024-02-04,Delivered,Website,NONE
61213,14239,2025-04-26,Delivered,Website,NONE
61214,13141,2024-10-20,Shipped,Mobile App,NONE
61215,11569,2026-04-03,Delivered,Website,SAVE10
61216,10374,2025-04-22,Delivered,Website,BIG20
61217,10616,2025-09-07,Cancelled,Website,SAVE10
61218,11185,2024-03-24,Processing,Website,NONE
61219,13843,2025-11-22,Delivered,Mobile App,FEST15
61220,10471,2025-04-14,Shipped,Website,NONE
61221,10636,2026-04-28,Delivered,Marketplace,FEST15
61222,14895,2024-04-13,Shipped,Website,NONE
61223,12002,2024-10-20,Delivered,Marketplace,WELCOME5
61224,10639,2026-03-23,Cancelled,Website,WELCOME5
61225,14363,2024-08-15,Shipped,Mobile App,NONE
61226,14836,2024-09-18,Delivered,Mobile App,NONE
61227,12521,2024-10-20,Delivered,Website,NONE
61228,10564,2025-05-22,Delivered,Website,FEST15
61229,13138,2024-02-22,Delivered,Website,NONE
61230,14312,2025-08-22,Delivered,Marketplace,NONE
61231,14828,2026-02-24,Delivered,Marketplace,SAVE10
61232,12874,2024-10-23,Delivered,Website,NONE
61233,14722,2024-06-15,Delivered,Website,SAVE10
61234,14159,2024-12-06,Delivered,Website,NONE
61235,10807,2025-09-18,Delivered,Website,BIG20
61236,13171,2025-05-10,Delivered,Website,BIG20
61237,13329,2025-08-08,Delivered,Mobile App,NONE
61238,13845,2026-02-20,Delivered,Mobile App,NONE
61239,12657,2026-07-08,Delivered,Website,NONE
61240,13655,2025-03-15,Delivered,Mobile App,NONE
61241,12922,2026-01-07,Delivered,Website,FEST15
61242,11301,2025-04-21,Delivered,Mobile App,FEST15
61243,12421,2024-05-14,Cancelled,Website,NONE
61244,14676,2025-07-31,Processing,Website,WELCOME5
61245,14214,2026-07-13,Delivered,Website,NONE
61246,13219,2025-02-16,Delivered,Website,WELCOME5
61247,11610,2025-06-08,Delivered,Mobile App,NONE
61248,11011,2025-12-05,Delivered,Website,NONE
61249,11428,2026-03-15,Shipped,Website,SAVE10
61250,11531,2024-01-05,Delivered,Mobile App,WELCOME5
61251,14809,2024-02-25,Delivered,Mobile App,BIG20
61252,12666,2025-04-13,Processing,Website,FEST15
61253,11955,2024-04-18,Delivered,Marketplace,BIG20
61254,14410,2026-06-14,Delivered,Mobile App,NONE
61255,11845,2025-11-14,Shipped,Mobile App,WELCOME5
61256,13984,2025-08-20,Delivered,Marketplace,NONE
61257,13208,2025-07-20,Cancelled,Mobile App,NONE
61258,11511,2025-04-16,Delivered,Website,BIG20
61259,14805,2024-02-18,Delivered,Mobile App,NONE
61260,13443,2026-01-18,Delivered,Website,NONE
61261,14949,2025-04-08,Delivered,Website,NONE
61262,10009,2025-01-16,Delivered,Website,SAVE10
61263,11405,2025-02-27,Delivered,Website,NONE
61264,11664,2025-03-29,Delivered,Website,SAVE10
61265,13372,2026-07-02,Delivered,Mobile App,SAVE10
61266,14198,2024-07-08,Processing,Marketplace,FEST15
61267,10608,2024-06-20,Processing,Mobile App,BIG20
61268,10757,2024-04-30,Delivered,Website,SAVE10
61269,13375,2025-08-25,Delivered,Mobile App,NONE
61270,11767,2024-01-25,Delivered,Marketplace,NONE
61271,13494,2026-02-07,Delivered,Website,SAVE10
61272,10006,2025-12-10,Delivered,Marketplace,NONE
61273,12617,2025-11-18,Delivered,Mobile App,NONE
61274,10116,2025-03-30,Delivered,Website,NONE
61275,14757,2025-02-02,Delivered,Website,NONE
61276,10731,2026-06-30,Delivered,Mobile App,NONE
61277,10890,2026-03-16,Delivered,Marketplace,SAVE10
61278,10510,2024-06-20,Delivered,Website,FEST15
61279,11103,2024-09-07,Delivered,Marketplace,NONE
61280,12449,2024-08-24,Delivered,Website,NONE
61281,13088,2025-04-03,Delivered,Mobile App,NONE
61282,14501,2025-09-11,Shipped,Mobile App,WELCOME5
61283,14390,2024-08-02,Delivered,Website,WELCOME5
61284,10424,2024-02-22,Delivered,Website,BIG20
61285,12139,2025-01-08,Shipped,Website,FEST15
61286,14350,2025-05-03,Delivered,Website,SAVE10
61287,10828,2025-10-14,Delivered,Website,NONE
61288,13341,2024-04-29,Delivered,Mobile App,NONE
61289,12134,2025-10-30,Delivered,Website,FEST15
61290,10845,2024-06-05,Delivered,Website,NONE
61291,10309,2024-10-11,Delivered,Website,FEST15
61292,11449,2025-05-11,Delivered,Mobile App,NONE
61293,10005,2024-04-11,Delivered,Marketplace,SAVE10
61294,10971,2025-07-05,Delivered,Mobile App,NONE
61295,12743,2024-02-07,Shipped,Website,SAVE10
61296,13947,2024-07-24,Delivered,Website,FEST15
61297,12527,2025-07-02,Delivered,Mobile App,NONE
61298,13626,2024-09-20,Delivered,Mobile App,FEST15
61299,10371,2025-02-23,Shipped,Website,NONE
61300,11523,2024-10-02,Delivered,Mobile App,FEST15
61301,13294,2025-04-30,Delivered,Website,WELCOME5
61302,10272,2024-05-17,Delivered,Website,WELCOME5
61303,12920,2024-05-30,Shipped,Mobile App,NONE
61304,10844,2026-07-25,Delivered,Website,NONE
61305,12098,2024-11-18,Delivered,Website,NONE
61306,13150,2025-11-02,Delivered,Mobile App,NONE
61307,14933,2024-01-09,Delivered,Website,WELCOME5
61308,10452,2024-04-17,Processing,Website,NONE
61309,12753,2026-02-02,Processing,Website,NONE
61310,12683,2024-12-12,Delivered,Mobile App,FEST15
61311,10318,2024-10-18,Delivered,Marketplace,NONE
61312,13065,2024-06-16,Delivered,Mobile App,FEST15
61313,10378,2024-09-15,Delivered,Marketplace,WELCOME5
61314,13439,2024-08-15,Delivered,Marketplace,NONE
61315,11039,2026-02-12,Delivered,Marketplace,NONE
61316,10627,2026-06-30,Delivered,Website,NONE
61317,10359,2024-02-03,Delivered,Mobile App,NONE
61318,12299,2024-05-12,Delivered,Mobile App,SAVE10
61319,11181,2025-08-31,Delivered,Website,WELCOME5
61320,12317,2026-05-03,Processing,Website,NONE
61321,14479,2024-11-03,Delivered,Marketplace,NONE
61322,14177,2026-03-27,Delivered,Website,SAVE10
61323,13753,2024-01-05,Delivered,Mobile App,NONE
61324,12344,2025-12-22,Shipped,Website,NONE
61325,10562,2026-07-03,Shipped,Website,WELCOME5
61326,12034,2025-04-26,Delivered,Website,WELCOME5
61327,10110,2025-07-20,Delivered,Mobile App,
61328,10618,2024-09-07,Delivered,Website,SAVE10
61329,11509,2026-01-31,Delivered,Mobile App,FEST15
61330,13473,2026-03-17,Delivered,Mobile App,SAVE10
61331,13942,2026-03-19,Delivered,Website,SAVE10
61332,13099,2026-03-20,Shipped,Website,NONE
61333,11290,2024-03-15,Delivered,Mobile App,NONE
61334,13585,2025-05-24,Delivered,Mobile App,NONE
61335,14983,2025-05-08,Delivered,Mobile App,NONE
61336,13282,2024-02-16,Delivered,Mobile App,NONE
61337,13809,2026-02-16,Shipped,Mobile App,NONE
61338,14377,2024-07-06,Delivered,Marketplace,SAVE10
61339,13578,2025-02-16,Delivered,Website,FEST15
61340,14387,2024-02-24,Delivered,Website,SAVE10
61341,11481,2026-02-04,Delivered,Website,SAVE10
61342,11539,2024-06-23,Delivered,Website,NONE
61343,10873,2025-05-16,Delivered,website,WELCOME5
61344,10913,2025-05-08,Shipped,Marketplace,FEST15
61345,12765,2024-04-02,Cancelled,Mobile App,NONE
61346,14633,2026-04-08,Delivered,Mobile App,NONE
61347,11109,2024-01-07,Shipped,Marketplace,SAVE10
61348,13566,2025-09-25,Shipped,Website,NONE
61349,10389,2024-06-15,Shipped,Mobile App,NONE
61350,14855,2025-08-05,Delivered,Mobile App,SAVE10
61351,12630,2024-08-07,Delivered,Website,NONE
61352,12485,2025-12-26,Delivered,Website,FEST15
61353,11800,2025-07-01,Processing,Website,NONE
61354,14812,2025-09-12,Processing,Mobile App,NONE
61355,12098,2026-08-15,Delivered,Marketplace,NONE
61356,10614,2025-03-06,Processing,Website,WELCOME5
61357,12820,2026-01-06,Delivered,Mobile App,NONE
61358,12952,2026-03-01,Delivered,Website,NONE
61359,13731,2024-11-10,Shipped,Mobile app ,WELCOME5
61360,12484,2024-10-27,Delivered,Website,WELCOME5
61361,11400,2025-11-15,Delivered,Website,NONE
61362,10014,2026-06-19,Delivered,Marketplace,WELCOME5
61363,14933,2024-01-15,Cancelled,Website,NONE
61364,10965,2024-04-22,Delivered,Mobile App,FEST15
61365,11755,2024-06-12,Delivered,Website,NONE
61366,10768,2025-09-10,Delivered,Website,NONE
61367,11178,2025-02-11,Delivered,Mobile App,NONE
61368,10305,2025-04-30,Delivered,Marketplace,NONE
61369,11702,2024-11-03,Delivered,Mobile App,NONE
61370,14741,2025-02-16,Delivered,Website,NONE
61371,11119,2026-01-21,Delivered,Mobile App,SAVE10
61372,14827,2025-02-20,Processing,Website,NONE
61373,13170,2025-01-16,Delivered,Mobile App,NONE
61374,14459,2024-02-10,Delivered,Marketplace,NONE
61375,13103,2025-01-01,Delivered,Marketplace,NONE
61376,14945,2025-12-29,Shipped,Mobile App,NONE
61377,12759,2024-05-13,Delivered,Marketplace,FEST15
61378,14154,2024-12-07,Delivered,Marketplace,NONE
61379,10186,2024-10-03,Delivered,Marketplace,NONE
61380,14661,2025-04-07,Delivered,Website,NONE
61381,10092,2026-03-07,Delivered,Website,BIG20
61382,10989,2026-04-02,Delivered,Marketplace,NONE
61383,13693,2025-01-07,Shipped,Website,NONE
61384,11285,2025-07-13,Shipped,Mobile App,SAVE10
61385,10210,2026-03-04,Shipped,Mobile App,BIG20
61386,14311,2026-04-05,Delivered,Website,NONE
61387,12564,2025-08-07,Delivered,Website,SAVE10
61388,12398,2024-05-12,Delivered,Website,NONE
61389,11581,2024-12-31,Processing,Website,SAVE10
61390,13585,2024-09-30,Delivered,Marketplace,NONE
61391,11573,2025-10-21,Delivered,Website,NONE
61392,12810,2024-08-09,Delivered,Website,NONE
61393,10652,2024-02-03,Delivered,Website,NONE
61394,11529,2026-05-09,Delivered,Website,NONE
61395,10141,2024-04-17,Processing,Mobile App,NONE
61396,11425,2026-01-28,Delivered,Website,BIG20
61397,11905,2026-07-15,Shipped,Website,NONE
61398,13741,2026-03-20,Delivered,Marketplace,SAVE10
61399,14112,2025-04-19,Delivered,Mobile App,FEST15
61400,12661,2025-07-05,Delivered,Website,NONE
61401,14629,2025-11-27,Delivered,Mobile App,NONE
61402,11797,2024-08-02,Delivered,Website,NONE
61403,12471,2025-02-14,Delivered,Website,SAVE10
61404,13086,2024-12-31,Shipped,Website,BIG20
61405,10885,2024-09-21,Delivered,Mobile App,NONE
61406,12100,2025-06-17,Delivered,Website,NONE
61407,14500,2025-02-11,Delivered,Mobile App,WELCOME5
61408,12376,2024-01-19,Cancelled,Mobile App,NONE
61409,14656,2024-03-29,Delivered,Website,NONE
61410,13390,2025-09-12,Delivered,Website,NONE
61411,10850,2025-06-19,Processing,Website,FEST15
61412,12290,2026-04-09,Delivered,Marketplace,WELCOME5
61413,11832,2024-03-12,Processing,Mobile App,FEST15
61414,14750,2024-11-11,Cancelled,Website,BIG20
61415,11680,2025-01-10,Delivered,Mobile App,NONE
61416,12426,2025-10-21,Delivered,Website,NONE
61417,13452,2025-02-27,Cancelled,Website,SAVE10
61418,14810,2025-04-14,Delivered,Website,BIG20
61419,12732,2026-06-11,Delivered,Mobile App,BIG20
61420,14239,2024-01-04,Delivered,Website,NONE
61421,10586,2026-05-16,Delivered,Mobile App,WELCOME5
61422,14455,2024-10-02,Delivered,Website,NONE
61423,11038,2024-02-09,Shipped,Website,NONE
61424,13817,2025-05-27,Delivered,Mobile App,NONE
61425,12671,2024-07-24,Delivered,Marketplace,BIG20
61426,13023,2025-12-04,Delivered,Website,BIG20
61427,10464,2026-01-06,Delivered,Mobile App,SAVE10
61428,12664,2025-01-24,Processing,Website,SAVE10
61429,10433,2026-01-27,Delivered,Website,SAVE10
61430,12759,2024-06-29,Delivered,Website,FEST15
61431,12033,2024-11-21,Delivered,Website,NONE
61432,11008,2024-02-29,Shipped,Mobile App,NONE
61433,12456,2025-09-14,Delivered,Mobile App,NONE
61434,11072,2025-11-24,Processing,Website,NONE
61435,10414,2026-01-09,Delivered,Mobile App,NONE
61436,10171,2024-12-20,Processing,Website,BIG20
61437,11707,2026-03-23,Delivered,Website,NONE
61438,13728,2025-09-19,Processing,Website,SAVE10
61439,12883,2025-07-12,Shipped,Website,WELCOME5
61440,10625,2024-08-03,Delivered,Website,SAVE10
61441,12220,2026-03-27,Delivered,Website,NONE
61442,12911,2026-01-02,Cancelled,Website,SAVE10
61443,11170,2026-04-29,Delivered,Website,SAVE10
61444,10690,2024-11-30,Delivered,Website,NONE
61445,11245,2025-06-18,Delivered,Mobile App,SAVE10
61446,10333,2024-02-20,Delivered,Mobile App,FEST15
61447,11212,2025-08-03,Delivered,Mobile App,FEST15
61448,12668,2025-05-09,Delivered,Mobile App,FEST15
61449,14008,2026-03-05,Delivered,Website,NONE
61450,14366,2025-12-10,Shipped,Mobile App,FEST15
61451,13366,2026-08-18,Delivered,Mobile App,NONE
61452,11781,2026-06-23,Delivered,Website,FEST15
61453,14670,2024-06-11,Delivered,Mobile App,NONE
61454,14597,2026-07-30,Delivered,Mobile App,NONE
61455,11790,2024-01-30,Delivered,Website,NONE
61456,10052,2025-03-18,Delivered,Mobile App,NONE
61457,12169,2026-06-23,Shipped,Website,BIG20
61458,12329,2025-08-16,Delivered,Website,NONE
61459,13385,2026-08-20,Delivered,Mobile App,BIG20
61460,10734,2025-06-24,Delivered,Marketplace,WELCOME5
61461,12724,2025-10-23,Cancelled,Mobile App,WELCOME5
61462,11579,2025-06-01,Delivered,Mobile App,NONE
61463,12478,2026-06-18,Shipped,Website,NONE
61464,10119,2024-04-21,Delivered,Mobile App,NONE
61465,12642,2025-01-12,Cancelled,Marketplace,BIG20
61466,10177,2025-10-12,Delivered,Marketplace,NONE
61467,14267,2025-04-23,Delivered,Mobile App,NONE
61468,13565,2026-07-25,Delivered,Mobile App,FEST15
61469,14604,2025-07-18,Delivered,Mobile App,NONE
61470,13273,2024-05-02,Delivered,Website,NONE
61471,14895,2025-08-18,Cancelled,Mobile App,NONE
61472,11042,2024-10-29,Delivered,Website,FEST15
61473,10031,2025-03-31,Delivered,Website,NONE
61474,14506,2024-03-15,Delivered,Mobile App,NONE
61475,13299,2026-04-23,Delivered,Marketplace,BIG20
61476,13440,2025-01-25,Delivered,Website,WELCOME5
61477,11451,2026-02-21,Delivered,Website,SAVE10
61478,11681,2025-04-12,Delivered,Website,SAVE10
61479,13395,2026-07-08,Delivered,Mobile App,NONE
61480,12039,2024-12-13,Delivered,Marketplace,NONE
61481,10381,2024-04-13,Delivered,Mobile App,SAVE10
61482,11463,2025-04-07,Delivered,Website,NONE
61483,11922,2024-02-03,Delivered,Mobile App,SAVE10
61484,14153,2026-02-17,Delivered,Website,SAVE10
61485,11720,2026-06-10,Delivered,Website,WELCOME5
61486,12470,2024-07-26,Processing,Mobile App,NONE
61487,12990,2024-02-21,Delivered,Mobile App,NONE
61488,10677,2026-01-05,Delivered,Mobile App,NONE
61489,12911,2025-10-30,Shipped,Mobile App,BIG20
61490,11009,2026-02-08,Delivered,Website,SAVE10
61491,14391,2025-07-06,Delivered,Website,FEST15
61492,11483,2025-07-17,Delivered,Mobile App,SAVE10
61493,11523,2024-09-20,Delivered,Marketplace,NONE
61494,12016,2024-11-01,Delivered,Marketplace,SAVE10
61495,11803,2025-09-04,Shipped,Marketplace,SAVE10
61496,12964,2026-06-27,Delivered,Mobile App,WELCOME5
61497,13615,2024-10-27,Delivered,Marketplace,NONE
61498,14821,2024-12-18,Delivered,Mobile App,SAVE10
61499,14441,2025-07-25,Shipped,Website,NONE
61500,11310,2024-02-18,Delivered,Mobile App,NONE
61501,13020,2025-09-25,Delivered,Mobile App,FEST15
61502,11643,2024-05-12,Delivered,Mobile App,NONE
61503,14028,2025-10-24,Delivered,Website,NONE
61504,10120,2026-05-14,Shipped,Marketplace,NONE
61505,14975,2026-06-07,Delivered,Marketplace,WELCOME5
61506,11863,2024-05-25,Delivered,Mobile App,SAVE10
61507,13723,2025-08-02,Processing,Website,NONE
61508,13376,2025-03-09,Shipped,Website,NONE
61509,11836,2025-04-20,Shipped,Marketplace,NONE
61510,14816,2025-11-02,Delivered,Mobile App,NONE
61511,11336,2026-08-19,Delivered,Website,NONE
61512,13701,2025-07-10,Cancelled,Mobile App,NONE
61513,14644,2025-06-21,Delivered,Website,WELCOME5
61514,10590,2025-09-25,Delivered,Mobile App,SAVE10
61515,14586,2025-05-04,Delivered,Website,NONE
61516,14451,2024-12-04,Delivered,Website,NONE
61517,11899,2026-03-09,Delivered,Website,BIG20
61518,14194,2025-10-04,Delivered,Website,NONE
61519,10032,2025-07-02,Delivered,Marketplace,SAVE10
61520,10946,2024-01-09,Delivered,Mobile App,FEST15
61521,13763,2024-09-24,Shipped,Website,WELCOME5
61522,14672,2024-09-12,Delivered,Website,WELCOME5
61523,10631,2025-09-22,Shipped,Mobile App,SAVE10
61524,13571,2024-04-29,Delivered,Marketplace,SAVE10
61525,10515,2025-01-05,Processing,Website,NONE
61526,13915,2025-03-17,Processing,Mobile App,NONE
61527,14482,2025-12-19,Delivered,Marketplace,SAVE10
61528,12296,2024-05-21,Delivered,Website,NONE
61529,10504,2025-08-10,Delivered,Mobile App,NONE
61530,11004,2025-06-14,Delivered,Website,SAVE10
61531,12536,2025-12-17,Delivered,Website,SAVE10
61532,13996,2024-06-24,Delivered,Marketplace,FEST15
61533,12598,2025-08-04,Processing,Marketplace,SAVE10
61534,12388,2025-02-05,Delivered,Website,WELCOME5
61535,13002,2024-09-08,Delivered,Mobile App,BIG20
61536,14838,2024-03-12,Shipped,Mobile App,NONE
61537,13948,2025-01-04,Delivered,Marketplace,NONE
61538,10767,2025-03-02,Processing,Mobile App,NONE
61539,10983,2024-02-19,Delivered,Mobile App,NONE
61540,11778,2026-02-22,Delivered,Mobile App,NONE
61541,11356,2025-11-01,Delivered,Website,NONE
61542,13678,2024-11-03,Delivered,Website,NONE
61543,14962,2024-02-15,Delivered,Marketplace,NONE
61544,12862,2025-11-16,Delivered,Marketplace,FEST15
61545,14452,2024-01-24,Delivered,Website,NONE
61546,12167,2025-02-17,Processing,Mobile App,SAVE10
61547,13441,2024-07-19,Delivered,Website,SAVE10
61548,13509,2024-08-15,Delivered,Mobile App,NONE
61549,11469,2026-01-02,Delivered,Website,FEST15
61550,13667,2024-10-21,Delivered,Marketplace,BIG20
61551,12677,2024-08-26,Delivered,Mobile App,SAVE10
61552,12887,2024-10-20,Delivered,Mobile App,SAVE10
61553,11261,2024-05-24,Shipped,Website,NONE
61554,11596,2025-12-21,Delivered,Website,WELCOME5
61555,14290,2025-04-25,Delivered,Mobile App,NONE
61556,13094,2024-07-13,Delivered,Website,FEST15
61557,10652,2024-10-25,Delivered,Website,WELCOME5
61558,12727,2026-08-06,Cancelled,Marketplace,FEST15
61559,13093,2025-07-14,Delivered,Website,NONE
61560,13989,2025-10-28,Delivered,Website,NONE
61561,14265,2026-04-10,Delivered,Marketplace,WELCOME5
61562,13268,2025-01-24,Delivered,Mobile App,NONE
61563,10063,2024-12-03,Shipped,Website,NONE
61564,12484,2026-08-26,Delivered,Mobile App,NONE
61565,11034,2025-07-03,Delivered,Website,SAVE10
61566,10094,2024-07-28,Delivered,Website,NONE
61567,14618,2026-04-12,Shipped,Website,NONE
61568,10835,2026-01-10,Delivered,Website,WELCOME5
61569,11229,2025-01-23,Delivered,Marketplace,SAVE10
61570,11683,2024-09-19,Delivered,Marketplace,NONE
61571,12328,2025-09-29,Delivered,Website,NONE
61572,13007,2025-06-11,Delivered,Marketplace,NONE
61573,11552,2024-08-17,Shipped,Mobile App,NONE
61574,13962,2024-02-22,Delivered,Website,NONE
61575,10789,2026-03-05,Delivered,Website,NONE
61576,14800,2026-04-01,Delivered,Website,NONE
61577,14280,2026-05-29,Delivered,Website,NONE
61578,13000,2024-12-21,Delivered,Website,NONE
61579,10244,2025-11-13,Delivered,Website,FEST15
61580,13645,2025-07-20,Delivered,Mobile App,FEST15
61581,13522,2024-09-15,Delivered,Website,NONE
61582,13108,2026-06-18,Delivered,Website,WELCOME5
61583,11401,2024-11-21,Delivered,Website,BIG20
61584,12152,2024-01-30,Delivered,Mobile App,NONE
61585,12076,2024-06-09,Delivered,Website,SAVE10
61586,13049,2026-07-27,Shipped,Website,WELCOME5
61587,11656,2024-03-07,Delivered,Mobile App,FEST15
61588,12004,2025-05-24,Delivered,Website,NONE
61589,14540,2025-04-15,Delivered,Website,SAVE10
61590,12269,2026-01-27,Delivered,Website,NONE
61591,12973,2026-03-07,Delivered,Marketplace,NONE
61592,14556,2025-04-03,Delivered,Mobile App,SAVE10
61593,14725,2025-09-04,Shipped,Mobile App,NONE
61594,12820,2026-03-02,Delivered,Mobile App,NONE
61595,11326,2026-02-24,Delivered,Mobile App,NONE
61596,10503,2026-05-04,Delivered,Website,BIG20
61597,14300,2025-11-17,Delivered,Marketplace,NONE
61598,12619,2025-01-05,Delivered,Website,WELCOME5
61599,12832,2025-06-26,Shipped,Website,WELCOME5
61600,14767,2025-12-01,Delivered,Website,NONE
61601,11857,2024-10-14,Delivered,Website,NONE
61602,10501,2026-08-26,Delivered,Mobile App,FEST15
61603,13368,2025-03-06,Shipped,Website,SAVE10
61604,14856,2026-01-04,Delivered,Mobile App,SAVE10
61605,10850,2025-05-05,Delivered,Mobile App,SAVE10
61606,14939,2026-07-17,Shipped,Marketplace,NONE
61607,12706,2025-10-09,Delivered,Website,BIG20
61608,12804,2025-12-15,Delivered,Website,SAVE10
61609,14799,2026-01-21,Delivered,Mobile App,SAVE10
61610,11663,2024-11-15,Shipped,Website,SAVE10
61611,13727,2024-12-04,Delivered,Website,NONE
61612,10044,2026-03-13,Delivered,Website,SAVE10
61613,13357,2025-03-24,Delivered,Website,NONE
61614,10078,2025-10-08,Delivered,Website,NONE
61615,10021,2025-05-17,Delivered,Mobile App,NONE
61616,11941,2024-02-02,Delivered,Website,WELCOME5
61617,11864,2025-04-02,Processing,Mobile App,WELCOME5
61618,13916,2024-06-16,Delivered,Website,WELCOME5
61619,14458,2024-03-25,Delivered,Website,SAVE10
61620,14712,2024-09-10,Delivered,Mobile App,FEST15
61621,13117,2024-10-10,Delivered,Marketplace,NONE
61622,10774,2025-12-22,Delivered,Mobile App,NONE
61623,13354,2024-09-01,Cancelled,Mobile App,SAVE10
61624,12439,2026-02-12,Delivered,Website,WELCOME5
61625,12647,2024-07-22,Delivered,Website,SAVE10
61626,12509,2026-03-13,Cancelled,Website,WELCOME5
61627,14415,2025-05-25,Delivered,Mobile App,NONE
61628,11902,2024-03-06,Delivered,Mobile App,NONE
61629,14822,2024-04-17,Delivered,Mobile App,WELCOME5
61630,12700,2024-03-10,Delivered,Marketplace,SAVE10
61631,13440,2025-02-02,Delivered,Website,NONE
61632,14626,2024-10-17,Delivered,Mobile App,NONE
61633,14073,2024-02-14,Delivered,Website,NONE
61634,12193,2025-10-22,Delivered,Website,NONE
61635,11022,2026-04-07,Delivered,Website,BIG20
61636,10689,2026-03-27,Delivered,Mobile App,NONE
61637,11819,2024-05-26,Shipped,Marketplace,NONE
61638,13328,2026-04-23,Shipped,Mobile App,FEST15
61639,13993,2025-02-16,Delivered,Mobile App,BIG20
61640,10157,2024-07-20,Delivered,Marketplace,NONE
61641,12311,2024-05-09,Delivered,Mobile App,NONE
61642,14701,2026-01-14,Delivered,Website,NONE
61643,14111,2024-09-05,Delivered,Mobile App,NONE
61644,14700,2025-09-13,Delivered,Website,NONE
61645,14785,2025-06-21,Delivered,Website,NONE
61646,10461,2026-06-17,Delivered,Marketplace,NONE
61647,13406,2025-11-25,Shipped,Website,BIG20
61648,12755,2026-01-19,Delivered,Mobile App,SAVE10
61649,12387,2025-04-22,Delivered,Mobile App,WELCOME5
61650,13987,2025-05-27,Delivered,Mobile App,FEST15
61651,14673,2024-05-24,Delivered,Mobile App,WELCOME5
61652,12323,2026-01-29,Delivered,Mobile App,NONE
61653,13244,2025-12-30,Shipped,Marketplace,FEST15
61654,12394,2024-10-26,Delivered,Mobile App,BIG20
61655,13179,2024-05-15,Delivered,Website,NONE
61656,14852,2026-02-01,Delivered,Marketplace,FEST15
61657,14058,2026-01-17,Delivered,Website,BIG20
61658,11153,2026-01-27,Delivered,Website,FEST15
61659,14335,2024-01-30,Delivered,Marketplace,NONE
61660,12632,2026-04-09,Delivered,Website,FEST15
61661,12922,2024-12-15,Processing,Website,NONE
61662,10575,2024-08-23,Shipped,Mobile App,BIG20
61663,12225,2025-05-25,Delivered,Marketplace,WELCOME5
61664,11513,2026-04-03,Delivered,Mobile App,NONE
61665,10440,2026-03-01,Delivered,Website,SAVE10
61666,14255,2024-06-12,Delivered,Mobile App,BIG20
61667,10646,2026-08-05,Delivered,Website,NONE
61668,13583,2026-01-18,Shipped,Mobile App,FEST15
61669,13726,2026-06-24,Delivered,Website,NONE
61670,13061,2026-06-21,Shipped,Website,NONE
61671,14202,2025-05-24,Delivered,Marketplace,BIG20
61672,10570,2024-02-04,Delivered,Website,NONE
61673,10081,2024-03-11,Delivered,Mobile App,NONE
61674,14254,2025-08-30,Delivered,Website,NONE
61675,10917,2024-03-29,Delivered,Website,NONE
61676,11491,2025-10-01,Delivered,Mobile App,WELCOME5
61677,13450,2024-04-10,Shipped,Website,FEST15
61678,12675,2026-03-01,Delivered,Website,FEST15
61679,11005,2024-09-16,Delivered,Website,
61680,11168,2024-04-09,Delivered,Website,BIG20
61681,14181,2024-11-25,Processing,Marketplace,NONE
61682,12604,2026-06-01,Delivered,Website,NONE
61683,14613,2025-06-19,Delivered,Mobile App,SAVE10
61684,12811,2026-08-21,Delivered,Website,SAVE10
61685,13318,2024-09-07,Cancelled,Mobile App,NONE
61686,11703,2025-10-13,Cancelled,Mobile App,NONE
61687,10150,2024-06-30,Shipped,Website,NONE
61688,12530,2025-02-21,Delivered,Website,NONE
61689,13652,2024-12-31,Processing,Website,NONE
61690,12031,2025-09-07,Delivered,Marketplace,WELCOME5
61691,14301,2025-10-15,Delivered,Mobile App,NONE
61692,13488,2024-02-23,Processing,Website,NONE
61693,12532,2025-11-05,Delivered,Mobile App,NONE
61694,12720,2025-12-31,Shipped,Mobile App,BIG20
61695,11137,2025-01-05,Delivered,Website,NONE
61696,14391,2024-03-08,Shipped,Website,SAVE10
61697,10298,2025-02-13,Delivered,Website,NONE
61698,10249,2024-11-08,Delivered,Website,NONE
61699,13921,2026-02-07,Shipped,Marketplace,NONE
61700,10134,2024-05-15,Delivered,Mobile App,NONE
61701,12547,2024-10-14,Delivered,Marketplace,WELCOME5
61702,10943,2025-12-05,Delivered,Mobile App,NONE
61703,13406,2026-07-01,Shipped,Mobile App,NONE
61704,10593,2025-07-30,Shipped,Website,NONE
61705,11324,2024-01-03,Delivered,Website,NONE
61706,12630,2025-11-09,Delivered,Website,NONE
61707,11889,2024-01-31,Delivered,Website,WELCOME5
61708,11001,2024-03-03,Delivered,Website,NONE
61709,10312,2025-10-09,Delivered,Mobile App,SAVE10
61710,10081,2024-12-25,Shipped,Website,WELCOME5
61711,10960,2024-01-27,Delivered,Website,NONE
61712,11414,2025-01-28,Delivered,Website,NONE
61713,10600,2025-01-02,Delivered,Mobile App,NONE
61714,12547,2025-08-07,Processing,Website,NONE
61715,14429,2026-07-04,Delivered,Website,NONE
61716,13572,2024-04-09,Delivered,Mobile App,SAVE10
61717,11536,2025-10-07,Delivered,Website,NONE
61718,12192,2025-09-19,Delivered,Website,NONE
61719,13848,2026-08-05,Delivered,Website,NONE
61720,14814,2025-01-17,Delivered,Marketplace,NONE
61721,12757,2024-06-05,Delivered,Website,NONE
61722,10998,2026-05-28,Delivered,Mobile App,NONE
61723,14338,2024-02-18,Processing,Website,NONE
61724,12571,2025-03-12,Delivered,Mobile App,SAVE10
61725,10149,2025-09-25,Shipped,Mobile App,NONE
61726,11266,2024-04-09,Delivered,Marketplace,NONE
61727,12664,2024-10-14,Delivered,Marketplace,NONE
61728,14034,2024-04-10,Delivered,Marketplace,WELCOME5
61729,14261,2026-03-31,Delivered,Website,SAVE10
61730,10939,2024-09-03,Delivered,Mobile App,NONE
61731,13615,2025-08-08,Delivered,Mobile App,FEST15
61732,14809,2024-08-20,Delivered,Website,FEST15
61733,13995,2025-11-04,Cancelled,Website,FEST15
61734,13584,2026-02-11,Cancelled,Website,NONE
61735,13980,2024-02-09,Shipped,Mobile App,NONE
61736,12785,2025-12-01,Delivered,Mobile App,FEST15
61737,13033,2025-10-03,Delivered,Mobile App,NONE
61738,12662,2024-03-15,Delivered,Website,SAVE10
61739,14779,2024-09-13,Shipped,Mobile App,WELCOME5
61740,11813,2026-04-05,Delivered,Website,FEST15
61741,13884,2025-03-06,Delivered,Marketplace,NONE
61742,10106,2024-04-03,Delivered,Website,FEST15
61743,12094,2025-09-14,Delivered,Mobile App,NONE
61744,14576,2026-02-01,Delivered,Marketplace,WELCOME5
61745,11217,2025-02-24,Delivered,Website,NONE
61746,13975,2024-04-18,Delivered,Website,FEST15
61747,12513,2024-05-06,Shipped,Website,NONE
61748,10675,2024-12-31,Delivered,Website,SAVE10
61749,10533,2025-04-14,Delivered,Mobile App,NONE
61750,10611,2025-12-29,Delivered,Marketplace,NONE
61751,12328,2025-10-22,Delivered,Marketplace,NONE
61752,11541,2024-09-03,Delivered,Marketplace,BIG20
61753,14474,2025-10-31,Delivered,Website,NONE
61754,13816,2024-04-19,Delivered,Website,NONE
61755,10716,2024-06-27,Delivered,Website,NONE
61756,12516,2026-02-02,Processing,Mobile App,SAVE10
61757,13829,2026-05-23,Delivered,Mobile App,NONE
61758,13272,2025-11-01,Processing,Mobile App,BIG20
61759,10047,2025-03-18,Delivered,Website,NONE
61760,10031,2026-05-14,Delivered,Mobile App,NONE
61761,12919,2024-12-08,Delivered,Website,BIG20
61762,14619,2025-09-14,Delivered,Website,NONE
61763,10253,2025-10-27,Delivered,Mobile App,NONE
61764,10829,2024-03-12,Delivered,Marketplace,SAVE10
61765,10944,2026-07-19,Delivered,Mobile App,NONE
61766,11595,2025-09-11,Delivered,Website,NONE
61767,14452,2024-08-21,Delivered,Website,NONE
61768,14736,2026-03-08,Processing,Marketplace,NONE
61769,11533,2025-01-04,Delivered,Mobile App,NONE
61770,13665,2024-03-22,Delivered,Mobile App,WELCOME5
61771,10051,2025-10-17,Delivered,Website,NONE
61772,12556,2024-05-11,Delivered,Website,WELCOME5
61773,13139,2025-08-02,Shipped,Mobile App,FEST15
61774,14315,2025-10-19,Shipped,Mobile App,WELCOME5
61775,14109,2024-06-01,Delivered,Marketplace,FEST15
61776,10307,2026-02-06,Delivered,Mobile App,BIG20
61777,12066,2025-03-19,Delivered,Marketplace,FEST15
61778,10382,2024-12-08,Delivered,Mobile App,NONE
61779,10048,2024-04-08,Delivered,Mobile App,FEST15
61780,10776,2025-12-14,Shipped,Marketplace,BIG20
61781,14666,2024-06-08,Delivered,Website,WELCOME5
61782,11323,2024-06-11,Cancelled,Website,SAVE10
61783,13698,2024-09-14,Cancelled,Website,WELCOME5
61784,13546,2025-03-06,Delivered,Mobile App,SAVE10
61785,14338,2026-05-02,Delivered,Marketplace,NONE
61786,12663,2025-12-26,Delivered,Website,NONE
61787,14876,2025-12-16,Cancelled,Mobile App,SAVE10
61788,12131,2024-07-12,Delivered,Mobile App,NONE
61789,13938,2025-09-20,Delivered,Mobile App,NONE
61790,13913,2024-12-04,Processing,Website,NONE
61791,12718,2025-04-04,Delivered,Website,NONE
61792,11586,2025-09-02,Processing,Website,
61793,10795,2024-06-10,Shipped,Website,NONE
61794,10428,2024-12-01,Delivered,Website,FEST15
61795,12497,2025-01-18,Shipped,Website,NONE
61796,11984,2026-04-27,Delivered,Mobile App,NONE
61797,11046,2026-07-27,Delivered,Mobile App,WELCOME5
61798,13833,2026-07-17,Shipped,Mobile App,FEST15
61799,10813,2025-05-26,Delivered,Website,SAVE10
61800,12371,2025-09-15,Shipped,Mobile App,NONE
61801,12144,2025-11-25,Shipped,Website,NONE
61802,14886,2026-01-28,Processing,Mobile App,NONE
61803,10522,2025-10-18,Shipped,Mobile App,FEST15
61804,14281,2026-05-29,Processing,Mobile App,NONE
61805,13423,2025-01-06,Delivered,Website,FEST15
61806,13955,2025-11-11,Delivered,Website,SAVE10
61807,13890,2025-08-15,Delivered,Mobile App,WELCOME5
61808,13866,2026-01-20,Delivered,Marketplace,FEST15
61809,12176,2026-06-20,Processing,Mobile App,NONE
61810,12906,2024-03-18,Delivered,Website,NONE
61811,11825,2026-04-07,Delivered,Mobile App,NONE
61812,14506,2026-03-10,Delivered,Website,NONE
61813,11129,2026-04-24,Shipped,Website,NONE
61814,12950,2024-09-23,Delivered,Website,FEST15
61815,11056,2025-07-15,Cancelled,Mobile App,NONE
61816,11863,2024-03-09,Delivered,Mobile App,NONE
61817,14817,2024-02-29,Delivered,Website,BIG20
61818,10980,2025-07-25,Delivered,Mobile App,NONE
61819,14430,2026-07-30,Processing,Mobile App,SAVE10
61820,14066,2024-08-07,Delivered,Mobile App,NONE
61821,11832,2026-02-05,Delivered,Website,WELCOME5
61822,11856,2024-03-18,Delivered,Mobile App,BIG20
61823,10028,2024-03-03,Delivered,Marketplace,BIG20
61824,13955,2025-08-14,Delivered,Website,NONE
61825,13331,2024-09-27,Delivered,Mobile App,BIG20
61826,14916,2024-04-05,Delivered,Mobile App,WELCOME5
61827,11458,2026-06-06,Delivered,Marketplace,NONE
61828,11994,2026-05-10,Delivered,Website,SAVE10
61829,13434,2024-01-14,Delivered,Marketplace,NONE
61830,11704,2026-07-29,Processing,Website,WELCOME5
61831,11594,2024-01-18,Delivered,Website,NONE
61832,10851,2025-12-17,Shipped,Website,NONE
61833,14941,2026-01-30,Delivered,Mobile App,SAVE10
61834,12377,2024-10-06,Delivered,Website,FEST15
61835,13848,2024-05-11,Delivered,Website,FEST15
61836,13271,2025-06-29,Delivered,Marketplace,SAVE10
61837,12998,2026-05-09,Delivered,Mobile App,NONE
61838,11564,2024-01-31,Delivered,Mobile App,WELCOME5
61839,11577,2026-04-05,Delivered,Website,NONE
61840,12429,2025-08-25,Delivered,Marketplace,WELCOME5
61841,10677,2026-08-15,Delivered,Mobile App,NONE
61842,12686,2024-09-12,Delivered,Marketplace,NONE
61843,10455,2025-09-17,Delivered,Website,NONE
61844,11377,2025-03-17,Delivered,Website,SAVE10
61845,13166,2025-09-07,Delivered,Mobile App,SAVE10
61846,10118,2024-06-22,Delivered,Mobile App,NONE
61847,10225,2025-04-27,Delivered,Marketplace,NONE
61848,11079,2026-08-14,Delivered,Website,FEST15
61849,13780,2026-03-29,Delivered,Mobile App,NONE
61850,14016,2024-07-20,Delivered,Website,WELCOME5
61851,10005,2024-02-27,Delivered,Website,WELCOME5
61852,11391,2025-02-08,Delivered,Marketplace,NONE
61853,10284,2024-08-09,Delivered,Mobile App,FEST15
61854,10070,2024-09-03,Processing,Website,NONE
61855,14711,2024-06-25,Delivered,Mobile App,NONE
61856,12125,2025-06-09,Delivered,Website,NONE
61857,13977,2024-03-31,Delivered,Website,FEST15
61858,13413,2026-05-28,Delivered,Website,NONE
61859,12248,2024-01-30,Delivered,Mobile App,NONE
61860,13763,2024-06-07,Shipped,Mobile App,FEST15
61861,11244,2025-06-29,Processing,Website,NONE
61862,12070,2024-05-16,Delivered,Website,NONE
61863,11894,2025-05-03,Delivered,Website,BIG20
61864,12860,2024-03-12,Delivered,Mobile App,WELCOME5
61865,11053,2026-04-23,Delivered,Website,SAVE10
61866,13728,2025-07-25,Delivered,Mobile App,NONE
61867,14210,2024-10-21,Delivered,Mobile App,FEST15
61868,14447,2025-08-07,Delivered,Website,NONE
61869,14471,2025-06-08,Delivered,Mobile App,NONE
61870,13200,2026-03-07,Delivered,Mobile App,NONE
61871,13990,2025-12-05,Delivered,Website,SAVE10
61872,13455,2026-03-21,Processing,Mobile App,SAVE10
61873,14767,2026-04-17,Delivered,Mobile App,NONE
61874,10494,2024-04-08,Cancelled,Website,BIG20
61875,10993,2026-01-16,Delivered,Website,NONE
61876,12103,2026-06-02,Delivered,Mobile App,NONE
61877,13105,2024-07-11,Processing,Website,NONE
61878,14445,2026-03-15,Delivered,Website,NONE
61879,10474,2025-08-14,Delivered,Mobile App,NONE
61880,10804,2025-09-19,Delivered,Website,NONE
61881,14304,2025-11-22,Delivered,Marketplace,NONE
61882,11550,2024-12-02,Cancelled,Website,FEST15
61883,10085,2026-05-20,Shipped,Website,NONE
61884,13390,2025-12-24,Delivered,Mobile App,WELCOME5
61885,14389,2025-03-01,Delivered,Website,BIG20
61886,14511,2025-08-25,Delivered,Website,WELCOME5
61887,14272,2026-07-14,Shipped,Website,SAVE10
61888,10296,2024-12-08,Delivered,Website,SAVE10
61889,10675,2026-05-16,Delivered,Marketplace,FEST15
61890,14353,2024-01-13,Delivered,Website,NONE
61891,13465,2026-02-08,Delivered,Marketplace,NONE
61892,11102,2025-07-28,Delivered,Mobile App,NONE
61893,11939,2025-11-19,Delivered,Mobile App,FEST15
61894,14305,2025-07-13,Cancelled,Mobile App,NONE
61895,14645,2025-04-09,Delivered,Website,WELCOME5
61896,14447,2024-05-29,Delivered,Marketplace,SAVE10
61897,12303,2024-08-23,Delivered,Mobile App,BIG20
61898,13878,2026-05-29,Delivered,Mobile App,FEST15
61899,10226,2025-01-29,Shipped,Website,NONE
61900,14620,2024-06-03,Delivered,Mobile App,NONE
61901,11110,2024-05-04,Delivered,Mobile App,NONE
61902,14806,2024-10-05,Delivered,Website,NONE
61903,10082,2025-12-10,Delivered,Website,SAVE10
61904,14626,2024-12-26,Delivered,Mobile App,NONE
61905,12634,2025-02-21,Delivered,Website,NONE
61906,12566,2025-10-24,Delivered,Website,NONE
61907,13383,2025-08-10,Delivered,Marketplace,NONE
61908,12319,2024-03-20,Delivered,Website,NONE
61909,14755,2025-01-14,Delivered,Marketplace,WELCOME5
61910,10527,2025-11-12,Delivered,Mobile App,NONE
61911,13281,2025-11-19,Delivered,Mobile App,NONE
61912,11081,2025-02-06,Delivered,Mobile App,NONE
61913,10187,2024-07-27,Delivered,Mobile App,SAVE10
61914,13262,2024-06-26,Delivered,Website,SAVE10
61915,13390,2024-03-28,Delivered,Marketplace,NONE
61916,10637,2024-04-18,Delivered,Website,NONE
61917,13634,2026-07-29,Delivered,Mobile App,SAVE10
61918,14712,2025-02-03,Delivered,Website,NONE
61919,13478,2024-11-06,Delivered,Website,SAVE10
61920,11136,2025-03-08,Shipped,Marketplace,NONE
61921,10424,2025-05-16,Delivered,Website,NONE
61922,10440,2024-05-13,Delivered,Website,WELCOME5
61923,13094,2026-05-27,Delivered,Website,SAVE10
61924,11177,2025-04-12,Delivered,Marketplace,NONE
61925,11857,2025-06-29,Delivered,Mobile App,NONE
61926,10245,2025-05-02,Shipped,Website,SAVE10
61927,12204,2026-06-28,Delivered,Marketplace,NONE
61928,10831,2026-08-09,Shipped,Mobile App,NONE
61929,12140,2024-05-02,Delivered,Marketplace,SAVE10
61930,12939,2025-11-22,Delivered,Website,SAVE10
61931,14805,2024-06-07,Delivered,Website,NONE
61932,11446,2024-01-12,Delivered,Mobile App,FEST15
61933,11606,2025-06-19,Delivered,Website,FEST15
61934,14006,2025-04-07,Delivered,Mobile App,SAVE10
61935,14765,2025-04-22,Delivered,Mobile App,SAVE10
61936,12024,2024-01-21,Delivered,Website,NONE
61937,11729,2025-09-16,Delivered,Website,NONE
61938,13570,2025-05-10,Delivered,Marketplace,WELCOME5
61939,13759,2024-02-26,Shipped,Mobile App,WELCOME5
61940,13542,2024-11-23,Delivered,Mobile App,WELCOME5
61941,13200,2024-05-10,Delivered,Mobile App,WELCOME5
61942,10679,2026-05-26,Processing,Website,WELCOME5
61943,11312,2025-12-20,Delivered,Mobile App,NONE
61944,10283,2025-04-23,Delivered,Marketplace,NONE
61945,11950,2024-03-25,Delivered,Marketplace,BIG20
61946,14210,2026-04-04,Shipped,Website,FEST15
61947,11119,2024-12-10,Delivered,Website,NONE
61948,13505,2025-07-20,Processing,Website,NONE
61949,12105,2025-11-29,Delivered,Website,SAVE10
61950,10875,2025-01-19,Delivered,Website,FEST15
61951,11116,2026-08-01,Delivered,Mobile App,NONE
61952,13400,2024-08-10,Shipped,Website,SAVE10
61953,13955,2024-11-29,Delivered,Mobile App,SAVE10
61954,11648,2024-06-26,Delivered,Marketplace,NONE
61955,14589,2024-11-29,Delivered,Website,NONE
61956,10284,2026-02-09,Delivered,Website,NONE
61957,12874,2025-04-02,Delivered,Website,NONE
61958,11144,2026-05-06,Delivered,Marketplace,NONE
61959,14460,2026-05-13,Shipped,Mobile App,SAVE10
61960,13780,2024-11-10,Delivered,Website,SAVE10
61961,10294,2026-02-10,Delivered,Website,NONE
61962,11954,2025-04-24,Shipped,Mobile App,BIG20
61963,13730,2025-02-14,Delivered,Mobile App,NONE
61964,12725,2024-10-05,Shipped,Website,NONE
61965,12449,2024-03-05,Delivered,Website,NONE
61966,10683,2025-03-17,Delivered,Marketplace,SAVE10
61967,12854,2025-10-10,Delivered,Mobile App,BIG20
61968,10464,2026-04-23,Delivered,Website,BIG20
61969,11594,2025-02-03,Processing,Mobile App,FEST15
61970,11197,2024-05-13,Delivered,Website,FEST15
61971,13285,2025-03-30,Delivered,Mobile App,NONE
61972,12363,2024-10-09,Delivered,Marketplace,NONE
61973,12127,2026-06-10,Delivered,Website,NONE
61974,14235,2025-11-05,Delivered,Website,NONE
61975,11949,2026-05-28,Delivered,Mobile App,SAVE10
61976,13817,2024-10-28,Delivered,Website,NONE
61977,14441,2025-03-08,Delivered,Website,NONE
61978,10801,2024-03-19,Delivered,Website,FEST15
61979,13723,2024-05-11,Delivered,Website,BIG20
61980,10358,2024-12-29,Delivered,Website,NONE
61981,13206,2025-01-20,Delivered,Marketplace,NONE
61982,11128,2025-10-18,Delivered,Marketplace,FEST15
61983,11280,2024-07-27,Delivered,Mobile App,NONE
61984,14262,2026-08-12,Cancelled,Website,SAVE10
61985,10933,2026-01-26,Delivered,Website,NONE
61986,12580,2026-05-15,Delivered,Mobile App,NONE
61987,13906,2024-10-24,Delivered,Mobile App,NONE
61988,14035,2025-06-29,Delivered,Website,NONE
61989,11024,2025-05-17,Delivered,Marketplace,NONE
61990,11848,2026-01-24,Delivered,Mobile App,WELCOME5
61991,12810,2026-04-02,Delivered,Website,FEST15
61992,12953,2025-07-08,Delivered,Marketplace,SAVE10
61993,10818,2026-08-03,Shipped,Mobile App,NONE
61994,12974,2025-04-24,Delivered,Marketplace,NONE
61995,10007,2024-09-23,Shipped,Marketplace,FEST15
61996,13134,2024-06-14,Delivered,Website,FEST15
61997,13679,2024-12-31,Shipped,Mobile App,NONE
61998,12351,2024-10-10,Delivered,Website,NONE
61999,11227,2024-07-13,Delivered,Website,BIG20
62000,11197,2025-03-14,Delivered,Website,FEST15
62001,13451,2024-09-10,Processing,Mobile App,NONE
62002,12143,2026-08-14,Delivered,Mobile App,NONE
62003,14645,2024-10-22,Delivered,Website,NONE
62004,14874,2025-08-13,Delivered,Website,NONE
62005,12172,2025-12-30,Delivered,Marketplace,SAVE10
62006,11361,2026-07-05,Delivered,Website,NONE
62007,14061,2025-10-28,Delivered,Website,NONE
62008,13625,2024-09-07,Shipped,Mobile App,NONE
62009,10823,2025-06-23,Delivered,Website,SAVE10
62010,14724,2024-03-07,Delivered,Website,SAVE10
62011,11002,2024-09-19,Processing,Mobile App,FEST15
62012,12832,2026-08-07,Delivered,Website,NONE
62013,10935,2024-01-05,Delivered,Website,NONE
62014,12447,2024-11-15,Delivered,Website,WELCOME5
62015,13124,2024-02-21,Delivered,Marketplace,NONE
62016,10605,2025-06-03,Delivered,Website,NONE
62017,11297,2025-12-29,Delivered,Marketplace,BIG20
62018,13767,2024-03-10,Delivered,Marketplace,NONE
62019,14780,2024-05-04,Delivered,Mobile App,NONE
62020,14558,2026-04-14,Delivered,Marketplace,WELCOME5
62021,13760,2024-09-27,Processing,Mobile App,NONE
62022,14904,2024-01-01,Processing,Website,NONE
62023,10825,2024-04-05,Delivered,Website,BIG20
62024,11009,2026-05-28,Delivered,Marketplace,NONE
62025,12028,2026-06-14,Processing,Mobile App,FEST15
62026,14601,2024-06-09,Cancelled,Marketplace,SAVE10
62027,13995,2024-09-28,Shipped,Website,FEST15
62028,11852,2024-06-26,Delivered,Website,NONE
62029,10082,2025-04-22,Delivered,Website,FEST15
62030,13096,2026-03-12,Processing,Mobile App,SAVE10
62031,11545,2026-01-06,Delivered,Website,WELCOME5
62032,11119,2025-01-09,Delivered,Mobile App,NONE
62033,11071,2025-11-05,Delivered,Marketplace,NONE
62034,11242,2024-09-05,Delivered,Mobile App,NONE
62035,11596,2026-05-31,Cancelled,Website,FEST15
62036,13095,2025-08-01,Delivered,Website,NONE
62037,10819,2026-06-08,Delivered,Mobile App,NONE
62038,12425,2024-09-03,Delivered,Website,NONE
62039,14606,2026-07-10,Delivered,Website,NONE
62040,14822,2024-10-04,Delivered,Website,NONE
62041,14148,2025-10-25,Shipped,Website,NONE
62042,11323,2024-02-14,Delivered,Website,NONE
62043,10732,2024-08-11,Delivered,Website,BIG20
62044,14391,2025-06-07,Delivered,Marketplace,NONE
62045,12020,2025-05-04,Delivered,Mobile App,NONE
62046,12303,2024-05-05,Delivered,Marketplace,NONE
62047,12132,2024-01-10,Shipped,Mobile App,NONE
62048,10673,2026-03-23,Shipped,Mobile App,SAVE10
62049,13607,2024-08-25,Delivered,Website,WELCOME5
62050,11196,2025-12-29,Delivered,Mobile App,NONE
62051,11166,2024-06-17,Cancelled,Website,NONE
62052,13779,2024-10-03,Delivered,Mobile App,WELCOME5
62053,13565,2024-01-17,Delivered,Mobile App,NONE
62054,14134,2025-06-01,Delivered,Website,NONE
62055,13531,2025-05-16,Delivered,Mobile App,NONE
62056,10198,2025-07-14,Delivered,Mobile App,NONE
62057,12087,2025-12-27,Delivered,Website,BIG20
62058,12051,2025-10-08,Delivered,Website,NONE
62059,11608,2024-07-15,Delivered,Website,WELCOME5
62060,12471,2025-02-10,Delivered,Marketplace,NONE
62061,12486,2024-03-14,Shipped,Marketplace,SAVE10
62062,13076,2025-09-24,Delivered,Mobile App,NONE
62063,14800,2025-01-19,Delivered,Mobile App,NONE
62064,13254,2024-06-13,Delivered,Mobile App,WELCOME5
62065,14664,2026-05-01,Delivered,Mobile App,SAVE10
62066,14153,2025-04-01,Delivered,Website,WELCOME5
62067,13671,2024-02-20,Delivered,Website,NONE
62068,11367,2024-04-01,Shipped,Marketplace,NONE
62069,12890,2024-10-09,Delivered,Marketplace,NONE
62070,10560,2026-07-01,Delivered,Website,WELCOME5
62071,14620,2024-04-05,Delivered,Website,SAVE10
62072,10933,2025-01-24,Delivered,Marketplace,NONE
62073,11193,2025-01-20,Delivered,Mobile App,NONE
62074,14685,2025-08-21,Processing,Mobile App,NONE
62075,10609,2025-08-04,Delivered,Website,NONE
62076,12734,2025-04-20,Delivered,Mobile App,NONE
62077,12873,2026-02-21,Delivered,Website,NONE
62078,11096,2024-01-27,Delivered,Website,FEST15
62079,11949,2025-01-16,Shipped,Website,FEST15
62080,13930,2024-03-01,Delivered,Marketplace,NONE
62081,13558,2024-10-18,Delivered,Website,FEST15
62082,12936,2024-09-13,Shipped,Mobile App,WELCOME5
62083,12720,2026-05-07,Delivered,Mobile App,WELCOME5
62084,11837,2025-10-16,Delivered,Website,NONE
62085,13118,2024-08-20,Processing,Marketplace,FEST15
62086,10092,2025-09-14,Delivered,Mobile App,SAVE10
62087,10352,2026-03-18,Delivered,Mobile App,SAVE10
62088,13914,2024-07-01,Delivered,Website,NONE
62089,10872,2025-07-01,Delivered,Marketplace,NONE
62090,13588,2025-04-18,Delivered,Marketplace,NONE
62091,10081,2026-06-05,Shipped,Mobile App,BIG20
62092,11311,2024-12-22,Delivered,Website,NONE
62093,14691,2025-10-20,Shipped,Marketplace,BIG20
62094,11329,2025-07-05,Delivered,Website,FEST15
62095,14914,2024-11-09,Delivered,Mobile App,NONE
62096,11358,2024-11-20,Delivered,Website,NONE
62097,13181,2026-04-16,Delivered,Website,SAVE10
62098,13353,2026-05-19,Delivered,Website,NONE
62099,13169,2024-09-09,Delivered,Website,SAVE10
62100,11471,2025-04-03,Processing,Website,NONE
62101,13795,2024-05-18,Delivered,Website,NONE
62102,11552,2025-02-17,Delivered,Mobile App,SAVE10
62103,14072,2026-04-21,Shipped,Marketplace,SAVE10
62104,11884,2025-11-13,Delivered,Website,FEST15
62105,14185,2025-04-16,Delivered,Website,WELCOME5
62106,14902,2026-01-27,Delivered,Website,NONE
62107,13775,2025-06-20,Shipped,Mobile App,SAVE10
62108,12301,2025-02-28,Delivered,Website,NONE
62109,12115,2024-01-17,Delivered,Website,SAVE10
62110,11887,2024-04-15,Delivered,Mobile App,NONE
62111,11757,2025-06-06,Delivered,Website,NONE
62112,12351,2024-03-23,Delivered,Mobile App,FEST15
62113,12429,2024-01-12,Delivered,Website,NONE
62114,13597,2024-11-13,Processing,Mobile App,NONE
62115,14449,2025-06-23,Processing,Website,WELCOME5
62116,14419,2025-12-11,Delivered,Mobile App,NONE
62117,13022,2026-07-25,Delivered,Website,NONE
62118,14955,2025-09-26,Delivered,Mobile App,NONE
62119,14469,2026-08-03,Delivered,Website,NONE
62120,12431,2024-10-06,Delivered,Website,NONE
62121,12062,2025-09-29,Delivered,Mobile App,NONE
62122,12301,2024-01-05,Processing,Mobile App,NONE
62123,10118,2024-05-11,Delivered,Website,SAVE10
62124,11652,2025-09-15,Delivered,Website,NONE
62125,11915,2024-11-02,Delivered,Website,NONE
62126,13896,2025-07-01,Delivered,Website,NONE
62127,11313,2026-07-03,Processing,Mobile App,FEST15
62128,13278,2026-01-19,Delivered,Marketplace,FEST15
62129,11611,2024-12-07,Delivered,Mobile App,BIG20
62130,11817,2025-10-27,Delivered,Website,NONE
62131,10345,2026-06-14,Delivered,Website,NONE
62132,12593,2024-08-27,Delivered,Mobile App,NONE
62133,10487,2025-06-22,Shipped,Website,SAVE10
62134,11030,2025-12-11,Shipped,Website,SAVE10
62135,12509,2025-10-01,Delivered,Website,NONE
62136,13470,2025-04-16,Delivered,Mobile App,NONE
62137,12021,2025-02-24,Delivered,Marketplace,NONE
62138,11261,2025-07-11,Delivered,Website,NONE
62139,14487,2025-04-26,Delivered,Website,WELCOME5
62140,11748,2024-12-12,Delivered,Website,NONE
62141,11605,2026-04-28,Shipped,Website,NONE
62142,10341,2026-02-05,Delivered,Website,WELCOME5
62143,11760,2025-09-13,Shipped,Mobile App,NONE
62144,11100,2024-07-09,Cancelled,Mobile App,NONE
62145,11770,2025-05-13,Delivered,Mobile App,NONE
62146,10975,2024-07-17,Delivered,Website,SAVE10
62147,10984,2024-06-06,Cancelled,Website,NONE
62148,13677,2024-08-18,Delivered,Marketplace,FEST15
62149,12373,2024-06-01,Delivered,Mobile App,SAVE10
62150,13473,2026-02-04,Delivered,Website,SAVE10
62151,12884,2025-05-13,Delivered,Marketplace,SAVE10
62152,12691,2025-12-07,Processing,Marketplace,NONE
62153,12333,2026-08-05,Delivered,Mobile App,NONE
62154,11936,2024-09-18,Delivered,website,NONE
62155,11311,2024-07-08,Delivered,Website,FEST15
62156,14448,2024-05-19,Delivered,Marketplace,NONE
62157,12046,2024-01-19,Processing,Website,NONE
62158,14421,2024-01-28,Delivered,Website,SAVE10
62159,13841,2025-07-31,Shipped,Mobile App,SAVE10
62160,13015,2025-10-25,Delivered,Marketplace,FEST15
62161,14215,2024-10-10,Shipped,Marketplace,NONE
62162,13290,2025-06-06,Cancelled,Mobile App,NONE
62163,14079,2024-07-19,Cancelled,Website,NONE
62164,13983,2025-11-12,Cancelled,Mobile App,NONE
62165,13230,2025-11-20,Delivered,Marketplace,NONE
62166,13614,2025-11-18,Delivered,Mobile App,NONE
62167,14088,2025-05-11,Delivered,Mobile App,NONE
62168,11125,2026-03-30,Delivered,Mobile App,NONE
62169,14384,2024-03-21,Shipped,Mobile App,NONE
62170,12517,2025-02-07,Delivered,Mobile App,NONE
62171,10612,2024-03-02,Delivered,Website,NONE
62172,10760,2026-03-13,Delivered,Website,FEST15
62173,13752,2024-03-12,Delivered,Mobile App,SAVE10
62174,14047,2025-02-26,Delivered,Website,FEST15
62175,13271,2024-06-29,Processing,Website,NONE
62176,13268,2025-11-17,Delivered,Marketplace,SAVE10
62177,14329,2025-01-25,Shipped,Mobile App,BIG20
62178,14896,2025-06-18,Delivered,Website,NONE
62179,14160,2026-07-22,Shipped,Mobile App,BIG20
62180,10683,2026-06-12,Delivered,Mobile App,NONE
62181,14012,2025-02-19,Cancelled,Mobile App,NONE
62182,12551,2024-12-25,Delivered,Website,FEST15
62183,13993,2024-10-17,Shipped,Marketplace,BIG20
62184,13621,2025-10-31,Delivered,Website,FEST15
62185,13390,2026-08-22,Delivered,Mobile App,NONE
62186,14337,2025-08-03,Delivered,Mobile App,NONE
62187,10757,2025-07-02,Delivered,Website,SAVE10
62188,14267,2026-08-26,Processing,Website,WELCOME5
62189,11738,2024-07-03,Delivered,Website,NONE
62190,11010,2024-03-15,Delivered,Website,SAVE10
62191,13601,2024-04-02,Delivered,Marketplace,NONE
62192,14912,2025-08-03,Delivered,Marketplace,NONE
62193,10440,2026-05-19,Delivered,Marketplace,WELCOME5
62194,14907,2024-08-13,Shipped,Marketplace,FEST15
62195,11713,2025-12-03,Delivered,Website,SAVE10
62196,14846,2026-05-07,Delivered,Mobile App,NONE
62197,10247,2026-06-07,Delivered,Website,NONE
62198,13069,2026-02-09,Delivered,Website,SAVE10
62199,12673,2024-12-22,Delivered,Mobile App,NONE
62200,14160,2025-10-03,Delivered,Website,SAVE10
62201,12360,2025-06-22,Delivered,Marketplace,SAVE10
62202,10381,2025-04-10,Delivered,Mobile App,SAVE10
62203,10920,2025-11-17,Processing,Mobile App,NONE
62204,11278,2025-10-22,Delivered,Website,NONE
62205,14357,2026-02-23,Delivered,Website,SAVE10
62206,10460,2025-06-21,Delivered,Website,NONE
62207,14196,2025-09-30,Shipped,Mobile App,WELCOME5
62208,12528,2024-10-05,Delivered,Mobile App,NONE
62209,12827,2025-04-04,Processing,Mobile App,WELCOME5
62210,14824,2026-03-05,Delivered,Website,WELCOME5
62211,13836,2026-01-18,Delivered,Website,SAVE10
62212,13246,2025-05-12,Delivered,Website,FEST15
62213,14122,2025-07-03,Delivered,Marketplace,NONE
62214,12307,2024-09-06,Delivered,Mobile App,NONE
62215,14656,2025-01-06,Delivered,Website,NONE
62216,13965,2025-10-06,Delivered,Website,WELCOME5
62217,14885,2024-04-22,Delivered,Mobile App,SAVE10
62218,12752,2024-01-19,Delivered,Mobile App,WELCOME5
62219,13214,2025-08-04,Delivered,Website,FEST15
62220,12289,2025-11-29,Delivered,Mobile App,NONE
62221,14626,2026-08-09,Delivered,Website,FEST15
62222,13147,2025-04-01,Delivered,Website,NONE
62223,10793,2024-04-29,Delivered,Mobile App,BIG20
62224,12560,2025-09-07,Delivered,Marketplace,NONE
62225,10666,2024-10-25,Delivered,website,NONE
62226,13208,2024-06-01,Delivered,Mobile App,NONE
62227,13498,2025-08-25,Delivered,Website,BIG20
62228,14014,2025-11-27,Delivered,Website,SAVE10
62229,10768,2024-02-23,Delivered,Marketplace,NONE
62230,12313,2025-12-02,Delivered,Marketplace,NONE
62231,11772,2025-07-11,Delivered,Website,WELCOME5
62232,12076,2025-12-20,Delivered,Mobile App,NONE
62233,14699,2025-09-03,Delivered,Website,FEST15
62234,12794,2025-03-29,Delivered,Mobile App,FEST15
62235,12217,2024-11-20,Processing,Mobile App,NONE
62236,14524,2025-09-13,Delivered,Website,SAVE10
62237,12660,2024-07-12,Delivered,Website,FEST15
62238,12115,2025-06-16,Delivered,Marketplace,NONE
62239,12702,2025-12-31,Delivered,Website,BIG20
62240,14239,2024-08-14,Shipped,Website,NONE
62241,12264,2024-03-23,Delivered,Website,SAVE10
62242,13086,2024-01-23,Delivered,Website,SAVE10
62243,10894,2025-06-22,Delivered,Mobile App,NONE
62244,10062,2025-02-05,Delivered,Website,NONE
62245,10337,2025-09-26,Processing,Website,FEST15
62246,12382,2026-03-01,Processing,Mobile App,NONE
62247,13593,2026-08-07,Delivered,Website,SAVE10
62248,11053,2024-11-08,Shipped,Website,NONE
62249,14716,2024-04-19,Delivered,Mobile App,FEST15
62250,10752,2025-12-27,Delivered,Marketplace,FEST15
62251,13482,2024-01-19,Delivered,Marketplace,NONE
62252,11173,2025-09-12,Shipped,Mobile App,NONE
62253,10296,2024-09-23,Delivered,Website,NONE
62254,13563,2024-12-08,Cancelled,Marketplace,NONE
62255,12591,2024-04-30,Shipped,Website,NONE
62256,13137,2024-01-01,Delivered,Mobile App,NONE
62257,14708,2024-07-07,Shipped,Marketplace,NONE
62258,12685,2025-02-22,Delivered,Marketplace,NONE
62259,14207,2024-10-12,Shipped,Mobile App,SAVE10
62260,12477,2025-01-16,Delivered,Marketplace,NONE
62261,11746,2024-04-18,Delivered,Website,WELCOME5
62262,11946,2024-05-14,Shipped,Website,NONE
62263,11725,2025-12-26,Delivered,Mobile App,NONE
62264,14433,2026-03-05,Shipped,Marketplace,NONE
62265,12557,2025-12-18,Delivered,Website,SAVE10
62266,14663,2026-07-15,Delivered,website,WELCOME5
62267,11257,2025-12-10,Delivered,Marketplace,FEST15
62268,13823,2024-04-27,Delivered,Marketplace,SAVE10
62269,10578,2025-12-15,Shipped,Website,NONE
62270,11442,2024-08-12,Delivered,Marketplace,BIG20
62271,10167,2026-01-23,Shipped,Website,NONE
62272,14570,2025-09-05,Cancelled,Website,NONE
62273,11492,2026-04-01,Delivered,Mobile App,SAVE10
62274,14096,2026-07-11,Processing,Website,FEST15
62275,12129,2025-10-29,Delivered,Mobile App,BIG20
62276,10621,2026-06-24,Cancelled,Website,NONE
62277,11719,2025-06-08,Shipped,Mobile App,NONE
62278,11709,2026-06-22,Delivered,Mobile App,FEST15
62279,12545,2024-03-27,Cancelled,Marketplace,WELCOME5
62280,11639,2025-03-02,Delivered,Website,SAVE10
62281,13381,2026-01-09,Delivered,Mobile App,NONE
62282,13651,2026-08-14,Shipped,Marketplace,NONE
62283,10777,2026-04-23,Delivered,Mobile App,NONE
62284,12620,2024-12-19,Delivered,Website,NONE
62285,12894,2025-09-01,Delivered,Mobile App,NONE
62286,11335,2024-03-25,Delivered,Mobile App,SAVE10
62287,13859,2024-04-22,Delivered,Website,BIG20
62288,11154,2025-11-14,Delivered,Marketplace,SAVE10
62289,14358,2024-10-30,Delivered,Website,NONE
62290,12288,2025-06-23,Delivered,Marketplace,NONE
62291,11831,2024-07-19,Processing,Website,SAVE10
62292,13330,2026-02-14,Delivered,Website,FEST15
62293,13099,2024-03-24,Processing,Mobile App,WELCOME5
62294,12544,2025-08-25,Delivered,Mobile App,NONE
62295,13434,2025-10-18,Processing,Mobile App,BIG20
62296,11306,2026-03-07,Delivered,Website,WELCOME5
62297,14045,2024-09-04,Delivered,Website,FEST15
62298,13100,2024-11-29,Delivered,Website,WELCOME5
62299,11065,2025-06-23,Processing,Website,SAVE10
62300,14995,2024-10-06,Delivered,Website,NONE
62301,14328,2025-12-15,Delivered,Mobile App,NONE
62302,10884,2026-01-04,Processing,Mobile App,NONE
62303,13923,2026-01-03,Delivered,Website,NONE
62304,12642,2025-04-27,Delivered,Mobile App,NONE
62305,13848,2025-08-31,Delivered,Mobile App,NONE
62306,11879,2024-06-23,Shipped,Mobile App,SAVE10
62307,11222,2024-07-10,Delivered,Mobile App,NONE
62308,11093,2024-12-29,Shipped,Mobile App,NONE
62309,10331,2024-07-19,Delivered,Website,BIG20
62310,14378,2026-02-15,Delivered,Mobile App,NONE
62311,11563,2024-09-06,Delivered,Website,NONE
62312,14789,2026-06-15,Processing,Mobile App,SAVE10
62313,11130,2025-02-02,Delivered,Mobile App,BIG20
62314,11751,2026-01-07,Processing,Mobile App,NONE
62315,14395,2024-03-14,Delivered,Mobile App,NONE
62316,11737,2025-11-27,Cancelled,Website,NONE
62317,13793,2025-03-18,Delivered,Mobile App,NONE
62318,10459,2026-02-26,Delivered,Mobile App,NONE
62319,14771,2024-06-24,Delivered,Website,NONE
62320,13089,2024-07-13,Delivered,Website,BIG20
62321,13752,2026-04-16,Shipped,Marketplace,NONE
62322,10133,2025-07-16,Delivered,Mobile App,NONE
62323,14823,2025-06-29,Processing,Website,NONE
62324,12482,2025-07-30,Delivered,Website,SAVE10
62325,11060,2024-12-13,Delivered,Marketplace,NONE
62326,10765,2026-07-06,Delivered,Mobile App,NONE
62327,10436,2025-06-21,Cancelled,Website,FEST15
62328,13362,2024-01-15,Shipped,Website,NONE
62329,11065,2024-10-04,Processing,Website,FEST15
62330,14645,2026-07-30,Delivered,Mobile App,FEST15
62331,11139,2025-04-16,Delivered,Website,NONE
62332,10444,2025-12-05,Shipped,Website,BIG20
62333,14264,2024-01-19,Delivered,Website,NONE
62334,13889,2024-01-22,Delivered,Marketplace,NONE
62335,12595,2024-07-17,Delivered,Website,NONE
62336,14153,2025-05-18,Delivered,Mobile App,SAVE10
62337,13630,2025-08-14,Delivered,Website,NONE
62338,10882,2024-03-08,Delivered,Website,BIG20
62339,12079,2026-06-08,Delivered,Website,WELCOME5
62340,14614,2025-08-08,Delivered,Website,NONE
62341,13391,2024-12-06,Delivered,Mobile App,NONE
62342,13105,2025-03-14,Delivered,Mobile App,WELCOME5
62343,10887,2025-05-05,Delivered,Website,SAVE10
62344,12675,2026-01-19,Delivered,Marketplace,FEST15
62345,10829,2024-03-31,Cancelled,Website,SAVE10
62346,13358,2025-07-16,Delivered,Mobile App,BIG20
62347,11111,2025-05-22,Processing,Mobile App,NONE
62348,11441,2026-02-01,Delivered,Website,NONE
62349,12869,2024-12-15,Cancelled,Website,NONE
62350,10128,2024-12-23,Delivered,Website,NONE
62351,13498,2026-02-22,Delivered,Mobile App,BIG20
62352,12211,2026-04-11,Delivered,Mobile App,SAVE10
62353,12562,2026-03-09,Cancelled,Website,NONE
62354,13717,2026-04-20,Delivered,Marketplace,FEST15
62355,13852,2024-04-09,Delivered,Marketplace,WELCOME5
62356,14594,2025-09-27,Shipped,Website,SAVE10
62357,10900,2025-10-29,Delivered,Website,FEST15
62358,12151,2024-09-12,Processing,Marketplace,NONE
62359,10477,2025-03-15,Delivered,Marketplace,NONE
62360,11319,2026-08-19,Delivered,Website,NONE
62361,12759,2024-05-15,Delivered,Mobile App,NONE
62362,10657,2026-03-04,Delivered,Marketplace,FEST15
62363,12229,2024-11-04,Delivered,Marketplace,SAVE10
62364,14678,2026-04-06,Processing,Mobile App,FEST15
62365,10355,2025-06-02,Delivered,Website,NONE
62366,11155,2024-01-12,Delivered,Mobile App,NONE
62367,11414,2024-04-15,Delivered,Mobile App,NONE
62368,14556,2026-03-12,Delivered,Website,NONE
62369,13673,2026-02-06,Delivered,Mobile App,WELCOME5
62370,10919,2024-07-30,Cancelled,Mobile App,NONE
62371,13504,2025-09-14,Cancelled,Mobile App,SAVE10
62372,10091,2025-05-08,Delivered,Mobile App,WELCOME5
62373,13991,2024-02-22,Delivered,Marketplace,SAVE10
62374,11122,2025-11-14,Delivered,Website,SAVE10
62375,13560,2024-06-03,Delivered,Mobile App,BIG20
62376,12464,2025-02-01,Delivered,Mobile App,NONE
62377,13668,2024-01-08,Cancelled,Website,BIG20
62378,11744,2024-08-24,Delivered,Mobile App,WELCOME5
62379,12655,2026-06-27,Delivered,Mobile App,SAVE10
62380,14539,2025-04-30,Shipped,Mobile App,NONE
62381,14014,2025-12-02,Delivered,Website,NONE
62382,12726,2024-10-17,Processing,Mobile App,NONE
62383,14614,2024-02-12,Delivered,Website,NONE
62384,10589,2025-08-19,Delivered,Website,NONE
62385,13502,2024-08-21,Processing,Mobile App,NONE
62386,13127,2024-04-16,Delivered,Mobile App,BIG20
62387,11284,2025-04-24,Delivered,Website,NONE
62388,11945,2025-01-31,Delivered,Website,NONE
62389,12029,2024-04-22,Cancelled,Website,NONE
62390,13395,2025-07-27,Cancelled,Marketplace,NONE
62391,13124,2025-03-08,Cancelled,Marketplace,NONE
62392,13931,2026-08-18,Delivered,Website,NONE
62393,13287,2024-03-27,Shipped,Mobile App,WELCOME5
62394,14928,2025-04-25,Delivered,Mobile App,FEST15
62395,14150,2026-02-08,Delivered,Website,FEST15
62396,12884,2025-02-17,Delivered,Mobile App,NONE
62397,10093,2024-07-21,Delivered,Marketplace,BIG20
62398,11834,2026-08-17,Delivered,Website,BIG20
62399,10639,2024-11-11,Processing,Website,SAVE10
62400,12169,2026-06-16,Cancelled,Marketplace,BIG20
62401,14967,2026-03-26,Delivered,Mobile App,FEST15
62402,12014,2025-10-14,Delivered,Website,NONE
62403,14087,2026-01-20,Delivered,Website,SAVE10
62404,12253,2025-06-12,Delivered,Mobile App,NONE
62405,12884,2025-10-10,Processing,Mobile App,NONE
62406,10151,2024-09-19,Delivered,Website,FEST15
62407,13439,2024-02-24,Delivered,Mobile App,SAVE10
62408,11237,2025-08-28,Cancelled,Website,SAVE10
62409,12301,2026-02-18,Delivered,Website,BIG20
62410,14939,2026-03-19,Shipped,Website,NONE
62411,11117,2026-01-09,Delivered,Marketplace,WELCOME5
62412,14641,2026-08-10,Delivered,Website,SAVE10
62413,14145,2025-07-30,Delivered,Website,NONE
62414,10242,2024-06-14,Delivered,Mobile App,NONE
62415,11847,2024-07-18,Delivered,Website,NONE
62416,14898,2024-09-22,Delivered,Mobile App,NONE
62417,12271,2026-08-04,Delivered,Website,SAVE10
62418,13960,2026-05-07,Delivered,Website,WELCOME5
62419,14595,2025-12-04,Delivered,Website,SAVE10
62420,10014,2026-04-15,Delivered,Marketplace,NONE
62421,13657,2024-11-27,Shipped,Website,NONE
62422,14568,2025-11-26,Delivered,Website,NONE
62423,12889,2024-06-10,Delivered,Mobile App,NONE
62424,14802,2024-04-10,Delivered,Marketplace,FEST15
62425,13497,2025-09-14,Delivered,Website,NONE
62426,13144,2025-11-16,Delivered,Website,WELCOME5
62427,10619,2025-07-31,Delivered,Website,NONE
62428,13942,2025-03-30,Shipped,Website,NONE
62429,14278,2025-08-10,Delivered,Website,NONE
62430,11663,2024-12-26,Delivered,Website,BIG20
62431,10791,2024-10-12,Cancelled,Mobile App,NONE
62432,12862,2024-08-31,Shipped,Website,FEST15
62433,14694,2024-12-19,Delivered,Mobile App,NONE
62434,13658,2024-11-04,Delivered,Mobile App,NONE
62435,14053,2024-06-02,Processing,Website,NONE
62436,12807,2025-06-03,Processing,Mobile App,NONE
62437,12089,2025-02-02,Delivered,Mobile App,NONE
62438,11524,2024-06-06,Delivered,Website,NONE
62439,14038,2026-05-29,Delivered,Marketplace,NONE
62440,13247,2025-05-09,Delivered,Mobile App,NONE
62441,13740,2024-05-18,Processing,Marketplace,NONE
62442,14193,2024-02-16,Delivered,Mobile App,SAVE10
62443,14897,2024-03-23,Delivered,Mobile App,NONE
62444,14181,2025-02-02,Delivered,Website,NONE
62445,12233,2024-08-22,Processing,Marketplace,BIG20
62446,10661,2026-07-20,Shipped,Marketplace,SAVE10
62447,12797,2025-03-31,Delivered,Website,FEST15
62448,12228,2025-12-17,Processing,Mobile App,WELCOME5
62449,14676,2024-08-25,Delivered,Website,NONE
62450,10194,2024-03-07,Cancelled,Mobile App,NONE
62451,14281,2024-11-20,Delivered,Marketplace,NONE
62452,13164,2025-10-29,Delivered,Website,NONE
62453,10352,2026-01-11,Delivered,Website,BIG20
62454,11211,2024-07-09,Delivered,Website,WELCOME5
62455,10312,2024-10-14,Delivered,Mobile App,NONE
62456,14652,2025-04-04,Delivered,Website,NONE
62457,13225,2024-12-02,Processing,Marketplace,WELCOME5
62458,13092,2024-10-12,Delivered,Website,SAVE10
62459,12601,2026-08-12,Cancelled,Website,NONE
62460,12004,2026-06-25,Delivered,Marketplace,NONE
62461,10857,2024-12-11,Delivered,Mobile App,NONE
62462,13658,2024-02-22,Delivered,Website,NONE
62463,10660,2024-12-14,Delivered,Mobile App,NONE
62464,11037,2026-05-04,Delivered,Marketplace,NONE
62465,14885,2026-05-22,Shipped,Mobile App,SAVE10
62466,10458,2025-11-11,Delivered,Website,NONE
62467,14755,2025-10-17,Delivered,Website,WELCOME5
62468,10437,2024-12-17,Shipped,Mobile App,SAVE10
62469,12433,2025-03-03,Delivered,Mobile App,NONE
62470,12915,2026-05-03,Delivered,Website,NONE
62471,10568,2024-07-28,Delivered,Website,SAVE10
62472,14445,2025-01-29,Delivered,Website,WELCOME5
62473,14787,2026-04-30,Cancelled,Mobile App,BIG20
62474,11114,2025-11-08,Delivered,Website,NONE
62475,11109,2024-04-16,Delivered,Website,NONE
62476,13801,2026-02-03,Delivered,Website,NONE
62477,11859,2024-03-06,Processing,Mobile App,NONE
62478,10189,2024-10-04,Processing,Marketplace,NONE
62479,13751,2026-06-11,Delivered,Website,NONE
62480,11767,2024-03-11,Delivered,Mobile App,SAVE10
62481,12036,2024-06-30,Delivered,Mobile App,SAVE10
62482,13269,2026-04-22,Delivered,Marketplace,NONE
62483,12886,2025-10-11,Delivered,Website,NONE
62484,14132,2024-08-12,Delivered,Marketplace,SAVE10
62485,13990,2024-11-29,Delivered,Mobile App,NONE
62486,14716,2026-06-22,Delivered,Marketplace,NONE
62487,14591,2025-08-10,Shipped,Mobile App,NONE
62488,13163,2024-11-01,Delivered,Website,NONE
62489,12783,2024-05-20,Delivered,Website,NONE
62490,12314,2025-02-06,Processing,Website,FEST15
62491,13323,2024-11-03,Processing,website,WELCOME5
62492,10304,2025-02-21,Shipped,Marketplace,WELCOME5
62493,12012,2024-02-17,Delivered,Mobile App,SAVE10
62494,11379,2025-03-29,Delivered,Website,NONE
62495,12783,2024-08-27,Delivered,Website,NONE
62496,14616,2026-07-22,Delivered,Website,NONE
62497,12405,2024-09-25,Delivered,Website,SAVE10
62498,12915,2024-08-25,Delivered,Marketplace,NONE
62499,12014,2024-10-20,Delivered,Marketplace,NONE
62500,11714,2025-08-13,Delivered,Website,WELCOME5
62501,13406,2025-12-10,Delivered,Mobile App,BIG20
62502,11245,2024-10-12,Delivered,Website,NONE
62503,14396,2025-11-04,Delivered,Mobile App,FEST15
62504,10569,2024-05-07,Shipped,Website,NONE
62505,11112,2024-07-04,Cancelled,Website,NONE
62506,13759,2024-10-07,Delivered,Mobile App,NONE
62507,10415,2025-11-09,Delivered,Website,WELCOME5
62508,12062,2025-06-19,Delivered,Website,NONE
62509,11889,2025-03-23,Processing,Website,SAVE10
62510,14683,2025-08-11,Delivered,Website,WELCOME5
62511,10795,2024-07-09,Shipped,Website,SAVE10
62512,12272,2024-09-12,Delivered,Website,NONE
62513,12299,2025-11-15,Shipped,Website,SAVE10
62514,14092,2026-08-15,Delivered,Website,NONE
62515,12705,2024-01-01,Delivered,Website,NONE
62516,10652,2024-12-17,Delivered,Website,FEST15
62517,14353,2026-05-06,Cancelled,Mobile App,WELCOME5
62518,10755,2026-03-18,Delivered,Website,NONE
62519,13475,2024-09-10,Delivered,Website,SAVE10
62520,11367,2024-02-03,Delivered,Website,FEST15
62521,10610,2025-07-04,Delivered,Website,NONE
62522,10957,2025-11-05,Delivered,Website,SAVE10
62523,14721,2024-09-03,Delivered,Mobile App,NONE
62524,14884,2024-10-21,Delivered,Website,NONE
62525,13002,2025-10-15,Delivered,Mobile App,NONE
62526,14041,2025-06-04,Shipped,Website,NONE
62527,14515,2024-09-30,Delivered,Website,NONE
62528,11743,2026-03-22,Processing,Website,FEST15
62529,13788,2026-05-26,Delivered,Website,NONE
62530,12600,2025-12-04,Delivered,Mobile App,FEST15
62531,10866,2026-07-06,Delivered,Mobile App,NONE
62532,12667,2024-12-14,Cancelled,Website,SAVE10
62533,10230,2024-04-17,Delivered,Website,BIG20
62534,13037,2025-12-11,Delivered,Website,WELCOME5
62535,11301,2025-06-27,Shipped,Website,WELCOME5
62536,10519,2025-02-05,Shipped,Mobile App,NONE
62537,13527,2024-09-09,Processing,Mobile App,NONE
62538,11745,2024-03-02,Delivered,Mobile App,BIG20
62539,12236,2024-06-15,Shipped,Website,NONE
62540,10430,2025-10-07,Cancelled,Website,WELCOME5
62541,10400,2024-08-09,Delivered,Website,SAVE10
62542,14596,2026-06-27,Delivered,Marketplace,NONE
62543,13000,2025-04-04,Delivered,Website,NONE
62544,12018,2024-03-22,Delivered,Website,BIG20
62545,13330,2025-09-26,Delivered,Mobile App,NONE
62546,13636,2025-10-28,Delivered,Mobile App,SAVE10
62547,10569,2024-06-23,Delivered,Marketplace,NONE
62548,14605,2026-03-25,Shipped,Mobile App,FEST15
62549,13278,2025-12-16,Delivered,Website,WELCOME5
62550,11548,2025-08-01,Delivered,Mobile App,FEST15
62551,11344,2024-04-27,Delivered,Website,WELCOME5
62552,10440,2025-04-15,Shipped,Mobile App,BIG20
62553,11283,2026-07-30,Delivered,Website,FEST15
62554,11682,2024-08-18,Shipped,Marketplace,SAVE10
62555,11066,2026-06-26,Delivered,Website,NONE
62556,13355,2024-07-07,Delivered,Mobile App,NONE
62557,11263,2025-08-11,Delivered,Mobile App,NONE
62558,12499,2025-01-19,Shipped,Website,SAVE10
62559,12794,2024-03-07,Delivered,Website,NONE
62560,10375,2025-09-14,Processing,Mobile App,NONE
62561,10844,2025-04-04,Delivered,Mobile App,NONE
62562,10351,2024-11-01,Delivered,Website,NONE
62563,13455,2024-08-13,Delivered,Website,WELCOME5
62564,13498,2025-04-18,Cancelled,Website,FEST15
62565,10647,2024-04-12,Delivered,Website,NONE
62566,13683,2025-08-04,Delivered,Mobile App,WELCOME5
62567,14057,2024-03-31,Processing,Website,SAVE10
62568,10548,2024-07-22,Delivered,Website,NONE
62569,10585,2025-05-08,Delivered,Website,FEST15
62570,13974,2025-12-20,Delivered,Mobile App,BIG20
62571,11544,2025-01-20,Delivered,Website,FEST15
62572,11728,2025-09-01,Delivered,Mobile App,SAVE10
62573,12943,2026-06-22,Delivered,Mobile App,FEST15
62574,10342,2025-07-28,Delivered,Mobile App,NONE
62575,12190,2025-12-28,Delivered,Website,FEST15
62576,11670,2025-04-08,Delivered,Mobile App,NONE
62577,14114,2024-09-09,Delivered,Mobile App,WELCOME5
62578,13653,2024-12-19,Delivered,Website,WELCOME5
62579,11434,2024-12-07,Delivered,Marketplace,NONE
62580,13279,2025-06-16,Processing,Mobile App,NONE
62581,12014,2024-05-26,Delivered,Mobile App,SAVE10
62582,12408,2026-01-12,Delivered,Mobile App,NONE
62583,13677,2024-05-27,Delivered,Website,NONE
62584,11399,2025-11-15,Delivered,Website,NONE
62585,12891,2025-04-02,Cancelled,Mobile App,SAVE10
62586,12090,2025-12-16,Delivered,Mobile App,NONE
62587,13251,2024-06-18,Delivered,Website,WELCOME5
62588,11909,2024-07-22,Cancelled,Mobile App,NONE
62589,14677,2024-09-01,Delivered,Mobile App,NONE
62590,11951,2026-01-26,Shipped,Website,BIG20
62591,10548,2024-09-14,Delivered,Mobile App,SAVE10
62592,12449,2024-11-21,Delivered,Website,NONE
62593,11194,2024-05-15,Delivered,Website,WELCOME5
62594,12277,2024-08-14,Delivered,Website,FEST15
62595,14604,2026-04-10,Cancelled,Website,WELCOME5
62596,10513,2024-04-27,Delivered,Website,SAVE10
62597,10213,2026-06-03,Delivered,Website,SAVE10
62598,11451,2026-03-16,Delivered,Mobile App,WELCOME5
62599,12180,2026-07-08,Delivered,Marketplace,SAVE10
62600,10646,2025-08-27,Delivered,Mobile App,NONE
62601,13480,2025-10-25,Delivered,Mobile App,SAVE10
62602,13011,2026-03-27,Delivered,Mobile App,BIG20
62603,13509,2025-11-19,Delivered,Marketplace,NONE
62604,12115,2025-06-28,Shipped,Mobile App,NONE
62605,14654,2025-02-12,Delivered,Website,BIG20
62606,13360,2026-04-14,Processing,Website,NONE
62607,14604,2024-11-02,Delivered,Website,NONE
62608,10439,2025-06-23,Processing,Marketplace,WELCOME5
62609,13337,2024-02-28,Processing,Mobile App,SAVE10
62610,11725,2025-09-18,Delivered,Website,NONE
62611,10965,2024-05-07,Shipped,Website,NONE
62612,10902,2024-02-24,Delivered,Marketplace,WELCOME5
62613,10983,2024-10-14,Delivered,Mobile App,NONE
62614,10461,2025-10-11,Delivered,Website,NONE
62615,12273,2026-03-10,Delivered,Website,NONE
62616,13868,2025-08-02,Delivered,Website,BIG20
62617,12318,2025-09-26,Delivered,Marketplace,WELCOME5
62618,10655,2024-08-22,Delivered,Mobile App,SAVE10
62619,13536,2024-04-13,Delivered,Website,SAVE10
62620,10875,2024-04-19,Processing,Website,NONE
62621,14345,2024-03-13,Delivered,Mobile App,NONE
62622,11834,2024-12-02,Delivered,Mobile App,WELCOME5
62623,10007,2025-12-26,Shipped,Website,BIG20
62624,11464,2024-02-28,Shipped,Mobile App,FEST15
62625,14163,2024-12-02,Delivered,Website,NONE
62626,14600,2025-08-05,Processing,Marketplace,NONE
62627,12110,2024-02-27,Delivered,Mobile App,FEST15
62628,14944,2025-06-13,Delivered,Website,WELCOME5
62629,11159,2025-01-20,Shipped,Website,NONE
62630,12113,2026-09-06,Shipped,Website,SAVE10
62631,12293,2025-04-26,Delivered,Website,BIG20
62632,11006,2025-05-17,Delivered,Mobile App,FEST15
62633,11916,2026-04-04,Delivered,Marketplace,NONE
62634,12491,2025-12-08,Delivered,Website,NONE
62635,13498,2025-06-15,Delivered,Marketplace,FEST15
62636,12479,2025-10-06,Delivered,Marketplace,NONE
62637,10518,2025-01-26,Delivered,Mobile App,WELCOME5
62638,12331,2025-11-09,Delivered,Website,NONE
62639,14243,2024-10-26,Delivered,Mobile App,WELCOME5
62640,10102,2024-10-31,Delivered,Website,BIG20
62641,14991,2026-03-14,Delivered,Marketplace,NONE
62642,10642,2025-02-06,Shipped,Website,BIG20
62643,10046,2025-05-30,Delivered,Website,NONE
62644,10706,2024-04-26,Processing,Website,NONE
62645,11252,2024-11-29,Delivered,Website,NONE
62646,11759,2025-09-22,Delivered,Mobile App,NONE
62647,14149,2025-05-29,Delivered,Website,NONE
62648,12904,2024-10-20,Delivered,Mobile App,NONE
62649,13194,2024-01-29,Shipped,Website,WELCOME5
62650,14390,2025-06-16,Delivered,Mobile App,BIG20
62651,10658,2024-12-04,Delivered,Mobile App,NONE
62652,11117,2026-06-12,Delivered,Marketplace,FEST15
62653,14841,2024-02-12,Delivered,Marketplace,NONE
62654,13857,2025-10-24,Delivered,Website,BIG20
62655,10297,2025-01-06,Delivered,Website,SAVE10
62656,11132,2024-09-16,Shipped,Website,SAVE10
62657,11868,2025-11-23,Cancelled,Website,NONE
62658,10164,2025-05-14,Cancelled,Website,NONE
62659,12915,2024-03-13,Delivered,Marketplace,NONE
62660,13250,2025-08-07,Delivered,Mobile App,WELCOME5
62661,11680,2024-06-22,Delivered,Marketplace,SAVE10
62662,11074,2026-04-04,Processing,Website,NONE
62663,12128,2024-08-22,Delivered,Marketplace,NONE
62664,14599,2026-02-08,Delivered,Mobile App,FEST15
62665,13593,2024-11-15,Delivered,Website,NONE
62666,14668,2024-11-01,Shipped,Website,NONE
62667,12765,2024-01-02,Delivered,Mobile App,SAVE10
62668,10526,2026-06-11,Delivered,Website,SAVE10
62669,10300,2025-06-19,Processing,Website,NONE
62670,10974,2024-05-22,Delivered,Marketplace,SAVE10
62671,12606,2024-02-03,Delivered,Website,NONE
62672,11053,2024-09-24,Delivered,Website,SAVE10
62673,11587,2025-04-22,Delivered,Website,NONE
62674,14558,2024-02-02,Delivered,Mobile App,NONE
62675,10218,2024-12-16,Delivered,Mobile App,FEST15
62676,10391,2024-10-28,Cancelled,Marketplace,NONE
62677,11949,2026-04-26,Delivered,Mobile App,WELCOME5
62678,13756,2025-02-05,Delivered,Marketplace,NONE
62679,14119,2024-04-11,Delivered,Mobile App,BIG20
62680,11439,2024-08-22,Delivered,Website,SAVE10
62681,11454,2026-03-12,Shipped,Mobile App,NONE
62682,12913,2024-01-13,Delivered,Website,FEST15
62683,14330,2024-05-09,Processing,Mobile App,SAVE10
62684,10887,2024-01-11,Delivered,Website,NONE
62685,14462,2024-02-17,Delivered,Website,NONE
62686,14033,2026-06-15,Delivered,Website,FEST15
62687,11339,2026-08-19,Delivered,Mobile App,NONE
62688,13354,2025-12-13,Delivered,Marketplace,SAVE10
62689,13145,2024-03-30,Delivered,Mobile App,NONE
62690,10106,2025-11-08,Processing,Website,FEST15
62691,12009,2026-01-19,Processing,Marketplace,NONE
62692,11186,2026-02-01,Shipped,Website,NONE
62693,10341,2025-12-25,Delivered,Website,NONE
62694,12332,2025-11-04,Delivered,Website,NONE
62695,13514,2025-03-05,Delivered,Website,SAVE10
62696,12656,2024-02-29,Delivered,Website,NONE
62697,10444,2026-03-10,Delivered,Website,FEST15
62698,14137,2026-06-16,Delivered,Website,FEST15
62699,10353,2025-04-30,Delivered,Website,NONE
62700,11935,2025-02-19,Delivered,Website,NONE
62701,12842,2026-06-09,Delivered,Mobile App,FEST15
62702,14635,2025-03-15,Delivered,Website,BIG20
62703,13770,2024-12-25,Delivered,Mobile App,NONE
62704,10970,2026-05-09,Shipped,Mobile App,NONE
62705,12139,2026-06-18,Delivered,Mobile App,NONE
62706,14289,2024-07-17,Delivered,Mobile App,NONE
62707,11239,2024-09-24,Delivered,Website,NONE
62708,14522,2024-10-30,Delivered,Mobile App,BIG20
62709,12668,2024-06-03,Delivered,Website,NONE
62710,13134,2026-04-09,Delivered,Website,NONE
62711,13315,2026-08-02,Shipped,Mobile App,NONE
62712,14838,2025-05-19,Processing,Marketplace,FEST15
62713,13439,2025-11-20,Delivered,Website,NONE
62714,12053,2025-02-11,Delivered,Website,NONE
62715,12951,2026-08-23,Delivered,Website,NONE
62716,13497,2026-07-14,Delivered,Website,SAVE10
62717,12991,2025-12-27,Delivered,Marketplace,WELCOME5
62718,10051,2026-05-12,Processing,Website,NONE
62719,14510,2024-05-10,Delivered,Marketplace,NONE
62720,11374,2026-05-10,Processing,Marketplace,WELCOME5
62721,13255,2025-02-17,Processing,Website,FEST15
62722,12832,2024-07-24,Processing,Website,WELCOME5
62723,10601,2026-06-22,Delivered,Website,NONE
62724,14380,2026-03-29,Delivered,Mobile App,SAVE10
62725,10417,2024-05-10,Delivered,Website,NONE
62726,14765,2025-09-28,Delivered,Website,NONE
62727,14609,2026-05-05,Delivered,Website,NONE
62728,12898,2025-11-01,Delivered,Website,NONE
62729,14772,2025-04-12,Delivered,Website,SAVE10
62730,14280,2024-02-16,Delivered,Mobile App,NONE
62731,14500,2025-04-26,Shipped,Website,FEST15
62732,13997,2025-06-23,Cancelled,Mobile App,NONE
62733,14646,2026-03-28,Delivered,Website,NONE
62734,13869,2024-07-31,Delivered,Mobile App,FEST15
62735,14402,2024-07-19,Delivered,Website,WELCOME5
62736,10558,2026-06-18,Delivered,Mobile App,FEST15
62737,12135,2026-03-23,Delivered,Website,NONE
62738,12394,2025-06-28,Delivered,Mobile App,NONE
62739,14548,2025-03-08,Delivered,Website,NONE
62740,12432,2025-08-21,Delivered,Mobile App,NONE
62741,12200,2024-05-27,Delivered,Website,NONE
62742,13938,2024-08-23,Processing,Marketplace,SAVE10
62743,13251,2025-06-09,Processing,Website,SAVE10
62744,12931,2025-02-12,Delivered,Mobile App,FEST15
62745,14569,2024-06-21,Delivered,Website,SAVE10
62746,14100,2025-05-28,Processing,Mobile App,NONE
62747,13557,2025-09-25,Delivered,Marketplace,WELCOME5
62748,14783,2026-02-26,Delivered,Marketplace,NONE
62749,10242,2025-09-03,Delivered,Mobile App,SAVE10
62750,12774,2025-08-16,Delivered,Website,NONE
62751,10156,2025-06-23,Shipped,Website,NONE
62752,13959,2024-04-19,Delivered,Website,SAVE10
62753,10636,2025-01-07,Delivered,Mobile App,SAVE10
62754,12803,2025-03-13,Delivered,Website,NONE
62755,13913,2025-05-23,Delivered,Website,SAVE10
62756,13129,2024-10-13,Delivered,Website,NONE
62757,10294,2025-12-22,Delivered,Website,SAVE10
62758,12381,2025-06-06,Delivered,Mobile App,WELCOME5
62759,13899,2024-10-23,Shipped,Mobile App,NONE
62760,14798,2025-03-31,Delivered,Website,NONE
62761,14491,2025-11-19,Delivered,Website,NONE
62762,14088,2024-01-22,Processing,Mobile App,NONE
62763,11535,2024-11-26,Delivered,Website,NONE
62764,13760,2024-07-20,Delivered,Mobile App,FEST15
62765,10835,2024-11-07,Delivered,Mobile App,BIG20
62766,11648,2025-10-02,Shipped,Website,NONE
62767,11418,2024-07-26,Delivered,Marketplace,SAVE10
62768,12428,2025-06-11,Delivered,Website,NONE
62769,14377,2024-12-31,Delivered,Mobile App,BIG20
62770,14315,2024-02-21,Delivered,Website,NONE
62771,14464,2026-05-08,Delivered,Mobile App,NONE
62772,14682,2025-08-02,Delivered,Website,NONE
62773,10141,2024-10-15,Delivered,Website,FEST15
62774,14988,2025-05-03,Delivered,Mobile App,FEST15
62775,14388,2026-08-15,Delivered,Marketplace,WELCOME5
62776,13673,2024-05-25,Delivered,Website,NONE
62777,10403,2026-04-06,Cancelled,Marketplace,BIG20
62778,13655,2024-01-02,Delivered,Mobile App,NONE
62779,13378,2026-04-18,Shipped,Mobile App,SAVE10
62780,10470,2024-11-21,Delivered,Mobile App,SAVE10
62781,11010,2024-10-14,Delivered,Website,NONE
62782,13758,2026-01-26,Delivered,Website,SAVE10
62783,10836,2024-06-07,Delivered,Mobile App,NONE
62784,11734,2024-05-09,Delivered,Mobile App,WELCOME5
62785,13041,2025-03-28,Delivered,Website,NONE
62786,14324,2026-07-05,Delivered,Marketplace,NONE
62787,11423,2024-11-17,Delivered,Website,SAVE10
62788,10057,2025-06-10,Delivered,Mobile App,BIG20
62789,14257,2025-01-20,Delivered,Mobile App,FEST15
62790,14672,2026-01-05,Delivered,Mobile App,FEST15
62791,14273,2026-05-22,Delivered,Website,WELCOME5
62792,12420,2026-08-05,Delivered,Website,SAVE10
62793,13601,2024-09-18,Delivered,Website,NONE
62794,10640,2024-09-11,Delivered,Mobile App,NONE
62795,13187,2026-06-15,Delivered,Website,NONE
62796,13005,2025-07-19,Delivered,Mobile App,NONE
62797,13178,2024-11-14,Delivered,Website,NONE
62798,13461,2024-11-26,Shipped,Website,FEST15
62799,14448,2024-06-20,Delivered,Marketplace,NONE
62800,13899,2024-03-23,Delivered,Mobile App,NONE
62801,10184,2024-12-02,Delivered,Website,BIG20
62802,13510,2026-02-08,Delivered,Mobile App,WELCOME5
62803,13648,2025-10-01,Delivered,Website,NONE
62804,12767,2024-01-12,Delivered,Mobile App,NONE
62805,13119,2024-02-13,Delivered,Mobile App,NONE
62806,10410,2026-04-22,Delivered,Website,NONE
62807,11309,2026-02-08,Delivered,Mobile App,FEST15
62808,14315,2026-02-09,Delivered,Mobile App,NONE
62809,10012,2026-04-15,Delivered,Mobile App,SAVE10
62810,14918,2025-09-11,Delivered,Mobile App,WELCOME5
62811,11114,2024-11-23,Processing,Website,NONE
62812,13891,2025-07-27,Delivered,Website,NONE
62813,11100,2025-09-14,Delivered,Website,BIG20
62814,10174,2026-03-31,Delivered,Website,NONE
62815,13024,2025-05-30,Cancelled,Website,NONE
62816,13779,2024-02-24,Delivered,Website,WELCOME5
62817,10427,2025-08-26,Delivered,Marketplace,NONE
62818,11349,2025-12-15,Delivered,Website,SAVE10
62819,11523,2026-07-06,Shipped,Mobile App,NONE
62820,14811,2024-06-24,Shipped,Website,BIG20
62821,11552,2026-04-14,Delivered,Mobile App,SAVE10
62822,10318,2024-01-20,Delivered,Website,NONE
62823,14926,2025-12-09,Delivered,Marketplace,NONE
62824,10462,2024-10-29,Delivered,Website,NONE
62825,12437,2024-04-23,Delivered,Website,WELCOME5
62826,10907,2024-11-13,Delivered,Marketplace,NONE
62827,11262,2025-06-19,Delivered,Website,
62828,13766,2024-07-05,Delivered,Website,NONE
62829,10681,2025-06-17,Delivered,Website,NONE
62830,13258,2025-11-20,Delivered,Website,NONE
62831,12832,2026-04-29,Cancelled,Website,NONE
62832,13637,2025-06-26,Delivered,Website,NONE
62833,10801,2025-08-06,Delivered,Website,NONE
62834,11770,2026-06-11,Delivered,Website,FEST15
62835,10018,2024-02-03,Delivered,Mobile App,SAVE10
62836,14398,2026-01-08,Delivered,Mobile App,NONE
62837,14946,2026-08-06,Delivered,Mobile App,NONE
62838,12232,2026-03-12,Delivered,Website,NONE
62839,12650,2026-06-14,Delivered,Mobile App,NONE
62840,10671,2026-05-25,Shipped,Marketplace,NONE
62841,14381,2025-07-25,Delivered,Marketplace,SAVE10
62842,13838,2026-02-21,Delivered,Marketplace,SAVE10
62843,10575,2024-12-19,Shipped,Website,NONE
62844,12648,2024-04-24,Delivered,Marketplace,NONE
62845,10859,2024-03-23,Delivered,Website,WELCOME5
62846,12968,2024-06-28,Delivered,Website,SAVE10
62847,13284,2025-12-03,Delivered,Website,NONE
62848,11926,2025-01-24,Shipped,Website,NONE
62849,12208,2026-02-26,Shipped,Mobile App,BIG20
62850,13554,2024-11-18,Shipped,Marketplace,SAVE10
62851,10780,2026-02-06,Delivered,Mobile App,NONE
62852,10178,2026-05-08,Delivered,Mobile App,FEST15
62853,12083,2024-11-13,Delivered,Website,NONE
62854,12456,2025-05-23,Delivered,Mobile App,NONE
62855,11432,2025-06-04,Cancelled,Website,BIG20
62856,12136,2026-04-29,Delivered,Website,NONE
62857,10512,2024-12-29,Delivered,Website,NONE
62858,13733,2025-01-10,Delivered,Marketplace,BIG20
62859,13833,2026-01-22,Shipped,Website,WELCOME5
62860,11330,2026-05-29,Delivered,Marketplace,NONE
62861,13259,2024-01-28,Delivered,Website,FEST15
62862,11169,2024-03-10,Delivered,Website,NONE
62863,11977,2026-06-24,Delivered,Mobile App,SAVE10
62864,11600,2025-03-08,Delivered,Mobile App,SAVE10
62865,14855,2025-06-26,Delivered,Marketplace,NONE
62866,12403,2026-05-24,Delivered,Website,BIG20
62867,13165,2025-01-20,Delivered,Website,NONE
62868,11050,2025-03-12,Delivered,Website,NONE
62869,14637,2026-04-01,Delivered,Website,NONE
62870,13422,2025-12-11,Processing,Mobile App,SAVE10
62871,10529,2025-11-03,Delivered,Mobile App,NONE
62872,11659,2024-12-16,Delivered,Website,SAVE10
62873,12530,2025-11-11,Delivered,Marketplace,SAVE10
62874,12108,2026-03-15,Delivered,Website,NONE
62875,14004,2026-06-04,Delivered,Website,NONE
62876,12788,2025-09-04,Delivered,Website,NONE
62877,12786,2026-04-25,Delivered,Mobile App,NONE
62878,11885,2026-02-26,Cancelled,Mobile App,NONE
62879,14222,2025-12-10,Delivered,Mobile App,NONE
62880,13507,2025-06-04,Shipped,Website,FEST15
62881,13530,2025-02-25,Shipped,Marketplace,WELCOME5
62882,13281,2025-09-10,Delivered,Website,FEST15
62883,13325,2026-05-08,Delivered,Mobile App,NONE
62884,13785,2025-05-27,Cancelled,Mobile App,NONE
62885,11171,2025-11-09,Delivered,Website,NONE
62886,12616,2025-07-04,Delivered,Website,BIG20
62887,10657,2025-09-21,Delivered,Website,NONE
62888,11838,2025-10-30,Shipped,Website,SAVE10
62889,11457,2024-02-20,Delivered,Website,NONE
62890,11006,2024-04-27,Delivered,Website,NONE
62891,12737,2024-02-07,Delivered,Website,SAVE10
62892,12185,2026-01-15,Delivered,Website,NONE
62893,12271,2026-05-18,Shipped,Marketplace,SAVE10
62894,14366,2024-12-10,Delivered,Marketplace,WELCOME5
62895,11810,2024-03-14,Shipped,Mobile App,NONE
62896,10606,2024-01-13,Delivered,Marketplace,WELCOME5
62897,13956,2025-03-07,Delivered,Website,NONE
62898,11078,2025-09-16,Shipped,Website,NONE
62899,14868,2024-11-19,Delivered,Website,WELCOME5
62900,13327,2025-08-18,Delivered,Mobile App,FEST15
62901,11279,2024-05-28,Delivered,Mobile App,SAVE10
62902,12875,2025-12-05,Delivered,Mobile app ,NONE
62903,14663,2024-11-16,Delivered,Website,NONE
62904,14581,2026-08-26,Delivered,Website,FEST15
62905,11985,2026-01-16,Delivered,Website,NONE
62906,10146,2025-03-23,Delivered,Website,NONE
62907,10399,2026-07-07,Cancelled,Website,NONE
62908,14393,2026-08-02,Processing,Mobile App,NONE
62909,13306,2024-07-10,Delivered,Mobile App,NONE
62910,13628,2025-07-14,Shipped,Website,FEST15
62911,13608,2025-09-26,Delivered,Mobile App,FEST15
62912,13878,2024-12-13,Cancelled,Website,NONE
62913,12544,2026-08-27,Delivered,Website,SAVE10
62914,11894,2025-10-19,Delivered,Mobile App,BIG20
62915,11176,2026-01-08,Shipped,Mobile App,FEST15
62916,11537,2024-07-09,Processing,Mobile App,NONE
62917,13752,2026-05-25,Delivered,Website,FEST15
62918,10072,2026-07-26,Delivered,Website,NONE
62919,10728,2026-05-27,Shipped,Mobile App,FEST15
62920,13938,2025-03-03,Delivered,Website,NONE
62921,13243,2026-06-25,Shipped,Marketplace,NONE
62922,10808,2024-01-11,Shipped,Website,SAVE10
62923,10182,2024-07-16,Delivered,Website,SAVE10
62924,11131,2025-09-27,Delivered,Mobile App,SAVE10
62925,10593,2026-01-19,Delivered,Website,FEST15
62926,11383,2024-04-26,Cancelled,Mobile App,NONE
62927,14166,2024-10-11,Shipped,Website,WELCOME5
62928,14349,2024-03-27,Delivered,Mobile App,NONE
62929,11434,2024-04-10,Processing,Marketplace,NONE
62930,11440,2024-01-23,Processing,Mobile App,BIG20
62931,14133,2026-08-19,Processing,Mobile App,FEST15
62932,12129,2026-05-06,Delivered,Website,NONE
62933,11068,2025-08-13,Shipped,Mobile App,NONE
62934,13737,2024-02-02,Delivered,Mobile App,NONE
62935,12454,2025-12-09,Delivered,Mobile App,NONE
62936,14462,2025-06-05,Delivered,Website,BIG20
62937,14386,2026-01-23,Delivered,Mobile App,SAVE10
62938,13956,2025-04-19,Delivered,Website,SAVE10
62939,14862,2024-01-09,Delivered,Mobile App,FEST15
62940,12678,2026-06-02,Delivered,Mobile App,SAVE10
62941,12737,2026-05-03,Delivered,Marketplace,SAVE10
62942,10011,2026-06-02,Processing,Website,NONE
62943,10842,2025-10-03,Delivered,Website,SAVE10
62944,10790,2026-06-12,Delivered,Website,FEST15
62945,14608,2024-03-10,Shipped,Mobile App,NONE
62946,11269,2025-01-23,Shipped,Website,NONE
62947,13111,2024-11-06,Delivered,Website,NONE
62948,12069,2025-04-04,Delivered,Website,NONE
62949,13825,2024-02-10,Processing,Mobile App,WELCOME5
62950,11811,2026-03-11,Shipped,Website,NONE
62951,14690,2024-10-16,Delivered,Website,SAVE10
62952,12573,2024-04-26,Delivered,Website,FEST15
62953,11220,2024-07-10,Delivered,Mobile App,NONE
62954,12061,2024-04-20,Delivered,Website,NONE
62955,11826,2025-10-27,Delivered,Website,NONE
62956,13631,2026-06-13,Delivered,Marketplace,NONE
62957,11620,2024-03-22,Delivered,Website,NONE
62958,10262,2024-01-29,Delivered,Website,NONE
62959,13920,2026-05-03,Delivered,Mobile App,NONE
62960,14974,2025-01-06,Delivered,Website,NONE
62961,11255,2024-04-26,Processing,Website,NONE
62962,14216,2024-07-08,Delivered,Website,NONE
62963,10197,2025-10-18,Delivered,Mobile App,WELCOME5
62964,11675,2024-03-22,Delivered,Website,WELCOME5
62965,10059,2025-01-25,Delivered,Mobile App,SAVE10
62966,11985,2026-08-02,Delivered,Website,NONE
62967,13047,2025-02-21,Processing,Marketplace,NONE
62968,14819,2024-06-09,Delivered,Website,WELCOME5
62969,14204,2026-01-06,Delivered,Website,WELCOME5
62970,14680,2025-02-23,Delivered,Website,SAVE10
62971,13262,2025-01-20,Delivered,Mobile App,NONE
62972,11966,2024-09-05,Shipped,Website,NONE
62973,14533,2025-12-31,Delivered,Website,BIG20
62974,10299,2025-04-21,Delivered,Mobile App,FEST15
62975,14076,2025-04-14,Delivered,Website,FEST15
62976,14940,2026-01-13,Delivered,Mobile App,NONE
62977,10111,2024-12-18,Delivered,Website,NONE
62978,13269,2025-10-01,Delivered,Website,NONE
62979,14380,2024-06-15,Shipped,Marketplace,NONE
62980,13466,2025-07-08,Delivered,Website,NONE
62981,14879,2025-02-19,Delivered,Website,FEST15
62982,11373,2025-05-10,Delivered,Mobile App,NONE
62983,13194,2024-12-20,Delivered,Mobile App,NONE
62984,14094,2024-05-07,Delivered,Website,NONE
62985,10348,2026-06-11,Processing,Mobile App,WELCOME5
62986,12788,2025-01-25,Delivered,Website,NONE
62987,14802,2025-12-25,Shipped,Website,NONE
62988,12352,2026-05-28,Delivered,Mobile App,BIG20
62989,14080,2025-03-06,Shipped,Mobile App,WELCOME5
62990,13707,2026-03-06,Delivered,Website,SAVE10
62991,11348,2025-03-01,Shipped,Mobile App,SAVE10
62992,11860,2024-03-03,Processing,Mobile App,SAVE10
62993,12454,2026-05-05,Processing,Website,NONE
62994,12148,2026-03-26,Shipped,Website,NONE
62995,12977,2025-07-03,Delivered,Mobile App,NONE
62996,13262,2026-03-14,Delivered,Website,NONE
62997,12066,2025-10-11,Cancelled,Website,SAVE10
62998,13198,2026-02-16,Processing,Marketplace,NONE
62999,13296,2024-02-25,Delivered,Website,NONE
63000,14856,2026-03-01,Delivered,Mobile App,SAVE10
63001,14082,2024-07-26,Delivered,Mobile App,NONE
63002,12815,2026-08-11,Delivered,Website,FEST15
63003,10885,2026-07-26,Delivered,Mobile App,BIG20
63004,11605,2024-02-23,Shipped,Mobile App,NONE
63005,11658,2025-09-24,Delivered,Website,NONE
63006,11438,2025-01-07,Delivered,Mobile App,NONE
63007,14732,2024-09-04,Delivered,Website,NONE
63008,12671,2026-07-28,Delivered,Mobile App,SAVE10
63009,14947,2025-01-24,Shipped,Website,FEST15
63010,10598,2025-06-20,Delivered,Website,NONE
63011,13565,2024-10-31,Cancelled,Website,NONE
63012,12941,2025-10-23,Delivered,Website,NONE
63013,13815,2024-09-01,Shipped,Mobile App,FEST15
63014,11952,2024-12-16,Delivered,Mobile App,NONE
63015,12597,2025-11-14,Delivered,Marketplace,FEST15
63016,11760,2024-07-24,Delivered,Website,NONE
63017,13485,2026-01-31,Delivered,Mobile App,SAVE10
63018,10963,2026-08-07,Delivered,Website,NONE
63019,13301,2025-11-13,Shipped,Mobile App,BIG20
63020,12478,2024-12-16,Delivered,Website,NONE
63021,13987,2024-06-25,Delivered,Mobile App,SAVE10
63022,10189,2025-06-28,Delivered,Marketplace,SAVE10
63023,10912,2025-02-28,Shipped,Mobile App,WELCOME5
63024,13036,2024-08-24,Delivered,Website,FEST15
63025,11870,2024-12-22,Delivered,Website,NONE
63026,11428,2026-07-26,Cancelled,Website,NONE
63027,14665,2024-06-12,Delivered,Mobile App,NONE
63028,14526,2024-09-07,Delivered,Mobile App,WELCOME5
63029,10460,2024-12-04,Delivered,Mobile App,FEST15
63030,12632,2026-06-05,Delivered,Website,NONE
63031,13335,2024-12-13,Delivered,Mobile App,NONE
63032,13903,2024-10-10,Delivered,Website,NONE
63033,11014,2024-10-15,Delivered,Website,NONE
63034,14256,2026-07-07,Processing,Website,SAVE10
63035,13277,2024-12-09,Shipped,Mobile App,WELCOME5
63036,14395,2024-12-22,Delivered,Website,SAVE10
63037,13403,2024-12-19,Delivered,Mobile App,NONE
63038,14354,2026-04-25,Delivered,Mobile App,NONE
63039,10149,2025-11-20,Delivered,Mobile App,FEST15
63040,11128,2025-08-04,Delivered,Mobile App,WELCOME5
63041,12661,2024-07-25,Cancelled,Marketplace,NONE
63042,11517,2024-04-20,Shipped,Marketplace,NONE
63043,10990,2024-03-26,Processing,Website,NONE
63044,13540,2024-10-13,Shipped,Website,WELCOME5
63045,14965,2026-02-06,Delivered,Website,SAVE10
63046,12689,2026-01-08,Shipped,Website,NONE
63047,13043,2026-01-28,Delivered,Website,SAVE10
63048,13047,2025-10-09,Delivered,Mobile App,FEST15
63049,12085,2025-05-15,Delivered,Marketplace,NONE
63050,13389,2024-12-11,Delivered,Mobile App,BIG20
63051,14033,2025-12-05,Delivered,Website,FEST15
63052,10572,2024-07-08,Shipped,Website,SAVE10
63053,11378,2024-03-07,Delivered,Marketplace,NONE
63054,10842,2026-03-14,Cancelled,Mobile App,NONE
63055,13963,2025-04-05,Delivered,Marketplace,NONE
63056,13190,2025-08-26,Delivered,Website,FEST15
63057,13359,2026-07-17,Delivered,Website,WELCOME5
63058,13127,2025-10-23,Delivered,Website,NONE
63059,12662,2026-01-11,Delivered,Marketplace,NONE
63060,14088,2025-04-09,Delivered,Website,SAVE10
63061,10787,2024-11-04,Shipped,Website,SAVE10
63062,13469,2024-12-05,Delivered,Mobile App,NONE
63063,14173,2026-05-23,Processing,Website,NONE
63064,11039,2025-01-05,Delivered,Website,NONE
63065,13548,2026-06-24,Delivered,Marketplace,NONE
63066,10351,2024-01-31,Cancelled,Website,NONE
63067,10818,2024-10-10,Delivered,Mobile App,NONE
63068,11956,2026-07-04,Delivered,Website,NONE
63069,15000,2025-07-16,Delivered,Marketplace,BIG20
63070,11857,2024-12-21,Delivered,Mobile App,NONE
63071,12145,2024-06-19,Delivered,Marketplace,FEST15
63072,13838,2025-04-13,Delivered,Mobile App,NONE
63073,13992,2026-07-17,Processing,Mobile App,SAVE10
63074,13358,2024-12-12,Delivered,Website,NONE
63075,10152,2025-04-12,Delivered,Website,NONE
63076,14362,2024-12-10,Delivered,Website,NONE
63077,11305,2026-04-14,Cancelled,Mobile App,NONE
63078,12522,2025-10-27,Cancelled,Marketplace,NONE
63079,13659,2025-08-21,Delivered,Website,NONE
63080,11444,2025-10-12,Delivered,Website,NONE
63081,13428,2025-02-03,Shipped,Website,NONE
63082,12522,2026-02-24,Delivered,Mobile App,WELCOME5
63083,10782,2025-08-18,Cancelled,Marketplace,FEST15
63084,11078,2024-03-10,Shipped,Mobile App,NONE
63085,13815,2024-12-28,Delivered,Mobile App,SAVE10
63086,10303,2026-04-27,Delivered,Website,NONE
63087,11909,2024-09-04,Delivered,Website,NONE
63088,12499,2026-07-16,Delivered,Website,NONE
63089,11920,2026-03-01,Shipped,Website,SAVE10
63090,12069,2026-08-17,Delivered,Mobile App,NONE
63091,14860,2026-02-12,Delivered,Mobile App,NONE
63092,10162,2024-05-04,Shipped,Website,FEST15
63093,14908,2024-07-04,Delivered,Mobile App,BIG20
63094,13607,2025-04-17,Delivered,Mobile App,NONE
63095,14590,2024-12-13,Delivered,Marketplace,NONE
63096,13222,2026-06-29,Delivered,Website,NONE
63097,14720,2026-04-03,Delivered,Website,NONE
63098,10370,2026-01-06,Delivered,Website,NONE
63099,13593,2026-07-01,Delivered,Website,FEST15
63100,13551,2024-02-28,Delivered,Website,SAVE10
63101,14659,2025-11-11,Shipped,Marketplace,FEST15
63102,10415,2026-04-24,Processing,Marketplace,FEST15
63103,12541,2026-08-03,Delivered,Mobile App,BIG20
63104,12589,2026-03-24,Delivered,Mobile App,FEST15
63105,10472,2026-02-23,Delivered,Mobile App,NONE
63106,13112,2026-01-26,Delivered,Mobile App,SAVE10
63107,12405,2024-05-04,Cancelled,Marketplace,NONE
63108,12495,2025-02-03,Delivered,Marketplace,NONE
63109,13412,2026-04-29,Cancelled,Website,BIG20
63110,13738,2025-09-05,Delivered,Mobile App,BIG20
63111,13312,2024-09-09,Delivered,Website,NONE
63112,11928,2025-11-25,Processing,Website,NONE
63113,14818,2024-01-26,Delivered,Website,BIG20
63114,11065,2025-01-19,Shipped,Website,NONE
63115,11700,2026-01-01,Delivered,Website,WELCOME5
63116,12433,2026-01-30,Delivered,Marketplace,BIG20
63117,11563,2025-05-08,Delivered,Mobile App,
63118,11712,2024-09-22,Delivered,Website,FEST15
63119,14636,2025-04-26,Delivered,Mobile App,SAVE10
63120,10757,2024-06-27,Delivered,Mobile App,WELCOME5
63121,12559,2026-06-27,Delivered,Mobile App,NONE
63122,12356,2026-04-13,Delivered,Website,NONE
63123,10435,2025-12-01,Delivered,Website,SAVE10
63124,11008,2024-11-25,Delivered,Website,NONE
63125,11364,2024-05-19,Delivered,Mobile App,SAVE10
63126,12352,2024-02-25,Shipped,Website,SAVE10
63127,12082,2025-01-06,Delivered,Website,SAVE10
63128,12963,2026-03-18,Delivered,Mobile App,NONE
63129,11883,2024-12-24,Shipped,Website,WELCOME5
63130,13911,2026-02-14,Delivered,Mobile App,FEST15
63131,11834,2024-06-20,Cancelled,Mobile App,NONE
63132,14266,2026-02-17,Delivered,Website,SAVE10
63133,15000,2024-03-15,Delivered,Marketplace,NONE
63134,13341,2024-11-26,Delivered,Website,FEST15
63135,10510,2024-05-25,Delivered,Mobile App,NONE
63136,14468,2025-08-08,Delivered,Mobile App,NONE
63137,14084,2024-07-01,Delivered,Mobile App,FEST15
63138,12789,2024-01-14,Delivered,Website,NONE
63139,11700,2024-11-08,Shipped,Website,
63140,13553,2024-01-03,Delivered,Marketplace,NONE
63141,13078,2025-01-03,Processing,Marketplace,SAVE10
63142,13852,2024-09-08,Delivered,Website,NONE
63143,13227,2026-06-24,Shipped,Website,NONE
63144,14125,2025-05-24,Delivered,Website,BIG20
63145,14837,2025-03-02,Cancelled,Marketplace,NONE
63146,13760,2025-08-05,Shipped,Marketplace,FEST15
63147,11590,2024-05-12,Processing,Website,WELCOME5
63148,14513,2024-05-09,Processing,Mobile App,SAVE10
63149,14134,2024-05-29,Shipped,Website,NONE
63150,12365,2026-04-21,Delivered,Mobile App,NONE
63151,10300,2025-12-23,Processing,Website,SAVE10
63152,14768,2026-07-19,Delivered,Website,BIG20
63153,12703,2026-02-27,Shipped,Website,NONE
63154,12002,2024-04-25,Delivered,Marketplace,WELCOME5
63155,13036,2024-06-09,Delivered,Website,NONE
63156,10351,2026-03-10,Delivered,Website,NONE
63157,14129,2025-06-14,Delivered,Mobile App,NONE
63158,10911,2025-08-18,Delivered,Website,NONE
63159,11289,2024-08-14,Delivered,Website,NONE
63160,12792,2025-05-02,Delivered,Mobile App,WELCOME5
63161,13322,2026-05-25,Delivered,Website,BIG20
63162,10073,2025-04-19,Delivered,Website,BIG20
63163,12906,2025-10-29,Delivered,Marketplace,NONE
63164,10787,2025-12-28,Delivered,Mobile App,NONE
63165,14771,2026-06-16,Delivered,Mobile App,NONE
63166,11871,2024-07-21,Delivered,Website,SAVE10
63167,12453,2026-06-02,Delivered,Mobile App,NONE
63168,13122,2025-08-13,Cancelled,Website,SAVE10
63169,10784,2026-03-19,Shipped,Marketplace,NONE
63170,10828,2024-09-10,Delivered,Mobile App,FEST15
63171,14796,2024-04-24,Shipped,Mobile App,NONE
63172,12875,2024-03-23,Delivered,Website,BIG20
63173,11135,2025-01-06,Delivered,Website,NONE
63174,13316,2025-06-20,Delivered,Website,NONE
63175,14465,2024-10-06,Delivered,Website,NONE
63176,13819,2024-09-17,Shipped,Website,NONE
63177,12002,2026-03-02,Shipped,Website,SAVE10
63178,13303,2025-12-21,Delivered,Website,NONE
63179,14479,2025-09-07,Delivered,Mobile App,NONE
63180,11251,2025-09-22,Delivered,Website,SAVE10
63181,13952,2026-03-31,Cancelled,Marketplace,SAVE10
63182,14987,2024-08-05,Delivered,Mobile App,FEST15
63183,11726,2026-06-30,Delivered,Website,NONE
63184,14442,2026-04-15,Cancelled,Website,NONE
63185,10111,2024-11-29,Delivered,Website,NONE
63186,11868,2024-12-02,Delivered,Website,NONE
63187,11383,2024-06-27,Cancelled,Website,NONE
63188,10146,2025-11-18,Delivered,Website,NONE
63189,13014,2024-10-21,Delivered,website,BIG20
63190,12644,2024-09-16,Delivered,Website,NONE
63191,11897,2025-10-14,Delivered,Website,BIG20
63192,14326,2024-07-09,Shipped,Mobile App,SAVE10
63193,11242,2024-04-19,Delivered,Mobile App,NONE
63194,14110,2026-04-14,Delivered,Website,FEST15
63195,13179,2024-02-08,Delivered,Website,FEST15
63196,14488,2026-06-10,Delivered,Marketplace,SAVE10
63197,10035,2025-10-25,Processing,Marketplace,NONE
63198,14848,2024-12-07,Delivered,Website,NONE
63199,10012,2025-07-01,Delivered,Website,FEST15
63200,13566,2024-11-01,Delivered,Website,FEST15
63201,13763,2025-01-31,Delivered,Mobile App,SAVE10
63202,10812,2025-11-12,Shipped,Mobile App,FEST15
63203,10177,2026-05-31,Delivered,Website,SAVE10
63204,10183,2024-08-08,Delivered,Mobile App,SAVE10
63205,10648,2025-06-01,Shipped,Mobile App,BIG20
63206,10758,2026-04-18,Delivered,Website,NONE
63207,14836,2024-01-14,Delivered,Website,NONE
63208,11006,2024-01-09,Delivered,Website,NONE
63209,14027,2025-08-19,Delivered,Website,NONE
63210,10307,2024-05-17,Delivered,Website,WELCOME5
63211,13272,2026-08-21,Shipped,Website,FEST15
63212,12268,2024-04-27,Delivered,Marketplace,SAVE10
63213,12702,2025-12-17,Delivered,Website,NONE
63214,13920,2024-11-04,Delivered,Website,NONE
63215,11049,2026-06-15,Shipped,Mobile App,SAVE10
63216,10022,2026-04-20,Delivered,Marketplace,NONE
63217,11105,2026-02-13,Delivered,Mobile App,NONE
63218,14019,2025-09-12,Delivered,Mobile App,NONE
63219,12958,2024-07-28,Delivered,Website,FEST15
63220,14627,2024-04-14,Delivered,Website,SAVE10
63221,14173,2024-09-11,Delivered,Marketplace,SAVE10
63222,10760,2024-03-17,Delivered,Marketplace,NONE
63223,10289,2026-01-31,Shipped,Website,NONE
63224,10107,2024-10-06,Delivered,Mobile App,NONE
63225,10946,2025-03-02,Shipped,Website,FEST15
63226,12397,2025-08-24,Delivered,Website,NONE
63227,10083,2025-11-11,Delivered,Mobile App,NONE
63228,14343,2025-07-29,Delivered,Mobile App,SAVE10
63229,12393,2025-12-14,Delivered,Website,SAVE10
63230,13685,2024-04-20,Delivered,Website,WELCOME5
63231,14365,2024-09-28,Delivered,Mobile App,WELCOME5
63232,10174,2026-01-07,Delivered,Website,WELCOME5
63233,12170,2025-11-27,Delivered,Website,FEST15
63234,13367,2025-09-05,Delivered,Marketplace,NONE
63235,14984,2026-06-30,Delivered,Marketplace,NONE
63236,14089,2026-08-11,Processing,Marketplace,NONE
63237,11085,2024-03-22,Delivered,Mobile App,NONE
63238,11356,2025-06-20,Delivered,Marketplace,FEST15
63239,13998,2026-05-23,Delivered,Marketplace,NONE
63240,13268,2024-11-13,Shipped,Mobile App,NONE
63241,11249,2024-02-27,Delivered,Mobile App,BIG20
63242,12470,2024-04-25,Delivered,Mobile App,NONE
63243,14645,2025-12-01,Delivered,Website,NONE
63244,11029,2026-06-10,Delivered,Website,NONE
63245,11649,2025-11-16,Delivered,Marketplace,NONE
63246,14508,2024-02-06,Delivered,Website,NONE
63247,13365,2025-02-04,Shipped,Website,NONE
63248,11116,2024-12-04,Delivered,Marketplace,BIG20
63249,11436,2026-06-03,Shipped,Mobile App,NONE
63250,14203,2025-05-29,Delivered,Mobile App,SAVE10
63251,11402,2024-08-15,Shipped,Marketplace,NONE
63252,13509,2025-07-06,Delivered,Mobile App,NONE
63253,12479,2025-12-27,Shipped,Website,NONE
63254,11105,2025-07-18,Delivered,Mobile App,NONE
63255,11842,2025-02-09,Delivered,Website,NONE
63256,13557,2025-11-26,Delivered,Mobile App,NONE
63257,14011,2024-10-22,Delivered,Website,NONE
63258,10131,2024-05-04,Cancelled,Website,NONE
63259,14529,2026-04-16,Delivered,Mobile App,BIG20
63260,11182,2025-11-28,Delivered,Website,NONE
63261,13244,2025-12-10,Delivered,Marketplace,NONE
63262,11428,2026-05-12,Delivered,Website,NONE
63263,11339,2025-11-22,Delivered,Website,WELCOME5
63264,14446,2024-01-30,Delivered,Website,NONE
63265,13505,2026-03-29,Delivered,Mobile App,BIG20
63266,14577,2024-02-04,Processing,Website,FEST15
63267,10105,2025-11-03,Delivered,Mobile App,NONE
63268,11355,2026-08-19,Shipped,Mobile App,FEST15
63269,10243,2025-01-25,Shipped,Mobile App,FEST15
63270,12374,2024-10-29,Delivered,Marketplace,SAVE10
63271,12309,2026-06-19,Delivered,Website,NONE
63272,14909,2025-03-17,Shipped,Website,FEST15
63273,11155,2026-06-13,Delivered,Mobile App,WELCOME5
63274,13330,2024-10-27,Cancelled,Marketplace,NONE
63275,14972,2024-06-27,Delivered,Mobile App,NONE
63276,10349,2025-06-23,Delivered,Website,NONE
63277,12227,2024-12-26,Delivered,Mobile App,BIG20
63278,11958,2025-11-21,Delivered,Website,NONE
63279,10132,2024-10-16,Delivered,Website,NONE
63280,12108,2026-01-07,Delivered,Mobile App,NONE
63281,11268,2024-12-09,Delivered,Website,SAVE10
63282,11532,2024-12-10,Delivered,Mobile App,FEST15
63283,11064,2025-11-19,Delivered,Mobile App,BIG20
63284,12600,2024-09-09,Delivered,Marketplace,SAVE10
63285,11993,2024-10-04,Delivered,Website,SAVE10
63286,13681,2025-06-14,Delivered,Mobile App,SAVE10
63287,11768,2024-11-17,Shipped,Mobile App,FEST15
63288,13458,2025-01-07,Shipped,Website,NONE
63289,12638,2024-11-24,Delivered,Website,NONE
63290,11758,2025-08-26,Delivered,Marketplace,NONE
63291,14118,2024-11-21,Delivered,Website,SAVE10
63292,13684,2025-08-16,Delivered,Website,FEST15
63293,12630,2024-08-15,Processing,Mobile App,SAVE10
63294,12671,2026-05-17,Delivered,Marketplace,FEST15
63295,13819,2026-07-11,Delivered,Marketplace,NONE
63296,13848,2024-01-04,Delivered,Marketplace,BIG20
63297,13562,2024-04-11,Cancelled,Mobile App,NONE
63298,10570,2024-04-08,Delivered,Website,NONE
63299,11151,2024-06-26,Delivered,Mobile App,NONE
63300,12024,2026-02-02,Delivered,Mobile App,NONE
63301,12877,2024-08-27,Processing,Website,NONE
63302,11974,2025-07-20,Delivered,Mobile App,NONE
63303,14144,2024-09-01,Processing,Marketplace,BIG20
63304,11760,2024-03-01,Cancelled,Marketplace,NONE
63305,12721,2024-03-22,Delivered,Website,NONE
63306,13491,2026-07-03,Delivered,Website,NONE
63307,11888,2025-06-25,Cancelled,Website,SAVE10
63308,12786,2025-09-22,Delivered,Website,FEST15
63309,13634,2024-07-01,Delivered,Mobile App,NONE
63310,11930,2025-04-16,Delivered,Mobile App,SAVE10
63311,14855,2025-09-29,Delivered,Website,NONE
63312,12682,2026-01-26,Cancelled,Mobile App,WELCOME5
63313,13933,2025-09-29,Cancelled,Website,WELCOME5
63314,13522,2025-08-01,Delivered,Marketplace,NONE
63315,14072,2025-08-28,Delivered,Website,NONE
63316,13376,2024-12-28,Processing,Website,WELCOME5
63317,12694,2025-11-09,Delivered,Marketplace,NONE
63318,13804,2024-10-14,Delivered,Mobile App,NONE
63319,12333,2025-11-29,Delivered,Website,NONE
63320,14258,2025-03-15,Delivered,Website,NONE
63321,12509,2025-07-13,Delivered,Mobile App,NONE
63322,13697,2025-04-05,Delivered,Mobile App,FEST15
63323,11034,2025-07-05,Cancelled,Marketplace,NONE
63324,10901,2025-11-21,Processing,Website,SAVE10
63325,12824,2024-09-29,Delivered,Marketplace,WELCOME5
63326,14233,2025-04-03,Delivered,Website,BIG20
63327,13670,2025-01-25,Delivered,Website,SAVE10
63328,11661,2024-01-18,Delivered,Mobile App,NONE
63329,14280,2026-04-06,Delivered,Marketplace,NONE
63330,13330,2025-10-26,Processing,Website,NONE
63331,12783,2024-02-13,Delivered,Website,WELCOME5
63332,14955,2024-03-08,Delivered,Mobile App,NONE
63333,13896,2026-06-17,Delivered,Mobile App,NONE
63334,11474,2026-03-31,Delivered,Marketplace,NONE
63335,10326,2025-12-08,Delivered,Mobile App,NONE
63336,11352,2025-11-18,Shipped,Mobile App,NONE
63337,10884,2026-03-26,Delivered,Marketplace,BIG20
63338,10911,2025-08-02,Delivered,Website,NONE
63339,12614,2024-01-06,Shipped,Website,SAVE10
63340,14921,2025-03-16,Delivered,Mobile App,WELCOME5
63341,13246,2024-11-17,Delivered,Mobile App,FEST15
63342,12135,2024-06-15,Delivered,Marketplace,NONE
63343,11242,2026-04-13,Delivered,Website,FEST15
63344,13920,2025-09-27,Cancelled,Website,SAVE10
63345,12744,2026-05-24,Processing,Website,NONE
63346,10247,2024-04-16,Delivered,Mobile App,FEST15
63347,12331,2026-08-04,Delivered,Website,NONE
63348,10903,2025-08-09,Delivered,Mobile App,NONE
63349,12491,2025-07-05,Delivered,Mobile App,NONE
63350,10316,2024-06-26,Delivered,Website,SAVE10
63351,11068,2025-08-28,Delivered,Website,NONE
63352,14079,2025-08-01,Delivered,Mobile App,FEST15
63353,10846,2025-11-11,Delivered,Mobile App,WELCOME5
63354,10533,2024-05-26,Delivered,Website,SAVE10
63355,11105,2025-09-09,Shipped,Mobile App,SAVE10
63356,14616,2024-04-01,Shipped, marketplace,NONE
63357,14741,2024-03-09,Delivered,Marketplace,SAVE10
63358,13319,2025-04-01,Delivered,Marketplace,NONE
63359,13903,2024-04-25,Delivered,Mobile App,SAVE10
63360,14548,2025-11-19,Delivered,Mobile App,NONE
63361,11480,2025-04-13,Delivered,Mobile App,SAVE10
63362,12045,2024-08-19,Cancelled,Website,FEST15
63363,10140,2024-09-21,Delivered,Website,WELCOME5
63364,12629,2025-04-27,Delivered,Mobile App,NONE
63365,14630,2025-08-03,Delivered,Mobile App,WELCOME5
63366,10138,2026-02-13,Delivered,Mobile App,SAVE10
63367,13558,2025-07-09,Processing,Marketplace,NONE
63368,12330,2025-06-16,Delivered,Website,NONE
63369,14826,2025-08-11,Shipped,Marketplace,FEST15
63370,12954,2025-08-02,Delivered,Website,NONE
63371,12027,2024-12-04,Delivered,Website,FEST15
63372,10503,2024-08-01,Delivered,Website,SAVE10
63373,12805,2025-05-25,Delivered,Marketplace,NONE
63374,14907,2024-04-30,Delivered,Marketplace,NONE
63375,10065,2024-08-22,Delivered,Mobile App,NONE
63376,10022,2024-05-24,Delivered,Mobile App,SAVE10
63377,14452,2025-04-20,Delivered,Website,FEST15
63378,11338,2026-08-01,Delivered,Marketplace,NONE
63379,13040,2026-04-28,Delivered,Marketplace,SAVE10
63380,13079,2024-03-25,Delivered,Website,SAVE10
63381,12401,2026-03-07,Processing,Website,WELCOME5
63382,12489,2024-05-26,Processing,Website,NONE
63383,13440,2026-06-02,Delivered,Marketplace,NONE
63384,11196,2024-07-18,Delivered,Mobile App,NONE
63385,10899,2024-05-02,Delivered,Website,NONE
63386,14934,2026-02-03,Delivered,Mobile App,FEST15
63387,10044,2026-03-19,Shipped,Website,BIG20
63388,10945,2025-01-21,Delivered,Mobile App,NONE
63389,13648,2025-06-14,Delivered,Mobile App,SAVE10
63390,12842,2026-02-06,Shipped,Mobile App,FEST15
63391,11612,2026-04-07,Delivered,Website,NONE
63392,10580,2025-02-10,Delivered,Marketplace,NONE
63393,11835,2026-01-31,Shipped,Marketplace,NONE
63394,10281,2026-02-09,Delivered,Website,NONE
63395,12769,2026-02-08,Delivered,Mobile App,WELCOME5
63396,12440,2026-05-18,Delivered,Mobile App,FEST15
63397,14599,2026-03-21,Delivered,Mobile App,SAVE10
63398,14024,2025-03-09,Delivered,Website,WELCOME5
63399,12349,2024-11-01,Delivered,Mobile App,NONE
63400,12657,2026-08-14,Delivered,Mobile App,NONE
63401,13447,2025-03-08,Cancelled,Website,NONE
63402,11469,2026-06-23,Delivered,Website,NONE
63403,13005,2026-08-25,Delivered,Mobile App,SAVE10
63404,10084,2024-01-15,Delivered,Website,SAVE10
63405,14694,2024-05-16,Shipped,Marketplace,NONE
63406,14703,2025-07-01,Delivered,Mobile App,WELCOME5
63407,14448,2024-03-26,Cancelled,Mobile App,NONE
63408,11060,2025-09-29,Delivered,Website,NONE
63409,13942,2024-01-12,Delivered,Website,NONE
63410,12873,2026-03-28,Delivered,Marketplace,NONE
63411,14917,2025-02-19,Delivered,Website,SAVE10
63412,10078,2025-10-15,Delivered,Mobile App,SAVE10
63413,11987,2025-03-27,Shipped,Website,SAVE10
63414,10487,2025-10-29,Shipped,Mobile App,NONE
63415,14731,2025-10-21,Delivered,Website,NONE
63416,10851,2024-10-07,Delivered,Website,NONE
63417,10194,2026-02-15,Processing,Marketplace,BIG20
63418,10562,2026-03-06,Delivered,Marketplace,NONE
63419,14826,2024-11-07,Delivered,Website,NONE
63420,12654,2024-03-02,Delivered,Marketplace,FEST15
63421,10539,2025-03-10,Delivered,Website,NONE
63422,11986,2025-09-29,Processing,Mobile App,BIG20
63423,12129,2026-01-24,Delivered,Mobile App,BIG20
63424,14007,2024-07-14,Delivered,Website,WELCOME5
63425,11099,2025-04-10,Delivered,Mobile App,NONE
63426,10582,2026-01-12,Delivered,Mobile App,WELCOME5
63427,13749,2025-05-24,Delivered,Website,SAVE10
63428,12156,2026-02-05,Delivered,Marketplace,WELCOME5
63429,10621,2025-10-15,Shipped,Mobile App,NONE
63430,12142,2024-06-18,Delivered,Mobile App,NONE
63431,12131,2024-07-23,Delivered,Website,SAVE10
63432,11155,2026-02-08,Delivered,Website,NONE
63433,11003,2025-11-13,Delivered,Mobile App,SAVE10
63434,10480,2026-03-23,Delivered,Mobile App,WELCOME5
63435,14203,2024-10-12,Cancelled,Mobile App,WELCOME5
63436,10054,2024-02-21,Delivered,Website,NONE
63437,12541,2024-08-18,Shipped,Mobile App,NONE
63438,10095,2025-02-21,Delivered,Marketplace,SAVE10
63439,14021,2024-04-28,Delivered,Mobile App,NONE
63440,11994,2024-07-05,Delivered,Website,NONE
63441,14907,2024-05-20,Cancelled,Mobile App,NONE
63442,10272,2024-05-02,Delivered,Website,NONE
63443,11661,2025-01-05,Delivered,Website,NONE
63444,11973,2026-02-18,Delivered,Marketplace,NONE
63445,10344,2025-01-02,Delivered,Marketplace,BIG20
63446,12188,2024-10-11,Delivered,Mobile App,WELCOME5
63447,12296,2025-06-16,Cancelled,Website,NONE
63448,12227,2025-09-16,Processing,Website,SAVE10
63449,12668,2024-12-04,Delivered,Website,FEST15
63450,10959,2024-01-04,Shipped,Website,NONE
63451,11194,2024-10-15,Delivered,Website,NONE
63452,12494,2024-03-18,Processing,Mobile App,NONE
63453,13221,2024-05-20,Delivered,Website,FEST15
63454,11962,2025-08-14,Delivered,Website,NONE
63455,12285,2024-06-22,Delivered,Marketplace,NONE
63456,14948,2024-12-25,Processing,Mobile App,NONE
63457,13230,2025-01-15,Delivered,Mobile App,WELCOME5
63458,10227,2026-05-03,Delivered,Mobile App,WELCOME5
63459,11804,2024-05-28,Delivered,Marketplace,SAVE10
63460,10270,2024-03-20,Delivered,Mobile App,NONE
63461,14377,2025-06-02,Delivered,Website,SAVE10
63462,14123,2025-08-28,Delivered,Mobile App,SAVE10
63463,12329,2025-05-02,Shipped,Website,SAVE10
63464,11331,2025-11-12,Delivered,Marketplace,NONE
63465,13596,2026-04-17,Delivered,Website,NONE
63466,10919,2025-08-15,Delivered,Mobile App,SAVE10
63467,13851,2025-06-05,Cancelled,Mobile App,NONE
63468,14373,2025-10-22,Delivered,Website,NONE
63469,10899,2024-07-26,Delivered,Marketplace,FEST15
63470,12664,2024-08-29,Delivered,Mobile App,SAVE10
63471,10773,2024-12-25,Delivered,Mobile App,WELCOME5
63472,13079,2026-01-14,Processing,Mobile App,NONE
63473,13375,2026-04-06,Delivered,Website,NONE
63474,10040,2025-06-22,Delivered,Website,NONE
63475,14725,2025-08-24,Delivered,Website,NONE
63476,11304,2026-02-03,Delivered,Mobile App,NONE
63477,12318,2024-08-22,Delivered,Website,WELCOME5
63478,11297,2024-04-28,Processing,Website,WELCOME5
63479,14527,2025-12-25,Delivered,Mobile App,NONE
63480,13805,2024-05-03,Delivered,Website,NONE
63481,14949,2024-06-02,Delivered,Mobile App,NONE
63482,11928,2025-01-18,Delivered,Website,FEST15
63483,12813,2026-02-01,Delivered,Website,SAVE10
63484,12888,2025-01-13,Processing,Mobile App,BIG20
63485,11151,2024-04-25,Delivered,Website,BIG20
63486,14660,2024-05-04,Processing,Website,NONE
63487,14322,2024-09-02,Delivered,Website,NONE
63488,14924,2024-03-19,Delivered,Website,NONE
63489,12286,2024-11-14,Delivered,Website,NONE
63490,10637,2024-03-19,Delivered,Mobile App,FEST15
63491,10795,2026-03-31,Delivered,Mobile App,FEST15
63492,12780,2024-02-20,Cancelled,Website,NONE
63493,14093,2024-07-10,Delivered,Website,NONE
63494,13496,2024-02-02,Delivered,Mobile App,FEST15
63495,13663,2024-10-09,Delivered,Website,NONE
63496,13911,2026-02-22,Delivered,Marketplace,NONE
63497,14214,2025-07-13,Delivered,Website,FEST15
63498,14601,2026-06-25,Delivered,Mobile App,NONE
63499,11816,2025-08-21,Delivered,Mobile App,NONE
63500,13642,2025-02-16,Delivered,Mobile App,WELCOME5
63501,11393,2026-07-18,Delivered,Mobile App,WELCOME5
63502,13450,2024-06-30,Delivered,Mobile App,FEST15
63503,10278,2024-04-19,Delivered,Marketplace,NONE
63504,10271,2024-11-14,Delivered,Website,FEST15
63505,10999,2026-06-20,Delivered,Mobile App,FEST15
63506,12725,2026-03-04,Delivered,Website,NONE
63507,14553,2025-06-04,Delivered,Website,NONE
63508,12994,2026-06-20,Shipped,Mobile App,BIG20
63509,12807,2025-09-19,Delivered,Mobile App,NONE
63510,13483,2024-08-19,Cancelled,Marketplace,NONE
63511,14432,2024-01-06,Delivered,Mobile App,NONE
63512,12917,2024-01-30,Delivered,Mobile App,NONE
63513,13690,2026-04-03,Delivered,Website,NONE
63514,12048,2024-10-26,Delivered,website,NONE
63515,14976,2025-02-13,Delivered,Mobile App,NONE
63516,12438,2025-01-08,Delivered,Website,NONE
63517,14465,2024-03-26,Delivered,Marketplace,WELCOME5
63518,14837,2024-01-03,Cancelled,Marketplace,SAVE10
63519,14414,2025-12-06,Delivered,Website,NONE
63520,11646,2025-10-22,Delivered,Website,SAVE10
63521,11867,2024-08-06,Delivered,Website,WELCOME5
63522,13923,2024-04-30,Delivered,Website,NONE
63523,14644,2025-05-15,Processing,Website,SAVE10
63524,13038,2024-03-20,Delivered,Website,NONE
63525,13887,2024-10-08,Shipped,Mobile App,SAVE10
63526,12220,2025-11-28,Delivered,Website,SAVE10
63527,14286,2024-06-17,Processing,Marketplace,NONE
63528,12072,2026-01-17,Delivered,Mobile App,SAVE10
63529,13110,2026-05-07,Shipped,Mobile App,NONE
63530,12687,2024-06-27,Delivered,Website,FEST15
63531,14182,2025-10-07,Delivered,Website,NONE
63532,13999,2026-01-15,Delivered,Website,NONE
63533,14197,2025-05-18,Delivered,Marketplace,FEST15
63534,10611,2024-10-15,Delivered,Mobile App,NONE
63535,11228,2026-08-11,Delivered,Website,SAVE10
63536,14554,2024-10-25,Delivered,Website,NONE
63537,10652,2024-08-28,Delivered,Website,NONE
63538,13871,2024-04-28,Delivered,Website,WELCOME5
63539,13172,2026-05-29,Cancelled,Marketplace,NONE
63540,11746,2024-08-07,Delivered,Mobile App,NONE
63541,10190,2024-05-09,Shipped,Website,WELCOME5
63542,10051,2024-02-07,Delivered,Website,SAVE10
63543,14462,2024-10-09,Delivered,Website,NONE
63544,10527,2025-10-13,Delivered,Mobile App,NONE
63545,13725,2025-10-25,Shipped,Mobile app ,NONE
63546,10722,2026-04-05,Delivered,Mobile App,NONE
63547,11985,2025-10-10,Delivered,Mobile App,NONE
63548,10518,2024-02-16,Delivered,Mobile App,NONE
63549,13185,2026-03-28,Delivered,Mobile App,NONE
63550,10514,2024-09-04,Delivered,Mobile App,FEST15
63551,13132,2026-07-17,Delivered,Marketplace,WELCOME5
63552,14801,2024-12-01,Delivered,Website,NONE
63553,13710,2024-01-17,Delivered,Website,NONE
63554,13293,2025-01-15,Delivered,Mobile App,SAVE10
63555,14531,2025-03-12,Cancelled,Website,NONE
63556,14104,2026-03-10,Shipped,Website,NONE
63557,13665,2025-06-19,Delivered,Mobile App,NONE
63558,12815,2024-02-11,Delivered,Mobile App,BIG20
63559,11951,2024-02-16,Cancelled,website,NONE
63560,13098,2025-08-18,Delivered,Mobile App,NONE
63561,10533,2024-03-22,Delivered,Website,NONE
63562,14405,2025-05-31,Delivered,Website,NONE
63563,14426,2026-05-19,Delivered,Marketplace,SAVE10
63564,11310,2026-03-24,Delivered,Website,NONE
63565,13786,2025-09-04,Delivered,Website,FEST15
63566,13473,2024-10-23,Delivered,Website,BIG20
63567,14270,2025-05-14,Cancelled,Marketplace,BIG20
63568,14497,2024-04-08,Delivered,Website,SAVE10
63569,13719,2025-12-18,Delivered,Website,NONE
63570,14682,2024-05-06,Processing,Website,WELCOME5
63571,11626,2024-02-19,Shipped,Website,WELCOME5
63572,12221,2025-09-03,Delivered,Website,NONE
63573,10746,2025-07-09,Delivered,Website,SAVE10
63574,14284,2025-06-13,Delivered,Website,NONE
63575,11388,2025-04-06,Delivered,Marketplace,SAVE10
63576,12520,2025-07-28,Shipped,Website,FEST15
63577,10814,2025-03-03,Delivered,Mobile App,NONE
63578,11290,2024-05-12,Delivered,Marketplace,NONE
63579,13376,2025-07-06,Delivered,Mobile App,NONE
63580,11255,2024-02-11,Delivered,Marketplace,NONE
63581,12578,2024-03-02,Cancelled,Mobile App,NONE
63582,12259,2025-07-03,Delivered,Website,BIG20
63583,13074,2025-11-13,Delivered,Website,NONE
63584,11290,2024-03-19,Delivered,Website,NONE
63585,12424,2024-12-31,Delivered,Mobile App,NONE
63586,10150,2026-06-20,Delivered,Website,NONE
63587,12592,2026-01-27,Delivered,Mobile App,NONE
63588,10528,2026-02-18,Delivered,Mobile App,FEST15
63589,13642,2025-09-28,Delivered,Website,NONE
63590,14247,2024-06-23,Shipped,Marketplace,NONE
63591,12008,2025-01-10,Delivered,Mobile App,WELCOME5
63592,14413,2025-08-02,Delivered,Mobile App,FEST15
63593,11962,2025-10-08,Delivered,Website,SAVE10
63594,14366,2024-05-08,Delivered,Website,NONE
63595,12599,2026-07-30,Delivered,Mobile App,BIG20
63596,12769,2026-06-27,Delivered,Mobile App,NONE
63597,12043,2024-02-05,Shipped,Mobile App,NONE
63598,14677,2025-07-25,Delivered,Mobile App,WELCOME5
63599,13532,2024-05-18,Cancelled,Website,FEST15
63600,12496,2024-11-04,Cancelled,Mobile App,NONE
63601,13979,2026-05-09,Delivered,Mobile App,NONE
63602,12313,2025-10-21,Processing,Website,NONE
63603,14382,2024-12-07,Delivered,Mobile App,FEST15
63604,12372,2024-01-03,Delivered,Website,BIG20
63605,14050,2026-03-22,Shipped,Mobile App,WELCOME5
63606,11271,2024-10-06,Delivered,Marketplace,NONE
63607,12832,2025-08-10,Delivered,Marketplace,BIG20
63608,13068,2024-08-15,Delivered,Website,NONE
63609,12637,2026-02-05,Shipped,Mobile App,NONE
63610,12245,2024-12-01,Processing,Mobile App,FEST15
63611,10007,2025-12-18,Delivered,Mobile App,BIG20
63612,14874,2024-03-23,Delivered,Website,BIG20
63613,11080,2025-08-20,Delivered,Mobile App,NONE
63614,10860,2026-07-27,Processing,Mobile App,BIG20
63615,14057,2025-04-04,Delivered,Mobile App,SAVE10
63616,10384,2025-03-29,Delivered,Mobile App,FEST15
63617,13818,2025-10-27,Delivered,Mobile App,NONE
63618,11756,2026-04-10,Delivered,Website,NONE
63619,13601,2026-02-25,Delivered,Mobile App,NONE
63620,11078,2024-02-27,Delivered,Marketplace,SAVE10
63621,13515,2024-10-14,Shipped,Website,WELCOME5
63622,14960,2026-03-30,Delivered,Marketplace,SAVE10
63623,12522,2026-08-03,Delivered,Website,SAVE10
63624,12793,2025-09-25,Delivered,Marketplace,NONE
63625,13065,2024-01-05,Delivered,Marketplace,NONE
63626,11799,2025-10-20,Delivered,Marketplace,WELCOME5
63627,12755,2026-07-07,Delivered,Website,NONE
63628,13214,2026-02-21,Delivered,Marketplace,SAVE10
63629,10124,2025-12-02,Delivered,Website,NONE
63630,12266,2025-05-25,Delivered,Website,SAVE10
63631,12635,2026-05-25,Delivered,Website,NONE
63632,11045,2025-09-06,Delivered,Mobile App,NONE
63633,12354,2025-05-10,Processing,Website,NONE
63634,11973,2026-05-22,Cancelled,Website,FEST15
63635,12771,2024-01-04,Delivered,Mobile App,NONE
63636,11432,2024-05-01,Delivered,Mobile App,BIG20
63637,14491,2026-03-27,Delivered,Website,NONE
63638,13188,2024-02-23,Delivered,Website,BIG20
63639,13134,2026-05-20,Cancelled,Website,NONE
63640,14083,2026-08-11,Delivered,Mobile App,FEST15
63641,10107,2024-09-09,Delivered,Mobile App,NONE
63642,11313,2026-05-05,Delivered,Website,NONE
63643,10904,2025-06-14,Delivered,Mobile App,SAVE10
63644,13107,2025-05-13,Delivered,Website,BIG20
63645,11712,2026-06-14,Delivered,Website,WELCOME5
63646,13543,2026-01-27,Shipped,Website,FEST15
63647,14711,2026-05-12,Delivered,Mobile App,FEST15
63648,11851,2026-05-05,Delivered,Marketplace,BIG20
63649,11654,2025-12-05,Delivered,Website,FEST15
63650,12438,2025-03-28,Delivered,Mobile App,NONE
63651,12446,2024-06-28,Delivered,Mobile App,NONE
63652,11795,2024-04-05,Shipped,Mobile App,NONE
63653,11731,2024-09-02,Delivered,Website,BIG20
63654,11865,2025-04-11,Delivered,Website,NONE
63655,12437,2024-05-13,Cancelled,Website,WELCOME5
63656,12232,2024-12-06,Delivered,Marketplace,WELCOME5
63657,12283,2026-02-09,Processing,Marketplace,NONE
63658,11478,2024-01-23,Delivered,Website,NONE
63659,13169,2024-10-25,Delivered,Mobile App,SAVE10
63660,12442,2026-07-19,Delivered,Website,NONE
63661,11147,2024-11-10,Delivered,Website,FEST15
63662,13762,2025-11-25,Delivered,Website,NONE
63663,14404,2025-08-14,Shipped,Website,NONE
63664,11972,2026-02-01,Processing,Mobile App,NONE
63665,12613,2025-12-08,Delivered,Website,WELCOME5
63666,14728,2025-08-01,Delivered,Mobile App,BIG20
63667,11579,2026-07-31,Delivered,Marketplace,NONE
63668,11090,2024-09-18,Delivered,Marketplace,NONE
63669,11731,2024-09-28,Delivered,Website,FEST15
63670,12248,2025-07-21,Delivered,Website,WELCOME5
63671,12220,2025-11-24,Delivered,Marketplace,WELCOME5
63672,13009,2025-10-21,Shipped,Marketplace,WELCOME5
63673,11383,2026-07-16,Delivered,Mobile App,NONE
63674,12717,2025-08-02,Delivered,Website,NONE
63675,10538,2026-01-08,Delivered,Website,NONE
63676,14735,2024-05-03,Delivered,Website,NONE
63677,11474,2024-02-07,Delivered,Website,NONE
63678,11622,2026-02-28,Delivered,Website,NONE
63679,10807,2025-03-09,Processing,Mobile App,BIG20
63680,11889,2024-10-15,Delivered,Mobile App,SAVE10
63681,14873,2025-12-29,Delivered,Mobile App,FEST15
63682,12979,2025-01-19,Delivered,Marketplace,WELCOME5
63683,13336,2024-01-29,Delivered,Mobile App,NONE
63684,12982,2025-06-18,Delivered,Website,NONE
63685,11671,2024-05-01,Delivered,Mobile App,NONE
63686,13938,2026-08-06,Delivered,Website,FEST15
63687,11715,2024-11-14,Delivered,Website,NONE
63688,13973,2024-10-30,Delivered,Website,SAVE10
63689,14930,2026-03-29,Delivered,Marketplace,NONE
63690,10055,2024-02-10,Delivered,Website,NONE
63691,10837,2025-10-19,Delivered,Website,BIG20
63692,13821,2026-08-01,Delivered,Mobile App,NONE
63693,10606,2024-01-30,Delivered,Marketplace,SAVE10
63694,13590,2026-07-17,Delivered,Mobile App,NONE
63695,11231,2025-08-21,Delivered,Website,NONE
63696,12929,2024-07-11,Delivered,Marketplace,SAVE10
63697,13262,2026-04-07,Delivered,Website,NONE
63698,11585,2026-03-15,Delivered,Website,NONE
63699,14289,2026-08-10,Processing,Website,SAVE10
63700,14536,2026-06-11,Delivered,Website,BIG20
63701,11093,2025-08-15,Delivered,Mobile App,NONE
63702,13692,2024-01-13,Processing,Mobile App,NONE
63703,13366,2025-12-25,Delivered,Mobile App,SAVE10
63704,11287,2026-01-02,Processing,Mobile App,FEST15
63705,14080,2026-01-19,Delivered,Mobile App,SAVE10
63706,11527,2024-06-23,Shipped,Marketplace,NONE
63707,11280,2025-12-13,Delivered,Website,NONE
63708,13553,2026-03-13,Delivered,Website,NONE
63709,10597,2024-03-13,Shipped,Marketplace,BIG20
63710,14589,2024-01-21,Delivered,Website,NONE
63711,11923,2024-03-21,Delivered,Website,SAVE10
63712,12453,2025-11-01,Delivered,Website,SAVE10
63713,13398,2024-10-19,Delivered,Mobile App,FEST15
63714,14396,2026-03-03,Delivered,Website,NONE
63715,13851,2026-07-17,Delivered,Website,SAVE10
63716,11911,2024-02-04,Delivered,Website,SAVE10
63717,13750,2025-12-17,Delivered,Website,WELCOME5
63718,11976,2026-01-04,Delivered,Marketplace,BIG20
63719,12584,2024-03-13,Delivered,Mobile App,SAVE10
63720,13430,2024-04-25,Shipped,Marketplace,SAVE10
63721,12753,2026-02-20,Delivered,Website,NONE
63722,10253,2024-03-17,Delivered,Mobile App,NONE
63723,10224,2024-07-12,Delivered,Mobile App,FEST15
63724,10695,2026-06-12,Delivered,Website,BIG20
63725,10419,2025-12-06,Delivered,Website,NONE
63726,13643,2026-06-14,Delivered,Website,NONE
63727,10962,2024-09-22,Delivered,Website,FEST15
63728,11211,2025-12-19,Delivered,Mobile App,NONE
63729,11572,2025-08-14,Cancelled,Mobile App,SAVE10
63730,10876,2026-05-13,Delivered,Website,NONE
63731,14339,2024-08-06,Delivered,Website,BIG20
63732,10446,2024-01-17,Delivered,Website,FEST15
63733,10959,2025-01-22,Delivered,Mobile App,SAVE10
63734,11125,2025-05-11,Delivered,Website,NONE
63735,10422,2025-07-10,Delivered,Marketplace,SAVE10
63736,11253,2026-04-25,Delivered,Marketplace,NONE
63737,10932,2025-10-27,Delivered,Marketplace,NONE
63738,11706,2026-05-15,Cancelled,Mobile App,SAVE10
63739,10766,2025-12-08,Delivered,Mobile App,NONE
63740,14692,2024-12-22,Shipped,Mobile App,NONE
63741,13932,2026-03-03,Delivered,Website,NONE
63742,13224,2024-11-10,Delivered,Mobile App,BIG20
63743,12965,2026-02-27,Delivered,Mobile App,FEST15
63744,13467,2025-11-09,Delivered,Mobile App,NONE
63745,14707,2024-08-02,Delivered,Website,NONE
63746,10664,2024-02-28,Cancelled,Website,NONE
63747,12657,2026-05-09,Delivered,Mobile App,FEST15
63748,10964,2026-01-27,Processing,Website,NONE
63749,12263,2024-02-19,Delivered,Website,SAVE10
63750,14494,2024-08-30,Delivered,Mobile App,WELCOME5
63751,13157,2025-04-12,Delivered,Marketplace,NONE
63752,13172,2025-05-20,Delivered,Marketplace,BIG20
63753,10480,2025-01-01,Delivered,Marketplace,FEST15
63754,14049,2024-07-05,Delivered,Website,SAVE10
63755,13574,2025-10-09,Delivered,Mobile App,NONE
63756,11788,2025-12-13,Delivered,Website,NONE
63757,11668,2025-09-12,Delivered,Website,NONE
63758,12887,2026-07-16,Delivered,Mobile App,NONE
63759,13793,2025-01-16,Processing,Marketplace,FEST15
63760,12512,2025-06-08,Delivered,Marketplace,SAVE10
63761,14283,2024-11-03,Delivered,Mobile App,SAVE10
63762,11028,2026-07-11,Shipped,Website,NONE
63763,13451,2025-02-10,Delivered,Website,NONE
63764,14124,2025-01-25,Delivered,Mobile App,FEST15
63765,13536,2025-12-22,Delivered,Website,NONE
63766,11669,2024-10-04,Delivered,Website,NONE
63767,12320,2024-12-19,Delivered,Website,NONE
63768,12335,2026-03-24,Processing,Website,FEST15
63769,11544,2024-01-21,Delivered,Marketplace,NONE
63770,10665,2024-02-06,Shipped,Website,NONE
63771,10934,2026-04-20,Delivered,Website,SAVE10
63772,13192,2024-09-29,Shipped,Mobile App,NONE
63773,11125,2026-01-27,Shipped,Mobile App,NONE
63774,13956,2025-10-31,Delivered,Marketplace,SAVE10
63775,13963,2024-07-12,Delivered,Marketplace,NONE
63776,12052,2024-07-02,Delivered,Website,NONE
63777,11824,2026-08-12,Delivered,Website,NONE
63778,14891,2026-05-13,Shipped,Website,WELCOME5
63779,10064,2024-09-06,Delivered,Marketplace,NONE
63780,11288,2025-04-12,Shipped,Website,NONE
63781,13454,2026-04-16,Delivered,Mobile App,NONE
63782,14366,2024-08-26,Delivered,Mobile App,NONE
63783,12296,2025-10-03,Delivered,Marketplace,NONE
63784,13607,2024-12-26,Delivered,Mobile App,NONE
63785,11089,2026-05-05,Delivered,Mobile App,SAVE10
63786,14637,2024-10-02,Shipped,Mobile App,BIG20
63787,12913,2025-02-24,Delivered,Website,WELCOME5
63788,13704,2025-11-10,Delivered,Website,WELCOME5
63789,10882,2025-10-13,Shipped,Mobile App,NONE
63790,12475,2024-04-16,Processing,Mobile App,SAVE10
63791,13641,2024-03-25,Delivered,Marketplace,NONE
63792,12068,2026-04-08,Delivered,Website,NONE
63793,14803,2026-01-08,Cancelled,Website,FEST15
63794,14147,2024-05-24,Delivered,Mobile App,NONE
63795,10645,2025-09-20,Shipped,Website,WELCOME5
63796,14202,2024-09-30,Delivered,Mobile App,FEST15
63797,11915,2025-01-29,Delivered,Website,SAVE10
63798,12945,2025-08-30,Delivered,Mobile App,WELCOME5
63799,12043,2025-09-11,Delivered,Website,NONE
63800,13511,2024-12-09,Delivered,Website,BIG20
63801,12148,2026-03-16,Delivered,Mobile App,NONE
63802,12315,2025-05-09,Shipped,Mobile App,NONE
63803,12914,2026-02-27,Delivered,Marketplace,FEST15
63804,11092,2025-07-06,Delivered,Mobile App,WELCOME5
63805,12134,2024-12-11,Delivered,Mobile App,FEST15
63806,10250,2024-09-08,Delivered,Mobile App,NONE
63807,10293,2024-01-13,Delivered,Mobile App,WELCOME5
63808,13269,2025-06-02,Shipped,Marketplace,FEST15
63809,11391,2025-06-23,Shipped,Website,NONE
63810,13347,2026-06-30,Delivered,Mobile App,NONE
63811,13800,2024-09-09,Delivered,Website,NONE
63812,13327,2024-01-03,Delivered,Website,WELCOME5
63813,12105,2026-05-17,Delivered,Mobile App,FEST15
63814,12813,2025-08-01,Cancelled,Mobile App,NONE
63815,13915,2024-02-17,Delivered,Mobile App,SAVE10
63816,11713,2024-11-06,Delivered,Website,NONE
63817,12088,2026-07-30,Delivered,Website,NONE
63818,11211,2026-04-16,Delivered,Mobile App,NONE
63819,11006,2025-06-20,Delivered,Mobile App,NONE
63820,10329,2024-04-03,Delivered,Website,NONE
63821,10354,2025-09-22,Delivered,Website,NONE
63822,10741,2024-02-28,Delivered,Mobile App,SAVE10
63823,13845,2025-01-14,Processing,Website,NONE
63824,13142,2025-01-27,Shipped,Mobile App,NONE
63825,10441,2026-01-23,Shipped,Mobile App,WELCOME5
63826,13841,2025-10-15,Delivered,Website,NONE
63827,13751,2025-04-09,Cancelled,Mobile App,NONE
63828,14539,2024-01-07,Shipped,Website,NONE
63829,14843,2024-01-18,Shipped,Marketplace,BIG20
63830,10420,2026-02-25,Delivered,Website,NONE
63831,12617,2025-09-23,Shipped,Website,FEST15
63832,14071,2024-11-22,Delivered,Mobile App,BIG20
63833,11198,2025-12-29,Delivered,Website,NONE
63834,12988,2026-06-11,Delivered,Marketplace,NONE
63835,10455,2024-01-13,Delivered,Website,SAVE10
63836,11507,2026-05-28,Delivered,Website,NONE
63837,14899,2024-08-28,Delivered,Marketplace,NONE
63838,13629,2026-01-10,Delivered,Marketplace,NONE
63839,11306,2025-07-26,Shipped,Website,WELCOME5
63840,14947,2025-12-15,Shipped,Website,NONE
63841,11014,2024-04-24,Shipped,Marketplace,WELCOME5
63842,11898,2025-08-05,Delivered,Website,NONE
63843,12222,2026-07-26,Delivered,Marketplace,NONE
63844,13138,2026-02-09,Processing,Mobile App,NONE
63845,11312,2026-02-13,Shipped,Mobile App,FEST15
63846,11305,2024-06-21,Delivered,Mobile App,SAVE10
63847,13354,2024-09-24,Cancelled,Mobile App,SAVE10
63848,11026,2026-03-03,Delivered,Website,NONE
63849,10713,2025-01-26,Delivered,Marketplace,NONE
63850,10746,2025-07-02,Delivered,Website,FEST15
63851,11641,2024-06-11,Shipped,Website,NONE
63852,10161,2026-01-28,Shipped,Mobile App,FEST15
63853,10176,2025-03-08,Shipped,Website,FEST15
63854,13620,2025-04-23,Delivered,Website,BIG20
63855,12707,2026-07-12,Delivered,Mobile App,SAVE10
63856,10730,2025-09-04,Cancelled,Mobile App,NONE
63857,11277,2025-03-03,Shipped,Mobile App,NONE
63858,13382,2024-11-27,Shipped,Website,WELCOME5
63859,14011,2025-08-06,Shipped,Website,NONE
63860,14349,2025-02-15,Delivered,Website,NONE
63861,11088,2024-08-07,Delivered,Mobile App,WELCOME5
63862,14233,2024-12-19,Delivered,Website,SAVE10
63863,12134,2024-10-05,Delivered,Marketplace,NONE
63864,11495,2025-12-19,Delivered,Marketplace,SAVE10
63865,12885,2025-05-02,Delivered,Marketplace,WELCOME5
63866,10623,2024-07-13,Delivered,Website,NONE
63867,12318,2024-05-25,Shipped,Mobile App,NONE
63868,12216,2026-06-21,Delivered,Mobile App,BIG20
63869,12980,2026-05-12,Processing,Mobile App,FEST15
63870,10907,2026-03-15,Delivered,Marketplace,WELCOME5
63871,10310,2025-12-13,Processing,Marketplace,NONE
63872,11868,2026-04-15,Delivered,Website,WELCOME5
63873,14918,2025-09-19,Delivered,Website,SAVE10
63874,12845,2026-06-05,Shipped,Mobile App,SAVE10
63875,12739,2026-06-10,Delivered,Website,NONE
63876,13222,2025-02-26,Delivered,Mobile App,NONE
63877,12541,2024-08-29,Shipped,Mobile App,NONE
63878,11092,2026-05-15,Delivered,Mobile App,BIG20
63879,14925,2026-03-12,Delivered,Website,NONE
63880,11137,2025-03-06,Delivered,Mobile App,BIG20
63881,13201,2026-05-31,Delivered,Website,NONE
63882,14330,2024-04-08,Delivered,Website,NONE
63883,13292,2026-03-07,Cancelled,Mobile App,NONE
63884,14725,2024-02-18,Delivered,Website,NONE
63885,10890,2024-04-09,Delivered,Marketplace,SAVE10
63886,13213,2024-03-02,Delivered,Website,WELCOME5
63887,10462,2024-03-18,Delivered,Marketplace,SAVE10
63888,12785,2024-07-01,Cancelled,Marketplace,NONE
63889,10918,2024-12-17,Shipped,Website,NONE
63890,13291,2024-12-15,Shipped,Website,SAVE10
63891,11632,2025-02-12,Delivered,Website,FEST15
63892,10644,2026-08-07,Delivered,Mobile App,NONE
63893,14331,2025-05-10,Delivered,Website,NONE
63894,14486,2024-08-21,Delivered,Marketplace,WELCOME5
63895,10853,2024-05-13,Delivered,Mobile App,SAVE10
63896,11043,2026-06-04,Delivered,Mobile App,NONE
63897,10190,2024-09-24,Shipped,Mobile app ,NONE
63898,13349,2026-02-25,Shipped,Mobile App,NONE
63899,14468,2026-02-05,Delivered,Website,FEST15
63900,11110,2026-04-15,Delivered,Mobile App,SAVE10
63901,12258,2024-05-21,Shipped,Mobile App,NONE
63902,13529,2026-01-31,Delivered,Mobile App,FEST15
63903,12213,2026-01-28,Delivered,Marketplace,FEST15
63904,13768,2026-08-01,Processing,Mobile App,NONE
63905,13771,2025-11-18,Shipped,Mobile App,WELCOME5
63906,13706,2024-04-26,Processing,Mobile App,SAVE10
63907,13574,2025-03-20,Shipped,Mobile App,NONE
63908,12144,2025-04-09,Shipped,Marketplace,NONE
63909,11968,2025-04-04,Delivered,Mobile App,NONE
63910,13036,2024-11-28,Delivered,Website,FEST15
63911,10537,2026-02-16,Delivered,Mobile App,WELCOME5
63912,12990,2024-10-02,Delivered,Marketplace,NONE
63913,10163,2025-03-07,Shipped,Website,FEST15
63914,13602,2025-03-09,Delivered,Marketplace,NONE
63915,13027,2025-09-15,Delivered,Mobile App,WELCOME5
63916,12496,2025-04-11,Delivered,Website,NONE
63917,11515,2026-07-30,Shipped,Marketplace,SAVE10
63918,12537,2026-08-14,Delivered,Mobile App,BIG20
63919,13178,2025-03-26,Delivered,Marketplace,SAVE10
63920,13423,2024-09-13,Delivered,Mobile App,NONE
63921,14615,2026-01-08,Delivered,Mobile App,SAVE10
63922,10851,2026-06-03,Delivered,Website,NONE
63923,10221,2026-05-10,Delivered,Website,SAVE10
63924,13263,2024-06-10,Shipped,Website,NONE
63925,10815,2024-02-21,Delivered,Mobile App,NONE
63926,10742,2025-10-07,Delivered,Website,WELCOME5
63927,11374,2024-10-18,Delivered,Marketplace,NONE
63928,13625,2024-10-23,Shipped,Website,WELCOME5
63929,10313,2024-01-29,Delivered,Mobile App,NONE
63930,11945,2026-07-20,Delivered,Marketplace,NONE
63931,10528,2024-01-02,Delivered,Website,BIG20
63932,14198,2025-09-07,Shipped,Website,SAVE10
63933,13811,2026-06-16,Delivered,Website,NONE
63934,10443,2024-03-03,Delivered,Marketplace,FEST15
63935,11370,2025-08-20,Delivered,Marketplace,NONE
63936,12303,2026-06-14,Delivered,Mobile App,
63937,12286,2025-02-02,Delivered,Mobile App,NONE
63938,10837,2024-10-12,Delivered,Website,NONE
63939,12334,2025-11-14,Delivered,Mobile App,BIG20
63940,14345,2026-06-18,Cancelled,Mobile App,NONE
63941,11105,2025-06-26,Shipped,Website,WELCOME5
63942,10627,2024-01-14,Cancelled,Mobile App,NONE
63943,11929,2025-10-26,Delivered,Marketplace,NONE
63944,12426,2024-07-31,Delivered,Marketplace,NONE
63945,11425,2026-08-17,Shipped,Website,NONE
63946,10527,2024-09-27,Delivered,Website,NONE
63947,10427,2025-09-09,Delivered,Marketplace,NONE
63948,13989,2025-10-29,Delivered,Website,NONE
63949,10659,2025-03-08,Cancelled,Website,SAVE10
63950,11411,2026-02-13,Shipped,Website,NONE
63951,13812,2026-05-19,Delivered,Website,NONE
63952,12971,2025-09-03,Shipped,Website,NONE
63953,10125,2026-01-01,Delivered,Website,NONE
63954,10851,2024-03-01,Delivered,Mobile App,FEST15
63955,12356,2024-08-22,Delivered,Website,NONE
63956,11759,2025-02-24,Delivered,Website,NONE
63957,14945,2024-05-06,Delivered,Mobile App,NONE
63958,10569,2025-04-24,Delivered,Website,SAVE10
63959,10132,2024-03-12,Delivered,Website,NONE
63960,12755,2024-12-13,Delivered,Mobile App,NONE
63961,14795,2024-02-29,Delivered,Mobile App,WELCOME5
63962,10018,2025-02-10,Delivered,Mobile App,NONE
63963,14145,2025-01-28,Shipped,Website,SAVE10
63964,14966,2025-04-13,Delivered,Marketplace,SAVE10
63965,12082,2026-08-18,Delivered,Website,SAVE10
63966,12082,2025-06-21,Delivered,Website,NONE
63967,14963,2024-05-23,Delivered,Website,FEST15
63968,13148,2025-09-04,Delivered,Mobile App,NONE
63969,12734,2026-08-07,Delivered,Mobile App,NONE
63970,11434,2024-07-22,Delivered,Marketplace,NONE
63971,14659,2024-03-18,Delivered,Mobile App,WELCOME5
63972,11267,2026-05-24,Delivered,Website,FEST15
63973,11964,2024-06-16,Shipped,Mobile App,WELCOME5
63974,14231,2026-03-14,Delivered,Website,NONE
63975,12553,2025-02-19,Delivered,Marketplace,NONE
63976,13791,2026-02-02,Processing,Website,SAVE10
63977,14975,2025-11-22,Delivered,Website,WELCOME5
63978,13217,2026-02-20,Delivered,Marketplace,WELCOME5
63979,10814,2026-01-08,Delivered,Mobile App,NONE
63980,13762,2025-05-24,Delivered,Website,WELCOME5
63981,12999,2024-08-24,Delivered,Mobile App,NONE
63982,10877,2026-07-13,Delivered,Website,NONE
63983,10554,2024-07-01,Delivered,Website,NONE
63984,14671,2024-12-20,Delivered,Website,SAVE10
63985,10530,2024-09-29,Delivered,Marketplace,NONE
63986,12274,2025-02-11,Delivered,Mobile App,SAVE10
63987,14926,2024-08-29,Delivered,Website,NONE
63988,14344,2026-03-02,Delivered,Mobile App,NONE
63989,14196,2025-02-28,Shipped,Marketplace,WELCOME5
63990,13681,2026-04-22,Delivered,Mobile App,WELCOME5
63991,12387,2024-01-31,Cancelled,Website,SAVE10
63992,11430,2025-03-11,Delivered,Marketplace,NONE
63993,14487,2025-07-21,Delivered,Marketplace,WELCOME5
63994,12847,2026-04-02,Delivered,Website,NONE
63995,11980,2025-12-09,Delivered,Mobile App,NONE
63996,14834,2025-09-06,Delivered,Website,NONE
63997,11850,2026-03-30,Delivered,Website,NONE
63998,10186,2025-01-11,Delivered,Website,SAVE10
63999,13005,2026-07-16,Delivered,Marketplace,NONE
64000,12133,2026-05-28,Delivered,Mobile App,SAVE10
64001,13114,2026-05-31,Delivered,Marketplace,BIG20
64002,13103,2025-05-03,Delivered,Mobile App,NONE
64003,13150,2024-03-31,Delivered,Mobile App,NONE
64004,11700,2026-04-03,Delivered,Mobile App,SAVE10
64005,11261,2025-02-07,Delivered,Website,SAVE10
64006,11590,2026-02-27,Delivered,Mobile App,SAVE10
64007,14826,2024-02-23,Delivered,Website,NONE
64008,13744,2024-04-03,Delivered,Website,NONE
64009,11963,2024-12-04,Cancelled,Website,WELCOME5
64010,14582,2026-04-24,Cancelled,Mobile App,NONE
64011,13824,2024-01-30,Delivered,Marketplace,NONE
64012,12689,2024-06-06,Delivered,Website,SAVE10
64013,14001,2025-04-25,Delivered,Marketplace,NONE
64014,14742,2026-02-28,Shipped,Mobile App,BIG20
64015,12840,2024-05-30,Delivered,Mobile App,SAVE10
64016,10507,2026-01-02,Delivered,Mobile App,BIG20
64017,12155,2025-04-19,Delivered,Website,FEST15
64018,11138,2025-12-16,Shipped,Website,NONE
64019,13497,2025-11-27,Delivered,Website,SAVE10
64020,10439,2026-06-12,Delivered,Website,NONE
64021,12340,2024-02-26,Delivered,Website,NONE
64022,12178,2025-08-05,Delivered,Website,NONE
64023,11930,2025-03-18,Delivered,Mobile App,BIG20
64024,13134,2024-11-24,Processing,Mobile App,NONE
64025,12728,2025-12-19,Delivered,Mobile App,WELCOME5
64026,11003,2025-07-29,Delivered,Website,NONE
64027,14002,2025-03-06,Delivered,Mobile App,NONE
64028,12243,2025-11-06,Delivered,Marketplace,BIG20
64029,10785,2025-07-11,Delivered,Marketplace,NONE
64030,13422,2024-12-19,Cancelled,Mobile App,BIG20
64031,11964,2024-11-21,Delivered,Mobile App,SAVE10
64032,13198,2024-09-03,Delivered,Marketplace,WELCOME5
64033,13774,2024-10-14,Delivered,Website,SAVE10
64034,13147,2025-04-20,Delivered,Website,NONE
64035,14706,2024-06-24,Delivered,Mobile App,FEST15
64036,13031,2026-05-21,Delivered,Website,FEST15
64037,11906,2025-07-18,Processing,Website,NONE
64038,14934,2025-09-03,Delivered,Marketplace,NONE
64039,12574,2025-07-10,Delivered,Website,NONE
64040,13570,2026-05-20,Delivered,Mobile App,NONE
64041,11656,2026-03-05,Delivered,Website,NONE
64042,14539,2025-04-05,Shipped,Website,WELCOME5
64043,14700,2024-11-29,Delivered,Website,FEST15
64044,14759,2026-07-07,Shipped,Website,NONE
64045,11941,2025-08-04,Delivered,Website,NONE
64046,14299,2026-02-06,Delivered,Mobile App,NONE
64047,13361,2024-05-15,Delivered,Mobile App,NONE
64048,10476,2024-12-09,Delivered,Website,SAVE10
64049,14587,2024-09-13,Delivered,Mobile App,NONE
64050,12647,2025-03-10,Processing,Website,NONE
64051,12663,2025-05-03,Delivered,Website,NONE
64052,11908,2026-08-25,Delivered,Website,NONE
64053,14266,2024-04-11,Delivered,Mobile App,BIG20
64054,10486,2026-07-14,Delivered,Mobile App,WELCOME5
64055,11923,2026-02-26,Delivered,Website,NONE
64056,12822,2025-02-01,Delivered,Website,NONE
64057,10981,2024-09-29,Delivered,Mobile App,NONE
64058,11065,2026-03-19,Delivered,Mobile App,NONE
64059,13080,2024-05-12,Cancelled,Mobile App,NONE
64060,12909,2026-06-01,Shipped,Website,FEST15
64061,14090,2026-07-03,Shipped,Mobile App,NONE
64062,14087,2024-09-01,Shipped,Website,FEST15
64063,10091,2025-06-27,Delivered,Mobile App,NONE
64064,11970,2025-05-17,Delivered,Website,WELCOME5
64065,14235,2026-01-13,Delivered,Website,FEST15
64066,14750,2026-01-04,Shipped,Website,NONE
64067,10474,2026-08-23,Delivered,Mobile App,FEST15
64068,13833,2024-03-15,Cancelled,Website,SAVE10
64069,11162,2026-03-04,Delivered,Website,NONE
64070,14022,2026-02-20,Delivered,Mobile App,NONE
64071,12231,2025-12-20,Delivered,Mobile App,SAVE10
64072,10562,2024-07-23,Shipped,Website,NONE
64073,11021,2025-12-21,Delivered,Mobile App,NONE
64074,14710,2025-04-09,Delivered,Marketplace,WELCOME5
64075,13839,2024-09-27,Delivered,Mobile App,BIG20
64076,10173,2024-12-29,Delivered,Mobile App,SAVE10
64077,14741,2025-02-05,Delivered,Mobile App,SAVE10
64078,14220,2025-12-18,Delivered,Marketplace,FEST15
64079,12727,2024-07-13,Delivered,Website,NONE
64080,10149,2024-08-14,Shipped,Website,NONE
64081,12175,2024-12-25,Delivered,Mobile App,NONE
64082,10813,2025-03-28,Delivered,Website,NONE
64083,11828,2026-07-06,Delivered,Website,NONE
64084,11577,2024-09-14,Delivered,Marketplace,NONE
64085,13565,2026-05-29,Delivered,Mobile App,NONE
64086,13689,2024-02-23,Delivered,Website,NONE
64087,10864,2025-05-10,Delivered,Website,WELCOME5
64088,14498,2026-03-29,Delivered,Mobile App,BIG20
64089,13352,2024-10-28,Delivered,Website,NONE
64090,13333,2024-08-05,Shipped,Website,NONE
64091,13881,2025-08-10,Shipped,Mobile App,NONE
64092,13639,2024-08-13,Delivered,Marketplace,NONE
64093,13945,2024-01-15,Delivered,Website,NONE
64094,11449,2024-02-15,Delivered,Mobile App,WELCOME5
64095,13434,2025-04-09,Delivered,Website,NONE
64096,14877,2025-05-02,Shipped,Marketplace,FEST15
64097,13772,2024-01-26,Processing,Website,WELCOME5
64098,12039,2024-09-17,Cancelled,Website,NONE
64099,13161,2026-01-04,Delivered,Website,SAVE10
64100,14565,2025-07-02,Delivered,Website,NONE
64101,13278,2025-08-16,Cancelled,Mobile App,SAVE10
64102,13897,2025-12-02,Delivered,Website,NONE
64103,14450,2026-05-26,Delivered,Mobile App,NONE
64104,11837,2024-02-14,Shipped,Mobile App,NONE
64105,11677,2025-04-13,Delivered,Website,FEST15
64106,11716,2024-07-13,Delivered,Website,NONE
64107,11845,2025-10-09,Delivered,Website,WELCOME5
64108,13398,2025-01-14,Shipped,Mobile App,NONE
64109,12430,2024-05-29,Delivered,Website,NONE
64110,14703,2026-05-03,Delivered,Mobile App,NONE
64111,13433,2025-05-15,Delivered,Mobile App,WELCOME5
64112,13362,2024-04-16,Delivered,Marketplace,FEST15
64113,14751,2024-08-06,Delivered,Marketplace,NONE
64114,14288,2025-12-22,Delivered,Website,FEST15
64115,10163,2025-04-01,Delivered,Mobile App,FEST15
64116,14832,2026-07-13,Delivered,Mobile App,NONE
64117,14410,2024-02-18,Shipped,Mobile App,NONE
64118,11651,2024-03-16,Delivered,Website,SAVE10
64119,11179,2025-10-30,Delivered,Website,NONE
64120,12693,2024-11-19,Delivered,Website,NONE
64121,14997,2026-04-28,Delivered,Website,FEST15
64122,13046,2026-01-16,Delivered,Mobile App,SAVE10
64123,12895,2024-01-23,Processing,Mobile App,NONE
64124,11086,2026-06-26,Shipped,Website,NONE
64125,14489,2026-07-13,Processing,Website,NONE
64126,13988,2024-08-27,Delivered,Mobile App,SAVE10
64127,10285,2025-08-17,Delivered,Website,NONE
64128,11309,2025-09-14,Shipped,Website,NONE
64129,14407,2024-02-06,Shipped,Website,NONE
64130,13535,2025-12-10,Delivered,Website,NONE
64131,12018,2026-07-28,Delivered,Mobile App,SAVE10
64132,12620,2025-01-26,Delivered,Mobile App,NONE
64133,10631,2026-08-14,Delivered,Website,SAVE10
64134,14184,2025-10-11,Delivered,Mobile App,NONE
64135,13156,2025-12-14,Delivered,Mobile App,NONE
64136,12558,2025-06-16,Delivered,Website,NONE
64137,13060,2025-11-01,Processing,Mobile App,WELCOME5
64138,12934,2026-06-28,Delivered,Website,NONE
64139,12171,2025-07-26,Shipped,Website,NONE
64140,10906,2025-06-06,Shipped,Marketplace,NONE
64141,12404,2024-06-13,Processing,Mobile App,SAVE10
64142,14041,2025-05-16,Delivered,Mobile App,SAVE10
64143,10268,2026-04-17,Delivered,Website,SAVE10
64144,12011,2025-10-11,Delivered,Website,SAVE10
64145,14105,2025-11-25,Delivered,Mobile App,NONE
64146,12899,2024-05-27,Delivered,Website,NONE
64147,10124,2026-04-01,Delivered,Website,NONE
64148,14231,2025-05-30,Delivered,Mobile App,NONE
64149,10268,2025-03-18,Delivered,Marketplace,NONE
64150,12397,2024-02-19,Delivered,Website,SAVE10
64151,10571,2026-05-16,Shipped,Marketplace,FEST15
64152,11373,2025-08-31,Shipped,Website,WELCOME5
64153,11968,2024-10-29,Delivered,Website,WELCOME5
64154,11328,2025-06-02,Shipped,Marketplace,NONE
64155,14379,2026-05-31,Delivered,Website,NONE
64156,12832,2026-03-25,Delivered,Mobile App,NONE
64157,11807,2024-10-15,Delivered,Website,NONE
64158,11457,2026-02-12,Delivered,Website,NONE
64159,12489,2024-01-08,Delivered,Mobile App,FEST15
64160,11693,2025-02-23,Processing,Website,NONE
64161,14032,2025-06-16,Delivered,Mobile App,NONE
64162,11175,2025-10-01,Delivered,Mobile App,WELCOME5
64163,13450,2024-01-01,Delivered,Mobile App,SAVE10
64164,12232,2024-10-21,Delivered,Website,SAVE10
64165,11320,2024-09-06,Delivered,Website,NONE
64166,12331,2025-01-11,Delivered,Mobile App,NONE
64167,10599,2025-11-01,Delivered,Marketplace,NONE
64168,12630,2024-03-16,Delivered,Marketplace,NONE
64169,13586,2025-12-28,Delivered,Website,SAVE10
64170,12965,2024-04-07,Delivered,Website,WELCOME5
64171,10077,2025-05-06,Shipped,Website,BIG20
64172,12940,2026-03-05,Processing,Mobile App,NONE
64173,10128,2026-05-02,Delivered,Website,NONE
64174,11837,2026-07-31,Delivered,Marketplace,SAVE10
64175,13175,2025-02-22,Delivered,Mobile App,SAVE10
64176,14504,2025-04-19,Delivered,Website,WELCOME5
64177,14883,2026-05-24,Shipped,Mobile App,NONE
64178,12559,2024-05-04,Processing,Marketplace,SAVE10
64179,11067,2026-06-01,Delivered,Website,WELCOME5
64180,14161,2024-03-26,Shipped,Website,SAVE10
64181,11780,2024-03-29,Shipped,Mobile App,NONE
64182,12787,2024-02-14,Delivered,Website,FEST15
64183,10991,2024-08-11,Delivered,Website,NONE
64184,11854,2026-05-02,Delivered,Website,NONE
64185,12399,2024-07-20,Delivered,Mobile App,NONE
64186,13694,2025-03-04,Delivered,Marketplace,NONE
64187,14499,2026-02-20,Cancelled,Mobile App,SAVE10
64188,10885,2026-05-03,Shipped,Website,FEST15
64189,12797,2025-03-01,Delivered,Website,SAVE10
64190,14849,2024-12-17,Delivered,Marketplace,FEST15
64191,10083,2025-03-26,Delivered,Mobile App,BIG20
64192,12862,2025-07-24,Delivered,Website,NONE
64193,13839,2024-11-08,Delivered,Mobile App,WELCOME5
64194,10521,2025-10-15,Delivered,Mobile App,SAVE10
64195,13341,2026-02-22,Delivered,Mobile App,NONE
64196,12107,2024-02-18,Delivered,Website,NONE
64197,13006,2026-03-07,Delivered,Mobile App,BIG20
64198,13563,2025-10-23,Delivered,Website,SAVE10
64199,10722,2024-02-26,Processing,Marketplace,SAVE10
64200,10341,2026-02-14,Cancelled,Mobile App,NONE
64201,11582,2025-04-25,Delivered,Marketplace,FEST15
64202,11307,2024-01-22,Delivered,Website,NONE
64203,11444,2024-03-20,Shipped,Website,NONE
64204,14622,2024-02-27,Delivered,Mobile App,NONE
64205,13438,2025-01-29,Cancelled,Website,BIG20
64206,11782,2025-05-21,Delivered,website,NONE
64207,13028,2024-08-21,Shipped,Mobile App,WELCOME5
64208,10796,2026-07-31,Delivered,Website,NONE
64209,10916,2024-01-31,Delivered,Website,SAVE10
64210,10492,2026-08-02,Delivered,Mobile App,NONE
64211,12132,2024-05-26,Delivered,Website,NONE
64212,13096,2024-04-16,Delivered,Marketplace,NONE
64213,12543,2025-04-22,Delivered,Mobile App,WELCOME5
64214,12791,2026-01-08,Shipped,Mobile App,NONE
64215,10816,2025-10-03,Delivered,Website,FEST15
64216,13239,2026-02-08,Delivered,Website,WELCOME5
64217,12764,2025-03-15,Delivered,Marketplace,
64218,14791,2026-04-30,Delivered,Mobile App,BIG20
64219,11236,2026-01-11,Delivered,Website,SAVE10
64220,10301,2024-02-12,Cancelled,Website,NONE
64221,12276,2025-05-01,Delivered,Website,NONE
64222,10989,2026-08-01,Processing,Mobile App,NONE
64223,10875,2025-12-05,Delivered,Website,FEST15
64224,11170,2026-03-08,Delivered,Website,FEST15
64225,13400,2025-11-29,Shipped,Marketplace,NONE
64226,12136,2025-08-12,Cancelled,Website,NONE
64227,14371,2024-11-20,Delivered,Website,NONE
64228,10606,2024-03-05,Processing,Website,SAVE10
64229,14660,2024-10-19,Delivered,Mobile App,SAVE10
64230,12050,2024-08-20,Delivered,Website,NONE
64231,12669,2025-12-03,Delivered,Marketplace,SAVE10
64232,14081,2024-12-02,Delivered,Website,NONE
64233,12459,2024-12-09,Processing,Website,SAVE10
64234,10819,2026-04-11,Delivered,Website,FEST15
64235,11203,2024-07-08,Delivered,Mobile App,NONE
64236,14583,2026-01-08,Delivered,Mobile App,SAVE10
64237,10349,2024-12-07,Delivered,Website,SAVE10
64238,14557,2026-07-01,Delivered,Website,NONE
64239,13376,2026-07-15,Shipped,Website,NONE
64240,12565,2025-02-13,Processing,Website,BIG20
64241,11581,2026-01-28,Delivered,Website,NONE
64242,14301,2026-06-08,Delivered,Website,SAVE10
64243,10163,2025-08-08,Delivered,Mobile App,WELCOME5
64244,13558,2026-05-18,Delivered,Mobile App,WELCOME5
64245,11050,2025-10-24,Delivered,Mobile App,FEST15
64246,11784,2024-01-18,Delivered,Mobile App,NONE
64247,10320,2025-08-12,Delivered,Website,NONE
64248,12809,2024-08-20,Delivered,Marketplace,SAVE10
64249,10738,2025-07-27,Shipped,Website,FEST15
64250,10584,2026-02-14,Delivered,Marketplace,NONE
64251,11644,2024-07-11,Delivered,Marketplace,NONE
64252,12479,2025-10-07,Delivered,Website,NONE
64253,14725,2025-06-09,Shipped,Website,NONE
64254,14150,2024-08-04,Delivered,Website,FEST15
64255,12003,2026-01-06,Delivered,Mobile App,NONE
64256,12927,2026-01-28,Delivered,Website,SAVE10
64257,13851,2024-01-07,Delivered,Marketplace,NONE
64258,11911,2024-11-03,Delivered,Marketplace,NONE
64259,13840,2024-03-12,Processing,Website,SAVE10
64260,13318,2025-08-07,Delivered,Website,FEST15
64261,13516,2026-05-05,Shipped,Marketplace,NONE
64262,14885,2026-06-25,Cancelled,Website,NONE
64263,11883,2025-01-19,Delivered,Mobile App,NONE
64264,10338,2024-08-20,Delivered,Mobile App,FEST15
64265,12682,2024-10-31,Delivered,Mobile App,NONE
64266,11652,2024-02-23,Shipped,Website,NONE
64267,10295,2024-12-05,Shipped,Website,NONE
64268,10780,2025-10-02,Processing,Mobile App,BIG20
64269,12669,2024-01-18,Delivered,Website,NONE
64270,14785,2025-12-07,Delivered,Mobile App,FEST15
64271,11693,2026-03-29,Delivered,Website,BIG20
64272,12730,2024-10-30,Delivered,Website,NONE
64273,10887,2026-01-14,Processing,Website,NONE
64274,10649,2025-03-30,Shipped,Mobile App,NONE
64275,13912,2026-08-16,Delivered,Mobile App,WELCOME5
64276,13061,2025-05-01,Delivered,Website,NONE
64277,10948,2025-08-04,Delivered,Website,FEST15
64278,12503,2026-03-02,Delivered,Mobile App,NONE
64279,12901,2024-09-22,Delivered,Website,NONE
64280,10297,2025-11-03,Shipped,Mobile App,NONE
64281,11501,2026-04-05,Delivered,Marketplace,SAVE10
64282,14323,2024-09-21,Delivered,Website,NONE
64283,11815,2026-02-21,Delivered,Mobile App,SAVE10
64284,13546,2024-09-21,Delivered,Website,WELCOME5
64285,13027,2025-08-14,Delivered,Mobile App,NONE
64286,10027,2024-11-11,Delivered,Marketplace,NONE
64287,14739,2025-09-01,Delivered,Marketplace,NONE
64288,14799,2024-05-21,Delivered,Website,FEST15
64289,13342,2026-02-24,Delivered,Mobile App,FEST15
64290,10797,2024-05-10,Delivered,Website,NONE
64291,14223,2024-11-21,Delivered,Mobile App,SAVE10
64292,10002,2026-03-03,Delivered,Mobile App,NONE
64293,12550,2024-04-03,Cancelled,Mobile App,SAVE10
64294,12137,2026-03-17,Delivered,Website,NONE
64295,13489,2025-01-23,Processing,Mobile App,NONE
64296,10704,2024-09-09,Processing,Website,WELCOME5
64297,14377,2026-03-17,Cancelled,Website,NONE
64298,12851,2026-04-04,Shipped,Website,FEST15
64299,11302,2026-04-15,Shipped,Website,NONE
64300,11558,2025-07-07,Delivered,Website,NONE
64301,13433,2024-07-10,Delivered,Website,NONE
64302,10926,2025-11-21,Delivered,Website,NONE
64303,11484,2025-11-13,Delivered,Marketplace,NONE
64304,14927,2026-05-04,Delivered,Website,SAVE10
64305,14400,2025-12-15,Delivered,Mobile App,NONE
64306,11664,2024-10-26,Delivered,Mobile App,NONE
64307,12779,2025-03-10,Delivered,Website,NONE
64308,12074,2025-10-04,Delivered,Website,SAVE10
64309,11004,2026-01-23,Delivered,Marketplace,WELCOME5
64310,11472,2024-10-26,Delivered,Mobile App,NONE
64311,10541,2024-09-09,Shipped,Website,NONE
64312,14185,2026-05-25,Shipped,Website,WELCOME5
64313,11232,2026-08-20,Delivered,Mobile App,NONE
64314,10984,2024-10-17,Delivered,Mobile App,NONE
64315,13190,2024-03-04,Delivered,Mobile App,NONE
64316,10639,2025-08-29,Delivered,Website,SAVE10
64317,14782,2024-01-16,Delivered,Website,BIG20
64318,14408,2024-07-04,Delivered,Website,SAVE10
64319,12064,2025-05-25,Delivered,Mobile App,WELCOME5
64320,10917,2024-12-24,Delivered,Mobile App,SAVE10
64321,10701,2024-02-17,Delivered,Mobile App,SAVE10
64322,14290,2024-12-06,Delivered,Mobile App,NONE
64323,12205,2025-10-16,Delivered,Mobile App,FEST15
64324,12891,2025-12-28,Delivered,Website,NONE
64325,10621,2025-12-30,Cancelled,Website,NONE
64326,14117,2024-10-04,Delivered,Website,SAVE10
64327,12589,2025-10-05,Shipped,Website,WELCOME5
64328,10351,2024-11-13,Delivered,Website,FEST15
64329,10381,2025-09-23,Delivered,Website,NONE
64330,14819,2024-01-10,Delivered,Website,WELCOME5
64331,10285,2025-02-01,Shipped,Website,NONE
64332,11499,2024-11-02,Delivered,Website,NONE
64333,10065,2025-10-09,Shipped,Website,SAVE10
64334,10294,2024-09-20,Delivered,Mobile App,NONE
64335,14064,2024-10-17,Delivered,Mobile App,NONE
64336,13825,2025-06-12,Delivered,Mobile App,FEST15
64337,11656,2025-09-26,Delivered,Marketplace,BIG20
64338,10893,2025-01-24,Delivered,Website,NONE
64339,11244,2026-05-15,Delivered,Website,NONE
64340,11756,2026-08-09,Delivered,Mobile App,NONE
64341,13884,2025-08-11,Delivered,Website,SAVE10
64342,12974,2025-06-13,Delivered,Website,NONE
64343,12221,2025-05-20,Delivered,Mobile App,FEST15
64344,10344,2024-03-11,Delivered,Website,SAVE10
64345,10578,2025-02-03,Delivered,Marketplace,SAVE10
64346,11010,2026-02-24,Delivered,Mobile App,NONE
64347,11061,2025-11-03,Delivered,Marketplace,NONE
64348,12446,2024-02-21,Processing,Website,BIG20
64349,14315,2024-05-14,Delivered,Website,WELCOME5
64350,12110,2026-03-23,Delivered,Website,NONE
64351,11645,2025-12-13,Delivered,Mobile App,NONE
64352,12788,2025-01-28,Delivered,Website,BIG20
64353,10380,2026-07-02,Delivered,Website,NONE
64354,13644,2024-02-29,Delivered,Website,WELCOME5
64355,10278,2026-01-08,Shipped,Marketplace,NONE
64356,11765,2026-08-06,Delivered,Mobile App,NONE
64357,14765,2025-02-28,Delivered,Mobile App,NONE
64358,12023,2025-04-25,Delivered,Mobile App,NONE
64359,13739,2024-07-25,Delivered,Mobile App,WELCOME5
64360,11362,2026-04-09,Delivered,Website,BIG20
64361,14261,2025-12-04,Delivered,Website,NONE
64362,11699,2025-02-11,Delivered,Website,WELCOME5
64363,11137,2024-08-15,Shipped,Website,NONE
64364,10256,2025-03-23,Delivered,Mobile App,SAVE10
64365,11533,2025-03-14,Delivered,Website,NONE
64366,12901,2024-12-17,Delivered,Mobile App,NONE
64367,10318,2026-03-25,Cancelled,Mobile App,NONE
64368,10864,2024-12-23,Delivered,Website,SAVE10
64369,11735,2024-04-20,Delivered,Website,WELCOME5
64370,13582,2026-02-08,Delivered,Marketplace,BIG20
64371,12985,2025-12-09,Delivered,Mobile App,FEST15
64372,10211,2024-01-30,Delivered,Mobile App,FEST15
64373,10183,2025-11-05,Delivered,Website,NONE
64374,10300,2025-04-20,Delivered,Mobile App,NONE
64375,11654,2025-10-15,Delivered,Website,SAVE10
64376,11424,2024-09-14,Delivered,Website,NONE
64377,10585,2024-06-21,Delivered,Website,NONE
64378,12193,2025-06-24,Delivered,Website,NONE
64379,12957,2024-02-22,Shipped,Marketplace,NONE
64380,13469,2024-07-27,Processing,Mobile App,WELCOME5
64381,14977,2024-02-13,Delivered,Website,NONE
64382,13461,2024-12-04,Delivered,Mobile App,NONE
64383,14930,2026-05-29,Delivered,Website,BIG20
64384,14867,2025-06-01,Shipped,Website,NONE
64385,14235,2025-12-17,Delivered,Website,NONE
64386,11759,2025-12-20,Delivered,Website,NONE
64387,10218,2024-05-02,Shipped,Website,FEST15
64388,10297,2026-07-06,Delivered,Marketplace,BIG20
64389,14354,2024-05-29,Delivered,Mobile App,NONE
64390,14307,2024-08-23,Delivered,Marketplace,NONE
64391,11548,2025-09-27,Shipped,Website,NONE
64392,13654,2025-04-13,Delivered,Website,SAVE10
64393,12272,2024-07-27,Delivered,Mobile App,NONE
64394,10341,2024-12-04,Delivered,Mobile App,SAVE10
64395,13271,2025-01-31,Delivered,Mobile App,NONE
64396,10417,2025-08-10,Delivered,Mobile App,BIG20
64397,10654,2026-02-05,Delivered,Website,NONE
64398,12384,2024-12-21,Delivered,Mobile App,FEST15
64399,10351,2025-01-15,Shipped,Mobile App,FEST15
64400,11709,2024-04-04,Delivered,Mobile App,NONE
64401,13765,2026-07-15,Cancelled,Mobile App,NONE
64402,12982,2025-08-18,Cancelled,Website,NONE
64403,10278,2024-09-09,Processing,Website,FEST15
64404,11096,2024-02-04,Delivered,Marketplace,NONE
64405,14969,2026-07-10,Delivered,Mobile App,NONE
64406,14797,2024-02-11,Delivered,Mobile App,NONE
64407,14596,2024-06-25,Delivered,Website,SAVE10
64408,12561,2026-05-07,Processing,Website,FEST15
64409,12153,2024-11-23,Delivered,Website,WELCOME5
64410,13754,2026-04-24,Shipped,Website,NONE
64411,14785,2025-06-17,Cancelled,Mobile App,FEST15
64412,10629,2025-06-29,Processing,Website,SAVE10
64413,14477,2026-06-23,Delivered,Website,BIG20
64414,13085,2024-01-18,Cancelled,Website,NONE
64415,10705,2024-12-03,Delivered,Website,WELCOME5
64416,14326,2024-11-28,Shipped,Mobile App,NONE
64417,10161,2025-12-11,Delivered,Website,NONE
64418,10115,2024-12-01,Delivered,Marketplace,NONE
64419,11839,2026-05-04,Delivered,Website,NONE
64420,12700,2025-11-30,Delivered,Marketplace,NONE
64421,12139,2026-05-30,Delivered,Website,NONE
64422,11234,2026-02-26,Delivered,Marketplace,WELCOME5
64423,13287,2025-12-25,Delivered,Mobile App,NONE
64424,12392,2024-12-09,Delivered,Marketplace,NONE
64425,10599,2025-12-06,Delivered,Marketplace,NONE
64426,14080,2025-02-13,Delivered,Website,NONE
64427,11546,2024-11-28,Delivered,Website,NONE
64428,13451,2024-08-05,Delivered,Website,NONE
64429,11756,2026-05-18,Processing,Website,NONE
64430,13773,2025-12-07,Cancelled,Website,NONE
64431,11411,2024-02-17,Delivered,Website,NONE
64432,11059,2024-12-04,Delivered,Website,NONE
64433,10371,2025-07-16,Delivered,Website,NONE
64434,14163,2025-11-15,Delivered,Mobile App,SAVE10
64435,13608,2024-10-24,Shipped,Mobile App,SAVE10
64436,13070,2025-11-16,Delivered,Marketplace,NONE
64437,13039,2024-09-21,Delivered,Website,NONE
64438,10347,2024-05-31,Delivered,Marketplace,FEST15
64439,12061,2024-03-25,Delivered,Website,FEST15
64440,14314,2026-05-08,Shipped,Website,NONE
64441,11447,2025-09-29,Delivered,Website,NONE
64442,10279,2026-03-10,Delivered,Website,NONE
64443,14197,2025-06-04,Delivered,Website,WELCOME5
64444,10144,2025-07-19,Delivered,Marketplace,NONE
64445,13445,2024-10-09,Delivered,Mobile App,NONE
64446,14169,2024-03-24,Delivered,Mobile App,NONE
64447,13727,2025-11-24,Shipped,Website,NONE
64448,10066,2024-06-11,Delivered,Mobile App,NONE
64449,14482,2026-04-28,Delivered,Website,NONE
64450,10443,2024-03-30,Delivered,Marketplace,NONE
64451,14259,2026-08-05,Delivered,Website,NONE
64452,10085,2025-03-25,Delivered,Website,NONE
64453,12455,2024-10-01,Shipped,Website,FEST15
64454,14402,2024-09-14,Shipped,Mobile App,NONE
64455,11316,2025-10-19,Processing,Mobile App,BIG20
64456,10224,2026-03-16,Delivered,Mobile App,NONE
64457,10443,2025-04-06,Shipped,Website,NONE
64458,11864,2025-02-26,Delivered,Website,NONE
64459,11803,2026-05-02,Delivered,Website,NONE
64460,11085,2025-03-14,Delivered,Mobile App,NONE
64461,12287,2024-11-16,Delivered,Website,NONE
64462,11709,2026-06-13,Shipped,Website,SAVE10
64463,12953,2026-02-17,Shipped,Website,SAVE10
64464,11453,2025-07-14,Processing,Website,SAVE10
64465,11573,2024-01-11,Delivered,Mobile App,NONE
64466,14440,2025-01-10,Delivered,Website,SAVE10
64467,13924,2026-08-06,Delivered,Website,NONE
64468,13844,2026-08-11,Delivered,Website,BIG20
64469,11898,2025-10-15,Delivered,Website,NONE
64470,14426,2025-03-24,Delivered,Website,BIG20
64471,11706,2026-04-13,Processing,Website,BIG20
64472,13601,2025-07-16,Delivered,Mobile App,BIG20
64473,13757,2024-02-28,Delivered,Website,WELCOME5
64474,11652,2025-01-05,Delivered,Website,NONE
64475,13078,2024-11-10,Delivered,Website,WELCOME5
64476,10930,2025-10-11,Delivered,Mobile App,NONE
64477,11921,2024-07-31,Delivered,Website,NONE
64478,12649,2026-01-22,Delivered,Website,BIG20
64479,13330,2024-08-24,Delivered,Website,NONE
64480,11784,2025-09-01,Delivered,Mobile App,NONE
64481,13560,2024-10-18,Delivered,Website,FEST15
64482,13218,2024-08-28,Cancelled,Website,FEST15
64483,14320,2025-11-14,Delivered,Mobile App,NONE
64484,10195,2026-07-03,Delivered,Marketplace,FEST15
64485,12568,2026-02-14,Delivered,Mobile App,NONE
64486,13565,2025-05-11,Delivered,Website,SAVE10
64487,12112,2026-06-06,Delivered,Mobile App,WELCOME5
64488,11498,2026-03-12,Delivered,Website,NONE
64489,12909,2026-06-09,Delivered,Mobile App,NONE
64490,12312,2024-01-09,Delivered,Mobile App,WELCOME5
64491,12149,2026-02-27,Shipped,Mobile App,SAVE10
64492,14894,2025-05-17,Delivered,Website,BIG20
64493,12115,2025-11-08,Delivered,Website,SAVE10
64494,11078,2026-06-26,Delivered,Website,NONE
64495,10084,2025-05-19,Delivered,Website,NONE
64496,10589,2025-10-29,Delivered,Mobile App,FEST15
64497,12685,2026-08-11,Delivered,Website,NONE
64498,11050,2024-04-20,Processing,Mobile App,WELCOME5
64499,10548,2025-12-20,Processing,Mobile App,WELCOME5
64500,11758,2025-11-19,Delivered,Mobile App,NONE
64501,11203,2024-07-03,Shipped,Mobile App,FEST15
64502,12682,2024-01-15,Delivered,Website,NONE
64503,10282,2025-09-05,Cancelled,Website,NONE
64504,14902,2024-12-23,Shipped,Mobile App,FEST15
64505,14557,2024-10-31,Delivered,Mobile App,NONE
64506,14350,2024-08-17,Delivered,Website,NONE
64507,10858,2025-06-12,Shipped,Website,NONE
64508,13575,2024-09-01,Shipped,Mobile App,BIG20
64509,10069,2024-03-13,Delivered,Website,NONE
64510,13603,2024-02-10,Delivered,Website,NONE
64511,13989,2024-09-08,Delivered,Website,NONE
64512,11419,2025-08-21,Delivered,Website,NONE
64513,12319,2025-05-27,Cancelled,Website,NONE
64514,14640,2025-12-20,Delivered,Mobile App,NONE
64515,10992,2025-08-03,Delivered,Mobile App,NONE
64516,12698,2024-10-10,Delivered,Mobile App,SAVE10
64517,11520,2026-06-09,Shipped,Marketplace,NONE
64518,10813,2025-07-23,Delivered,Website,SAVE10
64519,13409,2025-08-23,Shipped,Marketplace,FEST15
64520,14752,2025-04-27,Delivered,Website,NONE
64521,12827,2025-02-14,Delivered,Website,SAVE10
64522,12533,2026-08-21,Delivered,Mobile App,SAVE10
64523,12669,2025-01-12,Delivered,Website,NONE
64524,10778,2026-02-26,Cancelled,Website,SAVE10
64525,11007,2024-03-22,Delivered,Mobile App,BIG20
64526,13677,2026-07-06,Delivered,Mobile App,NONE
64527,12930,2026-01-04,Processing,Website,FEST15
64528,11169,2026-03-10,Shipped,Website,SAVE10
64529,10098,2024-11-05,Cancelled,Mobile App,FEST15
64530,10939,2025-09-29,Delivered,Mobile App,NONE
64531,12526,2026-01-02,Delivered,Mobile App,WELCOME5
64532,11338,2024-03-10,Delivered,Marketplace,NONE
64533,13655,2025-09-21,Shipped,Marketplace,NONE
64534,12892,2026-04-12,Delivered,Website,SAVE10
64535,10738,2026-04-02,Shipped,Website,NONE
64536,11463,2026-01-08,Delivered,Mobile App,NONE
64537,10179,2026-05-16,Delivered,Website,NONE
64538,10205,2024-09-30,Processing,Website,WELCOME5
64539,13762,2025-10-30,Delivered,Website,NONE
64540,11938,2024-09-18,Delivered,Mobile App,NONE
64541,14409,2026-04-16,Delivered,Website,NONE
64542,11172,2025-05-23,Shipped,Website,NONE
64543,11608,2026-03-13,Delivered,Website,WELCOME5
64544,12558,2024-10-01,Delivered,Mobile App,FEST15
64545,11405,2024-10-24,Processing,Website,SAVE10
64546,12298,2026-07-30,Delivered,Mobile App,FEST15
64547,10613,2026-05-27,Shipped,Mobile App,SAVE10
64548,10391,2024-07-06,Shipped,Website,WELCOME5
64549,14304,2025-01-10,Delivered,Website,NONE
64550,11227,2024-05-28,Delivered,Mobile App,SAVE10
64551,10511,2025-09-09,Delivered,Mobile App,FEST15
64552,11408,2024-02-12,Delivered,Website,NONE
64553,12098,2024-01-26,Delivered,Website,NONE
64554,12424,2025-06-20,Delivered,Website,FEST15
64555,13830,2026-05-18,Delivered,Website,NONE
64556,14112,2025-12-19,Cancelled,Marketplace,FEST15
64557,11460,2025-11-05,Delivered,Mobile App,SAVE10
64558,11094,2025-07-22,Delivered,Website,SAVE10
64559,10619,2024-06-24,Delivered,Website,SAVE10
64560,10791,2024-07-21,Delivered,Marketplace,FEST15
64561,10143,2025-08-21,Delivered,Website,SAVE10
64562,10006,2026-06-14,Delivered,Website,NONE
64563,12092,2024-02-16,Delivered,Website,FEST15
64564,13033,2025-01-02,Delivered,Mobile App,SAVE10
64565,14097,2024-07-01,Delivered,Marketplace,WELCOME5
64566,11629,2024-05-16,Delivered,Marketplace,WELCOME5
64567,11446,2024-12-08,Shipped,Website,NONE
64568,13351,2024-07-04,Delivered,Mobile App,SAVE10
64569,13184,2024-08-25,Delivered,Mobile App,FEST15
64570,13451,2025-03-01,Delivered,Website,NONE
64571,10851,2025-12-22,Shipped,Mobile App,BIG20
64572,10224,2025-06-12,Delivered,Marketplace,SAVE10
64573,12725,2025-06-11,Delivered,Website,WELCOME5
64574,12093,2025-08-06,Delivered,Website,SAVE10
64575,11292,2024-08-06,Delivered,Website,NONE
64576,14840,2024-03-12,Delivered,Mobile App,FEST15
64577,10796,2024-01-28,Delivered,Marketplace,NONE
64578,11376,2026-04-21,Delivered,Mobile App,FEST15
64579,13750,2026-04-29,Delivered,Website,NONE
64580,12648,2024-11-22,Delivered,Mobile App,NONE
64581,11157,2026-01-30,Delivered,Website,SAVE10
64582,12690,2024-09-08,Delivered,Mobile App,NONE
64583,12097,2024-10-22,Delivered,Mobile App,NONE
64584,11303,2025-10-28,Shipped,Website,WELCOME5
64585,13356,2026-06-18,Delivered,Website,SAVE10
64586,13897,2025-08-18,Delivered,Website,SAVE10
64587,10343,2026-07-19,Delivered,Mobile App,NONE
64588,10019,2026-08-21,Processing,Website,NONE
64589,14517,2024-01-29,Delivered,Mobile App,NONE
64590,11134,2025-02-02,Delivered,Website,NONE
64591,10432,2025-04-02,Delivered,Mobile App,NONE
64592,12963,2024-06-26,Delivered,Mobile App,SAVE10
64593,11613,2024-07-25,Cancelled,Website,SAVE10
64594,14587,2026-08-01,Delivered,Mobile App,BIG20
64595,14803,2024-06-22,Delivered,Marketplace,FEST15
64596,10048,2025-04-12,Cancelled,Website,WELCOME5
64597,10958,2025-04-12,Delivered,Website,NONE
64598,13005,2025-10-03,Delivered,Website,NONE
64599,11681,2025-06-15,Cancelled,Mobile App,NONE
64600,10017,2024-02-11,Shipped,Mobile App,SAVE10
64601,12313,2025-03-13,Delivered,Mobile App,WELCOME5
64602,13115,2024-11-21,Delivered,Mobile App,NONE
64603,14950,2024-05-04,Delivered,Website,WELCOME5
64604,12058,2026-08-15,Delivered,Website,NONE
64605,13948,2025-06-08,Delivered,Website,SAVE10
64606,12173,2026-07-24,Delivered,Marketplace,NONE
64607,13358,2026-06-07,Processing,Website,NONE
64608,14838,2026-08-12,Delivered,Website,NONE
64609,14063,2024-08-17,Processing,Mobile App,SAVE10
64610,13412,2026-03-10,Delivered,Mobile App,NONE
64611,14138,2024-02-09,Delivered,Mobile App,NONE
64612,10983,2025-04-30,Processing,Mobile App,NONE
64613,13981,2026-04-22,Processing,Marketplace,NONE
64614,14987,2025-07-08,Processing,Website,NONE
64615,14866,2024-07-14,Shipped,Marketplace,NONE
64616,11284,2024-03-13,Delivered,Marketplace,NONE
64617,12138,2025-03-20,Delivered,Website,BIG20
64618,13430,2026-02-08,Delivered,Mobile App,NONE
64619,10369,2026-06-11,Delivered,Marketplace,NONE
64620,13402,2025-12-27,Processing,Website,NONE
64621,11378,2025-03-05,Delivered,Website,FEST15
64622,14249,2025-11-18,Delivered,Website,SAVE10
64623,13070,2026-01-30,Shipped,Mobile App,SAVE10
64624,11995,2025-01-06,Delivered,Mobile App,WELCOME5
64625,10251,2024-09-12,Delivered,Website,NONE
64626,13480,2024-09-14,Processing,Mobile App,BIG20
64627,12682,2025-12-24,Delivered,Mobile App,SAVE10
64628,13130,2026-02-24,Delivered,Website,BIG20
64629,10090,2024-07-07,Delivered,Website,SAVE10
64630,12183,2026-08-03,Delivered,Website,FEST15
64631,13781,2024-01-19,Delivered,Website,NONE
64632,14580,2025-02-14,Delivered,Mobile App,NONE
64633,11756,2025-04-13,Delivered,Marketplace,WELCOME5
64634,11260,2024-02-23,Delivered,Mobile App,NONE
64635,13531,2025-12-03,Delivered,Website,NONE
64636,11122,2026-05-23,Processing,Mobile App,WELCOME5
64637,14442,2024-08-18,Delivered,Website,NONE
64638,13152,2025-10-30,Delivered,Website,NONE
64639,14628,2026-07-11,Delivered,Website,FEST15
64640,10952,2025-10-13,Processing,Mobile App,NONE
64641,10420,2025-03-14,Shipped,Website,NONE
64642,14150,2026-07-04,Shipped,Website,WELCOME5
64643,11445,2025-01-24,Shipped,Website,FEST15
64644,11699,2025-10-12,Cancelled,Website,NONE
64645,11341,2026-01-16,Delivered,Website,NONE
64646,12106,2025-08-21,Delivered,Website,NONE
64647,14495,2024-10-31,Delivered,Mobile App,NONE
64648,13412,2025-11-19,Shipped,Website,NONE
64649,10361,2024-10-27,Processing,Mobile App,BIG20
64650,14426,2025-04-14,Delivered,Marketplace,NONE
64651,12207,2025-06-12,Delivered,Mobile App,NONE
64652,13450,2024-10-05,Delivered,Mobile App,NONE
64653,11827,2026-01-14,Shipped,Marketplace,NONE
64654,10472,2024-09-01,Delivered,Website,NONE
64655,12099,2024-06-05,Delivered,Marketplace,NONE
64656,11691,2025-12-05,Delivered,Website,SAVE10
64657,10090,2026-05-03,Delivered,Website,SAVE10
64658,13751,2024-08-23,Processing,Website,NONE
64659,14309,2025-05-17,Delivered,Marketplace,FEST15
64660,14539,2026-06-22,Delivered,Website,FEST15
64661,11222,2024-12-24,Delivered,Website,NONE
64662,13170,2025-01-25,Delivered,Website,NONE
64663,12661,2025-11-08,Delivered,Website,NONE
64664,12981,2025-09-06,Delivered,Marketplace,NONE
64665,13990,2024-05-02,Delivered,Mobile App,NONE
64666,11897,2024-02-11,Delivered,Mobile App,NONE
64667,11375,2024-12-19,Processing,Website,NONE
64668,12391,2025-03-11,Delivered,Marketplace,NONE
64669,13329,2025-08-17,Delivered,Website,WELCOME5
64670,12162,2025-01-22,Cancelled,Website,NONE
64671,11518,2024-05-08,Shipped,Website,WELCOME5
64672,10276,2026-01-02,Delivered,Website,SAVE10
64673,12866,2025-02-22,Delivered,Marketplace,SAVE10
64674,10110,2024-02-23,Delivered,Mobile App,NONE
64675,12354,2025-08-02,Delivered,Website,NONE
64676,13088,2025-01-25,Delivered,Mobile App,NONE
64677,12306,2025-06-03,Delivered,Mobile App,SAVE10
64678,12550,2026-04-12,Processing,Website,NONE
64679,11388,2024-07-04,Delivered,Website,WELCOME5
64680,11225,2025-10-10,Shipped,Website,NONE
64681,14225,2024-04-24,Processing,Mobile App,FEST15
64682,14464,2026-01-24,Shipped,Marketplace,NONE
64683,10802,2024-12-20,Delivered,Marketplace,SAVE10
64684,11033,2026-01-10,Shipped,Mobile App,NONE
64685,11786,2024-02-09,Shipped,Website,SAVE10
64686,13503,2025-10-04,Delivered,Mobile App,NONE
64687,10310,2024-08-31,Delivered,Marketplace,BIG20
64688,13942,2025-01-14,Delivered,Mobile App,SAVE10
64689,10035,2024-08-14,Delivered,Mobile App,NONE
64690,14202,2025-01-22,Delivered,Website,NONE
64691,10205,2026-02-06,Processing,Mobile App,NONE
64692,14198,2024-02-19,Delivered,Mobile App,NONE
64693,14719,2025-08-07,Delivered,Mobile App,SAVE10
64694,13971,2024-07-08,Delivered,Website,NONE
64695,14921,2025-01-20,Cancelled,Website,WELCOME5
64696,12290,2025-06-25,Delivered,Website,WELCOME5
64697,13209,2024-04-03,Delivered,Marketplace,NONE
64698,13120,2026-05-18,Processing,Mobile App,FEST15
64699,10059,2025-10-22,Delivered,Marketplace,BIG20
64700,14289,2025-08-16,Delivered,Website,SAVE10
64701,13526,2026-06-21,Cancelled,Website,SAVE10
64702,12102,2025-01-10,Shipped,Mobile App,NONE
64703,11074,2024-05-16,Delivered,Website,NONE
64704,13355,2026-03-17,Cancelled,Mobile App,NONE
64705,14908,2025-09-07,Shipped,Website,NONE
64706,10798,2025-03-11,Cancelled,Website,NONE
64707,14601,2024-03-23,Delivered,Website,NONE
64708,12824,2024-09-09,Delivered,Marketplace,NONE
64709,13944,2025-07-19,Delivered,Mobile App,NONE
64710,10706,2024-03-18,Delivered,Mobile App,NONE
64711,10523,2025-06-15,Delivered,Mobile App,NONE
64712,13302,2026-03-14,Delivered,Mobile App,NONE
64713,11418,2025-03-11,Delivered,Mobile App,BIG20
64714,11885,2025-08-20,Delivered,Website,NONE
64715,13112,2024-07-28,Delivered,Website,FEST15
64716,11140,2025-07-17,Cancelled,Mobile App,NONE
64717,11708,2024-06-26,Shipped,Website,BIG20
64718,11804,2025-11-30,Delivered,Website,NONE
64719,11764,2025-05-31,Delivered,Marketplace,BIG20
64720,13508,2025-08-09,Cancelled,Mobile App,WELCOME5
64721,10759,2024-11-06,Delivered,Mobile App,WELCOME5
64722,14541,2024-12-06,Delivered,Mobile App,BIG20
64723,13581,2025-10-01,Delivered,Website,WELCOME5
64724,10057,2025-08-22,Cancelled,Marketplace,BIG20
64725,12826,2025-11-01,Delivered,Website,NONE
64726,10840,2024-05-15,Shipped,Mobile App,NONE
64727,10764,2024-07-01,Delivered,Website,SAVE10
64728,13529,2024-10-14,Delivered,Marketplace,NONE
64729,11247,2025-01-10,Delivered,Website,NONE
64730,12844,2025-06-05,Delivered,Website,WELCOME5
64731,11422,2025-05-19,Cancelled,Marketplace,NONE
64732,11596,2024-08-03,Delivered,Website,NONE
64733,13354,2024-02-04,Delivered,Mobile App,NONE
64734,13259,2026-03-08,Processing,Website,NONE
64735,10108,2025-07-16,Delivered,Website,NONE
64736,14336,2024-02-13,Delivered,Website,FEST15
64737,12935,2026-04-07,Delivered,Website,SAVE10
64738,11290,2024-12-27,Delivered,Mobile App,NONE
64739,10564,2025-10-04,Shipped,Marketplace,NONE
64740,12429,2025-03-16,Delivered,Website,NONE
64741,13479,2024-07-05,Delivered,Mobile App,FEST15
64742,10104,2025-10-22,Delivered,Marketplace,SAVE10
64743,11450,2024-12-18,Delivered,Website,NONE
64744,14730,2024-05-30,Shipped,Marketplace,WELCOME5
64745,10502,2024-08-03,Delivered,Website,NONE
64746,14009,2026-03-07,Delivered,Website,NONE
64747,11192,2025-05-19,Cancelled,Mobile App,FEST15
64748,12526,2025-02-17,Delivered,Website,NONE
64749,13817,2026-01-27,Cancelled,Website,SAVE10
64750,14960,2024-08-31,Delivered,Website,NONE
64751,13018,2024-05-26,Delivered,Website,NONE
64752,11102,2024-04-05,Delivered,Mobile App,NONE
64753,10409,2024-04-08,Processing,Mobile App,NONE
64754,13720,2026-06-16,Delivered,Website,NONE
64755,12893,2026-05-23,Processing,Mobile App,SAVE10
64756,13848,2025-01-26,Shipped,Marketplace,NONE
64757,14937,2025-04-03,Delivered,Marketplace,BIG20
64758,14155,2025-01-04,Delivered,Mobile App,WELCOME5
64759,12509,2025-06-15,Processing,Mobile App,FEST15
64760,13426,2024-06-23,Delivered,Marketplace,SAVE10
64761,13126,2025-10-01,Shipped,Website,FEST15
64762,10953,2025-05-06,Delivered,Mobile App,FEST15
64763,11545,2026-06-05,Shipped,Mobile App,NONE
64764,10457,2024-11-06,Delivered,Mobile App,NONE
64765,11843,2026-01-08,Delivered,Website,NONE
64766,10902,2024-06-09,Processing,Website,WELCOME5
64767,14485,2024-03-30,Delivered,Marketplace,WELCOME5
64768,14292,2025-12-31,Processing,Website,NONE
64769,13639,2026-05-11,Delivered,Marketplace,FEST15
64770,12010,2026-05-21,Shipped,Mobile App,FEST15
64771,10038,2024-02-26,Delivered,Website,SAVE10
64772,12731,2024-12-07,Delivered,Mobile App,NONE
64773,10124,2025-04-04,Delivered,Marketplace,NONE
64774,10127,2024-10-04,Delivered,Website,NONE
64775,10774,2024-10-16,Cancelled,Mobile App,NONE
64776,12458,2024-12-28,Delivered,Marketplace,NONE
64777,13746,2024-01-25,Delivered,Website,NONE
64778,12047,2026-06-16,Cancelled,Marketplace,SAVE10
64779,13876,2024-10-18,Delivered,Website,NONE
64780,12673,2025-07-20,Delivered,Mobile App,SAVE10
64781,14469,2026-02-04,Delivered,Website,FEST15
64782,11877,2024-06-09,Delivered,Mobile App,BIG20
64783,11502,2024-07-18,Delivered,Website,FEST15
64784,10378,2025-09-05,Delivered,Marketplace,FEST15
64785,11096,2026-08-22,Shipped,Mobile App,NONE
64786,10220,2025-01-24,Processing,Marketplace,FEST15
64787,10869,2026-06-03,Cancelled,Marketplace,SAVE10
64788,14749,2024-01-17,Delivered,Mobile App,NONE
64789,12723,2025-12-15,Delivered,Website,BIG20
64790,13020,2026-07-29,Delivered,Marketplace,NONE
64791,11924,2025-12-24,Cancelled,Website,FEST15
64792,13217,2024-04-21,Delivered,Marketplace,SAVE10
64793,12812,2024-01-11,Delivered,Mobile App,NONE
64794,14578,2025-02-05,Cancelled,Mobile App,WELCOME5
64795,13978,2025-06-26,Delivered,Mobile App,NONE
64796,12755,2025-09-29,Delivered,Website,NONE
64797,13909,2026-06-19,Delivered,Mobile App,WELCOME5
64798,13078,2025-07-22,Delivered,Website,NONE
64799,14974,2024-09-16,Delivered,Marketplace,NONE
64800,12616,2024-01-05,Delivered,Website,NONE
64801,14256,2026-06-23,Delivered,Mobile App,NONE
64802,10880,2025-08-12,Processing,Mobile App,FEST15
64803,10842,2025-10-20,Processing,Mobile App,NONE
64804,11558,2025-12-06,Delivered,Mobile App,NONE
64805,14118,2026-02-15,Delivered,Website,BIG20
64806,14422,2026-04-03,Delivered,Mobile app ,SAVE10
64807,12006,2026-04-23,Delivered,Website,NONE
64808,12220,2024-06-27,Processing,Mobile App,BIG20
64809,12447,2024-10-14,Delivered,Website,WELCOME5
64810,11021,2024-02-05,Delivered,Mobile App,SAVE10
64811,12686,2024-04-28,Shipped,Mobile App,NONE
64812,14141,2026-07-05,Cancelled,Mobile App,NONE
64813,13756,2025-02-14,Delivered,Website,SAVE10
64814,10437,2025-10-22,Delivered,Mobile App,NONE
64815,11769,2025-07-02,Cancelled,Mobile App,WELCOME5
64816,13198,2025-03-17,Delivered,Website,NONE
64817,12966,2024-06-06,Shipped,Website,
64818,13501,2025-12-04,Delivered,Website,WELCOME5
64819,13737,2025-12-30,Delivered,Website,SAVE10
64820,11519,2024-06-01,Delivered,Website,NONE
64821,12349,2024-11-07,Delivered,Mobile App,NONE
64822,10835,2026-07-18,Delivered,Mobile App,NONE
64823,13586,2026-04-08,Delivered,Website,SAVE10
64824,12242,2025-09-26,Delivered,Marketplace,NONE
64825,11744,2026-07-19,Delivered,Website,WELCOME5
64826,13776,2026-04-30,Shipped,Mobile App,NONE
64827,14690,2025-08-19,Delivered,Mobile App,FEST15
64828,14434,2025-06-24,Delivered,Mobile App,SAVE10
64829,10675,2025-09-21,Delivered,Website,NONE
64830,14077,2026-02-15,Shipped,Marketplace,NONE
64831,12836,2026-07-20,Delivered,Mobile App,SAVE10
64832,10548,2024-11-13,Delivered,Website,NONE
64833,11940,2024-10-18,Delivered,Mobile App,NONE
64834,11114,2024-05-09,Shipped,Website,FEST15
64835,11291,2024-01-11,Delivered,Website,NONE
64836,13085,2024-12-09,Delivered,Website,SAVE10
64837,12018,2024-08-30,Delivered,Website,NONE
64838,13550,2026-05-20,Cancelled,Website,NONE
64839,14031,2025-04-18,Delivered,Website,NONE
64840,10044,2025-11-08,Delivered,Mobile App,WELCOME5
64841,14123,2024-07-20,Delivered,Website,WELCOME5
64842,10713,2025-03-18,Delivered,Mobile App,NONE
64843,10030,2026-02-23,Delivered,Mobile App,NONE
64844,10471,2024-08-16,Shipped,Marketplace,WELCOME5
64845,10255,2025-01-16,Shipped,Website,NONE
64846,11706,2025-08-03,Delivered,Mobile App,NONE
64847,14198,2024-07-13,Delivered,Mobile App,NONE
64848,13405,2025-07-29,Delivered,Mobile App,SAVE10
64849,12211,2025-08-19,Delivered,Mobile App,SAVE10
64850,14716,2025-05-29,Delivered,Mobile App,SAVE10
64851,12437,2024-06-09,Delivered,Mobile App,FEST15
64852,10448,2025-12-16,Shipped,Mobile App,NONE
64853,10099,2026-03-23,Delivered,Website,WELCOME5
64854,12531,2024-08-23,Delivered,Mobile App,SAVE10
64855,11125,2024-04-16,Delivered,Mobile App,BIG20
64856,11863,2025-05-10,Delivered,Mobile App,SAVE10
64857,11548,2024-06-18,Delivered,Website,FEST15
64858,11992,2024-10-26,Delivered,Website,NONE
64859,14812,2025-09-29,Delivered,Mobile App,NONE
64860,10341,2024-07-18,Processing,Marketplace,NONE
64861,10546,2024-12-21,Shipped,Marketplace,NONE
64862,11442,2024-11-18,Delivered,Mobile App,WELCOME5
64863,13714,2025-11-24,Delivered,Mobile App,NONE
64864,11263,2026-02-17,Shipped,Website,NONE
64865,11246,2026-04-25,Delivered,Website,NONE
64866,13592,2024-04-20,Delivered,Website,NONE
64867,13009,2026-01-16,Shipped,Marketplace,SAVE10
64868,13210,2024-09-24,Delivered,Website,NONE
64869,13298,2026-05-17,Delivered,Mobile App,NONE
64870,13182,2025-06-01,Delivered,Marketplace,NONE
64871,12778,2026-06-13,Processing,Website,BIG20
64872,12597,2025-01-23,Delivered,Website,NONE
64873,13836,2024-11-07,Delivered,Mobile App,NONE
64874,11711,2026-03-13,Delivered,Website,NONE
64875,11611,2024-12-11,Delivered,Mobile App,NONE
64876,11219,2026-01-25,Delivered,Website,SAVE10
64877,14152,2024-02-19,Delivered,Mobile App,NONE
64878,10057,2025-10-19,Delivered,Marketplace,NONE
64879,11047,2026-05-30,Delivered,Website,NONE
64880,10740,2024-10-01,Delivered,Mobile App,BIG20
64881,11868,2026-08-14,Shipped,Marketplace,SAVE10
64882,11100,2024-01-21,Shipped,Website,NONE
64883,12527,2024-05-01,Delivered,Website,NONE
64884,14878,2024-10-31,Cancelled,Mobile App,SAVE10
64885,12137,2024-10-31,Delivered,Mobile App,NONE
64886,14853,2025-08-05,Delivered,Website,NONE
64887,11545,2026-04-21,Delivered,Mobile App,NONE
64888,13839,2024-04-08,Delivered,Mobile App,NONE
64889,10691,2025-12-27,Delivered,Website,NONE
64890,13052,2026-03-09,Delivered,Website,NONE
64891,13758,2025-07-18,Delivered,Mobile App,SAVE10
64892,13345,2026-08-14,Cancelled,Website,WELCOME5
64893,14689,2024-04-03,Shipped,Website,SAVE10
64894,13003,2025-12-16,Processing,Website,WELCOME5
64895,12932,2025-02-08,Delivered,Website,SAVE10
64896,13235,2025-02-06,Delivered,Website,SAVE10
64897,11769,2025-08-05,Delivered,Mobile App,BIG20
64898,11097,2026-02-12,Delivered,Marketplace,FEST15
64899,14528,2025-04-12,Delivered,Mobile App,NONE
64900,14884,2024-09-21,Delivered,Website,SAVE10
64901,14658,2024-09-15,Delivered,Mobile App,NONE
64902,13784,2026-07-14,Delivered,Mobile App,NONE
64903,11118,2025-02-05,Cancelled,Website,NONE
64904,11172,2024-12-21,Delivered,Website,NONE
64905,11548,2025-07-02,Delivered,Website,WELCOME5
64906,12569,2025-10-31,Delivered,Website,WELCOME5
64907,11180,2024-02-06,Delivered,Marketplace,SAVE10
64908,13947,2024-01-19,Delivered,Website,NONE
64909,10423,2025-07-10,Delivered,Mobile App,NONE
64910,14556,2025-09-03,Delivered,Website,NONE
64911,12263,2025-04-21,Delivered,Website,SAVE10
64912,11920,2024-10-14,Delivered,Mobile App,NONE
64913,12251,2026-01-29,Delivered,Mobile App,NONE
64914,12419,2024-04-09,Shipped,Website,FEST15
64915,12758,2025-09-12,Cancelled,Mobile App,NONE
64916,11550,2025-02-24,Delivered,Mobile App,FEST15
64917,11521,2024-12-21,Shipped,Website,BIG20
64918,11883,2024-04-12,Delivered,Mobile App,NONE
64919,10781,2025-10-11,Delivered,Mobile App,FEST15
64920,11139,2024-06-28,Delivered,Mobile App,BIG20
64921,12094,2025-06-07,Delivered,Website,NONE
64922,10150,2026-05-18,Shipped,Website,NONE
64923,12100,2025-12-20,Processing,Mobile App,NONE
64924,12082,2024-03-02,Delivered,Website,BIG20
64925,10014,2026-08-10,Shipped,Mobile App,SAVE10
64926,12353,2025-08-29,Delivered,Website,NONE
64927,13309,2026-03-17,Delivered,Mobile App,NONE
64928,13900,2024-02-28,Delivered,Website,NONE
64929,11937,2026-06-06,Delivered,Website,NONE
64930,12614,2025-11-27,Shipped,Marketplace,FEST15
64931,10392,2026-05-07,Delivered,Website,BIG20
64932,11632,2026-08-06,Delivered,Marketplace,WELCOME5
64933,13319,2026-03-27,Cancelled,Mobile App,NONE
64934,12317,2025-02-20,Delivered,Marketplace,WELCOME5
64935,14771,2026-03-24,Delivered,Marketplace,NONE
64936,13981,2026-07-28,Delivered,Marketplace,NONE
64937,14536,2026-05-30,Delivered,Website,NONE
64938,12405,2025-09-14,Delivered,Mobile App,SAVE10
64939,10384,2026-07-18,Processing,Website,NONE
64940,12776,2025-07-31,Delivered,Mobile App,NONE
64941,14730,2025-03-07,Delivered,Website,NONE
64942,10865,2024-06-15,Delivered,Website,NONE
64943,14802,2025-03-27,Delivered,Marketplace,NONE
64944,10039,2026-07-12,Delivered,Mobile App,NONE
64945,13071,2024-04-25,Delivered,Mobile App,NONE
64946,14649,2026-04-15,Delivered,Marketplace,NONE
64947,11056,2025-09-15,Shipped,Marketplace,NONE
64948,11340,2024-05-07,Shipped,Mobile App,NONE
64949,14037,2024-08-07,Delivered,Mobile App,SAVE10
64950,11738,2024-01-28,Delivered,Website,NONE
64951,13277,2025-12-19,Delivered,Mobile App,NONE
64952,10575,2024-12-14,Delivered,Mobile App,WELCOME5
64953,13361,2024-06-29,Delivered,Mobile App,NONE
64954,12565,2024-06-03,Delivered,Mobile App,NONE
64955,12504,2025-05-04,Delivered,Mobile App,NONE
64956,13686,2024-11-22,Shipped,Website,WELCOME5
64957,12239,2026-05-27,Delivered,Website,WELCOME5
64958,13431,2026-07-18,Delivered,Website,NONE
64959,12131,2024-07-13,Cancelled,Mobile App,NONE
64960,14279,2026-04-16,Delivered,Website,NONE
64961,12780,2024-02-28,Cancelled,Mobile App,NONE
64962,11433,2025-03-02,Delivered,Mobile App,NONE
64963,14395,2025-07-14,Delivered,Mobile App,SAVE10
64964,11574,2024-09-24,Delivered,Mobile App,WELCOME5
64965,14712,2025-09-21,Delivered,Marketplace,NONE
64966,14828,2025-07-14,Processing,Mobile App,FEST15
64967,12790,2026-06-25,Delivered,Mobile App,NONE
64968,12283,2026-06-28,Delivered,Website,WELCOME5
64969,11329,2026-03-03,Delivered,Website,FEST15
64970,14173,2026-02-05,Delivered,Website,SAVE10
64971,11344,2024-11-23,Delivered,Mobile App,WELCOME5
64972,13058,2026-04-21,Delivered,Website,FEST15
64973,14021,2024-12-17,Delivered,Website,WELCOME5
64974,10905,2026-01-08,Delivered,Marketplace,SAVE10
64975,10864,2025-04-16,Shipped,Website,NONE
64976,14788,2025-05-03,Delivered,Marketplace,NONE
64977,14938,2026-02-24,Processing,Mobile App,NONE
64978,11623,2024-05-17,Delivered,Website,WELCOME5
64979,11162,2026-04-05,Delivered,Website,NONE
64980,13209,2026-03-05,Delivered,Mobile App,SAVE10
64981,12918,2025-04-02,Delivered,Website,NONE
64982,11273,2025-09-23,Delivered,website,NONE
64983,11078,2024-09-13,Delivered,Mobile App,NONE
64984,12879,2026-01-19,Delivered,Mobile App,NONE
64985,11375,2024-04-25,Delivered,Website,NONE
64986,12706,2025-12-12,Delivered,Website,NONE
64987,13438,2025-10-19,Delivered,Website,NONE
64988,11306,2024-08-26,Delivered,Marketplace,WELCOME5
64989,12859,2026-03-01,Delivered,Marketplace,NONE
64990,14944,2024-10-04,Delivered,Mobile App,NONE
64991,12689,2025-06-09,Processing,Website,NONE
64992,10704,2026-04-10,Shipped,Website,SAVE10
64993,13675,2024-02-27,Delivered,Marketplace,NONE
64994,12216,2025-01-30,Delivered,Marketplace,WELCOME5
64995,13583,2025-08-31,Shipped,Website,FEST15
64996,10157,2024-06-21,Delivered,Website,NONE
64997,13559,2025-05-13,Delivered,Mobile App,BIG20
64998,13414,2025-09-15,Processing,Mobile App,SAVE10
64999,10019,2026-04-25,Processing,Mobile App,NONE
65000,12311,2024-10-16,Delivered,Marketplace,NONE
65001,12350,2026-03-17,Processing,Website,SAVE10
65002,12801,2025-09-15,Delivered,Marketplace,NONE
65003,13082,2025-05-09,Shipped,Website,SAVE10
65004,13493,2025-07-26,Delivered,Mobile App,NONE
65005,14568,2026-08-16,Delivered,Mobile App,NONE
65006,13821,2025-10-05,Delivered,Mobile App,SAVE10
65007,11554,2025-02-21,Delivered,Website,NONE
65008,14830,2026-08-21,Delivered,Website,WELCOME5
65009,12392,2025-11-02,Delivered,Mobile App,WELCOME5
65010,14320,2024-09-25,Delivered,Website,NONE
65011,12427,2025-08-15,Processing,Website,NONE
65012,11620,2026-08-04,Delivered,Website,NONE
65013,13615,2025-11-09,Processing,Mobile App,NONE
65014,13637,2026-01-10,Delivered,Mobile App,WELCOME5
65015,10604,2025-10-03,Delivered,Mobile App,FEST15
65016,10380,2026-04-09,Shipped,Website,NONE
65017,13790,2024-03-19,Delivered,Mobile App,SAVE10
65018,10682,2026-02-17,Delivered,Website,NONE
65019,12296,2026-05-23,Delivered,Marketplace,FEST15
65020,12299,2024-01-23,Delivered,Website,BIG20
65021,12198,2026-02-03,Shipped,Mobile App,SAVE10
65022,12299,2025-05-03,Delivered,Mobile App,NONE
65023,14754,2025-01-08,Delivered,Mobile App,NONE
65024,12529,2024-04-12,Processing,Mobile App,SAVE10
65025,14339,2024-11-04,Delivered,Mobile App,SAVE10
65026,12376,2025-10-15,Delivered,Mobile App,BIG20
65027,12359,2025-05-13,Shipped,Website,NONE
65028,13207,2024-02-27,Delivered,Mobile App,NONE
65029,11170,2024-10-24,Delivered,Mobile App,SAVE10
65030,14772,2024-02-02,Delivered,Mobile app ,SAVE10
65031,14660,2024-12-18,Delivered,Mobile App,SAVE10
65032,10864,2026-05-29,Delivered,Website,SAVE10
65033,10734,2026-01-05,Processing,Website,NONE
65034,11788,2026-06-08,Shipped,Website,NONE
65035,10952,2024-06-10,Delivered,Mobile App,NONE
65036,10372,2025-08-28,Delivered,Mobile App,WELCOME5
65037,14042,2024-10-19,Delivered,Mobile App,SAVE10
65038,11000,2025-03-22,Delivered,Mobile App,SAVE10
65039,11843,2026-07-27,Delivered,Website,NONE
65040,14937,2026-03-14,Delivered,Mobile App,NONE
65041,11995,2025-11-06,Delivered,Marketplace,FEST15
65042,10198,2026-07-24,Delivered,Mobile App,BIG20
65043,11218,2025-04-28,Delivered,Website,NONE
65044,11069,2024-02-22,Delivered,website,NONE
65045,12781,2026-06-03,Delivered,Website,NONE
65046,12133,2024-04-10,Delivered,Website,NONE
65047,10385,2024-09-15,Delivered,Mobile App,FEST15
65048,11464,2026-05-27,Delivered,Website,SAVE10
65049,12342,2026-05-10,Processing,Website,NONE
65050,12727,2024-04-06,Delivered,Mobile App,NONE
65051,12088,2026-04-10,Shipped,Website,WELCOME5
65052,14953,2025-11-23,Delivered,Marketplace,FEST15
65053,12458,2024-04-14,Delivered,Mobile App,FEST15
65054,13520,2025-06-20,Delivered,Mobile App,NONE
65055,12859,2024-09-14,Delivered,Mobile App,SAVE10
65056,12030,2025-05-20,Shipped,Mobile App,NONE
65057,10142,2024-06-28,Delivered,Mobile App,NONE
65058,13415,2024-04-04,Delivered,Mobile App,NONE
65059,14297,2025-09-23,Delivered,Website,NONE
65060,14362,2025-12-07,Delivered,Website,BIG20
65061,13967,2024-07-04,Delivered,Mobile App,SAVE10
65062,11146,2025-08-06,Delivered,Website,NONE
65063,12258,2025-04-22,Delivered,Website,WELCOME5
65064,13585,2026-06-19,Delivered,Website,SAVE10
65065,13659,2025-07-02,Delivered,Website,NONE
65066,13070,2025-04-11,Cancelled,Website,NONE
65067,10247,2024-01-09,Processing,Mobile App,FEST15
65068,13670,2026-06-04,Delivered,Mobile App,NONE
65069,12828,2025-10-03,Delivered,Website,NONE
65070,10421,2024-06-27,Processing,Mobile App,FEST15
65071,12695,2024-01-06,Shipped,Website,WELCOME5
65072,13665,2024-07-16,Delivered,Website,WELCOME5
65073,14678,2025-05-03,Delivered,Website,SAVE10
65074,13941,2026-07-09,Delivered,Website,WELCOME5
65075,11310,2025-08-24,Delivered,Marketplace,FEST15
65076,13437,2024-04-06,Shipped,Website,FEST15
65077,13376,2024-07-05,Delivered,Website,NONE
65078,10987,2024-08-17,Delivered,Mobile App,NONE
65079,14150,2024-03-14,Processing,Mobile App,BIG20
65080,10807,2024-05-17,Processing,Marketplace,FEST15
65081,13751,2024-03-29,Delivered,Mobile App,WELCOME5
65082,13692,2025-11-19,Cancelled,Marketplace,SAVE10
65083,14807,2025-10-24,Delivered,Mobile App,NONE
65084,13239,2026-01-26,Delivered,Mobile App,NONE
65085,10361,2024-06-26,Delivered,Website,SAVE10
65086,14919,2026-05-24,Delivered,Website,SAVE10
65087,11918,2024-12-28,Delivered,Website,NONE
65088,12274,2024-05-22,Cancelled,Mobile App,SAVE10
65089,14339,2024-06-02,Delivered,Website,NONE
65090,11147,2024-11-08,Processing,Website,FEST15
65091,13312,2024-03-26,Delivered,Website,WELCOME5
65092,13849,2024-11-03,Delivered,Website,SAVE10
65093,12649,2025-10-03,Delivered,Mobile App,NONE
65094,13743,2026-08-02,Delivered,Website,FEST15
65095,13566,2024-01-05,Cancelled,Website,BIG20
65096,12614,2025-07-19,Delivered,Website,NONE
65097,10458,2024-08-15,Delivered,Website,FEST15
65098,13731,2024-11-23,Shipped,Mobile App,NONE
65099,13949,2025-09-16,Delivered,Website,NONE
65100,11553,2024-10-16,Delivered,Mobile App,WELCOME5
65101,14093,2025-03-01,Delivered,Website,NONE
65102,11079,2024-11-05,Delivered,Mobile App,NONE
65103,10856,2024-12-17,Delivered,Website,NONE
65104,10631,2025-11-21,Delivered,Mobile App,SAVE10
65105,12762,2024-10-10,Shipped,Website,SAVE10
65106,11453,2025-06-16,Delivered,Mobile App,NONE
65107,13473,2026-02-07,Delivered,Marketplace,BIG20
65108,13273,2025-08-27,Processing,Mobile App,NONE
65109,12134,2026-01-06,Delivered,Website,WELCOME5
65110,11293,2025-04-01,Delivered,Website,NONE
65111,14577,2025-03-26,Delivered,Website,NONE
65112,14418,2024-01-26,Delivered,Website,NONE
65113,11736,2025-11-14,Delivered,Mobile App,FEST15
65114,11249,2025-10-28,Processing,Mobile App,NONE
65115,14020,2025-05-10,Delivered,Mobile App,SAVE10
65116,13423,2025-12-03,Delivered,Website,NONE
65117,12284,2025-09-30,Delivered,Website,NONE
65118,12638,2024-06-23,Shipped,Website,NONE
65119,13626,2024-08-05,Delivered,Website,WELCOME5
65120,11058,2025-09-21,Delivered,Website,SAVE10
65121,14983,2024-04-05,Processing,Marketplace,NONE
65122,12781,2026-05-01,Delivered,Website,NONE
65123,10636,2024-12-04,Delivered,Website,BIG20
65124,14774,2025-08-07,Shipped,Marketplace,SAVE10
65125,14983,2025-05-21,Delivered,Marketplace,FEST15
65126,14721,2025-10-10,Delivered,Website,WELCOME5
65127,13493,2024-12-10,Delivered,Mobile App,BIG20
65128,11458,2025-11-10,Delivered,Mobile App,NONE
65129,12653,2024-06-17,Delivered,Website,WELCOME5
65130,12683,2024-11-10,Shipped,Mobile App,WELCOME5
65131,12546,2024-02-08,Shipped,Marketplace,WELCOME5
65132,10755,2024-05-29,Delivered,Marketplace,SAVE10
65133,11556,2024-02-23,Delivered,Marketplace,NONE
65134,12346,2025-04-03,Delivered,Mobile App,SAVE10
65135,12643,2024-03-12,Delivered,Mobile App,FEST15
65136,11608,2024-08-12,Delivered,Website,NONE
65137,13653,2025-04-13,Delivered,Mobile App,WELCOME5
65138,14648,2025-10-28,Delivered,Mobile App,FEST15
65139,12334,2024-01-25,Delivered,Website,NONE
65140,13164,2025-11-24,Delivered,Marketplace,NONE
65141,10963,2025-05-18,Delivered,Website,SAVE10
65142,10925,2024-01-08,Cancelled,Mobile App,NONE
65143,10365,2024-04-04,Delivered,Mobile App,SAVE10
65144,14962,2026-07-14,Delivered,Website,NONE
65145,11509,2025-03-12,Delivered,Website,FEST15
65146,13471,2026-06-16,Delivered,Mobile App,WELCOME5
65147,13120,2025-05-14,Delivered,Mobile App,BIG20
65148,10674,2024-05-07,Shipped,Website,SAVE10
65149,10833,2025-12-07,Delivered,Website,BIG20
65150,13998,2025-04-08,Processing,Website,NONE
65151,13979,2025-01-01,Delivered,Marketplace,BIG20
65152,12788,2024-07-21,Delivered,Website,NONE
65153,11722,2025-03-06,Delivered,Website,WELCOME5
65154,12002,2026-07-24,Delivered,Website,SAVE10
65155,13955,2024-07-30,Cancelled,Website,FEST15
65156,10982,2025-07-03,Cancelled,Marketplace,SAVE10
65157,10440,2024-02-01,Shipped,Mobile App,WELCOME5
65158,11390,2025-11-10,Delivered,Mobile App,WELCOME5
65159,10949,2026-05-14,Delivered,Marketplace,NONE
65160,10837,2026-08-06,Cancelled,Marketplace,NONE
65161,12320,2026-02-25,Delivered,Marketplace,NONE
65162,14017,2025-10-14,Delivered,Marketplace,NONE
65163,13459,2025-07-19,Delivered,Mobile App,NONE
65164,11365,2026-04-24,Delivered,Marketplace,BIG20
65165,12121,2024-01-10,Delivered,Mobile App,FEST15
65166,12350,2024-08-21,Delivered,Marketplace,NONE
65167,11947,2024-02-13,Delivered,Marketplace,NONE
65168,14840,2024-08-10,Delivered,Mobile App,NONE
65169,14750,2024-08-04,Delivered,Website,NONE
65170,14973,2025-03-03,Processing,Marketplace,WELCOME5
65171,12096,2025-11-01,Delivered,Mobile App,NONE
65172,13957,2026-05-05,Delivered,Marketplace,SAVE10
65173,13679,2025-08-04,Delivered,Website,WELCOME5
65174,13995,2024-02-07,Delivered,Mobile App,SAVE10
65175,10808,2024-04-05,Shipped,Marketplace,BIG20
65176,14725,2025-03-04,Processing,Website,NONE
65177,14693,2025-08-17,Delivered,Website,BIG20
65178,13985,2026-03-11,Delivered,Marketplace,BIG20
65179,12864,2024-12-28,Delivered,Website,NONE
65180,12255,2024-06-21,Delivered,Mobile App,WELCOME5
65181,11241,2024-05-17,Delivered,Mobile App,WELCOME5
65182,10302,2025-08-20,Shipped,Website,WELCOME5
65183,14807,2026-08-26,Delivered,Website,SAVE10
65184,11042,2024-03-08,Shipped,Marketplace,WELCOME5
65185,11708,2024-01-09,Delivered,Mobile App,NONE
65186,12223,2024-01-11,Delivered,Marketplace,SAVE10
65187,13382,2025-06-13,Delivered,Marketplace,WELCOME5
65188,11328,2024-11-05,Delivered,Website,BIG20
65189,11078,2026-03-11,Delivered,Marketplace,WELCOME5
65190,11646,2026-02-20,Delivered,Website,NONE
65191,11650,2025-05-02,Cancelled,Marketplace,BIG20
65192,10295,2024-02-10,Delivered,Mobile App,FEST15
65193,11957,2025-07-07,Processing,Website,BIG20
65194,12761,2024-12-19,Delivered,Mobile App,FEST15
65195,12236,2026-03-22,Cancelled,Marketplace,NONE
65196,11758,2025-12-07,Delivered,Marketplace,FEST15
65197,14587,2026-07-18,Delivered,Website,NONE
65198,11295,2024-12-24,Shipped,Mobile App,NONE
65199,14216,2024-11-09,Delivered,Website,NONE
65200,13052,2025-04-09,Cancelled,Website,NONE
65201,13261,2026-03-11,Processing,Website,NONE
65202,11384,2025-04-30,Delivered,Mobile App,NONE
65203,14831,2024-11-21,Delivered,Website,NONE
65204,12382,2026-05-30,Delivered,Mobile App,NONE
65205,12535,2025-01-14,Delivered,Marketplace,NONE
65206,11233,2026-04-29,Delivered,Mobile App,FEST15
65207,12393,2025-09-11,Delivered,Website,NONE
65208,13403,2024-03-02,Delivered,Marketplace,NONE
65209,14685,2025-04-23,Delivered,Mobile App,NONE
65210,14271,2025-11-02,Shipped,Mobile App,SAVE10
65211,10783,2026-06-06,Delivered,Marketplace,BIG20
65212,10409,2025-06-10,Delivered,Website,WELCOME5
65213,14763,2024-01-15,Delivered,Website,NONE
65214,14100,2024-12-09,Delivered,Website,SAVE10
65215,10757,2026-07-28,Delivered,Website,SAVE10
65216,14259,2025-04-22,Delivered,Website,NONE
65217,13809,2025-01-08,Delivered,Mobile App,NONE
65218,14825,2026-05-03,Delivered,Website,NONE
65219,10804,2025-02-08,Delivered,Mobile App,WELCOME5
65220,14140,2026-01-19,Cancelled,Website,NONE
65221,11826,2024-01-21,Delivered,Website,NONE
65222,12762,2025-07-05,Delivered,Website,NONE
65223,11294,2024-01-23,Delivered,Website,SAVE10
65224,10352,2024-06-19,Delivered,Marketplace,NONE
65225,13485,2025-06-12,Delivered,Website,FEST15
65226,10373,2025-08-23,Delivered,Website,NONE
65227,12327,2024-04-24,Delivered,Website,FEST15
65228,10984,2025-04-28,Shipped,Mobile App,FEST15
65229,14599,2025-01-29,Shipped,Mobile App,NONE
65230,12236,2025-03-09,Shipped,Website,SAVE10
65231,10930,2026-02-25,Delivered,Website,SAVE10
65232,14778,2026-07-04,Delivered,Marketplace,FEST15
65233,13441,2024-03-13,Delivered,Website,WELCOME5
65234,10877,2026-08-20,Delivered,Website,WELCOME5
65235,11774,2024-02-19,Delivered,Website,FEST15
65236,12694,2026-07-11,Processing,Mobile App,NONE
65237,13888,2025-08-20,Delivered,Website,FEST15
65238,14991,2025-12-17,Delivered,Mobile App,BIG20
65239,14205,2024-08-23,Delivered,Mobile App,NONE
65240,10069,2025-08-03,Delivered,Website,SAVE10
65241,12381,2025-07-28,Delivered,Website,FEST15
65242,10235,2024-11-05,Delivered,Marketplace,FEST15
65243,11511,2025-05-03,Delivered,Mobile App,SAVE10
65244,11350,2026-07-07,Shipped,Marketplace,NONE
65245,11331,2024-04-14,Cancelled,Mobile App,SAVE10
65246,11126,2025-03-17,Delivered,Website,NONE
65247,12001,2024-11-22,Delivered,Mobile App,BIG20
65248,12494,2024-07-14,Delivered,Mobile App,WELCOME5
65249,14774,2025-04-09,Processing,Mobile App,NONE
65250,12103,2024-04-17,Delivered,Website,NONE
65251,10118,2024-04-27,Delivered,Mobile App,NONE
65252,12919,2026-03-21,Delivered,Website,FEST15
65253,11503,2024-11-05,Shipped,Website,SAVE10
65254,10736,2024-11-14,Delivered,Website,WELCOME5
65255,13353,2025-10-02,Delivered,Mobile App,FEST15
65256,13430,2026-01-13,Delivered,Mobile App,SAVE10
65257,11745,2026-04-19,Delivered,Website,SAVE10
65258,11074,2025-08-31,Delivered,Marketplace,WELCOME5
65259,12451,2024-09-13,Delivered,Website,NONE
65260,12260,2024-10-02,Delivered,Mobile App,NONE
65261,14847,2025-11-17,Delivered,Website,FEST15
65262,10167,2026-04-05,Cancelled,Website,NONE
65263,10898,2026-06-10,Delivered,Website,NONE
65264,13990,2026-03-30,Delivered,Website,FEST15
65265,14742,2025-08-31,Delivered,Website,FEST15
65266,13136,2024-06-15,Delivered,Website,WELCOME5
65267,11581,2025-02-07,Delivered,Website,FEST15
65268,11044,2024-04-28,Shipped,Website,NONE
65269,14221,2025-03-01,Processing,Website,WELCOME5
65270,13009,2025-08-05,Delivered,Website,SAVE10
65271,12041,2025-10-16,Shipped,Website,NONE
65272,12186,2024-08-14,Delivered,Website,NONE
65273,10744,2025-11-06,Delivered,Mobile App,NONE
65274,14132,2024-11-18,Delivered,Website,BIG20
65275,10244,2025-11-05,Delivered,Website,NONE
65276,14919,2026-06-27,Delivered,Website,NONE
65277,10839,2024-10-07,Delivered,Website,NONE
65278,10623,2024-06-19,Shipped,Website,NONE
65279,10363,2026-07-27,Processing,Website,WELCOME5
65280,12451,2025-04-01,Delivered,Website,FEST15
65281,10282,2024-08-12,Delivered,Website,FEST15
65282,11291,2024-10-13,Shipped,Mobile App,FEST15
65283,13995,2025-03-30,Delivered,Website,FEST15
65284,13749,2024-12-03,Delivered,Marketplace,WELCOME5
65285,11714,2026-05-27,Delivered,Marketplace,SAVE10
65286,10173,2024-12-24,Delivered,Website,NONE
65287,10792,2025-04-03,Delivered,Marketplace,NONE
65288,12723,2024-09-09,Delivered,Mobile App,NONE
65289,12334,2025-11-15,Delivered,Mobile App,SAVE10
65290,14286,2026-01-10,Cancelled,Mobile App,WELCOME5
65291,12417,2025-07-01,Delivered,Website,NONE
65292,11947,2026-02-26,Cancelled,Website,NONE
65293,13128,2024-09-23,Delivered,Mobile App,NONE
65294,14190,2025-06-07,Delivered,Mobile App,FEST15
65295,14087,2025-12-08,Delivered,Website,NONE
65296,10735,2026-05-22,Shipped,Website,WELCOME5
65297,12094,2024-11-13,Delivered,Mobile App,FEST15
65298,14592,2024-05-12,Delivered,Mobile App,NONE
65299,14041,2026-01-29,Delivered,Mobile App,SAVE10
65300,13958,2025-05-06,Cancelled,Website,NONE
65301,10577,2024-02-24,Delivered,Website,NONE
65302,11956,2026-03-14,Delivered,Mobile App,NONE
65303,14161,2025-04-29,Shipped,Website,NONE
65304,10654,2025-08-25,Delivered,Website,FEST15
65305,13589,2024-12-14,Delivered,Mobile App,NONE
65306,12603,2026-08-13,Delivered,Website,SAVE10
65307,13643,2025-02-21,Delivered,Mobile App,NONE
65308,13353,2025-07-31,Delivered,Website,BIG20
65309,10474,2025-06-03,Delivered,Website,SAVE10
65310,10645,2026-07-20,Delivered,Website,FEST15
65311,11684,2025-08-16,Delivered,Website,FEST15
65312,14666,2024-04-05,Shipped,Website,NONE
65313,14685,2026-04-11,Delivered,Website,NONE
65314,13814,2024-02-11,Delivered,Website,NONE
65315,11199,2025-05-24,Cancelled,Mobile App,NONE
65316,14759,2024-12-11,Shipped,Mobile App,SAVE10
65317,13587,2025-04-12,Delivered,Website,NONE
65318,11497,2026-03-27,Delivered,Website,FEST15
65319,13556,2024-04-15,Delivered,Mobile App,WELCOME5
65320,12168,2024-02-18,Delivered,Mobile App,NONE
65321,12392,2026-05-24,Delivered,Mobile App,NONE
65322,11201,2024-09-01,Delivered,Mobile App,NONE
65323,13217,2025-03-04,Processing,Website,NONE
65324,11369,2026-08-13,Delivered,Mobile App,SAVE10
65325,14616,2025-12-04,Delivered,Mobile App,NONE
65326,10727,2025-09-13,Delivered,Website,NONE
65327,11259,2024-01-07,Delivered,Website,NONE
65328,10627,2025-01-16,Delivered,Website,FEST15
65329,11205,2025-05-19,Delivered,Website,SAVE10
65330,13354,2024-03-16,Delivered,Website,BIG20
65331,14729,2025-09-19,Delivered,Marketplace,WELCOME5
65332,10785,2026-01-02,Delivered,Website,FEST15
65333,11115,2024-12-22,Delivered,Website,WELCOME5
65334,10668,2026-06-16,Delivered,Marketplace,NONE
65335,14041,2026-06-25,Delivered,Mobile App,FEST15
65336,12673,2025-12-20,Shipped,Website,SAVE10
65337,11819,2024-10-31,Delivered,Mobile App,WELCOME5
65338,13520,2024-04-22,Shipped,Mobile App,NONE
65339,10424,2025-11-07,Cancelled,Website,FEST15
65340,13891,2025-05-30,Delivered,Mobile App,NONE
65341,10475,2025-11-26,Delivered,Mobile App,FEST15
65342,12902,2025-01-25,Delivered,Website,NONE
65343,10157,2024-05-28,Delivered,Website,BIG20
65344,11008,2026-05-26,Delivered,Mobile App,BIG20
65345,13124,2026-07-23,Processing,Marketplace,NONE
65346,12867,2026-01-09,Delivered,Marketplace,WELCOME5
65347,12239,2024-01-23,Shipped,Mobile App,NONE
65348,13129,2026-02-16,Delivered,Mobile App,SAVE10
65349,14184,2026-08-24,Shipped,Mobile App,WELCOME5
65350,11291,2025-02-05,Delivered,Website,WELCOME5
65351,14862,2025-05-02,Delivered,Marketplace,NONE
65352,10723,2024-01-25,Processing,Website,NONE
65353,14892,2025-08-06,Shipped,Website,NONE
65354,14629,2026-01-06,Delivered,Website,NONE
65355,12140,2024-07-14,Delivered,Mobile App,NONE
65356,10480,2025-09-06,Delivered,Website,FEST15
65357,12035,2024-09-10,Delivered,Website,NONE
65358,11386,2024-05-17,Delivered,Website,NONE
65359,12898,2024-01-22,Processing,Marketplace,NONE
65360,11158,2026-01-04,Delivered,Marketplace,NONE
65361,10339,2024-07-24,Delivered,Website,SAVE10
65362,14460,2024-05-24,Delivered,Mobile App,NONE
65363,14332,2026-07-21,Delivered,Website,FEST15
65364,12510,2025-12-18,Shipped,Mobile App,NONE
65365,14257,2024-09-06,Delivered,Website,BIG20
65366,14783,2025-11-23,Delivered,Marketplace,FEST15
65367,14601,2025-04-29,Delivered,Website,NONE
65368,14142,2024-01-08,Delivered,Mobile App,NONE
65369,10220,2024-09-19,Cancelled,Mobile App,SAVE10
65370,13775,2026-01-21,Delivered,Mobile App,BIG20
65371,14594,2025-11-28,Shipped,Website,NONE
65372,10884,2025-01-30,Processing,Mobile App,NONE
65373,10332,2026-08-14,Delivered,Mobile App,NONE
65374,11722,2025-05-06,Delivered,Website,SAVE10
65375,14118,2024-01-13,Delivered,Website,BIG20
65376,14102,2026-07-24,Processing,Mobile App,NONE
65377,12921,2024-01-23,Delivered,Website,NONE
65378,14918,2026-06-11,Delivered,Mobile App,NONE
65379,10818,2024-03-13,Delivered,Marketplace,FEST15
65380,14390,2025-01-06,Delivered,Website,WELCOME5
65381,14354,2024-02-22,Delivered,Marketplace,FEST15
65382,14743,2025-11-19,Delivered,Mobile App,WELCOME5
65383,11461,2024-10-24,Delivered,Mobile App,NONE
65384,13210,2025-05-12,Delivered,Website,NONE
65385,11380,2024-07-03,Delivered,Marketplace,NONE
65386,12415,2026-03-08,Delivered,Mobile App,NONE
65387,14803,2025-03-24,Delivered,Mobile App,NONE
65388,12574,2024-11-06,Delivered,Marketplace,WELCOME5
65389,13845,2024-01-23,Processing,Website,NONE
65390,12293,2025-04-01,Delivered,Website,NONE
65391,10003,2025-12-04,Delivered,Website,NONE
65392,10775,2024-04-19,Delivered,Marketplace,BIG20
65393,13362,2025-05-08,Delivered,Marketplace,NONE
65394,11529,2026-06-17,Delivered,Website,SAVE10
65395,11561,2026-04-21,Processing,Mobile App,BIG20
65396,10452,2026-05-23,Delivered,Mobile App,SAVE10
65397,14106,2026-05-19,Delivered,Website,SAVE10
65398,10443,2024-09-24,Shipped,Website,NONE
65399,12688,2024-06-03,Delivered,Marketplace,SAVE10
65400,11560,2025-07-19,Shipped,Website,SAVE10
65401,14532,2025-11-26,Delivered,Mobile App,SAVE10
65402,13331,2025-01-02,Delivered,Mobile App,SAVE10
65403,10342,2024-08-13,Delivered,Website,
65404,13069,2024-05-31,Delivered,Website,WELCOME5
65405,10828,2025-05-09,Delivered,Mobile App,NONE
65406,12798,2024-02-13,Processing,Mobile App,FEST15
65407,11218,2025-10-25,Delivered,Mobile App,NONE
65408,13745,2026-03-09,Processing,Website,NONE
65409,12366,2026-03-15,Delivered,Website,NONE
65410,12114,2024-10-07,Shipped,Website,NONE
65411,14392,2024-04-06,Delivered,Mobile App,NONE
65412,12211,2025-05-14,Delivered,Website,WELCOME5
65413,11176,2025-12-19,Delivered,Marketplace,NONE
65414,12591,2026-05-25,Delivered,Mobile App,NONE
65415,14050,2024-04-26,Shipped,Marketplace,SAVE10
65416,10333,2024-01-20,Delivered,Website,NONE
65417,11413,2024-05-17,Delivered,Mobile App,BIG20
65418,12909,2025-06-14,Shipped,Marketplace,NONE
65419,11207,2024-06-10,Delivered,Website,FEST15
65420,13752,2026-07-15,Delivered,Website,NONE
65421,10284,2024-12-01,Delivered,Website,NONE
65422,11319,2026-02-24,Delivered,Marketplace,NONE
65423,12941,2024-11-11,Delivered,Mobile App,BIG20
65424,14275,2024-07-31,Cancelled,Marketplace,NONE
65425,11767,2024-03-23,Delivered,Website,NONE
65426,11332,2024-07-13,Delivered,Mobile App,NONE
65427,14638,2025-12-29,Delivered,Website,NONE
65428,12567,2026-01-09,Delivered,Website,NONE
65429,11013,2025-10-09,Delivered,Marketplace,NONE
65430,14373,2024-03-18,Shipped,Website,FEST15
65431,10143,2024-11-06,Cancelled,Mobile App,BIG20
65432,13691,2025-08-04,Cancelled,Website,NONE
65433,14530,2026-06-27,Delivered,Marketplace,BIG20
65434,12881,2024-08-15,Delivered,Mobile App,NONE
65435,14576,2024-06-30,Delivered,Mobile App,NONE
65436,13114,2026-03-25,Processing,Mobile App,NONE
65437,12988,2025-03-30,Shipped,Website,NONE
65438,10545,2025-01-03,Delivered,Marketplace,NONE
65439,10893,2025-01-07,Delivered,Website,WELCOME5
65440,13497,2025-02-06,Processing,Website,SAVE10
65441,13409,2025-04-15,Delivered,Mobile App,NONE
65442,13060,2026-02-09,Delivered,Website,NONE
65443,11046,2025-10-30,Delivered,Website,NONE
65444,10423,2024-03-26,Delivered,Mobile App,NONE
65445,10427,2024-05-08,Delivered,Mobile App,NONE
65446,10622,2025-08-05,Processing,Marketplace,NONE
65447,11091,2026-03-24,Delivered,Website,NONE
65448,14856,2026-07-22,Delivered,Mobile App,NONE
65449,13900,2026-05-17,Shipped,Mobile App,WELCOME5
65450,10891,2025-09-22,Delivered,Marketplace,SAVE10
65451,11536,2024-08-18,Delivered,Mobile App,NONE
65452,14479,2024-03-20,Delivered,Marketplace,NONE
65453,12248,2025-12-14,Delivered,Mobile App,WELCOME5
65454,11380,2026-05-31,Delivered,Marketplace,NONE
65455,11642,2025-01-27,Delivered,Mobile App,NONE
65456,11981,2024-05-05,Cancelled,Website,NONE
65457,12715,2025-12-10,Delivered,Website,WELCOME5
65458,12778,2024-12-23,Delivered,Website,NONE
65459,12663,2025-09-11,Delivered,Mobile App,SAVE10
65460,13130,2024-06-25,Processing,Website,NONE
65461,11486,2024-12-11,Shipped,Website,NONE
65462,12489,2025-12-01,Delivered,Website,NONE
65463,14148,2026-04-11,Delivered,Mobile App,FEST15
65464,11743,2024-09-13,Delivered,Marketplace,FEST15
65465,14913,2026-02-14,Delivered,Website,FEST15
65466,12494,2024-09-10,Processing,Website,NONE
65467,11880,2025-12-14,Delivered,Mobile App,SAVE10
65468,13504,2025-02-05,Delivered,Mobile App,NONE
65469,11957,2025-11-11,Delivered,Mobile App,NONE
65470,11983,2024-10-04,Delivered,Marketplace,BIG20
65471,11873,2024-03-21,Cancelled,Mobile App,NONE
65472,12727,2026-01-31,Delivered,Website,SAVE10
65473,10209,2024-01-08,Delivered,Marketplace,NONE
65474,11896,2025-05-25,Delivered,Website,NONE
65475,13841,2024-02-26,Shipped,Website,WELCOME5
65476,11650,2025-06-23,Shipped,Website,NONE
65477,12696,2024-04-15,Delivered,Website,NONE
65478,11495,2024-06-05,Delivered,Website,WELCOME5
65479,14708,2026-08-13,Delivered,Website,WELCOME5
65480,11120,2026-06-05,Cancelled,Marketplace,NONE
65481,13887,2025-03-08,Delivered,Marketplace,NONE
65482,13804,2024-12-04,Delivered,Marketplace,NONE
65483,12030,2025-11-05,Delivered,Mobile App,SAVE10
65484,14920,2025-01-01,Delivered,Mobile App,SAVE10
65485,14933,2024-05-26,Delivered,Website,SAVE10
65486,10145,2024-08-23,Delivered,Website,NONE
65487,12844,2025-08-21,Delivered,Mobile App,NONE
65488,10981,2026-07-20,Delivered,Marketplace,NONE
65489,14993,2025-09-24,Cancelled,Website,WELCOME5
65490,14822,2025-08-11,Delivered,Mobile App,NONE
65491,12116,2026-01-31,Cancelled,Website,NONE
65492,11709,2024-02-29,Delivered,Website,FEST15
65493,14094,2025-08-27,Delivered,Marketplace,BIG20
65494,11945,2024-07-05,Delivered,Marketplace,NONE
65495,13654,2025-02-12,Delivered,Website,NONE
65496,13315,2025-04-11,Cancelled,Website,FEST15
65497,11421,2025-12-08,Delivered,Mobile App,WELCOME5
65498,11764,2024-07-01,Delivered,Website,NONE
65499,14664,2026-07-14,Shipped,Mobile App,FEST15
65500,12464,2025-08-09,Delivered,Mobile App,WELCOME5
65501,12088,2024-12-03,Delivered,Website,NONE
65502,14504,2024-10-25,Delivered,Marketplace,NONE
65503,12862,2024-04-08,Delivered,Website,NONE
65504,12824,2024-12-05,Shipped,Website,NONE
65505,11944,2024-04-23,Delivered,Mobile App,NONE
65506,13335,2026-02-02,Processing,Mobile App,NONE
65507,10221,2026-02-09,Shipped,Mobile App,FEST15
65508,11086,2025-05-23,Delivered,Mobile App,NONE
65509,14101,2026-07-24,Delivered,Marketplace,WELCOME5
65510,11308,2024-04-19,Delivered,Website,SAVE10
65511,14922,2026-05-02,Delivered,Website,NONE
65512,14458,2024-12-26,Delivered,Mobile App,NONE
65513,11909,2026-01-05,Delivered,Mobile App,NONE
65514,14588,2026-05-19,Processing,Mobile App,NONE
65515,13576,2024-05-03,Delivered,Website,FEST15
65516,14035,2026-03-31,Delivered,Mobile App,NONE
65517,12351,2026-08-20,Delivered,Website,NONE
65518,10611,2026-01-07,Delivered,Website,SAVE10
65519,12734,2024-05-21,Delivered,Website,NONE
65520,14093,2026-03-29,Delivered,Mobile App,NONE
65521,10453,2024-09-26,Delivered,Mobile App,NONE
65522,10097,2024-03-29,Cancelled,Mobile App,NONE
65523,14105,2025-09-16,Delivered,Website,NONE
65524,12983,2024-04-28,Delivered,Website,WELCOME5
65525,12610,2025-07-05,Delivered,Website,NONE
65526,13377,2024-01-19,Delivered,Website,NONE
65527,13422,2025-12-19,Processing,Website,NONE
65528,12133,2024-05-01,Delivered,Mobile App,WELCOME5
65529,13054,2025-10-12,Processing,Marketplace,NONE
65530,12397,2026-03-09,Delivered,Mobile App,NONE
65531,11035,2024-04-04,Delivered,Website,WELCOME5
65532,13710,2024-02-06,Shipped,Website,NONE
65533,11880,2026-05-01,Delivered,Marketplace,SAVE10
65534,14475,2025-03-27,Shipped,Mobile App,NONE
65535,11986,2025-05-05,Delivered,Website,NONE
65536,10947,2024-08-27,Delivered,Marketplace,WELCOME5
65537,14142,2025-04-06,Delivered,Website,NONE
65538,10693,2026-03-18,Delivered,Website,SAVE10
65539,14936,2026-03-29,Shipped,Website,NONE
65540,13150,2026-02-17,Delivered,Website,SAVE10
65541,12409,2024-10-07,Delivered,Website,NONE
65542,11154,2026-01-13,Delivered,Website,WELCOME5
65543,11009,2025-03-12,Delivered,Mobile App,NONE
65544,10972,2025-01-01,Delivered,Marketplace,BIG20
65545,14166,2024-11-12,Delivered,Marketplace,NONE
65546,11018,2026-06-16,Delivered,Website,NONE
65547,10179,2024-06-17,Delivered,Mobile App,NONE
65548,10985,2026-05-18,Delivered,Website,NONE
65549,13051,2026-06-03,Processing,Mobile App,SAVE10
65550,12386,2025-09-23,Delivered,Website,NONE
65551,11866,2024-01-26,Delivered,Mobile App,BIG20
65552,14822,2025-08-17,Delivered,Website,BIG20
65553,11718,2024-04-21,Delivered,Mobile App,NONE
65554,14141,2024-11-22,Delivered,Mobile App,FEST15
65555,10621,2024-03-14,Delivered,Mobile App,WELCOME5
65556,12717,2025-12-14,Delivered,Website,NONE
65557,10655,2025-04-14,Delivered,Website,FEST15
65558,10406,2026-06-29,Delivered,Website,WELCOME5
65559,13400,2025-10-25,Delivered,Website,NONE
65560,13365,2024-11-02,Delivered,Website,SAVE10
65561,12873,2026-01-21,Delivered,Mobile App,NONE
65562,12256,2024-10-04,Delivered,Website,SAVE10
65563,11354,2024-09-17,Delivered,Website,SAVE10
65564,13892,2024-09-12,Delivered,Mobile App,NONE
65565,10947,2025-11-20,Delivered,Mobile App,BIG20
65566,12470,2026-08-11,Shipped,Mobile App,BIG20
65567,14714,2026-04-08,Delivered,Website,BIG20
65568,13342,2025-06-08,Shipped,Mobile App,NONE
65569,14225,2024-01-11,Processing,Mobile App,NONE
65570,11001,2026-07-27,Delivered,Website,FEST15
65571,10129,2025-01-06,Delivered,Marketplace,SAVE10
65572,14167,2025-08-21,Delivered,Website,WELCOME5
65573,12815,2025-02-14,Shipped,Mobile App,WELCOME5
65574,13898,2024-10-11,Delivered,Website,NONE
65575,14213,2024-10-21,Delivered,Website,SAVE10
65576,11871,2025-07-22,Delivered,Website,NONE
65577,10554,2025-02-20,Delivered,Mobile App,WELCOME5
65578,14819,2024-05-30,Delivered,Mobile App,NONE
65579,11525,2025-01-01,Delivered,Marketplace,NONE
65580,10802,2025-03-10,Delivered,Website,NONE
65581,12855,2025-08-29,Delivered,Mobile App,NONE
65582,10101,2025-03-05,Delivered,Mobile App,NONE
65583,10299,2024-07-08,Delivered,Mobile App,WELCOME5
65584,13816,2025-07-13,Delivered,Website,SAVE10
65585,10442,2026-03-22,Delivered,Mobile App,NONE
65586,13003,2025-01-10,Delivered,Mobile App,NONE
65587,12268,2025-09-07,Delivered,Marketplace,NONE
65588,10555,2025-03-17,Processing,Mobile App,FEST15
65589,14715,2024-10-15,Delivered,Mobile App,SAVE10
65590,10798,2026-04-29,Shipped,Website,NONE
65591,13254,2026-07-23,Delivered,Website,NONE
65592,10655,2024-06-23,Delivered,Marketplace,FEST15
65593,12952,2025-08-26,Delivered,Mobile App,BIG20
65594,10835,2026-06-13,Shipped,Website,BIG20
65595,14443,2025-06-05,Delivered,Marketplace,NONE
65596,12308,2025-06-06,Delivered,Website,NONE
65597,10045,2026-07-19,Delivered,Mobile App,NONE
65598,10255,2025-09-02,Delivered,Website,BIG20
65599,12715,2026-04-03,Cancelled,Website,NONE
65600,12597,2024-04-11,Delivered,Website,WELCOME5
65601,11654,2025-07-25,Delivered,Mobile App,NONE
65602,13027,2024-05-20,Delivered,Website,NONE
65603,13986,2024-07-16,Delivered,Website,NONE
65604,13637,2025-12-11,Delivered,Website,BIG20
65605,13747,2026-04-23,Delivered,Mobile App,WELCOME5
65606,14731,2026-05-23,Delivered,Website,NONE
65607,11033,2026-01-11,Delivered,Website,NONE
65608,10413,2025-05-18,Shipped,Website,NONE
65609,10606,2025-02-25,Delivered,Website,NONE
65610,10176,2024-06-11,Delivered,Mobile App,NONE
65611,11467,2026-02-01,Shipped,Marketplace,NONE
65612,10696,2026-02-12,Delivered,Website,SAVE10
65613,14607,2024-05-03,Delivered,Mobile App,NONE
65614,11687,2026-06-09,Shipped,Website,BIG20
65615,11092,2024-11-14,Processing,Website,NONE
65616,12627,2025-10-12,Delivered,Website,SAVE10
65617,12153,2024-05-03,Shipped,Marketplace,NONE
65618,10022,2024-06-26,Shipped,Mobile App,FEST15
65619,14799,2025-08-10,Processing,Website,BIG20
65620,13462,2025-02-04,Shipped,Mobile App,WELCOME5
65621,14126,2024-01-27,Delivered,Website,NONE
65622,14785,2026-06-30,Processing,Mobile App,BIG20
65623,14428,2026-05-10,Delivered,Marketplace,NONE
65624,11249,2024-07-04,Delivered,Marketplace,NONE
65625,13817,2025-09-22,Delivered,Mobile App,NONE
65626,10044,2024-06-14,Delivered,Website,BIG20
65627,11808,2025-11-26,Delivered,Website,BIG20
65628,13767,2025-11-11,Delivered,Website,WELCOME5
65629,13499,2025-12-24,Shipped,Website,FEST15
65630,13851,2025-06-10,Delivered,Website,SAVE10
65631,13786,2024-01-24,Delivered,Mobile App,WELCOME5
65632,10218,2024-07-17,Shipped,Website,NONE
65633,12917,2026-08-19,Processing,Mobile App,NONE
65634,13087,2025-08-21,Delivered,Mobile App,WELCOME5
65635,10777,2024-11-28,Delivered,Website,NONE
65636,11215,2026-06-27,Processing,Marketplace,SAVE10
65637,12438,2025-02-21,Delivered,Mobile App,NONE
65638,13165,2026-04-09,Delivered,Website,SAVE10
65639,14251,2026-02-20,Delivered,Mobile App,BIG20
65640,13632,2024-01-07,Cancelled,Mobile App,FEST15
65641,14878,2026-06-22,Delivered,Website,NONE
65642,11114,2026-04-30,Shipped,Website,SAVE10
65643,11963,2026-08-20,Delivered,Website,SAVE10
65644,11304,2025-08-31,Delivered,Website,NONE
65645,14454,2025-11-08,Shipped,Marketplace,NONE
65646,13058,2024-09-16,Delivered,Marketplace,NONE
65647,12540,2024-05-26,Shipped,Mobile App,
65648,12912,2024-03-31,Delivered,Website,NONE
65649,11635,2024-06-20,Processing,Website,SAVE10
65650,14431,2026-07-31,Delivered,Mobile App,NONE
65651,13075,2024-09-23,Delivered,Website,NONE
65652,12552,2024-01-29,Delivered,Mobile App,NONE
65653,13524,2025-10-27,Shipped,Website,NONE
65654,13999,2024-06-28,Shipped,Marketplace,FEST15
65655,11977,2025-05-10,Delivered,Website,SAVE10
65656,13661,2025-10-13,Delivered,Website,NONE
65657,13992,2025-07-10,Delivered,Website,NONE
65658,13329,2026-01-05,Delivered,Website,FEST15
65659,10584,2024-01-18,Processing,Website,SAVE10
65660,10959,2024-09-15,Delivered,Mobile App,SAVE10
65661,10156,2025-01-28,Delivered,Marketplace,BIG20
65662,11382,2025-12-15,Delivered,Mobile App,FEST15
65663,10824,2025-06-09,Delivered,Mobile App,WELCOME5
65664,12834,2026-01-12,Delivered,Marketplace,FEST15
65665,14548,2025-12-20,Processing,Website,FEST15
65666,10330,2026-02-17,Delivered,Mobile App,FEST15
65667,11423,2025-08-12,Delivered,Website,BIG20
65668,10226,2026-01-01,Delivered,Mobile App,NONE
65669,10419,2025-10-20,Delivered,Mobile App,NONE
65670,10250,2024-02-01,Delivered,Mobile App,BIG20
65671,13034,2024-09-29,Delivered,Website,BIG20
65672,14607,2026-05-15,Delivered,Website,WELCOME5
65673,13624,2024-03-29,Cancelled,Marketplace,SAVE10
65674,13445,2025-06-29,Delivered,Marketplace,SAVE10
65675,10784,2026-01-13,Shipped,Mobile App,NONE
65676,14184,2025-02-22,Delivered,Website,NONE
65677,12897,2024-06-23,Delivered,Website,NONE
65678,14818,2024-01-24,Delivered,Website,NONE
65679,11953,2025-10-02,Delivered,Website,NONE
65680,13505,2025-07-27,Delivered,Website,NONE
65681,12403,2025-11-01,Delivered,Website,WELCOME5
65682,12577,2024-06-06,Delivered,Mobile App,NONE
65683,10531,2025-03-30,Processing,Website,SAVE10
65684,12396,2025-06-15,Delivered,Website,NONE
65685,10836,2026-03-23,Delivered,Website,NONE
65686,13731,2024-07-02,Shipped,Mobile App,NONE
65687,13544,2025-11-05,Delivered,Website,NONE
65688,14340,2025-10-29,Delivered,Mobile App,NONE
65689,12305,2025-07-30,Delivered,Website,NONE
65690,14149,2024-03-27,Processing,Website,NONE
65691,14452,2024-04-24,Processing,Mobile App,SAVE10
65692,12465,2025-08-05,Processing,Website,FEST15
65693,14735,2025-08-27,Delivered,Mobile App,WELCOME5
65694,13868,2025-09-16,Delivered,Website,NONE
65695,11452,2026-01-20,Shipped,Mobile App,NONE
65696,12383,2025-01-18,Shipped,Website,NONE
65697,10505,2024-10-14,Delivered,Website,NONE
65698,11922,2026-06-08,Delivered,Mobile App,SAVE10
65699,11803,2025-11-02,Delivered,Marketplace,NONE
65700,11489,2025-05-25,Delivered,Website,NONE
65701,11778,2025-06-25,Delivered,Mobile App,NONE
65702,10273,2025-12-29,Processing,Website,SAVE10
65703,12268,2024-10-27,Shipped,Mobile App,BIG20
65704,11006,2025-03-07,Delivered,Marketplace,FEST15
65705,11146,2024-02-11,Delivered,Website,NONE
65706,13651,2026-02-06,Delivered,Marketplace,FEST15
65707,14442,2025-04-30,Delivered,Marketplace,NONE
65708,10859,2026-05-20,Delivered,Marketplace,SAVE10
65709,12807,2024-10-15,Delivered,Website,NONE
65710,14506,2025-02-04,Processing,Mobile App,NONE
65711,13040,2024-02-22,Shipped,Website,SAVE10
65712,10393,2026-07-27,Processing,Website,FEST15
65713,13875,2024-11-28,Delivered,Website,BIG20
65714,10256,2024-05-28,Shipped,Website,BIG20
65715,13085,2025-08-16,Shipped,Mobile App,WELCOME5
65716,12406,2026-03-31,Delivered,Website,NONE
65717,12639,2024-04-17,Delivered,Website,WELCOME5
65718,11114,2025-05-25,Delivered,Website,SAVE10
65719,14432,2025-04-04,Delivered,Mobile App,NONE
65720,10515,2024-05-14,Delivered,Marketplace,NONE
65721,14688,2024-09-24,Delivered,Website,FEST15
65722,10300,2025-08-29,Delivered,Website,NONE
65723,11518,2026-08-17,Processing,Website,WELCOME5
65724,12637,2024-05-07,Delivered,Website,BIG20
65725,12582,2025-09-03,Delivered,Website,WELCOME5
65726,11298,2026-05-10,Cancelled,Mobile App,NONE
65727,11441,2026-01-03,Delivered,Mobile App,WELCOME5
65728,12779,2026-03-02,Delivered,Website,SAVE10
65729,10109,2026-06-08,Delivered,Website,NONE
65730,10742,2025-09-26,Cancelled,Mobile App,NONE
65731,11978,2024-02-06,Delivered,Website,NONE
65732,10123,2024-08-13,Delivered,Mobile App,NONE
65733,10433,2025-02-05,Delivered,Mobile App,FEST15
65734,10137,2026-07-22,Delivered,Website,NONE
65735,14088,2024-07-22,Shipped,Website,WELCOME5
65736,10564,2026-04-07,Cancelled,Website,NONE
65737,10922,2025-09-07,Shipped,Marketplace,BIG20
65738,13981,2025-11-24,Delivered,Website,NONE
65739,12164,2024-04-11,Shipped,Website,NONE
65740,12243,2024-12-20,Delivered,Website,NONE
65741,13283,2025-03-26,Delivered,Website,NONE
65742,13120,2025-04-14,Delivered,Mobile App,NONE
65743,12067,2026-05-01,Delivered,Website,FEST15
65744,14375,2024-11-23,Delivered,Website,NONE
65745,11140,2026-04-22,Delivered,Marketplace,NONE
65746,11064,2026-04-03,Delivered,Website,FEST15
65747,12574,2025-09-14,Delivered,Website,SAVE10
65748,14357,2024-10-26,Delivered,Website,FEST15
65749,14485,2024-04-05,Delivered,Mobile App,NONE
65750,13729,2024-08-19,Delivered,Marketplace,FEST15
65751,10018,2025-08-11,Cancelled,Mobile App,SAVE10
65752,13646,2024-07-26,Delivered,Mobile App,NONE
65753,10820,2026-05-24,Shipped,Mobile App,FEST15
65754,14354,2025-01-24,Delivered,Website,SAVE10
65755,10568,2024-09-30,Delivered,Marketplace,NONE
65756,10630,2025-08-27,Delivered,Marketplace,FEST15
65757,12577,2024-05-31,Delivered,Mobile App,BIG20
65758,12703,2026-03-17,Shipped,Marketplace,
65759,11698,2025-06-17,Delivered,Mobile App,WELCOME5
65760,12418,2026-06-15,Delivered,Mobile App,WELCOME5
65761,13574,2026-04-08,Shipped,Mobile App,BIG20
65762,13320,2024-03-18,Delivered,website,NONE
65763,13562,2026-05-21,Delivered,Mobile App,NONE
65764,11190,2024-02-15,Delivered,Website,NONE
65765,12797,2026-02-08,Delivered,Marketplace,SAVE10
65766,10637,2024-12-17,Shipped,Website,SAVE10
65767,11214,2024-11-30,Delivered,Mobile App,NONE
65768,14868,2026-02-24,Delivered,Website,WELCOME5
65769,10214,2024-09-23,Delivered,Mobile App,WELCOME5
65770,12329,2026-05-30,Delivered,Mobile App,NONE
65771,12465,2024-02-09,Delivered,Mobile App,NONE
65772,11161,2024-06-12,Delivered,Marketplace,NONE
65773,10252,2024-12-12,Delivered,Mobile App,SAVE10
65774,10644,2024-10-04,Shipped,Mobile App,WELCOME5
65775,13654,2026-04-24,Delivered,Website,SAVE10
65776,12968,2026-05-24,Delivered,Marketplace,NONE
65777,12788,2025-02-12,Shipped,Mobile App,WELCOME5
65778,10739,2025-07-12,Shipped,Website,WELCOME5
65779,12723,2024-11-24,Delivered,Marketplace,WELCOME5
65780,10916,2025-01-30,Delivered,Mobile App,FEST15
65781,11562,2024-11-22,Delivered,Mobile App,NONE
65782,14761,2024-08-24,Shipped,Website,SAVE10
65783,12238,2025-11-04,Delivered,Website,SAVE10
65784,10146,2024-04-19,Shipped,Mobile App,BIG20
65785,12972,2024-10-08,Delivered,Website,FEST15
65786,10935,2024-04-15,Delivered,Mobile App,NONE
65787,10026,2025-03-14,Shipped,Mobile App,FEST15
65788,13357,2025-10-15,Delivered,Website,NONE
65789,13168,2025-05-17,Shipped,Website,NONE
65790,11085,2025-11-29,Shipped,Mobile App,WELCOME5
65791,13706,2025-07-11,Delivered,Mobile App,NONE
65792,10910,2024-12-20,Delivered,Website,NONE
65793,12510,2026-06-03,Shipped,Mobile App,NONE
65794,12783,2025-08-10,Cancelled,Website,NONE
65795,10563,2024-02-07,Delivered,Website,WELCOME5
65796,13480,2024-05-31,Delivered,Website,SAVE10
65797,12519,2025-10-13,Delivered,Website,SAVE10
65798,12154,2024-01-21,Delivered,Website,FEST15
65799,13688,2024-06-16,Delivered,Website,NONE
65800,13907,2024-04-06,Delivered,Marketplace,NONE
65801,12468,2026-02-24,Delivered,Mobile App,SAVE10
65802,14077,2024-04-12,Processing,Website,WELCOME5
65803,10264,2024-07-14,Delivered,Website,NONE
65804,13116,2026-08-13,Delivered,Website,NONE
65805,11393,2024-04-26,Delivered,Website,NONE
65806,12890,2024-08-16,Delivered,Marketplace,WELCOME5
65807,13125,2026-02-28,Delivered,Mobile App,NONE
65808,14082,2024-05-10,Processing,Marketplace,BIG20
65809,12790,2024-08-10,Delivered,Website,FEST15
65810,10076,2026-02-10,Shipped,Website,WELCOME5
65811,14891,2024-01-01,Delivered,Marketplace,WELCOME5
65812,12554,2024-12-21,Delivered,Mobile App,NONE
65813,10612,2024-09-05,Shipped,Mobile App,NONE
65814,10644,2024-07-19,Delivered,Website,SAVE10
65815,10159,2025-01-15,Shipped,Website,NONE
65816,11108,2024-08-01,Delivered,Website,SAVE10
65817,11337,2026-01-20,Delivered,Website,NONE
65818,14745,2024-05-14,Delivered,Mobile App,BIG20
65819,14065,2025-01-22,Cancelled,Mobile App,NONE
65820,10019,2024-03-18,Delivered,Marketplace,SAVE10
65821,11686,2024-04-12,Delivered,Website,SAVE10
65822,11536,2025-10-21,Cancelled,Website,WELCOME5
65823,12251,2025-03-14,Delivered,Marketplace,FEST15
65824,10772,2025-03-02,Delivered,Website,FEST15
65825,11340,2024-09-20,Shipped,Website,NONE
65826,12853,2024-05-23,Delivered,Website,NONE
65827,12598,2026-05-01,Delivered,Website,NONE
65828,14222,2026-02-07,Shipped,Website,NONE
65829,14626,2025-03-24,Delivered,Website,WELCOME5
65830,11955,2024-01-19,Delivered,Mobile App,NONE
65831,14076,2026-05-21,Delivered,Mobile App,SAVE10
65832,14186,2025-02-21,Delivered,Website,NONE
65833,11730,2024-07-02,Shipped,Website,BIG20
65834,12202,2024-05-03,Cancelled,Website,BIG20
65835,13137,2026-08-24,Delivered,Mobile App,SAVE10
65836,14546,2024-01-27,Delivered,Mobile App,WELCOME5
65837,13872,2024-12-26,Delivered,Website,WELCOME5
65838,14235,2025-06-18,Delivered,Mobile App,NONE
65839,13967,2024-10-11,Shipped,Mobile App,BIG20
65840,10895,2024-05-30,Delivered,Website,NONE
65841,11070,2025-09-17,Delivered,Marketplace,NONE
65842,14426,2024-03-07,Delivered,Marketplace,BIG20
65843,12243,2026-08-03,Delivered,Website,
65844,10963,2025-04-09,Shipped,Mobile App,SAVE10
65845,11493,2025-12-14,Delivered,Website,BIG20
65846,12452,2026-03-29,Delivered,Mobile App,BIG20
65847,12779,2026-02-04,Delivered,Website,WELCOME5
65848,10981,2025-04-16,Delivered,Website,WELCOME5
65849,11259,2024-03-15,Delivered,Mobile App,NONE
65850,11933,2024-03-18,Delivered,Website,BIG20
65851,11069,2024-12-11,Delivered,Marketplace,NONE
65852,14929,2024-10-22,Delivered,Mobile App,NONE
65853,10102,2026-05-10,Delivered,Mobile App,NONE
65854,13826,2025-03-08,Cancelled,Website,SAVE10
65855,11466,2026-08-25,Delivered,Website,NONE
65856,12771,2024-09-29,Delivered,Mobile App,NONE
65857,11540,2026-07-26,Processing,Website,NONE
65858,14678,2024-11-23,Shipped,Mobile App,NONE
65859,14864,2026-08-27,Delivered,Mobile App,NONE
65860,11799,2025-04-30,Delivered,Marketplace,NONE
65861,10143,2024-01-19,Delivered,Mobile App,NONE
65862,10867,2026-07-03,Delivered,Mobile App,NONE
65863,13582,2024-07-18,Delivered,Mobile App,NONE
65864,14145,2026-02-19,Delivered,Mobile App,
65865,10201,2026-03-06,Delivered,Website,FEST15
65866,10061,2024-07-17,Delivered,Mobile App,NONE
65867,12457,2025-07-05,Delivered,Marketplace,NONE
65868,14023,2026-01-31,Delivered,Mobile App,NONE
65869,13835,2026-07-06,Processing,Marketplace,NONE
65870,10110,2025-01-17,Delivered,Mobile App,NONE
65871,14942,2025-02-01,Delivered,Website,WELCOME5
65872,11422,2026-03-02,Delivered,Marketplace,NONE
65873,11146,2025-04-21,Delivered,Website,WELCOME5
65874,11778,2025-08-21,Delivered,Website,SAVE10
65875,13782,2024-04-22,Delivered,Website,NONE
65876,11593,2025-10-20,Processing,Mobile App,BIG20
65877,13235,2024-11-19,Cancelled,Mobile App,NONE
65878,11218,2024-12-17,Delivered,Mobile App,WELCOME5
65879,10590,2026-05-23,Delivered,Mobile App,NONE
65880,10541,2025-11-22,Delivered,Mobile App,FEST15
65881,12196,2025-06-24,Delivered,Website,FEST15
65882,10016,2025-07-02,Delivered,Mobile App,NONE
65883,12796,2026-04-10,Delivered,Mobile App,
65884,13874,2025-08-23,Delivered,Marketplace,FEST15
65885,12816,2024-07-22,Delivered,Website,FEST15
65886,12285,2025-06-14,Delivered,website,NONE
65887,10852,2025-08-30,Delivered,Website,WELCOME5
65888,10810,2024-02-24,Delivered,Website,SAVE10
65889,10582,2024-05-09,Delivered,Mobile App,FEST15
65890,10411,2025-04-05,Delivered,Mobile App,NONE
65891,12815,2025-07-11,Delivered,Mobile App,NONE
65892,11393,2024-02-19,Delivered,Mobile App,NONE
65893,13311,2025-03-16,Delivered,Mobile App,SAVE10
65894,11772,2024-06-12,Delivered,Mobile App,BIG20
65895,11611,2025-10-08,Delivered,Website,FEST15
65896,12308,2025-04-06,Shipped,Marketplace,NONE
65897,11815,2024-04-01,Processing,Website,WELCOME5
65898,10506,2025-01-28,Processing,Marketplace,NONE
65899,10128,2026-06-21,Delivered,Website,SAVE10
65900,14900,2024-02-16,Processing,Website,NONE
65901,10538,2025-01-27,Shipped,Mobile App,SAVE10
65902,11344,2024-05-13,Delivered,Mobile App,SAVE10
65903,12029,2026-05-25,Delivered,Website,BIG20
65904,12207,2025-03-27,Delivered,Marketplace,NONE
65905,13749,2025-08-31,Shipped,Website,NONE
65906,13546,2026-07-27,Delivered,Website,NONE
65907,13032,2024-02-18,Delivered,Website,FEST15
65908,11551,2025-04-16,Shipped,Mobile App,BIG20
65909,14765,2024-03-06,Shipped,Mobile App,BIG20
65910,10413,2026-01-19,Delivered,Marketplace,NONE
65911,11553,2025-07-23,Delivered,Website,NONE
65912,11883,2025-03-05,Delivered,Mobile App,NONE
65913,11749,2024-10-09,Shipped,Mobile App,BIG20
65914,12765,2024-07-04,Shipped,Website,NONE
65915,10256,2026-06-05,Delivered,Mobile App,FEST15
65916,14209,2024-01-21,Delivered,Website,SAVE10
65917,10801,2024-05-05,Delivered,Mobile App,SAVE10
65918,11840,2024-12-30,Delivered,Mobile App,SAVE10
65919,12906,2025-01-14,Delivered,Mobile App,NONE
65920,14448,2026-06-10,Cancelled,Website,NONE
65921,12789,2024-10-29,Delivered,Website,SAVE10
65922,12731,2024-11-11,Delivered,Website,BIG20
65923,11235,2024-08-15,Delivered,Website,NONE
65924,13588,2024-12-23,Cancelled,Website,NONE
65925,12801,2024-09-18,Cancelled,Mobile App,NONE
65926,10151,2025-11-02,Shipped,Website,SAVE10
65927,12098,2026-02-13,Delivered,Mobile App,WELCOME5
65928,14479,2025-12-15,Delivered,Mobile App,NONE
65929,14291,2026-02-18,Delivered,Website,NONE
65930,11068,2025-08-13,Delivered,Mobile App,NONE
65931,13703,2025-10-29,Delivered,Website,NONE
65932,11630,2024-11-24,Delivered,Mobile App,NONE
65933,13807,2026-08-24,Delivered,Mobile App,SAVE10
65934,12619,2026-07-05,Delivered,Mobile App,SAVE10
65935,11605,2024-02-25,Delivered,Website,NONE
65936,14800,2024-12-07,Delivered,Mobile App,NONE
65937,11209,2025-11-03,Delivered,Mobile App,SAVE10
65938,11729,2024-10-10,Shipped,Marketplace,WELCOME5
65939,14666,2025-05-12,Delivered,Mobile App,NONE
65940,11103,2026-03-28,Delivered,Website,WELCOME5
65941,10988,2026-05-08,Delivered,Mobile App,NONE
65942,14804,2026-06-26,Delivered,Mobile App,NONE
65943,12418,2025-09-21,Delivered,Marketplace,WELCOME5
65944,14043,2026-07-16,Shipped,Website,
65945,10445,2025-09-21,Delivered,Website,FEST15
65946,13318,2025-06-01,Delivered,Mobile App,NONE
65947,10520,2024-07-13,Delivered,Mobile App,NONE
65948,12049,2026-04-23,Delivered,Website,NONE
65949,11016,2024-09-07,Shipped,Mobile App,NONE
65950,12103,2024-06-27,Delivered,Website,NONE
65951,11959,2026-01-11,Delivered,Website,WELCOME5
65952,14754,2026-05-12,Delivered,Website,NONE
65953,13313,2026-08-04,Delivered,Website,WELCOME5
65954,10345,2026-01-05,Delivered,Marketplace,NONE
65955,12436,2026-07-20,Delivered,Marketplace,WELCOME5
65956,13788,2025-01-22,Cancelled,Mobile App,NONE
65957,12463,2024-04-13,Shipped,Website,NONE
65958,13006,2024-08-25,Delivered,Mobile App,NONE
65959,12565,2024-06-03,Delivered,Marketplace,FEST15
65960,14843,2026-01-06,Delivered,Marketplace,SAVE10
65961,13285,2025-02-14,Delivered,Website,BIG20
65962,12793,2025-02-21,Delivered,Mobile App,NONE
65963,14712,2026-06-12,Delivered,Website,BIG20
65964,11403,2026-08-07,Delivered,Mobile App,NONE
65965,13773,2024-05-21,Delivered,Website,NONE
65966,13900,2026-04-08,Delivered,Mobile App,NONE
65967,11851,2025-09-11,Delivered,Mobile App,NONE
65968,14929,2026-02-05,Delivered,Website,FEST15
65969,11477,2026-07-09,Cancelled,Mobile App,NONE
65970,14538,2024-11-19,Delivered,Website,WELCOME5
65971,10094,2026-02-22,Delivered,Marketplace,SAVE10
65972,11474,2025-11-21,Delivered,Mobile App,NONE
65973,11528,2025-09-30,Processing,Website,BIG20
65974,11732,2026-01-03,Delivered,Mobile app ,FEST15
65975,12183,2026-01-15,Delivered,Marketplace,BIG20
65976,13775,2025-02-01,Delivered,Mobile App,NONE
65977,12151,2026-06-17,Delivered,Marketplace,BIG20
65978,12991,2024-04-01,Delivered,Website,NONE
65979,10573,2024-06-30,Delivered,Website,BIG20
65980,10059,2025-12-14,Delivered,Marketplace,NONE
65981,11972,2025-03-23,Delivered,Website,NONE
65982,10710,2024-10-12,Delivered,Marketplace,FEST15
65983,10546,2025-05-09,Processing,Marketplace,WELCOME5
65984,10428,2024-05-08,Delivered,Mobile App,SAVE10
65985,11364,2024-01-03,Delivered,Mobile App,NONE
65986,10894,2024-02-11,Delivered,Mobile App,WELCOME5
65987,10725,2026-05-15,Delivered,Website,NONE
65988,11525,2024-11-13,Delivered,Website,WELCOME5
65989,11274,2026-05-27,Delivered,Marketplace,SAVE10
65990,14836,2025-05-09,Delivered,Mobile App,SAVE10
65991,13196,2024-10-22,Delivered,Website,SAVE10
65992,13383,2024-02-07,Delivered,Website,NONE
65993,13432,2024-04-14,Shipped,Website,NONE
65994,10274,2025-06-30,Delivered,Website,SAVE10
65995,12469,2025-08-20,Delivered,Website,NONE
65996,13037,2026-05-18,Processing,Mobile App,NONE
65997,14696,2024-07-07,Delivered,Marketplace,SAVE10
65998,12184,2025-08-02,Delivered,Website,NONE
65999,11370,2024-03-23,Delivered,Mobile App,NONE
66000,13771,2025-05-23,Delivered,Mobile App,SAVE10
66001,10924,2024-06-19,Cancelled,Mobile App,NONE
66002,14420,2024-08-13,Shipped,Website,WELCOME5
66003,11784,2025-02-07,Delivered,Website,NONE
66004,10327,2025-03-02,Delivered,Website,WELCOME5
66005,11762,2024-04-22,Delivered,Mobile App,NONE
66006,14900,2025-08-05,Delivered,Website,FEST15
66007,12164,2025-01-23,Processing,Website,SAVE10
66008,10290,2026-04-19,Delivered,Mobile App,NONE
66009,11864,2025-08-13,Delivered,Mobile App,WELCOME5
66010,13662,2026-05-05,Shipped,Mobile App,NONE
66011,10272,2024-01-17,Delivered,Mobile App,BIG20
66012,14516,2025-03-14,Delivered,Website,FEST15
66013,13765,2026-03-26,Delivered,Website,BIG20
66014,13759,2024-06-27,Processing,Website,BIG20
66015,13765,2024-08-02,Delivered,Website,NONE
66016,10754,2025-11-17,Delivered,Website,BIG20
66017,14009,2024-01-18,Delivered,Marketplace,SAVE10
66018,11040,2026-07-11,Delivered,Website,SAVE10
66019,10769,2026-07-02,Delivered,Mobile App,NONE
66020,10206,2026-07-18,Processing,Mobile App,NONE
66021,10718,2026-01-26,Delivered,Website,NONE
66022,10656,2026-08-23,Delivered,Website,NONE
66023,14421,2026-08-02,Cancelled,Website,NONE
66024,10306,2024-09-01,Delivered,Website,FEST15
66025,13237,2024-05-29,Processing,Marketplace,FEST15
66026,10269,2026-03-22,Shipped,Marketplace,NONE
66027,14807,2025-03-17,Shipped,Marketplace,FEST15
66028,12811,2024-02-20,Delivered,Website,SAVE10
66029,12574,2025-03-08,Delivered,Website,NONE
66030,10384,2024-01-15,Delivered,Mobile App,
66031,14341,2025-07-14,Delivered,Website,NONE
66032,12126,2025-10-15,Shipped,Website,NONE
66033,10701,2024-02-17,Delivered,Website,NONE
66034,13549,2024-04-26,Delivered,Website,SAVE10
66035,14721,2026-05-27,Delivered,Website,FEST15
66036,10076,2025-01-11,Delivered,Mobile App,NONE
66037,11010,2024-02-19,Delivered,Mobile App,SAVE10
66038,13195,2024-01-13,Delivered,Mobile App,BIG20
66039,10312,2025-01-22,Delivered,Website,FEST15
66040,13786,2024-03-25,Delivered,Website,NONE
66041,13051,2024-05-10,Shipped,Website,BIG20
66042,12684,2024-07-21,Delivered,Website,NONE
66043,11640,2025-11-12,Processing,Mobile App,NONE
66044,12378,2025-06-21,Shipped,Website,FEST15
66045,10414,2026-01-22,Delivered,Website,NONE
66046,13655,2024-11-17,Delivered,Mobile App,FEST15
66047,13071,2024-03-17,Shipped,Website,SAVE10
66048,12649,2025-06-30,Delivered,Website,FEST15
66049,13918,2026-07-26,Processing,Website,NONE
66050,12547,2025-09-21,Delivered,Website,BIG20
66051,12016,2024-08-24,Cancelled,Website,NONE
66052,14010,2024-01-04,Cancelled,Marketplace,NONE
66053,14675,2024-03-19,Delivered,Mobile App,NONE
66054,14188,2026-04-02,Delivered,Website,NONE
66055,12556,2024-10-09,Delivered,Mobile App,NONE
66056,11843,2024-02-26,Delivered,Marketplace,NONE
66057,10654,2024-11-24,Delivered,Website,FEST15
66058,12078,2026-04-26,Delivered,Mobile App,NONE
66059,14159,2025-02-14,Shipped,Website,FEST15
66060,14004,2026-08-04,Delivered,Mobile App,WELCOME5
66061,10642,2025-05-02,Shipped,Website,NONE
66062,12725,2026-05-26,Delivered,Website,NONE
66063,13346,2024-07-14,Shipped,Mobile App,WELCOME5
66064,13435,2025-06-09,Delivered,Website,BIG20
66065,14377,2025-04-07,Delivered,Mobile App,WELCOME5
66066,10376,2026-01-16,Shipped,Mobile App,NONE
66067,12324,2024-05-10,Delivered,Mobile App,NONE
66068,10477,2024-06-16,Delivered,Mobile App,NONE
66069,13625,2024-08-04,Delivered,Marketplace,NONE
66070,12660,2026-06-27,Delivered,Mobile App,NONE
66071,12163,2026-05-19,Delivered,Mobile App,WELCOME5
66072,14097,2024-01-23,Delivered,Marketplace,BIG20
66073,14232,2025-02-12,Cancelled,Website,NONE
66074,11583,2025-06-18,Delivered,Website,BIG20
66075,14079,2026-05-15,Shipped,Mobile App,WELCOME5
66076,14804,2025-03-23,Delivered,Website,FEST15
66077,10260,2026-01-18,Delivered,Website,BIG20
66078,13802,2026-02-11,Delivered,Mobile App,NONE
66079,10578,2025-05-11,Delivered,Website,NONE
66080,13909,2025-12-23,Delivered,Website,BIG20
66081,13399,2024-03-09,Delivered,Mobile App,SAVE10
66082,14171,2024-11-16,Delivered,Website,NONE
66083,12871,2026-04-07,Delivered,Mobile App,FEST15
66084,11273,2024-06-07,Delivered,Website,WELCOME5
66085,13478,2025-05-09,Delivered,Website,NONE
66086,11652,2026-02-09,Delivered,Mobile App,FEST15
66087,10156,2025-05-15,Processing,Marketplace,NONE
66088,10593,2026-08-06,Shipped,Website,BIG20
66089,14352,2026-04-08,Delivered,Mobile App,NONE
66090,11902,2024-04-04,Shipped,Mobile App,NONE
66091,10720,2025-05-28,Delivered,Website,NONE
66092,10180,2025-12-11,Delivered,Mobile App,FEST15
66093,10206,2025-12-26,Delivered,Marketplace,NONE
66094,13758,2025-05-15,Shipped,Website,NONE
66095,10653,2025-01-24,Delivered,Website,WELCOME5
66096,14013,2024-10-29,Processing,Website,NONE
66097,12796,2024-12-10,Delivered,Website,SAVE10
66098,11069,2024-01-15,Delivered,Mobile App,SAVE10
66099,14505,2026-04-13,Delivered,Website,BIG20
66100,12450,2025-12-03,Delivered,Website,BIG20
66101,11972,2024-10-05,Delivered,Website,NONE
66102,13360,2024-05-08,Delivered,Mobile App,NONE
66103,13290,2025-05-23,Delivered,Website,NONE
66104,13713,2026-04-05,Delivered,Mobile App,FEST15
66105,13073,2026-08-22,Delivered,Mobile App,SAVE10
66106,14848,2024-09-13,Delivered,Website,NONE
66107,12080,2025-03-01,Delivered,Website,NONE
66108,11004,2025-07-28,Delivered,Mobile App,SAVE10
66109,10635,2025-07-30,Delivered,Website,NONE
66110,11234,2024-10-02,Delivered,Marketplace,SAVE10
66111,13867,2026-03-02,Delivered,Website,NONE
66112,14270,2025-11-12,Processing,Website,SAVE10
66113,11459,2026-03-17,Delivered,Website,FEST15
66114,10487,2024-04-23,Shipped,Website,SAVE10
66115,13601,2025-10-17,Delivered,Website,NONE
66116,13930,2024-11-28,Delivered,Website,NONE
66117,10276,2026-01-10,Delivered,Website,BIG20
66118,10667,2025-05-08,Delivered,Website,NONE
66119,11677,2025-05-18,Delivered,Website,NONE
66120,12323,2025-07-21,Delivered,Website,NONE
66121,10553,2024-08-03,Delivered,Mobile App,SAVE10
66122,12962,2025-07-16,Delivered,Website,BIG20
66123,12484,2026-05-04,Delivered,Mobile App,FEST15
66124,13840,2024-03-18,Delivered,Mobile App,SAVE10
66125,14765,2024-06-10,Delivered,Marketplace,NONE
66126,10573,2024-02-02,Delivered,Marketplace,NONE
66127,12262,2025-04-13,Shipped,Website,NONE
66128,14121,2024-08-18,Delivered,Website,NONE
66129,10047,2025-07-26,Delivered,Mobile App,NONE
66130,14253,2024-02-06,Delivered,Marketplace,NONE
66131,11984,2024-04-13,Delivered,Mobile App,WELCOME5
66132,13968,2024-08-01,Delivered,Website,NONE
66133,13007,2025-09-29,Delivered,Mobile App,NONE
66134,14687,2024-02-27,Delivered,Website,SAVE10
66135,10752,2025-05-25,Delivered,Website,FEST15
66136,14362,2025-05-26,Delivered,Marketplace,NONE
66137,12832,2024-11-03,Shipped,Marketplace,NONE
66138,13840,2024-04-11,Delivered,Mobile App,FEST15
66139,13865,2025-11-22,Delivered,Website,NONE
66140,12897,2025-02-06,Cancelled,Website,SAVE10
66141,12264,2025-08-02,Delivered,Website,NONE
66142,14044,2026-01-16,Delivered,Website,NONE
66143,12530,2024-01-13,Delivered,Website,NONE
66144,14877,2026-01-19,Delivered,Website,NONE
66145,13334,2024-03-25,Processing,Website,SAVE10
66146,13187,2025-06-29,Shipped,Marketplace,FEST15
66147,12914,2024-03-28,Shipped,Website,FEST15
66148,11214,2024-01-30,Cancelled,Website,NONE
66149,13744,2025-02-04,Delivered,Website,NONE
66150,11240,2025-06-04,Shipped,Mobile App,WELCOME5
66151,13077,2024-10-28,Delivered,Website,FEST15
66152,13980,2024-09-02,Delivered,Mobile App,BIG20
66153,12256,2024-06-24,Delivered,Mobile App,NONE
66154,14948,2025-07-05,Delivered,Website,WELCOME5
66155,10819,2025-01-23,Delivered,Mobile App,SAVE10
66156,11052,2026-05-31,Processing,Website,NONE
66157,11517,2025-02-25,Delivered,Mobile App,BIG20
66158,14851,2025-08-03,Processing,Marketplace,NONE
66159,12671,2026-07-17,Delivered,Website,SAVE10
66160,11342,2026-07-01,Delivered,Website,FEST15
66161,14829,2025-04-28,Processing,Marketplace,SAVE10
66162,12065,2024-07-21,Shipped,Marketplace,NONE
66163,11333,2025-01-18,Delivered,Website,NONE
66164,14541,2024-09-17,Delivered,Website,NONE
66165,10773,2025-04-17,Delivered,Mobile App,NONE
66166,14810,2024-05-24,Shipped,Mobile App,SAVE10
66167,10228,2025-01-25,Delivered,Website,NONE
66168,12835,2024-03-16,Delivered,Mobile App,SAVE10
66169,12912,2026-08-02,Delivered,Website,NONE
66170,14751,2024-01-11,Delivered,Mobile App,NONE
66171,14649,2026-05-12,Delivered,Mobile App,SAVE10
66172,14213,2026-06-19,Cancelled,Website,SAVE10
66173,14580,2026-07-20,Cancelled,Website,SAVE10
66174,14332,2025-03-14,Delivered,Mobile App,NONE
66175,12565,2026-01-19,Processing,website,WELCOME5
66176,14342,2026-06-29,Shipped,Website,WELCOME5
66177,13857,2026-03-23,Shipped,Mobile App,BIG20
66178,11932,2026-04-18,Delivered,Mobile App,NONE
66179,14402,2025-04-20,Delivered,Website,NONE
66180,10154,2025-12-22,Cancelled,Mobile App,SAVE10
66181,10515,2024-07-23,Shipped,Website,SAVE10
66182,10824,2026-06-09,Delivered,Website,NONE
66183,12675,2025-04-05,Delivered,Marketplace,NONE
66184,10373,2024-09-13,Delivered,Mobile App,NONE
66185,11125,2024-10-14,Delivered,Website,FEST15
66186,11212,2026-04-10,Delivered,Website,NONE
66187,11213,2024-07-04,Delivered,Website,SAVE10
66188,10277,2025-10-21,Delivered,Mobile App,NONE
66189,11122,2024-09-25,Processing,Mobile App,NONE
66190,11385,2025-08-04,Delivered,Mobile App,SAVE10
66191,13794,2025-06-04,Delivered,Mobile App,NONE
66192,12945,2025-08-23,Delivered,Mobile App,BIG20
66193,11574,2024-08-07,Delivered,Mobile App,NONE
66194,10706,2026-05-28,Shipped,Mobile App,WELCOME5
66195,12568,2026-05-08,Delivered,Mobile App,NONE
66196,11579,2026-06-20,Processing,Website,WELCOME5
66197,13486,2025-04-27,Delivered,Mobile App,FEST15
66198,11121,2024-06-20,Delivered,Mobile App,WELCOME5
66199,14985,2025-06-21,Shipped,Mobile App,NONE
66200,10476,2024-03-19,Processing,Mobile App,NONE
66201,14175,2025-11-15,Delivered,Website,SAVE10
66202,13381,2024-09-21,Delivered,Website,NONE
66203,13366,2024-07-11,Processing,Mobile App,NONE
66204,14466,2026-02-24,Delivered,Website,NONE
66205,12258,2025-10-01,Delivered,Marketplace,FEST15
66206,13580,2024-04-04,Delivered,Website,WELCOME5
66207,12642,2026-04-26,Delivered,Marketplace,NONE
66208,13422,2025-10-03,Delivered,Website,BIG20
66209,12765,2024-09-18,Delivered,Website,FEST15
66210,14916,2025-01-22,Delivered,Website,NONE
66211,11617,2025-03-20,Delivered,Website,SAVE10
66212,13657,2026-06-03,Delivered,Mobile App,SAVE10
66213,10832,2025-06-21,Delivered,Mobile App,WELCOME5
66214,10236,2026-03-06,Shipped,Mobile App,SAVE10
66215,13517,2024-01-31,Shipped,Marketplace,NONE
66216,11092,2025-05-07,Delivered,Website,NONE
66217,10079,2024-03-23,Shipped,Mobile App,FEST15
66218,13188,2025-01-04,Delivered,Marketplace,BIG20
66219,13060,2025-06-18,Delivered,Website,FEST15
66220,13196,2026-03-20,Shipped,Website,FEST15
66221,12271,2024-09-26,Delivered,Website,WELCOME5
66222,14163,2024-08-25,Delivered,Marketplace,FEST15
66223,10065,2026-04-05,Processing,Marketplace,BIG20
66224,10795,2025-06-11,Delivered,Mobile App,NONE
66225,11883,2025-12-05,Processing,Website,FEST15
66226,14907,2026-06-22,Delivered,Mobile App,SAVE10
66227,13603,2024-02-15,Delivered,Marketplace,NONE
66228,12582,2025-08-08,Delivered,Website,NONE
66229,14747,2024-03-14,Delivered,Website,NONE
66230,14603,2026-06-21,Shipped,Website,NONE
66231,10526,2025-03-03,Delivered,Marketplace,NONE
66232,12647,2025-03-04,Delivered,Mobile App,NONE
66233,14757,2024-07-03,Shipped,Mobile App,NONE
66234,10935,2025-09-02,Processing,Website,NONE
66235,10790,2025-06-10,Shipped,Website,BIG20
66236,11756,2026-07-01,Delivered,Mobile App,NONE
66237,14846,2024-01-04,Delivered,Website,WELCOME5
66238,11106,2025-12-16,Delivered,Mobile App,NONE
66239,13178,2026-07-16,Delivered,Website,NONE
66240,11322,2026-05-28,Cancelled,Website,FEST15
66241,13685,2025-08-29,Shipped,Mobile App,WELCOME5
66242,14452,2026-03-18,Delivered,Website,NONE
66243,10204,2024-02-10,Delivered,Mobile App,NONE
66244,11887,2024-03-16,Delivered,Mobile App,FEST15
66245,12895,2025-11-08,Delivered,Website,NONE
66246,10914,2024-09-07,Delivered,Website,BIG20
66247,13175,2025-11-19,Shipped,Website,FEST15
66248,11823,2025-12-20,Delivered,Marketplace,NONE
66249,10177,2025-10-09,Delivered,Mobile App,NONE
66250,13087,2026-05-13,Delivered,Mobile App,FEST15
66251,10191,2024-07-29,Delivered,Marketplace,NONE
66252,11005,2026-02-17,Delivered,Mobile App,SAVE10
66253,10819,2026-02-15,Delivered,Website,NONE
66254,10255,2024-10-30,Delivered,Mobile App,NONE
66255,12057,2024-07-15,Delivered,Marketplace,NONE
66256,14361,2025-08-25,Delivered,Marketplace,NONE
66257,11528,2026-05-11,Delivered,Website,NONE
66258,11197,2025-10-03,Processing,Mobile App,NONE
66259,14035,2024-04-24,Cancelled,Website,FEST15
66260,14682,2025-02-28,Shipped,Website,NONE
66261,11507,2025-01-18,Delivered,Website,NONE
66262,10236,2025-07-24,Delivered,Website,NONE
66263,13803,2025-07-21,Shipped,Website,NONE
66264,13255,2026-08-14,Processing,Website,NONE
66265,14988,2026-03-27,Processing,Website,BIG20
66266,13327,2025-06-12,Delivered,Website,FEST15
66267,14650,2024-05-17,Shipped,Mobile App,SAVE10
66268,10781,2024-07-07,Delivered,Website,BIG20
66269,10825,2024-06-15,Delivered,Mobile App,NONE
66270,13327,2025-05-03,Delivered,Marketplace,FEST15
66271,13740,2024-05-29,Delivered,Mobile App,NONE
66272,11939,2024-06-19,Shipped,Website,NONE
66273,12155,2024-05-26,Delivered,Website,NONE
66274,11909,2025-10-29,Delivered,Mobile App,FEST15
66275,10240,2024-09-30,Shipped,Website,SAVE10
66276,14388,2026-05-24,Shipped,Mobile App,NONE
66277,14537,2025-04-24,Cancelled,Mobile App,WELCOME5
66278,14763,2025-10-17,Delivered,Website,NONE
66279,12522,2025-05-27,Delivered,Website,NONE
66280,10851,2026-05-01,Shipped,Mobile App,NONE
66281,12021,2024-05-04,Delivered,Website,WELCOME5
66282,13421,2025-12-06,Delivered,Website,NONE
66283,10867,2025-07-14,Processing,Website,SAVE10
66284,10774,2025-02-28,Delivered,Mobile App,NONE
66285,14963,2025-11-08,Delivered,Website,NONE
66286,10176,2025-06-06,Delivered,Mobile App,NONE
66287,12992,2025-08-30,Delivered,Website,NONE
66288,10748,2025-05-31,Delivered,Website,NONE
66289,10110,2024-04-26,Shipped,Website,FEST15
66290,13174,2025-01-15,Delivered,Website,BIG20
66291,10920,2026-07-30,Delivered,Website,NONE
66292,13633,2024-03-31,Delivered,Mobile App,NONE
66293,14123,2024-08-11,Processing,Website,FEST15
66294,12536,2025-11-11,Delivered,Website,FEST15
66295,10835,2024-05-25,Delivered,Website,SAVE10
66296,14759,2024-02-15,Delivered,Mobile App,NONE
66297,11862,2026-01-12,Delivered,Mobile App,NONE
66298,13821,2024-07-16,Delivered,Website,BIG20
66299,10965,2024-08-01,Delivered,Website,NONE
66300,10809,2025-03-16,Delivered,Website,NONE
66301,13372,2026-03-30,Delivered,Website,NONE
66302,11040,2026-08-15,Delivered,Website,SAVE10
66303,12665,2024-09-11,Processing,Website,SAVE10
66304,12981,2024-10-24,Cancelled,Marketplace,FEST15
66305,10612,2025-05-16,Shipped,Website,SAVE10
66306,11667,2026-02-09,Delivered,Marketplace,FEST15
66307,10967,2024-03-07,Delivered,Website,WELCOME5
66308,10005,2025-02-10,Delivered,Mobile App,NONE
66309,14746,2024-04-10,Delivered,Mobile App,NONE
66310,10122,2024-08-02,Shipped,Website,NONE
66311,14148,2025-08-31,Delivered,Marketplace,NONE
66312,12041,2024-01-26,Delivered,Marketplace,WELCOME5
66313,11385,2026-04-16,Delivered,Mobile App,NONE
66314,12619,2024-03-26,Delivered,Mobile App,WELCOME5
66315,14580,2026-03-09,Shipped,Website,BIG20
66316,13267,2025-02-08,Delivered,Website,NONE
66317,10403,2025-06-30,Delivered,Website,NONE
66318,13816,2025-01-23,Delivered,Mobile App,FEST15
66319,13818,2024-12-23,Delivered,Website,SAVE10
66320,14844,2025-08-30,Shipped,Marketplace,FEST15
66321,11011,2024-11-03,Delivered,Mobile App,NONE
66322,14195,2024-03-01,Delivered,Website,NONE
66323,11851,2024-01-11,Delivered,Website,FEST15
66324,11780,2024-10-02,Delivered,Website,BIG20
66325,13166,2024-07-31,Shipped,Mobile App,WELCOME5
66326,12674,2024-01-23,Cancelled,Marketplace,FEST15
66327,11149,2024-04-06,Cancelled,Marketplace,NONE
66328,11080,2026-04-25,Delivered,Mobile App,NONE
66329,13252,2025-04-26,Delivered,Website,NONE
66330,14844,2025-01-20,Delivered,Marketplace,SAVE10
66331,11148,2026-06-09,Processing,Marketplace,FEST15
66332,12678,2025-07-20,Delivered,Mobile App,NONE
66333,11535,2024-05-03,Delivered,Website,NONE
66334,11249,2025-11-20,Delivered,Website,SAVE10
66335,13977,2025-11-19,Processing,Website,NONE
66336,13621,2024-09-16,Delivered,Website,BIG20
66337,12398,2025-10-12,Delivered,Mobile App,NONE
66338,12440,2024-05-10,Processing,Mobile App,BIG20
66339,12128,2026-08-18,Delivered,Marketplace,NONE
66340,14984,2025-07-16,Delivered,Website,SAVE10
66341,14731,2024-10-01,Delivered,Website,WELCOME5
66342,10374,2026-05-26,Delivered,Website,NONE
66343,14081,2025-05-06,Shipped,Website,SAVE10
66344,11678,2026-05-15,Delivered,Website,NONE
66345,13266,2024-04-01,Shipped,Mobile App,NONE
66346,14710,2024-10-25,Delivered,Mobile App,NONE
66347,12108,2025-02-21,Delivered,Mobile App,NONE
66348,12306,2024-09-15,Shipped,Website,NONE
66349,13131,2025-05-17,Delivered,Mobile App,WELCOME5
66350,11559,2024-12-08,Delivered,Mobile App,BIG20
66351,11319,2026-05-07,Delivered,Website,NONE
66352,13025,2024-08-25,Delivered,Mobile App,FEST15
66353,11039,2024-07-02,Delivered,Website,FEST15
66354,13323,2026-07-24,Delivered,Website,NONE
66355,11248,2025-11-22,Delivered,Website,NONE
66356,10465,2024-02-03,Shipped,Mobile App,FEST15
66357,10506,2026-04-02,Delivered,Mobile App,NONE
66358,11297,2024-07-04,Delivered,Mobile App,NONE
66359,10511,2025-10-25,Delivered,Website,NONE
66360,11545,2024-01-28,Cancelled,Website,SAVE10
66361,12090,2024-09-08,Delivered,Mobile App,NONE
66362,11230,2026-04-08,Delivered,Website,NONE
66363,12671,2024-01-26,Delivered,Mobile App,NONE
66364,11915,2025-04-02,Shipped,Website,NONE
66365,10401,2025-01-21,Delivered,Mobile App,FEST15
66366,11674,2024-08-09,Delivered,Mobile App,FEST15
66367,10061,2024-04-24,Shipped,Mobile App,WELCOME5
66368,13658,2025-01-18,Delivered,Mobile App,NONE
66369,12215,2024-12-21,Shipped,Website,NONE
66370,12995,2024-04-12,Delivered,Website,NONE
66371,10713,2025-11-23,Delivered,Marketplace,NONE
66372,12146,2024-04-14,Delivered,Marketplace,BIG20
66373,14046,2025-01-05,Delivered,Website,NONE
66374,11001,2026-07-07,Delivered,Website,FEST15
66375,14921,2024-12-26,Shipped,Website,NONE
66376,12104,2025-11-06,Delivered,Website,WELCOME5
66377,10683,2025-03-24,Delivered,Mobile App,NONE
66378,10903,2025-09-11,Delivered,Marketplace,SAVE10
66379,12311,2026-01-28,Shipped,Website,NONE
66380,14761,2025-04-03,Delivered,Mobile App,NONE
66381,12360,2025-09-26,Shipped,Marketplace,NONE
66382,10869,2025-04-20,Shipped,Mobile App,NONE
66383,11941,2024-10-30,Delivered,Mobile App,FEST15
66384,14294,2026-01-18,Delivered,Website,SAVE10
66385,14922,2025-01-13,Delivered,Mobile App,FEST15
66386,13078,2024-02-20,Delivered,Website,FEST15
66387,14330,2024-09-19,Delivered,Mobile App,SAVE10
66388,14055,2025-10-09,Delivered,Marketplace,SAVE10
66389,12122,2025-10-04,Delivered,Website,NONE
66390,14443,2025-06-17,Delivered,Website,NONE
66391,10377,2025-03-10,Delivered,Website,WELCOME5
66392,14020,2024-10-24,Delivered,Website,NONE
66393,12907,2024-02-15,Delivered,Website,WELCOME5
66394,12947,2024-07-28,Cancelled,Mobile App,WELCOME5
66395,14676,2026-08-23,Processing,Marketplace,FEST15
66396,11335,2026-04-15,Delivered,Website,WELCOME5
66397,10989,2024-03-17,Delivered,Mobile App,NONE
66398,13301,2026-06-22,Delivered,Mobile App,SAVE10
66399,13709,2026-01-20,Delivered,Website,NONE
66400,10025,2024-04-02,Delivered,Website,SAVE10
66401,12500,2025-02-08,Delivered,Marketplace,NONE
66402,11888,2024-06-13,Delivered,Website,FEST15
66403,14098,2025-11-27,Delivered,Marketplace,NONE
66404,14290,2025-10-09,Delivered,Mobile App,NONE
66405,10695,2024-07-30,Delivered,Mobile App,FEST15
66406,12903,2026-01-20,Delivered,Website,NONE
66407,13611,2024-10-10,Delivered,Website,FEST15
66408,11304,2025-04-21,Shipped,Website,SAVE10
66409,14669,2024-04-18,Delivered,Website,BIG20
66410,14461,2026-06-18,Delivered,Marketplace,FEST15
66411,10861,2024-06-29,Delivered,Mobile App,NONE
66412,10077,2026-04-26,Delivered,Website,NONE
66413,12891,2026-03-31,Delivered,Website,WELCOME5
66414,14415,2024-05-02,Delivered,Website,NONE
66415,13413,2024-04-18,Delivered,Website,SAVE10
66416,13798,2024-05-18,Delivered,Website,SAVE10
66417,13600,2026-03-25,Delivered,Website,NONE
66418,10732,2024-03-24,Delivered,Website,NONE
66419,10337,2025-08-15,Shipped,Website,SAVE10
66420,10315,2026-04-29,Delivered,Website,NONE
66421,14919,2024-10-12,Delivered,Website,NONE
66422,14757,2025-06-24,Delivered,Website,FEST15
66423,14170,2024-03-18,Delivered,Website,NONE
66424,10336,2026-07-02,Delivered,Website,FEST15
66425,14444,2025-08-07,Delivered,Mobile App,NONE
66426,14869,2025-12-08,Processing,Website,NONE
66427,13924,2024-08-31,Shipped,Website,SAVE10
66428,12104,2025-12-11,Shipped,Website,NONE
66429,10466,2025-08-30,Delivered,Website,NONE
66430,11768,2024-05-01,Delivered,Mobile App,SAVE10
66431,11021,2025-07-06,Processing,Marketplace,FEST15
66432,13251,2024-04-16,Processing,Website,SAVE10
66433,14414,2025-10-11,Delivered,Website,NONE
66434,12481,2026-06-22,Delivered,Mobile App,NONE
66435,10241,2026-04-15,Delivered,Website,SAVE10
66436,11951,2025-04-13,Delivered,Mobile App,NONE
66437,13999,2026-05-08,Delivered,Mobile App,BIG20
66438,13201,2026-08-22,Delivered,Mobile App,NONE
66439,10204,2025-03-18,Delivered,Website,NONE
66440,11751,2024-11-09,Delivered,Website,BIG20
66441,11760,2024-07-01,Delivered,Website,BIG20
66442,10172,2025-08-25,Delivered,Mobile App,NONE
66443,11749,2025-01-06,Shipped,Marketplace,SAVE10
66444,14124,2025-07-09,Delivered,Website,NONE
66445,10651,2026-07-09,Processing,Website,BIG20
66446,12574,2024-03-07,Delivered,Mobile App,WELCOME5
66447,13284,2024-10-11,Delivered,Website,
66448,13434,2025-05-18,Delivered,Website,NONE
66449,11650,2025-12-01,Processing,Website,NONE
66450,12876,2026-06-15,Delivered,Mobile App,WELCOME5
66451,13615,2026-04-25,Delivered,Website,SAVE10
66452,13071,2025-03-16,Delivered,Mobile App,NONE
66453,14190,2025-06-20,Shipped,Mobile App,FEST15
66454,11095,2025-04-03,Delivered,Website,NONE
66455,10540,2024-04-11,Delivered,Marketplace,FEST15
66456,14674,2025-11-10,Delivered,Mobile App,FEST15
66457,13672,2026-03-06,Delivered,Website,NONE
66458,12239,2026-01-27,Delivered,Website,NONE
66459,12853,2024-12-15,Delivered,Website,NONE
66460,14601,2026-03-14,Delivered,Mobile App,SAVE10
66461,14335,2024-07-31,Delivered,Mobile App,NONE
66462,14035,2025-03-14,Delivered,Website,NONE
66463,12955,2024-08-30,Shipped,Mobile App,WELCOME5
66464,13601,2025-03-06,Delivered,Mobile App,FEST15
66465,12902,2026-06-16,Delivered,Website,BIG20
66466,12301,2025-04-04,Delivered,Website,NONE
66467,13369,2026-01-02,Delivered,Marketplace,NONE
66468,10114,2026-07-28,Delivered,Website,FEST15
66469,14133,2024-05-28,Cancelled,Marketplace,FEST15
66470,11577,2026-06-20,Delivered,Mobile App,NONE
66471,12726,2024-04-20,Delivered,Mobile App,NONE
66472,13325,2025-08-27,Delivered,Mobile App,SAVE10
66473,11639,2025-03-13,Delivered,Website,FEST15
66474,11654,2024-10-02,Delivered,Website,FEST15
66475,10885,2025-09-11,Shipped,Website,NONE
66476,10496,2026-05-23,Delivered,Mobile App,NONE
66477,14409,2024-03-08,Delivered,Marketplace,SAVE10
66478,12589,2024-06-14,Delivered,Website,FEST15
66479,13396,2025-05-07,Shipped,Website,NONE
66480,10773,2024-04-13,Delivered,Website,SAVE10
66481,14264,2024-11-03,Delivered,Mobile App,NONE
66482,11532,2025-02-06,Delivered,Mobile App,NONE
66483,12302,2025-02-23,Delivered,Mobile App,NONE
66484,12510,2025-10-26,Shipped,Website,NONE
66485,13719,2025-03-24,Delivered,Mobile App,NONE
66486,10582,2024-02-21,Delivered,Website,SAVE10
66487,14536,2025-09-18,Delivered,Marketplace,NONE
66488,10563,2024-10-30,Delivered,Mobile App,WELCOME5
66489,13187,2024-01-09,Delivered,Website,NONE
66490,11051,2026-01-30,Delivered,Website,NONE
66491,14617,2025-02-19,Delivered,Mobile App,NONE
66492,12960,2025-10-01,Delivered,Mobile App,FEST15
66493,14726,2025-09-26,Delivered,Website,NONE
66494,14666,2024-03-22,Delivered,Website,NONE
66495,11339,2026-03-17,Shipped,Website,FEST15
66496,11196,2024-07-14,Delivered,Website,NONE
66497,10563,2025-12-27,Delivered,Website,NONE
66498,13600,2025-12-04,Delivered,Website,NONE
66499,10124,2024-04-28,Delivered,Website,NONE
66500,10947,2024-04-23,Delivered,Website,BIG20
66501,14545,2026-04-02,Delivered,Website,SAVE10
66502,13178,2024-01-10,Delivered,Website,NONE
66503,12254,2024-07-30,Delivered,Mobile App,NONE
66504,10689,2026-08-20,Delivered,Mobile App,SAVE10
66505,14226,2024-04-17,Shipped,Marketplace,FEST15
66506,14227,2025-08-18,Shipped,Mobile App,NONE
66507,10231,2024-12-22,Delivered,Website,SAVE10
66508,13713,2025-02-20,Delivered,Website,NONE
66509,11646,2024-05-04,Delivered,Mobile App,NONE
66510,13404,2025-08-02,Delivered,Mobile App,NONE
66511,11475,2024-11-19,Delivered,Website,NONE
66512,10074,2025-10-12,Shipped,Mobile App,NONE
66513,13770,2026-02-05,Delivered,Mobile App,NONE
66514,14183,2025-04-25,Delivered,Mobile App,WELCOME5
66515,13420,2024-01-20,Delivered,Mobile App,FEST15
66516,10755,2025-09-30,Delivered,Website,WELCOME5
66517,12251,2025-04-27,Delivered,Mobile App,NONE
66518,12668,2025-11-18,Processing,Website,FEST15
66519,13968,2026-02-04,Delivered,Marketplace,SAVE10
66520,13884,2024-06-23,Delivered,Website,NONE
66521,14440,2024-04-17,Delivered,Mobile App,NONE
66522,13159,2025-02-14,Delivered,Marketplace,SAVE10
66523,14700,2026-05-25,Delivered,Website,NONE
66524,14096,2024-10-22,Delivered,Website,NONE
66525,11001,2025-02-23,Delivered,Website,SAVE10
66526,13545,2026-02-12,Shipped,Mobile App,FEST15
66527,10426,2026-02-23,Delivered,Website,NONE
66528,13781,2026-01-16,Delivered,Mobile App,NONE
66529,11107,2026-06-29,Delivered,Mobile App,FEST15
66530,11494,2026-02-25,Shipped,Website,NONE
66531,12871,2024-06-02,Delivered,Mobile App,NONE
66532,11896,2025-02-28,Delivered,Marketplace,SAVE10
66533,13238,2026-01-25,Delivered,Marketplace,BIG20
66534,12508,2025-07-12,Delivered,Website,WELCOME5
66535,13181,2024-05-21,Delivered,Mobile App,WELCOME5
66536,12931,2025-11-15,Processing,Mobile App,BIG20
66537,11031,2024-06-16,Delivered,Marketplace,FEST15
66538,13459,2024-11-08,Cancelled,Website,NONE
66539,14794,2026-08-03,Cancelled,Mobile App,WELCOME5
66540,12778,2026-08-06,Delivered,Mobile App,FEST15
66541,13037,2024-01-23,Delivered,Mobile App,FEST15
66542,13553,2025-01-02,Shipped,Website,WELCOME5
66543,10424,2024-11-04,Processing,Mobile App,NONE
66544,10754,2025-06-04,Delivered,Website,NONE
66545,12791,2026-03-17,Delivered,Marketplace,FEST15
66546,11974,2026-03-12,Delivered,Mobile App,NONE
66547,13460,2024-05-12,Cancelled,Marketplace,NONE
66548,14567,2025-12-25,Delivered,Mobile App,NONE
66549,13912,2024-01-30,Processing,Website,SAVE10
66550,11085,2025-05-01,Delivered,Mobile App,NONE
66551,11537,2025-07-04,Processing,Mobile App,NONE
66552,10719,2025-01-31,Delivered,Website,WELCOME5
66553,10489,2026-05-02,Cancelled,Mobile App,FEST15
66554,13725,2025-09-09,Delivered,Website,NONE
66555,13461,2026-08-04,Shipped,Website,FEST15
66556,10973,2025-02-26,Delivered,Website,NONE
66557,13525,2025-01-28,Delivered,Mobile App,NONE
66558,12289,2025-07-28,Delivered,Website,WELCOME5
66559,14381,2024-08-21,Delivered,Website,WELCOME5
66560,13560,2026-02-14,Delivered,Mobile App,SAVE10
66561,11354,2024-10-20,Delivered,Website,NONE
66562,12425,2024-04-28,Delivered,Marketplace,FEST15
66563,11168,2025-04-01,Delivered,Website,FEST15
66564,14508,2025-11-07,Delivered,Mobile App,NONE
66565,12573,2025-06-05,Processing,Website,NONE
66566,14391,2024-02-22,Delivered,Website,FEST15
66567,12556,2024-01-17,Processing,Mobile App,WELCOME5
66568,12515,2025-12-12,Delivered,Website,NONE
66569,10925,2026-08-25,Delivered,Website,FEST15
66570,14805,2024-07-21,Shipped,Mobile App,NONE
66571,13364,2026-07-24,Delivered,Website,NONE
66572,11459,2025-04-23,Delivered,Marketplace,NONE
66573,14199,2024-05-16,Delivered,Website,NONE
66574,11170,2024-09-15,Shipped,Marketplace,FEST15
66575,10485,2026-07-24,Delivered,Website,SAVE10
66576,13352,2024-11-08,Delivered,Marketplace,NONE
66577,13742,2026-03-24,Processing,Website,SAVE10
66578,12864,2025-09-01,Delivered,Website,NONE
66579,13568,2026-02-21,Delivered,Website,NONE
66580,11256,2025-02-22,Shipped,Mobile App,BIG20
66581,11389,2024-04-21,Delivered,Mobile App,NONE
66582,11856,2025-04-17,Delivered,Website,FEST15
66583,11038,2026-07-05,Delivered,Mobile App,SAVE10
66584,11166,2026-08-26,Processing,Website,SAVE10
66585,10239,2025-02-01,Processing,Website,SAVE10
66586,11185,2024-04-27,Processing,Website,NONE
66587,12738,2024-07-27,Delivered,Mobile App,BIG20
66588,11838,2025-01-07,Delivered,Mobile App,NONE
66589,12147,2026-08-08,Processing,Mobile App,SAVE10
66590,14622,2025-05-29,Processing,Website,SAVE10
66591,10033,2025-04-25,Delivered,Mobile App,NONE
66592,14175,2026-02-28,Delivered,Website,NONE
66593,10166,2024-06-21,Delivered,Mobile App,FEST15
66594,12563,2024-09-30,Delivered,Marketplace,NONE
66595,10651,2025-12-26,Delivered,Website,WELCOME5
66596,12389,2025-01-17,Delivered,Mobile App,FEST15
66597,14474,2025-07-30,Shipped,Website,FEST15
66598,10158,2026-03-07,Delivered,Mobile App,NONE
66599,12534,2025-12-19,Delivered,Mobile App,BIG20
66600,12312,2025-05-29,Delivered,Website,NONE
66601,12257,2024-03-06,Shipped,Website,NONE
66602,13119,2026-04-10,Delivered,Website,NONE
66603,11632,2024-03-24,Cancelled,Website,WELCOME5
66604,13893,2024-03-03,Shipped,Website,FEST15
66605,11191,2024-07-27,Delivered,Marketplace,NONE
66606,11780,2024-10-05,Delivered,Marketplace,FEST15
66607,12343,2026-02-08,Delivered,Website,NONE
66608,14597,2025-06-25,Delivered,Website,NONE
66609,12668,2026-06-14,Delivered,Website,NONE
66610,14201,2024-04-28,Delivered,Mobile App,NONE
66611,10699,2026-08-06,Delivered,Website,WELCOME5
66612,10412,2025-04-12,Delivered,Website,SAVE10
66613,12508,2025-08-03,Delivered,Mobile App,NONE
66614,14515,2024-01-18,Delivered,Website,NONE
66615,11171,2025-12-07,Delivered,Mobile App,WELCOME5
66616,11115,2025-05-04,Delivered,Marketplace,NONE
66617,10741,2025-12-26,Processing,Marketplace,WELCOME5
66618,14617,2026-06-11,Delivered,Mobile App,NONE
66619,10461,2024-07-30,Delivered,Website,NONE
66620,13154,2026-07-08,Delivered,Mobile App,SAVE10
66621,11902,2025-04-12,Processing,Marketplace,NONE
66622,12060,2024-11-05,Shipped,Website,FEST15
66623,13554,2025-11-16,Delivered,Mobile App,FEST15
66624,12183,2024-01-04,Delivered,Website,NONE
66625,10116,2025-10-23,Shipped,Website,NONE
66626,12814,2026-06-03,Delivered,Mobile App,WELCOME5
66627,10129,2024-07-21,Shipped,Website,SAVE10
66628,14220,2025-07-04,Delivered,Website,NONE
66629,14729,2026-01-30,Processing,Marketplace,SAVE10
66630,14185,2025-07-17,Delivered,Marketplace,NONE
66631,12069,2026-06-19,Delivered,Mobile App,BIG20
66632,12075,2026-03-01,Delivered,Mobile App,FEST15
66633,12926,2024-09-23,Delivered,Website,NONE
66634,14246,2025-01-16,Delivered,Mobile App,NONE
66635,13767,2025-10-12,Delivered,Website,FEST15
66636,12360,2025-02-11,Delivered,Website,SAVE10
66637,14058,2025-01-15,Delivered,Website,NONE
66638,12088,2026-04-05,Delivered,Website,NONE
66639,13849,2024-04-18,Delivered,Website,SAVE10
66640,11217,2025-04-21,Delivered,Website,BIG20
66641,12268,2025-01-02,Delivered,Website,NONE
66642,14140,2025-12-14,Delivered,Website,FEST15
66643,11232,2026-08-12,Delivered,Mobile App,NONE
66644,13101,2026-05-27,Delivered,Website,FEST15
66645,11402,2024-12-08,Processing,Website,SAVE10
66646,12156,2025-01-16,Delivered,Website,NONE
66647,11622,2024-04-29,Delivered,Mobile App,BIG20
66648,13312,2026-05-12,Delivered,Marketplace,BIG20
66649,13777,2024-10-20,Delivered,Marketplace,SAVE10
66650,14306,2024-11-13,Delivered,Mobile App,SAVE10
66651,11780,2025-01-01,Delivered,Mobile App,NONE
66652,10990,2026-06-20,Delivered,Website,NONE
66653,14655,2026-08-20,Delivered,Website,NONE
66654,11963,2024-10-23,Delivered,Mobile App,WELCOME5
66655,13263,2025-09-19,Delivered,Website,SAVE10
66656,11902,2024-08-15,Delivered,Mobile App,BIG20
66657,14172,2025-03-21,Delivered,Marketplace,BIG20
66658,10381,2025-11-30,Delivered,Website,NONE
66659,10200,2025-05-03,Delivered,Website,FEST15
66660,11671,2026-06-13,Delivered,Website,SAVE10
66661,12075,2025-05-09,Delivered,Mobile App,BIG20
66662,13809,2026-01-15,Shipped,Mobile App,NONE
66663,12352,2025-03-24,Delivered,Mobile App,NONE
66664,11267,2025-12-18,Processing,Website,NONE
66665,10380,2026-03-09,Delivered,Website,NONE
66666,14055,2026-08-01,Delivered,Mobile App,FEST15
66667,12545,2024-11-23,Delivered,Marketplace,NONE
66668,14777,2025-06-24,Delivered,Website,BIG20
66669,11655,2025-11-18,Processing,Mobile App,WELCOME5
66670,11120,2026-05-10,Delivered,Mobile App,BIG20
66671,11358,2024-04-08,Delivered,Mobile App,NONE
66672,12049,2024-02-05,Delivered,Marketplace,NONE
66673,10706,2024-03-22,Delivered,Mobile App,BIG20
66674,10657,2024-05-08,Cancelled,Website,NONE
66675,13966,2024-09-23,Delivered,Mobile App,NONE
66676,13461,2024-09-20,Delivered,Mobile App,NONE
66677,12509,2024-04-09,Delivered,Website,NONE
66678,12411,2026-07-06,Delivered,Website,FEST15
66679,12485,2026-02-25,Delivered,Mobile App,BIG20
66680,12944,2024-07-10,Delivered,Mobile App,FEST15
66681,11430,2025-01-20,Delivered,Website,NONE
66682,13894,2025-01-06,Delivered,Mobile App,FEST15
66683,10041,2026-04-01,Delivered,Mobile App,NONE
66684,13881,2024-02-04,Processing,Website,NONE
66685,13966,2026-04-11,Delivered,Mobile App,NONE
66686,12580,2024-03-16,Delivered,Mobile App,WELCOME5
66687,11477,2025-05-25,Delivered,Marketplace,NONE
66688,14412,2025-07-19,Delivered,Website,WELCOME5
66689,14094,2024-07-22,Delivered,Website,NONE
66690,14660,2024-04-04,Shipped,Website,NONE
66691,10082,2025-02-19,Delivered,Mobile App,BIG20
66692,13154,2026-05-22,Delivered,Website,NONE
66693,10037,2025-07-02,Delivered,Mobile App,SAVE10
66694,10193,2026-05-09,Delivered,Mobile App,NONE
66695,10313,2024-12-05,Delivered,Website,NONE
66696,13880,2025-08-26,Shipped,Marketplace,WELCOME5
66697,13636,2026-04-25,Delivered,Website,NONE
66698,14460,2025-01-19,Delivered,Marketplace,NONE
66699,13174,2026-08-12,Processing,Website,NONE
66700,12784,2026-05-11,Delivered,Website,NONE
66701,10909,2025-08-02,Delivered,Website,WELCOME5
66702,13502,2025-04-18,Delivered,Marketplace,NONE
66703,14555,2024-06-11,Delivered,Website,NONE
66704,11781,2024-07-03,Delivered,Mobile App,NONE
66705,13483,2026-05-04,Shipped,Website,NONE
66706,12511,2024-12-01,Delivered,Website,NONE
66707,12607,2026-06-14,Delivered,Mobile App,FEST15
66708,13991,2024-12-18,Processing,Website,BIG20
66709,11456,2024-09-04,Shipped,Website,NONE
66710,14380,2025-07-16,Delivered,Mobile App,BIG20
66711,14927,2024-10-21,Processing,Mobile App,SAVE10
66712,10577,2025-01-24,Delivered,Website,NONE
66713,12557,2025-03-26,Shipped,Website,NONE
66714,10086,2026-03-04,Delivered,Mobile App,NONE
66715,11692,2026-03-23,Delivered,Marketplace,NONE
66716,11868,2025-08-30,Delivered,Website,WELCOME5
66717,13320,2026-07-02,Delivered,Website,NONE
66718,11955,2024-09-01,Processing,Website,NONE
66719,11812,2025-09-26,Delivered,Website,WELCOME5
66720,13867,2025-01-25,Delivered,Website,NONE
66721,13792,2025-02-12,Delivered,Website,NONE
66722,10043,2025-12-02,Delivered,Mobile App,NONE
66723,11686,2024-11-19,Delivered,Website,BIG20
66724,13821,2024-08-22,Delivered,Website,SAVE10
66725,10515,2025-04-08,Shipped,Mobile App,NONE
66726,12682,2024-03-29,Delivered,Mobile App,FEST15
66727,12461,2025-06-30,Delivered,Marketplace,NONE
66728,13490,2025-11-20,Processing,Mobile App,NONE
66729,13382,2024-05-29,Delivered,Marketplace,SAVE10
66730,12547,2025-01-29,Delivered,Website,NONE
66731,12067,2024-09-26,Shipped,Mobile App,NONE
66732,13954,2024-04-30,Delivered,Website,SAVE10
66733,11911,2024-05-07,Delivered,Mobile App,BIG20
66734,12186,2025-04-10,Cancelled,website,NONE
66735,12098,2025-06-14,Delivered,Website,BIG20
66736,11730,2025-06-27,Delivered,Website,NONE
66737,13149,2024-03-04,Delivered,Mobile App,FEST15
66738,13183,2024-01-25,Delivered,Mobile App,SAVE10
66739,14498,2024-04-26,Shipped,Mobile App,NONE
66740,12223,2026-02-06,Processing,Mobile App,NONE
66741,13801,2025-09-16,Shipped,Website,SAVE10
66742,11518,2025-04-21,Shipped,Mobile App,BIG20
66743,14814,2024-01-31,Shipped,Mobile App,NONE
66744,14568,2024-01-25,Delivered,Website,NONE
66745,12957,2025-01-15,Delivered,Website,NONE
66746,13617,2026-04-15,Delivered,Website,NONE
66747,12900,2024-04-17,Processing,Website,NONE
66748,10985,2025-07-21,Delivered,Website,WELCOME5
66749,14705,2025-07-09,Shipped,Marketplace,FEST15
66750,13701,2026-07-23,Shipped,Website,BIG20
66751,12100,2024-10-15,Delivered,Website,WELCOME5
66752,11262,2024-09-29,Delivered,Mobile App,WELCOME5
66753,13344,2025-08-08,Delivered,Website,NONE
66754,12157,2025-02-04,Delivered,Website,NONE
66755,14142,2024-06-15,Delivered,Website,NONE
66756,11088,2025-10-05,Delivered,Website,SAVE10
66757,12605,2026-07-20,Delivered,Website,FEST15
66758,10567,2026-06-05,Delivered,Mobile App,BIG20
66759,13568,2024-04-08,Processing,Mobile App,NONE
66760,11996,2026-02-06,Delivered,Mobile App,FEST15
66761,10965,2025-11-10,Delivered,Website,FEST15
66762,12776,2025-09-15,Delivered,Website,FEST15
66763,12857,2025-03-26,Delivered,Mobile App,NONE
66764,11511,2026-02-10,Delivered,Website,NONE
66765,14698,2025-07-07,Shipped,Website,NONE
66766,10376,2024-04-01,Delivered,Website,NONE
66767,11663,2024-05-05,Shipped,Website,FEST15
66768,11249,2025-12-03,Delivered,Mobile App,BIG20
66769,14628,2025-01-28,Delivered,Website,WELCOME5
66770,11229,2025-07-15,Delivered,Website,NONE
66771,11102,2026-02-20,Delivered,Mobile App,NONE
66772,12954,2024-09-23,Delivered,Mobile App,FEST15
66773,11303,2026-05-15,Delivered,Website,NONE
66774,11411,2024-08-19,Delivered,Website,NONE
66775,11226,2025-03-10,Delivered,Mobile App,NONE
66776,12669,2024-10-06,Delivered,Website,FEST15
66777,13745,2025-11-09,Processing,Website,FEST15
66778,12352,2024-04-29,Delivered,Website,FEST15
66779,14450,2024-11-19,Delivered,Mobile App,NONE
66780,11332,2024-09-22,Shipped,Mobile App,NONE
66781,14225,2025-11-30,Delivered,Website,NONE
66782,13707,2024-03-10,Delivered,Marketplace,NONE
66783,10368,2025-09-17,Delivered,Website,WELCOME5
66784,13338,2025-10-14,Shipped,Website,NONE
66785,14964,2025-12-05,Shipped,Website,FEST15
66786,13402,2025-05-11,Delivered,Mobile App,FEST15
66787,11291,2025-09-19,Cancelled,Website,NONE
66788,12168,2024-05-03,Delivered,Marketplace,NONE
66789,14348,2025-06-20,Delivered,Mobile App,NONE
66790,11583,2025-11-07,Delivered,Website,NONE
66791,12380,2024-08-28,Shipped,Website,NONE
66792,12954,2024-06-21,Delivered,Mobile App,NONE
66793,14139,2024-10-17,Delivered,Website,NONE
66794,14796,2025-04-25,Delivered,Website,SAVE10
66795,13525,2024-02-16,Delivered,Website,NONE
66796,12170,2026-06-11,Delivered,Mobile App,WELCOME5
66797,12053,2025-09-25,Delivered,Mobile App,NONE
66798,13327,2026-01-08,Delivered,Mobile App,NONE
66799,10370,2026-04-03,Delivered,Mobile App,NONE
66800,12212,2025-07-20,Delivered,Website,NONE
66801,11778,2026-01-17,Delivered,Website,NONE
66802,14664,2025-07-21,Delivered,Website,NONE
66803,14277,2026-01-17,Delivered,Website,NONE
66804,11324,2024-03-03,Delivered,Website,NONE
66805,13277,2026-03-10,Processing,Mobile App,NONE
66806,12292,2025-02-18,Delivered,Marketplace,FEST15
66807,14153,2025-04-07,Delivered,Mobile App,NONE
66808,12469,2024-10-24,Shipped,Website,NONE
66809,13208,2025-01-23,Delivered,Mobile App,NONE
66810,13644,2025-04-05,Delivered,Website,SAVE10
66811,14117,2024-12-25,Delivered,Marketplace,SAVE10
66812,13607,2026-07-11,Delivered,Mobile App,NONE
66813,11484,2025-05-11,Cancelled,Website,NONE
66814,13698,2026-02-01,Delivered,Website,NONE
66815,11583,2026-07-17,Shipped,Mobile App,SAVE10
66816,13665,2025-08-14,Delivered,Marketplace,
66817,14748,2024-11-23,Delivered,Website,NONE
66818,12349,2025-11-14,Delivered,Mobile App,WELCOME5
66819,14463,2024-01-11,Shipped,Mobile App,WELCOME5
66820,10778,2025-12-09,Delivered,Website,SAVE10
66821,12126,2024-01-09,Delivered,Website,FEST15
66822,14353,2025-03-18,Delivered,Website,BIG20
66823,13653,2024-09-25,Cancelled,Website,NONE
66824,11625,2026-04-20,Delivered,Website,NONE
66825,12505,2025-09-17,Delivered,Website,SAVE10
66826,10552,2025-08-21,Delivered,Website,BIG20
66827,14081,2025-09-27,Delivered,Website,SAVE10
66828,10644,2025-12-16,Delivered,Mobile App,BIG20
66829,12821,2024-06-03,Cancelled,Website,BIG20
66830,12474,2024-01-11,Delivered,Website,WELCOME5
66831,13090,2026-06-23,Delivered,Website,SAVE10
66832,12130,2025-06-05,Cancelled,Mobile App,SAVE10
66833,10428,2025-10-11,Delivered,Mobile App,SAVE10
66834,13318,2024-12-19,Delivered,Mobile App,NONE
66835,14474,2026-04-03,Delivered,Mobile App,NONE
66836,13060,2024-02-23,Delivered,Website,NONE
66837,10219,2025-03-02,Delivered,Mobile App,NONE
66838,10538,2025-09-18,Shipped,Mobile App,SAVE10
66839,11374,2025-03-25,Delivered,Website,NONE
66840,11484,2026-06-19,Delivered,Marketplace,NONE
66841,10613,2024-01-09,Delivered,Website,FEST15
66842,14482,2025-12-11,Shipped,Website,SAVE10
66843,13687,2026-05-04,Delivered,Marketplace,NONE
66844,13834,2024-03-18,Delivered,Mobile App,BIG20
66845,14817,2025-09-13,Shipped,Website,NONE
66846,14353,2024-02-24,Delivered,Website,NONE
66847,10856,2025-08-28,Processing,Mobile App,WELCOME5
66848,10110,2024-11-30,Delivered,Mobile App,WELCOME5
66849,13648,2026-03-17,Delivered,Marketplace,SAVE10
66850,14561,2024-08-19,Cancelled,Mobile App,NONE
66851,13506,2024-12-28,Shipped,Mobile App,NONE
66852,14306,2024-01-27,Delivered,Mobile App,NONE
66853,13043,2025-12-14,Shipped,Marketplace,WELCOME5
66854,12262,2024-02-08,Delivered,Mobile App,NONE
66855,10651,2025-10-12,Processing,Website,WELCOME5
66856,13368,2024-11-30,Delivered,Mobile App,NONE
66857,11460,2026-06-30,Shipped,Mobile App,NONE
66858,11360,2024-05-09,Shipped,Mobile App,NONE
66859,14380,2025-09-10,Shipped,Website,NONE
66860,13293,2024-07-07,Delivered,Website,BIG20
66861,12225,2024-02-13,Delivered,Mobile App,FEST15
66862,13994,2026-04-23,Processing,Marketplace,NONE
66863,13666,2026-05-06,Processing,Website,NONE
66864,12418,2026-08-21,Shipped,Website,NONE
66865,14889,2024-06-30,Delivered,Website,NONE
66866,10142,2026-02-19,Shipped,Website,NONE
66867,12466,2025-04-20,Delivered,Mobile App,NONE
66868,12082,2024-08-13,Shipped,Website,NONE
66869,10612,2025-01-16,Delivered,Marketplace,BIG20
66870,13625,2024-06-19,Shipped,Website,FEST15
66871,10503,2025-08-20,Delivered,Website,WELCOME5
66872,13519,2025-07-15,Delivered,Website,NONE
66873,13772,2024-06-15,Shipped,Website,NONE
66874,12432,2026-01-30,Delivered,Mobile App,NONE
66875,11222,2025-07-01,Delivered,Mobile App,NONE
66876,14929,2025-09-29,Shipped,Marketplace,NONE
66877,13526,2024-05-10,Delivered,website,BIG20
66878,10586,2026-02-18,Delivered,Website,NONE
66879,13683,2024-12-19,Shipped,Marketplace,NONE
66880,10792,2025-04-17,Shipped,Mobile App,NONE
66881,13116,2024-05-31,Delivered,Mobile App,NONE
66882,11292,2026-08-16,Delivered,Website,NONE
66883,13174,2025-05-16,Delivered,Website,SAVE10
66884,14018,2026-02-02,Cancelled,Website,FEST15
66885,13920,2025-08-15,Delivered,Website,NONE
66886,13815,2024-02-19,Delivered,Website,SAVE10
66887,13537,2025-11-06,Shipped,Website,NONE
66888,13864,2024-12-19,Delivered,Mobile App,NONE
66889,14512,2025-08-04,Delivered,Mobile App,FEST15
66890,14399,2025-06-26,Delivered,Marketplace,NONE
66891,13862,2026-01-31,Delivered,Website,FEST15
66892,12215,2024-08-05,Delivered,Marketplace,FEST15
66893,11467,2026-07-29,Delivered,Website,BIG20
66894,11593,2025-01-26,Delivered,Mobile App,NONE
66895,13065,2025-11-28,Delivered,Website,WELCOME5
66896,13002,2025-09-02,Processing,Website,NONE
66897,12136,2025-07-02,Delivered,Mobile App,NONE
66898,12050,2025-06-19,Shipped,Mobile App,SAVE10
66899,13626,2025-08-16,Shipped,Website,NONE
66900,12620,2026-04-15,Delivered,Marketplace,SAVE10
66901,10095,2024-09-25,Delivered,Marketplace,FEST15
66902,10702,2024-09-11,Delivered,Website,WELCOME5
66903,11656,2026-08-16,Delivered,Website,NONE
66904,11982,2026-06-12,Delivered,Website,NONE
66905,13663,2025-01-18,Delivered,Mobile App,SAVE10
66906,12364,2024-11-08,Delivered,Website,SAVE10
66907,12134,2025-12-26,Cancelled,Website,FEST15
66908,10438,2026-06-11,Delivered,Marketplace,NONE
66909,10306,2026-07-08,Delivered,Marketplace,SAVE10
66910,14973,2024-08-28,Delivered,Website,SAVE10
66911,14307,2024-07-26,Delivered,Marketplace,NONE
66912,10189,2025-05-07,Cancelled,Website,NONE
66913,12270,2024-06-22,Delivered,Website,BIG20
66914,14598,2026-06-23,Shipped,Website,FEST15
66915,13561,2024-12-07,Delivered,Website,NONE
66916,10401,2024-09-26,Delivered,Mobile App,NONE
66917,12147,2026-07-31,Delivered,Mobile App,FEST15
66918,14297,2026-04-03,Delivered,Mobile App,NONE
66919,11497,2026-07-02,Shipped,Mobile App,NONE
66920,12742,2025-05-01,Delivered,Website,SAVE10
66921,11615,2026-02-07,Delivered,Marketplace,NONE
66922,10982,2025-02-11,Delivered,Mobile App,NONE
66923,14300,2024-03-09,Delivered,Marketplace,WELCOME5
66924,11157,2025-10-05,Delivered,Mobile App,FEST15
66925,12916,2024-03-18,Shipped,Website,NONE
66926,11759,2024-07-11,Delivered,Mobile App,BIG20
66927,13067,2024-10-14,Delivered,Website,NONE
66928,13971,2025-10-01,Delivered,Website,NONE
66929,12764,2026-01-24,Delivered,Mobile App,NONE
66930,10736,2024-06-20,Delivered,Website,SAVE10
66931,11438,2025-12-13,Delivered,Mobile App,SAVE10
66932,11212,2025-11-20,Delivered,Website,NONE
66933,13444,2025-08-02,Delivered,Marketplace,NONE
66934,13464,2025-08-15,Cancelled,Mobile App,NONE
66935,10717,2025-01-24,Delivered,Website,NONE
66936,13070,2024-05-15,Delivered,Website,NONE
66937,12321,2024-05-09,Delivered,Website,WELCOME5
66938,12105,2024-04-07,Delivered,Website,WELCOME5
66939,14291,2025-04-09,Delivered,Website,SAVE10
66940,10303,2025-08-12,Delivered,Website,WELCOME5
66941,13632,2024-05-19,Delivered,Website,BIG20
66942,12793,2024-04-27,Delivered,Mobile App,FEST15
66943,11293,2025-11-05,Delivered,Mobile App,NONE
66944,11147,2025-08-29,Cancelled,Marketplace,NONE
66945,10819,2026-06-23,Delivered,Website,FEST15
66946,13061,2026-08-27,Delivered,Marketplace,SAVE10
66947,13276,2026-08-16,Delivered,Mobile App,SAVE10
66948,11373,2024-04-29,Delivered,Mobile App,NONE
66949,11908,2024-12-20,Delivered,Website,NONE
66950,14902,2025-04-04,Delivered,Website,NONE
66951,13526,2025-12-17,Cancelled,Website,NONE
66952,12953,2026-06-15,Delivered,Website,SAVE10
66953,10598,2026-03-18,Delivered,Website,SAVE10
66954,12857,2026-06-27,Delivered,Website,NONE
66955,11967,2024-01-19,Delivered,Website,NONE
66956,14184,2024-01-30,Delivered,Mobile App,NONE
66957,10961,2025-02-02,Processing,Website,NONE
66958,14966,2026-02-22,Delivered,Mobile App,NONE
66959,14707,2024-11-12,Delivered,Website,NONE
66960,13896,2024-08-19,Delivered,Marketplace,FEST15
66961,12503,2024-08-19,Delivered,Website,NONE
66962,12970,2025-12-25,Shipped,Marketplace,NONE
66963,14532,2026-02-02,Delivered,Website,NONE
66964,14318,2024-12-10,Delivered,Website,FEST15
66965,14046,2024-02-25,Shipped,Website,WELCOME5
66966,10907,2024-08-06,Shipped,Marketplace,NONE
66967,12040,2024-10-07,Delivered,Mobile App,WELCOME5
66968,13822,2025-04-01,Delivered,Website,SAVE10
66969,10622,2025-01-07,Delivered,Website,WELCOME5
66970,13400,2024-06-19,Delivered,Mobile App,NONE
66971,11792,2026-08-15,Delivered,Marketplace,NONE
66972,12817,2025-02-15,Delivered,Website,FEST15
66973,14591,2024-08-03,Delivered,Website,NONE
66974,14334,2025-01-17,Delivered,Marketplace,SAVE10
66975,11840,2025-12-23,Delivered,Website,FEST15
66976,13549,2026-07-22,Delivered,Website,SAVE10
66977,10055,2025-03-07,Delivered,Marketplace,NONE
66978,13584,2025-06-09,Delivered,Mobile App,NONE
66979,10690,2024-10-19,Shipped,Website,NONE
66980,14549,2025-11-07,Delivered,Website,FEST15
66981,11490,2025-10-27,Delivered,Website,SAVE10
66982,13498,2024-06-18,Shipped,Website,NONE
66983,13333,2025-06-16,Delivered,Mobile App,NONE
66984,11278,2026-08-25,Processing,Website,NONE
66985,14192,2024-08-14,Cancelled,Website,SAVE10
66986,10919,2025-04-27,Delivered,Mobile App,NONE
66987,14502,2025-10-13,Shipped,Mobile App,NONE
66988,12566,2024-03-13,Shipped,Website,NONE
66989,12333,2025-05-20,Delivered,Mobile App,SAVE10
66990,11175,2025-08-14,Delivered,Mobile App,FEST15
66991,10043,2025-06-12,Delivered,Marketplace,WELCOME5
66992,13499,2024-11-04,Delivered,Website,BIG20
66993,13662,2026-02-19,Delivered,Marketplace,NONE
66994,14214,2024-10-12,Delivered,Website,SAVE10
66995,14822,2025-05-10,Delivered,Marketplace,SAVE10
66996,11460,2024-11-03,Delivered,Mobile App,NONE
66997,12836,2026-04-06,Shipped,Website,SAVE10
66998,14568,2025-03-12,Delivered,Website,FEST15
66999,12836,2025-01-09,Delivered,Mobile App,WELCOME5
67000,13735,2024-10-05,Delivered,Website,NONE
67001,13568,2025-06-03,Delivered,Mobile App,NONE
67002,14941,2026-01-25,Delivered,Website,NONE
67003,11703,2025-08-27,Delivered,Website,FEST15
67004,10994,2024-06-22,Delivered,Website,SAVE10
67005,14579,2024-01-20,Delivered,Marketplace,SAVE10
67006,12308,2024-05-17,Delivered,Website,FEST15
67007,10970,2026-05-14,Shipped,Website,NONE
67008,13202,2024-04-11,Delivered,Mobile App,SAVE10
67009,14258,2024-06-21,Delivered,Mobile App,NONE
67010,13815,2025-02-02,Cancelled,Website,SAVE10
67011,11681,2024-06-29,Delivered,Mobile App,NONE
67012,14560,2024-04-19,Delivered,Website,NONE
67013,10202,2024-06-30,Delivered,Mobile App,SAVE10
67014,14457,2024-01-25,Delivered,Marketplace,BIG20
67015,10916,2025-05-14,Delivered,Marketplace,NONE
67016,11181,2024-10-12,Shipped,Website,SAVE10
67017,11572,2024-10-07,Delivered,Website,WELCOME5
67018,12113,2026-08-08,Delivered,Marketplace,NONE
67019,10240,2026-06-08,Delivered,Mobile App,WELCOME5
67020,13592,2024-01-11,Delivered,Marketplace,SAVE10
67021,10657,2026-05-30,Delivered,Mobile App,NONE
67022,10662,2024-03-02,Delivered,Marketplace,NONE
67023,10025,2025-07-23,Delivered,Website,FEST15
67024,14797,2025-07-19,Delivered,Website,NONE
67025,10241,2025-08-23,Shipped,Mobile App,SAVE10
67026,13735,2025-04-27,Delivered,Mobile App,NONE
67027,13170,2025-10-08,Shipped,Website,NONE
67028,14145,2024-04-11,Shipped,Mobile App,FEST15
67029,12252,2025-03-12,Delivered,Website,NONE
67030,14538,2026-05-17,Delivered,Mobile App,SAVE10
67031,12359,2025-06-28,Processing,Mobile App,BIG20
67032,10890,2025-10-16,Processing,Mobile App,BIG20
67033,14512,2024-03-05,Delivered,Website,NONE
67034,12111,2025-04-24,Delivered,Website,SAVE10
67035,10032,2024-04-06,Delivered,Mobile App,NONE
67036,13259,2025-06-11,Delivered,Marketplace,SAVE10
67037,11604,2024-11-28,Delivered,Mobile App,WELCOME5
67038,14113,2026-02-11,Delivered,Marketplace,NONE
67039,10767,2026-02-01,Delivered,Website,NONE
67040,13691,2024-04-05,Delivered,Mobile App,NONE
67041,14152,2024-12-27,Shipped,Website,NONE
67042,10608,2026-06-24,Shipped,Mobile App,NONE
67043,12925,2024-01-15,Delivered,Website,NONE
67044,13229,2024-04-19,Delivered,Website,NONE
67045,14610,2026-06-25,Delivered,Website,BIG20
67046,11471,2025-03-20,Delivered,Mobile App,SAVE10
67047,12434,2025-08-23,Cancelled,Mobile App,SAVE10
67048,12033,2024-08-28,Delivered,Mobile App,NONE
67049,11869,2025-02-07,Delivered,Marketplace,NONE
67050,14972,2025-10-07,Delivered,Mobile App,NONE
67051,13279,2024-10-27,Delivered,Website,NONE
67052,10786,2026-03-25,Delivered, marketplace,NONE
67053,14322,2026-06-16,Delivered,Mobile App,NONE
67054,10522,2025-08-21,Delivered,Marketplace,BIG20
67055,14384,2024-09-11,Delivered,Website,BIG20
67056,12046,2024-08-05,Delivered,Website,SAVE10
67057,13382,2024-01-23,Delivered,Mobile App,NONE
67058,14321,2026-01-25,Delivered,Website,NONE
67059,14358,2026-05-20,Delivered,Marketplace,BIG20
67060,10812,2026-07-03,Shipped,Mobile App,NONE
67061,12028,2026-08-06,Delivered,Website,NONE
67062,10400,2024-06-05,Delivered,Website,
67063,13217,2025-11-08,Shipped,Website,FEST15
67064,12095,2024-09-02,Delivered,Website,NONE
67065,14993,2024-06-18,Processing,Website,NONE
67066,13162,2025-05-28,Delivered,Website,NONE
67067,12194,2025-10-17,Delivered,Mobile App,NONE
67068,10774,2025-12-18,Delivered,Website,FEST15
67069,11437,2025-04-21,Delivered,Website,SAVE10
67070,14023,2024-05-03,Shipped,Mobile App,SAVE10
67071,10717,2024-03-07,Delivered,Website,NONE
67072,14230,2024-02-19,Processing,Marketplace,BIG20
67073,13012,2026-01-13,Delivered,Website,BIG20
67074,12613,2025-07-03,Delivered,Mobile App,NONE
67075,12384,2024-11-27,Delivered,Website,NONE
67076,10153,2026-02-12,Cancelled,Website,NONE
67077,11131,2024-12-11,Shipped,Website,NONE
67078,12581,2024-10-15,Processing,Website,FEST15
67079,12427,2026-02-22,Shipped,Website,NONE
67080,11071,2025-07-19,Delivered,Website,WELCOME5
67081,14015,2025-10-18,Delivered,Website,NONE
67082,12231,2026-02-18,Delivered,Website,WELCOME5
67083,11940,2024-10-30,Cancelled,Marketplace,SAVE10
67084,13799,2024-01-28,Cancelled,Website,NONE
67085,10745,2025-10-05,Delivered,Mobile App,NONE
67086,10273,2024-11-22,Delivered,Marketplace,SAVE10
67087,11614,2026-07-30,Delivered,Marketplace,NONE
67088,10001,2024-10-21,Delivered,Mobile App,SAVE10
67089,11856,2026-02-12,Delivered,Website,WELCOME5
67090,10668,2025-12-02,Processing,Marketplace,NONE
67091,13298,2025-11-17,Delivered,Marketplace,FEST15
67092,10227,2025-10-08,Delivered,Mobile App,SAVE10
67093,11033,2024-03-13,Delivered,Mobile App,BIG20
67094,11303,2026-03-13,Delivered,Website,NONE
67095,12983,2024-09-17,Delivered,Mobile App,WELCOME5
67096,12022,2025-06-16,Delivered,Website,NONE
67097,13843,2024-09-06,Processing,Website,SAVE10
67098,13899,2024-08-09,Processing,Website,SAVE10
67099,11926,2025-01-03,Delivered,Website,NONE
67100,10152,2025-02-24,Delivered,Mobile App,NONE
67101,14802,2026-05-31,Shipped,Website,BIG20
67102,11755,2025-01-19,Delivered,Website,FEST15
67103,12689,2026-07-07,Delivered,Website,FEST15
67104,14648,2025-10-09,Delivered,Website,FEST15
67105,13261,2025-09-09,Delivered,Mobile App,NONE
67106,12882,2026-07-14,Shipped,Website,NONE
67107,11699,2026-08-20,Delivered,Website,NONE
67108,14134,2025-03-19,Delivered,Marketplace,SAVE10
67109,10973,2025-01-19,Shipped,Mobile App,NONE
67110,12418,2025-09-11,Delivered,Mobile App,NONE
67111,11750,2024-07-17,Delivered,Mobile App,NONE
67112,10487,2024-06-21,Delivered,Marketplace,NONE
67113,11386,2024-10-30,Delivered,Mobile App,NONE
67114,10935,2025-07-11,Delivered,Website,SAVE10
67115,10453,2026-08-26,Delivered,Mobile App,SAVE10
67116,13791,2025-12-07,Delivered,Mobile App,FEST15
67117,13556,2024-10-25,Delivered,Marketplace,FEST15
67118,14321,2026-01-10,Processing,Mobile App,FEST15
67119,10153,2025-05-15,Delivered,Website,NONE
67120,12338,2026-08-02,Delivered,Website,SAVE10
67121,13304,2025-08-18,Delivered,Website,WELCOME5
67122,12463,2026-08-15,Delivered,Mobile App,BIG20
67123,10129,2026-01-24,Delivered,Website,NONE
67124,12251,2025-05-14,Delivered,Website,NONE
67125,10622,2026-01-29,Delivered,Marketplace,NONE
67126,10092,2026-04-14,Delivered,Website,NONE
67127,13654,2024-07-20,Shipped,Mobile App,SAVE10
67128,10478,2025-12-16,Delivered,Marketplace,NONE
67129,11495,2026-08-19,Delivered,Mobile App,FEST15
67130,14960,2025-05-23,Delivered,Website,SAVE10
67131,14741,2025-03-15,Cancelled,Website,NONE
67132,10211,2024-01-30,Delivered,Mobile App,NONE
67133,12006,2025-12-17,Delivered,Mobile App,NONE
67134,11745,2026-08-05,Delivered,Website,NONE
67135,13110,2025-08-20,Delivered,Mobile App,NONE
67136,13454,2026-07-25,Delivered,Mobile App,NONE
67137,10377,2024-05-11,Delivered,Mobile App,NONE
67138,12125,2025-05-17,Delivered,Mobile App,FEST15
67139,11400,2026-01-22,Shipped,Mobile App,NONE
67140,14914,2024-11-30,Delivered,Website,NONE
67141,11460,2026-03-22,Delivered,Website,WELCOME5
67142,10164,2024-04-18,Cancelled,Mobile App,NONE
67143,13121,2026-04-15,Delivered,Website,NONE
67144,14373,2024-02-23,Delivered,Website,NONE
67145,14109,2024-03-29,Delivered,Website,SAVE10
67146,10674,2026-02-18,Delivered,Mobile App,SAVE10
67147,13713,2026-07-28,Delivered,Mobile App,NONE
67148,11025,2025-02-01,Shipped,Website,NONE
67149,10723,2024-08-01,Delivered,Mobile App,BIG20
67150,12642,2025-06-29,Delivered,Website,SAVE10
67151,14028,2024-10-03,Processing,Website,FEST15
67152,14358,2024-10-19,Delivered,Website,NONE
67153,13093,2024-01-02,Delivered,Website,NONE
67154,12071,2025-08-18,Processing,Website,NONE
67155,12931,2024-06-02,Delivered,Website,NONE
67156,11468,2026-01-06,Processing,Website,NONE
67157,10677,2024-07-20,Delivered,Mobile App,NONE
67158,12009,2026-05-16,Delivered,Mobile App,NONE
67159,10846,2025-10-25,Delivered,Website,SAVE10
67160,10472,2025-04-26,Delivered,Website,FEST15
67161,13737,2025-02-13,Delivered,Mobile App,BIG20
67162,14192,2024-10-18,Delivered,Mobile App,NONE
67163,13746,2024-03-08,Delivered,Mobile App,NONE
67164,14577,2024-03-15,Delivered,Mobile App,NONE
67165,12425,2025-07-05,Delivered,Website,NONE
67166,13379,2026-04-08,Delivered,Website,NONE
67167,11014,2025-11-03,Delivered,Mobile App,NONE
67168,12224,2026-04-07,Delivered,Website,NONE
67169,10503,2025-12-17,Delivered,Website,NONE
67170,13071,2024-12-08,Delivered,Marketplace,NONE
67171,12182,2026-06-25,Delivered,Website,NONE
67172,12760,2024-07-20,Delivered,Mobile App,BIG20
67173,14272,2024-09-22,Delivered,Marketplace,FEST15
67174,10258,2025-10-15,Delivered,Website,SAVE10
67175,12226,2024-02-06,Processing,Marketplace,NONE
67176,11973,2026-01-03,Delivered,Mobile App,NONE
67177,13701,2024-10-20,Shipped,Mobile App,NONE
67178,13285,2025-12-01,Delivered,Website,SAVE10
67179,13603,2025-12-18,Delivered,Website,NONE
67180,14239,2024-03-10,Delivered,Website,FEST15
67181,11490,2024-11-14,Delivered,Website,NONE
67182,11795,2026-08-12,Delivered,Mobile App,NONE
67183,11734,2026-06-21,Shipped,Marketplace,FEST15
67184,14097,2025-06-12,Delivered,Marketplace,NONE
67185,12324,2025-02-17,Delivered,Website,FEST15
67186,13785,2025-08-13,Processing,Mobile App,FEST15
67187,11226,2025-12-09,Delivered,Website,SAVE10
67188,14647,2024-02-13,Delivered,Website,NONE
67189,12420,2024-11-03,Cancelled,Website,BIG20
67190,14948,2024-01-12,Cancelled,Mobile App,WELCOME5
67191,12235,2025-05-06,Delivered,Website,SAVE10
67192,10209,2024-05-02,Shipped,Website,SAVE10
67193,11316,2026-05-20,Delivered,Website,NONE
67194,12188,2025-01-14,Delivered,Website,NONE
67195,10665,2026-05-07,Delivered,Website,FEST15
67196,13868,2026-07-05,Delivered,Website,NONE
67197,11743,2024-09-20,Delivered,Mobile App,SAVE10
67198,14116,2025-12-07,Delivered,Marketplace,SAVE10
67199,14822,2024-02-16,Delivered,Website,SAVE10
67200,10415,2026-08-27,Delivered,Website,NONE
67201,11395,2026-01-03,Delivered,Mobile App,FEST15
67202,13033,2025-10-21,Delivered,Mobile App,NONE
67203,14327,2025-07-17,Delivered,Marketplace,NONE
67204,14493,2024-04-06,Delivered,Website,WELCOME5
67205,10972,2024-09-10,Delivered,Marketplace,NONE
67206,11136,2025-11-04,Delivered,Website,SAVE10
67207,10994,2024-07-26,Shipped,Marketplace,NONE
67208,11737,2025-09-14,Delivered,Website,SAVE10
67209,13059,2026-03-17,Delivered,Marketplace,NONE
67210,11975,2026-05-09,Delivered,Website,SAVE10
67211,13632,2024-03-04,Shipped,Website,NONE
67212,11973,2025-06-11,Delivered,Mobile App,BIG20
67213,12949,2024-05-06,Delivered,Website,NONE
67214,12809,2024-08-26,Processing,Mobile App,NONE
67215,11267,2026-05-04,Delivered,Website,NONE
67216,10305,2025-12-11,Delivered,Mobile App,NONE
67217,11105,2025-10-17,Delivered,Mobile App,WELCOME5
67218,13896,2025-12-31,Delivered,Mobile App,NONE
67219,13736,2024-04-25,Delivered,Mobile App,NONE
67220,10615,2025-05-13,Delivered,Website,NONE
67221,11921,2024-08-10,Processing,Mobile App,NONE
67222,14067,2024-04-01,Delivered,Mobile App,NONE
67223,14036,2026-06-06,Delivered,Mobile App,NONE
67224,10086,2025-02-05,Delivered,Mobile App,WELCOME5
67225,13931,2024-07-15,Delivered,Mobile App,BIG20
67226,13936,2026-03-25,Delivered,Website,NONE
67227,10582,2025-11-16,Delivered,Website,NONE
67228,11777,2024-10-21,Delivered,Mobile App,NONE
67229,10269,2026-03-04,Shipped,Website,NONE
67230,13280,2025-12-10,Delivered,Website,NONE
67231,14310,2024-09-16,Delivered,Website,NONE
67232,10896,2024-09-02,Delivered,Marketplace,NONE
67233,11760,2024-06-15,Shipped,Mobile App,WELCOME5
67234,12686,2024-11-14,Delivered,Marketplace,NONE
67235,10361,2024-10-05,Shipped,Website,NONE
67236,11496,2024-11-22,Delivered,Website,FEST15
67237,11087,2024-07-13,Processing,Marketplace,NONE
67238,10020,2024-05-11,Delivered,Mobile App,FEST15
67239,13342,2025-11-19,Shipped,Marketplace,FEST15
67240,13626,2024-12-06,Delivered,Website,NONE
67241,10404,2024-04-08,Delivered,Mobile App,NONE
67242,10656,2025-12-02,Delivered,Mobile App,SAVE10
67243,10353,2024-08-10,Delivered,Mobile App,FEST15
67244,14699,2025-01-24,Delivered,Website,NONE
67245,12848,2026-03-27,Delivered,Mobile App,SAVE10
67246,12719,2024-10-17,Shipped,Website,NONE
67247,10431,2024-06-27,Delivered,Mobile App,NONE
67248,10009,2025-11-10,Delivered,Mobile App,NONE
67249,14641,2024-03-18,Shipped,Website,NONE
67250,14725,2025-05-15,Delivered,Website,SAVE10
67251,12724,2026-03-05,Delivered,Website,NONE
67252,10664,2025-02-26,Delivered,Marketplace,WELCOME5
67253,10149,2024-06-01,Delivered,Mobile App,NONE
67254,14170,2026-02-11,Delivered,Website,WELCOME5
67255,12644,2025-12-07,Shipped,Mobile App,BIG20
67256,11647,2025-01-05,Cancelled,Website,NONE
67257,10062,2024-05-26,Delivered,Mobile App,FEST15
67258,12841,2025-06-12,Processing,Website,NONE
67259,14391,2026-01-25,Shipped,Website,NONE
67260,14179,2024-01-31,Delivered,Mobile App,NONE
67261,13657,2025-04-18,Delivered,Marketplace,NONE
67262,10251,2024-11-25,Delivered,Website,NONE
67263,13784,2024-12-16,Delivered,Website,FEST15
67264,13401,2024-08-17,Delivered,Mobile App,NONE
67265,14196,2025-09-23,Delivered,Mobile App,NONE
67266,10743,2026-05-09,Delivered,Marketplace,FEST15
67267,14312,2024-04-01,Delivered,Website,SAVE10
67268,13582,2024-01-21,Delivered,Website,SAVE10
67269,13825,2025-01-16,Delivered,Mobile App,NONE
67270,10804,2025-11-10,Delivered,Website,NONE
67271,14278,2024-03-15,Delivered,Website,NONE
67272,10110,2026-01-03,Shipped,Mobile App,FEST15
67273,11113,2025-12-02,Delivered,Website,NONE
67274,10778,2024-11-18,Delivered,Marketplace,FEST15
67275,11159,2024-11-16,Delivered,Website,NONE
67276,13129,2024-09-06,Cancelled,Mobile App,NONE
67277,14627,2025-11-20,Processing,Marketplace,WELCOME5
67278,14929,2024-06-08,Delivered,Website,WELCOME5
67279,10544,2024-11-19,Delivered,Website,NONE
67280,14851,2024-09-25,Delivered,Website,NONE
67281,10546,2024-12-29,Delivered,Mobile App,NONE
67282,13729,2026-06-05,Delivered,Website,NONE
67283,10920,2024-01-25,Delivered,Mobile App,SAVE10
67284,14123,2024-02-12,Delivered,Mobile App,SAVE10
67285,11746,2025-02-01,Delivered,Website,BIG20
67286,14370,2025-03-19,Shipped,Mobile App,SAVE10
67287,12710,2026-08-23,Delivered,Website,SAVE10
67288,12642,2024-09-13,Delivered,Website,BIG20
67289,12204,2025-06-27,Delivered,Website,NONE
67290,11144,2025-11-05,Delivered,Marketplace,BIG20
67291,12577,2025-11-08,Delivered,Website,NONE
67292,13306,2024-11-19,Shipped,Website,FEST15
67293,10701,2026-04-05,Cancelled,Mobile App,FEST15
67294,10708,2024-12-01,Delivered,Website,WELCOME5
67295,12137,2025-02-23,Delivered,Website,NONE
67296,14162,2024-02-26,Delivered,Website,NONE
67297,11766,2026-08-24,Delivered,Website,NONE
67298,12061,2026-06-02,Shipped,Marketplace,WELCOME5
67299,14796,2024-08-26,Delivered,Website,NONE
67300,11333,2025-05-20,Delivered,Website,WELCOME5
67301,11833,2026-03-22,Delivered,Mobile App,NONE
67302,14218,2024-03-07,Delivered,Website,SAVE10
67303,12592,2025-10-15,Delivered,Website,NONE
67304,10556,2025-12-30,Delivered,Mobile App,NONE
67305,11075,2025-09-14,Delivered,Mobile App,FEST15
67306,14875,2026-01-26,Delivered,Website,SAVE10
67307,14054,2024-08-05,Delivered,Website,SAVE10
67308,14753,2025-03-23,Shipped,Website,SAVE10
67309,12401,2025-09-07,Delivered,Website,NONE
67310,13044,2026-08-07,Delivered,Mobile App,NONE
67311,10688,2024-02-27,Delivered,Website,WELCOME5
67312,13561,2024-08-07,Shipped,Mobile App,SAVE10
67313,12848,2024-11-12,Delivered,Website,FEST15
67314,10186,2026-03-29,Shipped,Website,FEST15
67315,14236,2026-01-11,Shipped,Mobile App,WELCOME5
67316,12186,2026-04-01,Delivered,Website,WELCOME5
67317,14967,2025-09-17,Processing,Website,NONE
67318,14424,2025-05-20,Delivered,Mobile App,SAVE10
67319,12103,2025-01-23,Delivered,Mobile App,NONE
67320,10058,2025-06-07,Delivered,Website,FEST15
67321,10733,2024-04-08,Delivered,Mobile App,WELCOME5
67322,11454,2024-04-18,Delivered,Mobile App,WELCOME5
67323,11488,2024-03-09,Delivered,Mobile App,NONE
67324,11770,2024-05-09,Delivered,Marketplace,SAVE10
67325,14776,2024-11-15,Delivered,Mobile App,NONE
67326,13376,2025-02-14,Shipped,Marketplace,SAVE10
67327,10956,2026-08-17,Delivered,Website,NONE
67328,13525,2026-06-09,Delivered,Website,NONE
67329,10284,2026-01-17,Delivered,Website,NONE
67330,10326,2024-07-27,Shipped,Mobile App,NONE
67331,13223,2025-05-27,Delivered,Website,NONE
67332,11088,2025-04-05,Delivered,Website,WELCOME5
67333,12187,2025-08-29,Processing,Mobile App,NONE
67334,14128,2024-03-03,Delivered,Mobile App,WELCOME5
67335,11944,2024-03-01,Delivered,Mobile App,SAVE10
67336,10960,2024-10-17,Delivered,Website,NONE
67337,14997,2024-03-19,Processing,Marketplace,NONE
67338,11433,2024-12-26,Shipped,Website,NONE
67339,13295,2025-01-12,Delivered,Mobile App,NONE
67340,10812,2026-07-22,Shipped,Website,NONE
67341,10811,2025-10-17,Delivered,Website,NONE
67342,13772,2024-07-06,Shipped,Mobile App,FEST15
67343,14490,2025-07-24,Delivered,Website,SAVE10
67344,10136,2024-04-07,Processing,Website,NONE
67345,14876,2026-08-02,Shipped,Website,BIG20
67346,11510,2024-02-22,Shipped,Website,FEST15
67347,14931,2024-08-06,Processing,Website,SAVE10
67348,12662,2025-05-21,Delivered,Marketplace,FEST15
67349,13829,2025-10-27,Shipped,Website,FEST15
67350,10031,2025-05-18,Delivered,Marketplace,NONE
67351,10789,2026-06-28,Delivered,Website,BIG20
67352,14770,2024-07-08,Delivered,Mobile App,SAVE10
67353,10825,2026-08-27,Delivered,Marketplace,NONE
67354,14347,2024-08-28,Delivered,Mobile App,NONE
67355,10592,2025-12-10,Delivered,Website,FEST15
67356,13237,2024-11-05,Processing,Mobile App,NONE
67357,11860,2025-10-24,Delivered,Marketplace,WELCOME5
67358,12196,2024-01-10,Delivered,Website,FEST15
67359,13555,2025-11-29,Delivered,Mobile App,NONE
67360,10777,2026-03-03,Delivered,Website,NONE
67361,11722,2024-11-26,Delivered,Mobile App,NONE
67362,12769,2026-01-19,Delivered,Website,BIG20
67363,11801,2025-05-31,Delivered,Mobile App,NONE
67364,11197,2024-11-06,Delivered,Website,NONE
67365,10221,2025-07-19,Processing,Mobile App,NONE
67366,13191,2025-07-11,Delivered,Website,NONE
67367,10311,2024-11-27,Delivered,Mobile App,BIG20
67368,10728,2024-11-14,Delivered,Website,NONE
67369,11188,2025-03-08,Shipped,Marketplace,WELCOME5
67370,13586,2024-01-26,Delivered,Website,NONE
67371,10611,2025-07-11,Delivered,Marketplace,NONE
67372,11615,2025-07-26,Delivered,Website,WELCOME5
67373,10370,2025-06-06,Delivered,Marketplace,FEST15
67374,12510,2025-11-30,Delivered,Mobile App,BIG20
67375,10904,2025-04-24,Processing,Website,SAVE10
67376,10810,2024-11-19,Delivered,Marketplace,FEST15
67377,11602,2026-02-18,Delivered,Website,BIG20
67378,11282,2024-08-22,Delivered,Website,NONE
67379,10245,2024-01-10,Delivered,Website,NONE
67380,12252,2024-09-13,Delivered,Mobile App,SAVE10
67381,12515,2025-11-25,Processing,Mobile App,WELCOME5
67382,12291,2024-12-04,Delivered,Website,NONE
67383,12211,2024-06-11,Delivered,Mobile App,FEST15
67384,14999,2025-03-29,Delivered,Mobile App,FEST15
67385,11375,2024-07-04,Delivered,Website,SAVE10
67386,11678,2026-01-02,Delivered,Marketplace,NONE
67387,12554,2024-04-10,Delivered,Website,FEST15
67388,10422,2024-07-12,Delivered,Mobile App,WELCOME5
67389,14944,2026-01-28,Processing,Mobile App,NONE
67390,12622,2025-11-16,Delivered,Mobile App,NONE
67391,13483,2024-08-25,Delivered,Website,WELCOME5
67392,11610,2026-07-24,Delivered,Mobile App,NONE
67393,13459,2024-03-03,Delivered,Website,WELCOME5
67394,14389,2024-06-23,Shipped,Website,NONE
67395,12894,2024-08-08,Delivered,Mobile App,SAVE10
67396,11052,2025-05-07,Delivered,Mobile App,NONE
67397,13421,2025-05-10,Delivered,Mobile App,NONE
67398,14279,2024-12-16,Delivered,Website,NONE
67399,13468,2024-08-15,Shipped,Marketplace,SAVE10
67400,13318,2025-08-05,Delivered,Mobile App,FEST15
67401,12319,2025-01-25,Delivered,Mobile App,NONE
67402,10940,2026-05-04,Delivered,Website,FEST15
67403,13595,2024-03-14,Delivered,Mobile App,NONE
67404,12027,2026-05-09,Delivered,Mobile App,NONE
67405,11154,2026-03-05,Delivered,Website,NONE
67406,12463,2025-03-05,Processing,Mobile App,FEST15
67407,10112,2025-11-09,Delivered,Website,NONE
67408,12609,2026-01-04,Delivered,Marketplace,NONE
67409,12736,2026-05-08,Delivered,Marketplace,NONE
67410,11986,2025-05-10,Delivered,Mobile App,BIG20
67411,13518,2024-03-19,Processing,Website,SAVE10
67412,12924,2026-01-18,Delivered,Website,SAVE10
67413,11830,2024-05-29,Delivered,Website,BIG20
67414,13584,2026-05-07,Delivered,Mobile App,NONE
67415,10584,2026-03-06,Delivered,Mobile App,NONE
67416,12531,2025-11-21,Delivered,Mobile App,NONE
67417,10702,2024-12-03,Delivered,Website,NONE
67418,13013,2024-02-28,Delivered,Website,SAVE10
67419,10089,2025-02-21,Delivered,Website,NONE
67420,14298,2024-08-25,Delivered,Website,NONE
67421,10157,2026-08-01,Delivered,Website,NONE
67422,12489,2026-02-01,Delivered,Mobile App,NONE
67423,13332,2024-06-30,Delivered,Mobile App,FEST15
67424,12082,2024-01-20,Delivered,Mobile App,WELCOME5
67425,11077,2026-06-11,Shipped,Website,NONE
67426,11239,2025-05-17,Delivered,Mobile App,NONE
67427,14214,2025-12-04,Delivered,Marketplace,SAVE10
67428,10657,2025-08-15,Delivered,Website,FEST15
67429,13555,2024-10-29,Delivered,Mobile App,SAVE10
67430,11462,2026-03-06,Shipped,Website,SAVE10
67431,10061,2024-08-01,Delivered,Website,NONE
67432,12031,2026-02-21,Delivered,Mobile App,SAVE10
67433,10474,2026-07-28,Delivered,Marketplace,SAVE10
67434,13822,2024-03-11,Delivered,Mobile App,NONE
67435,13846,2026-01-29,Delivered,Mobile App,NONE
67436,11088,2025-10-21,Delivered,Mobile App,SAVE10
67437,13867,2026-01-13,Delivered,Mobile App,NONE
67438,13511,2026-02-05,Delivered,Mobile App,NONE
67439,13382,2026-06-26,Shipped,Website,NONE
67440,10396,2024-04-12,Cancelled,Mobile App,NONE
67441,10640,2024-10-18,Delivered,Website,NONE
67442,10792,2025-04-15,Delivered,Mobile App,SAVE10
67443,14091,2026-05-10,Delivered,Marketplace,BIG20
67444,11632,2025-09-21,Shipped,Website,NONE
67445,12649,2025-08-11,Delivered,Website,SAVE10
67446,12350,2024-11-28,Delivered,Website,NONE
67447,15000,2024-04-29,Delivered,Website,SAVE10
67448,10905,2024-12-25,Delivered,Marketplace,NONE
67449,13891,2025-04-07,Delivered,Website,NONE
67450,10561,2024-04-09,Delivered,Mobile App,FEST15
67451,14890,2024-06-04,Delivered,Mobile App,FEST15
67452,12830,2026-01-21,Delivered,Mobile App,WELCOME5
67453,11319,2024-08-25,Processing,Marketplace,NONE
67454,12060,2024-08-18,Delivered,Website,NONE
67455,13642,2024-04-09,Delivered,Website,NONE
67456,12080,2025-02-25,Delivered,Mobile App,WELCOME5
67457,10339,2024-02-12,Delivered,Mobile App,NONE
67458,11540,2025-05-15,Delivered,Website,NONE
67459,14578,2024-03-11,Delivered,Marketplace,NONE
67460,11857,2024-03-25,Delivered,Mobile App,SAVE10
67461,12454,2026-08-04,Cancelled,Website,SAVE10
67462,10921,2025-02-22,Delivered,Website,FEST15
67463,10135,2024-10-10,Delivered,Website,BIG20
67464,11353,2024-05-27,Shipped,Website,NONE
67465,14341,2025-03-11,Shipped,Marketplace,NONE
67466,12712,2024-08-13,Cancelled,Website,SAVE10
67467,11886,2024-08-04,Delivered,Marketplace,SAVE10
67468,12612,2024-12-11,Delivered,Mobile App,NONE
67469,14063,2024-05-09,Delivered,Website,SAVE10
67470,14530,2025-04-20,Shipped,Mobile App,NONE
67471,11589,2025-01-31,Delivered,Website,NONE
67472,14163,2025-02-25,Processing,Website,NONE
67473,14008,2026-01-28,Shipped,Website,NONE
67474,10036,2024-03-10,Delivered,Mobile App,SAVE10
67475,14471,2024-09-17,Delivered,Mobile App,NONE
67476,11149,2024-12-05,Delivered,Website,BIG20
67477,13830,2025-01-07,Delivered,Mobile App,SAVE10
67478,14439,2024-02-08,Delivered,Website,NONE
67479,12868,2024-09-03,Delivered,Website,FEST15
67480,11574,2024-08-31,Delivered,Marketplace,NONE
67481,14277,2026-06-05,Delivered,Mobile App,NONE
67482,12389,2024-03-23,Shipped,Mobile App,FEST15
67483,13841,2025-04-28,Delivered,Mobile App,NONE
67484,13375,2024-06-11,Delivered,Website,NONE
67485,11605,2026-08-03,Delivered,Marketplace,SAVE10
67486,12717,2025-05-02,Delivered,Website,NONE
67487,11005,2024-11-11,Delivered,Website,SAVE10
67488,10025,2026-06-18,Delivered,Website,SAVE10
67489,13448,2025-09-17,Delivered,Marketplace,NONE
67490,11033,2024-07-07,Processing,Mobile App,WELCOME5
67491,12598,2025-11-21,Delivered,Website,NONE
67492,10503,2025-12-09,Delivered,Website,NONE
67493,13274,2025-05-07,Delivered,Website,NONE
67494,10839,2024-02-12,Cancelled,Website,NONE
67495,11244,2025-12-18,Delivered,Website,NONE
67496,10737,2024-11-21,Delivered,Website,NONE
67497,14586,2024-04-12,Delivered,Website,FEST15
67498,13114,2025-01-24,Delivered,Marketplace,BIG20
67499,13329,2025-04-24,Delivered,Website,NONE
67500,12033,2024-04-15,Delivered,Mobile App,SAVE10
67501,14293,2024-07-30,Delivered,Marketplace,FEST15
67502,10333,2025-09-09,Delivered,Website,SAVE10
67503,12069,2025-10-12,Delivered,Website,FEST15
67504,10412,2024-05-21,Shipped,Mobile App,FEST15
67505,13486,2024-08-24,Delivered,Marketplace,BIG20
67506,14752,2026-02-15,Delivered,Mobile App,WELCOME5
67507,13832,2024-03-27,Delivered,Website,SAVE10
67508,10774,2025-07-27,Delivered,Website,NONE
67509,13941,2025-02-08,Delivered,Mobile App,BIG20
67510,11270,2025-12-20,Delivered,Website,NONE
67511,11744,2024-02-04,Processing,Website,NONE
67512,12872,2024-06-08,Shipped,Website,NONE
67513,12267,2026-03-07,Delivered,Mobile App,BIG20
67514,10936,2024-11-03,Delivered,Website,WELCOME5
67515,12650,2024-12-31,Shipped,Mobile App,NONE
67516,10988,2025-11-15,Delivered,Website,NONE
67517,13591,2025-03-31,Delivered,Mobile App,NONE
67518,10363,2025-03-15,Processing,Marketplace,BIG20
67519,14051,2024-02-26,Delivered,Marketplace,NONE
67520,14905,2025-09-05,Delivered,Website,NONE
67521,13733,2024-05-14,Delivered,Mobile App,SAVE10
67522,13031,2025-02-05,Delivered,Marketplace,NONE
67523,12206,2024-12-05,Delivered,Mobile App,NONE
67524,12649,2025-10-14,Delivered,Marketplace,SAVE10
67525,12561,2025-10-18,Delivered,Marketplace,NONE
67526,14444,2025-09-14,Delivered,Website,NONE
67527,10638,2025-08-20,Delivered,Website,NONE
67528,12973,2024-10-17,Delivered,Mobile App,NONE
67529,12750,2024-12-03,Delivered,Mobile App,WELCOME5
67530,11316,2026-05-05,Cancelled,Website,BIG20
67531,12065,2025-11-19,Delivered,Marketplace,NONE
67532,12362,2025-12-11,Delivered,Website,FEST15
67533,10174,2026-04-23,Delivered,Marketplace,WELCOME5
67534,12388,2024-03-07,Delivered,Website,FEST15
67535,10854,2024-01-02,Cancelled,Mobile App,WELCOME5
67536,11991,2024-02-06,Delivered,Marketplace,BIG20
67537,11392,2025-04-29,Delivered,Mobile App,NONE
67538,13769,2025-11-25,Delivered,Website,NONE
67539,14802,2026-07-10,Delivered,Website,NONE
67540,10549,2025-09-05,Delivered,Mobile App,FEST15
67541,11285,2025-12-12,Delivered,Mobile App,NONE
67542,10797,2026-06-15,Delivered,Mobile App,NONE
67543,12418,2024-06-14,Shipped,Mobile App,
67544,11861,2025-10-17,Cancelled,Website,NONE
67545,12276,2025-10-07,Delivered,Website,NONE
67546,10356,2024-07-20,Delivered,Mobile App,WELCOME5
67547,14355,2025-03-29,Delivered,Mobile App,FEST15
67548,14937,2024-02-10,Delivered,Website,BIG20
67549,14559,2025-04-11,Delivered,Marketplace,NONE
67550,12479,2025-05-31,Shipped,Mobile App,NONE
67551,13334,2024-12-31,Delivered,Mobile App,SAVE10
67552,10251,2025-04-26,Delivered,Mobile App,NONE
67553,13054,2025-09-06,Delivered,Website,NONE
67554,13040,2026-06-28,Delivered,Marketplace,NONE
67555,13674,2025-01-18,Delivered,Mobile App,SAVE10
67556,13906,2025-11-18,Cancelled,Mobile App,BIG20
67557,10001,2025-03-01,Delivered,Mobile App,FEST15
67558,12039,2026-05-23,Delivered,Mobile App,NONE
67559,12427,2025-06-29,Delivered,Marketplace,SAVE10
67560,12403,2026-01-03,Delivered,Website,
67561,12746,2024-10-08,Delivered,Marketplace,SAVE10
67562,13504,2025-10-02,Delivered,Website,SAVE10
67563,12936,2024-09-02,Delivered,Website,NONE
67564,11170,2025-06-30,Delivered,Marketplace,BIG20
67565,13321,2024-07-06,Delivered,Mobile App,NONE
67566,12989,2025-07-16,Delivered,Website,NONE
67567,11000,2024-06-22,Cancelled,Website,NONE
67568,13155,2025-05-07,Delivered,Mobile App,BIG20
67569,12607,2025-04-14,Delivered,Website,NONE
67570,14024,2026-03-24,Delivered,Website,SAVE10
67571,11960,2024-04-11,Delivered,Mobile App,NONE
67572,14456,2024-08-15,Delivered,Website,NONE
67573,12683,2025-11-19,Delivered,Website,NONE
67574,14705,2026-06-06,Processing,Mobile App,FEST15
67575,10509,2026-02-22,Delivered,Mobile App,NONE
67576,10632,2025-06-26,Processing,Website,SAVE10
67577,11092,2024-09-16,Delivered,Mobile App,FEST15
67578,14082,2025-02-28,Delivered,Website,NONE
67579,12534,2026-04-10,Delivered,Marketplace,NONE
67580,13378,2024-07-23,Delivered,Mobile App,BIG20
67581,10098,2026-08-13,Delivered,Mobile App,NONE
67582,11854,2024-09-24,Delivered,Mobile App,NONE
67583,11767,2025-04-13,Processing,Website,FEST15
67584,14615,2025-07-20,Delivered,Website,NONE
67585,10524,2024-10-13,Delivered,Website,NONE
67586,14301,2024-05-27,Shipped,Mobile App,NONE
67587,11842,2024-10-27,Delivered,Marketplace,NONE
67588,13872,2024-01-04,Delivered,Website,NONE
67589,11455,2025-09-10,Processing,Marketplace,NONE
67590,10288,2024-09-08,Delivered,Website,NONE
67591,13398,2025-03-05,Delivered,Website,WELCOME5
67592,10886,2024-10-21,Delivered,Website,BIG20
67593,10740,2024-07-13,Delivered,Website,NONE
67594,14592,2026-07-02,Delivered,Mobile App,WELCOME5
67595,11134,2024-11-27,Delivered,Website,SAVE10
67596,14912,2025-07-18,Processing,Mobile App,NONE
67597,11742,2024-11-25,Delivered,Marketplace,FEST15
67598,11387,2025-01-28,Cancelled,Mobile App,FEST15
67599,12272,2024-08-29,Shipped,Website,FEST15
67600,11387,2026-08-11,Delivered,Website,NONE
67601,14638,2025-08-07,Delivered,Mobile App,NONE
67602,13052,2024-12-22,Delivered,Marketplace,SAVE10
67603,13716,2025-06-21,Cancelled,Website,SAVE10
67604,10381,2026-07-18,Delivered,Marketplace,WELCOME5
67605,11196,2025-08-25,Delivered,Marketplace,WELCOME5
67606,12977,2026-07-02,Delivered,Mobile App,NONE
67607,12434,2025-10-05,Delivered,Mobile App,NONE
67608,14844,2025-10-31,Delivered,Mobile App,NONE
67609,13615,2024-12-28,Delivered,Marketplace,NONE
67610,11485,2025-05-24,Delivered,Mobile App,NONE
67611,12270,2025-08-09,Delivered,Website,FEST15
67612,13714,2026-03-08,Delivered,Mobile App,NONE
67613,12049,2025-12-20,Delivered,Website,NONE
67614,12625,2024-11-10,Delivered,Mobile App,NONE
67615,13997,2025-02-20,Delivered,Mobile App,NONE
67616,11437,2024-12-22,Delivered,Website,NONE
67617,10499,2026-08-13,Delivered,Website,NONE
67618,12063,2024-07-19,Delivered,Mobile App,NONE
67619,11097,2025-07-17,Delivered,Website,WELCOME5
67620,12756,2024-09-04,Delivered,Marketplace,BIG20
67621,14266,2024-05-07,Processing,Website,NONE
67622,13808,2024-05-12,Shipped,Marketplace,NONE
67623,13647,2024-01-20,Shipped,Website,NONE
67624,12704,2026-04-05,Delivered,Website,NONE
67625,14441,2026-03-19,Delivered,Website,SAVE10
67626,14626,2024-01-02,Cancelled,Website,WELCOME5
67627,13790,2024-09-16,Delivered,Mobile App,NONE
67628,10585,2025-02-15,Delivered,Marketplace,WELCOME5
67629,11489,2024-05-29,Delivered,Mobile App,SAVE10
67630,14789,2024-12-19,Delivered,Website,WELCOME5
67631,10364,2026-06-15,Delivered,Website,NONE
67632,12754,2025-01-11,Delivered,Website,NONE
67633,13196,2025-05-08,Cancelled,Website,NONE
67634,11960,2026-03-29,Delivered,Website,NONE
67635,13519,2024-01-02,Processing,Mobile App,NONE
67636,10381,2026-03-07,Delivered,Mobile App,BIG20
67637,11096,2025-03-17,Delivered,Website,FEST15
67638,11482,2025-10-05,Cancelled,Website,BIG20
67639,10855,2026-07-18,Processing,Mobile App,FEST15
67640,12190,2025-10-30,Delivered,Website,NONE
67641,12343,2024-10-19,Delivered,Website,SAVE10
67642,14686,2026-02-18,Delivered,Website,SAVE10
67643,12428,2024-08-19,Delivered,Marketplace,FEST15
67644,13783,2025-01-08,Delivered,Mobile App,SAVE10
67645,10441,2025-09-19,Delivered,Website,NONE
67646,10296,2025-03-13,Delivered,Mobile App,NONE
67647,11975,2026-04-07,Delivered,Mobile App,NONE
67648,11640,2024-08-25,Processing,Mobile App,NONE
67649,14617,2025-09-13,Delivered,Website,FEST15
67650,12458,2024-08-18,Shipped,Marketplace,NONE
67651,12437,2025-07-28,Processing,Mobile App,NONE
67652,14251,2026-06-25,Delivered,Mobile App,BIG20
67653,14328,2026-07-31,Shipped,Website,NONE
67654,13883,2026-01-07,Processing,Website,NONE
67655,12190,2025-09-07,Delivered,Website,NONE
67656,11081,2025-03-15,Delivered,Mobile App,WELCOME5
67657,10178,2024-10-31,Delivered,Mobile App,NONE
67658,10253,2024-02-07,Delivered,Mobile App,NONE
67659,14078,2025-05-07,Processing,Website,FEST15
67660,10662,2025-12-21,Delivered,Mobile App,SAVE10
67661,12075,2026-03-21,Delivered,Mobile App,WELCOME5
67662,12517,2026-07-09,Processing,Marketplace,FEST15
67663,12780,2024-06-25,Shipped,Website,NONE
67664,10450,2026-06-17,Delivered,Website,NONE
67665,12618,2024-09-26,Delivered,Marketplace,NONE
67666,11249,2025-11-23,Delivered,Website,SAVE10
67667,11704,2025-12-24,Delivered,Website,NONE
67668,14107,2025-09-20,Processing,Marketplace,NONE
67669,12302,2025-02-10,Delivered,Mobile App,BIG20
67670,12010,2024-04-27,Processing,Mobile App,NONE
67671,10081,2025-04-30,Delivered,Website,NONE
67672,14981,2024-03-24,Delivered,Mobile App,FEST15
67673,12969,2025-08-31,Delivered,Marketplace,WELCOME5
67674,13780,2024-09-14,Delivered,Website,NONE
67675,12169,2024-07-06,Shipped,Marketplace,WELCOME5
67676,11325,2025-06-30,Delivered,Website,WELCOME5
67677,11367,2024-08-29,Shipped,Mobile App,NONE
67678,10038,2026-06-04,Delivered,Marketplace,NONE
67679,14444,2024-04-06,Cancelled,Marketplace,SAVE10
67680,12637,2026-04-24,Processing,Website,FEST15
67681,11763,2026-01-20,Shipped,Mobile App,FEST15
67682,13530,2024-10-23,Delivered,Website,NONE
67683,10648,2025-07-05,Delivered,Website,SAVE10
67684,12349,2024-12-21,Delivered,Website,BIG20
67685,12184,2024-08-19,Delivered,website,NONE
67686,14533,2024-10-28,Delivered,Mobile App,
67687,13990,2024-11-27,Delivered,Mobile App,SAVE10
67688,13840,2025-05-29,Delivered,Website,NONE
67689,11300,2025-07-16,Delivered,Website,NONE
67690,12602,2026-02-23,Shipped,Website,NONE
67691,14903,2025-07-08,Delivered,Website,NONE
67692,10095,2026-01-29,Delivered,Website,SAVE10
67693,13258,2026-06-11,Delivered,Mobile App,NONE
67694,11692,2026-05-09,Shipped,Marketplace,NONE
67695,13709,2025-01-31,Delivered,Website,FEST15
67696,12473,2025-05-21,Delivered,Mobile App,NONE
67697,13503,2026-02-20,Delivered,Mobile App,WELCOME5
67698,11252,2025-09-30,Delivered,Website,NONE
67699,14412,2024-05-06,Delivered,Website,BIG20
67700,14189,2026-07-14,Delivered,Website,NONE
67701,13188,2026-01-14,Delivered,Mobile App,SAVE10
67702,12123,2025-10-17,Shipped,Website,NONE
67703,10760,2026-08-17,Shipped,Mobile App,NONE
67704,11020,2024-06-11,Delivered,Website,NONE
67705,11995,2026-05-08,Delivered,Mobile App,NONE
67706,13896,2024-11-13,Delivered,Mobile App,FEST15
67707,14734,2026-02-27,Delivered,Mobile App,NONE
67708,13042,2024-03-14,Delivered,Website,SAVE10
67709,14692,2025-06-23,Delivered,Marketplace,NONE
67710,10986,2024-04-17,Delivered,Mobile App,SAVE10
67711,13715,2026-07-09,Delivered,Mobile App,NONE
67712,12664,2025-04-22,Delivered,Mobile App,NONE
67713,10703,2026-04-09,Delivered,Website,SAVE10
67714,13473,2025-12-17,Delivered,Website,FEST15
67715,14518,2025-04-13,Delivered,Website,BIG20
67716,12243,2024-07-02,Delivered,Website,WELCOME5
67717,11278,2025-03-29,Delivered,Website,NONE
67718,11512,2024-11-06,Delivered,Marketplace,NONE
67719,13006,2024-09-03,Delivered,Website,NONE
67720,13449,2024-11-22,Delivered,Website,BIG20
67721,11085,2024-08-10,Delivered,Mobile App,BIG20
67722,13437,2026-03-25,Delivered,Website,BIG20
67723,13736,2026-05-31,Delivered,Website,SAVE10
67724,10085,2024-06-27,Delivered,Marketplace,NONE
67725,11920,2024-07-24,Cancelled,Mobile App,FEST15
67726,11171,2024-02-03,Delivered,Mobile App,WELCOME5
67727,13966,2025-02-09,Cancelled,website,NONE
67728,13232,2025-08-28,Delivered,Website,NONE
67729,12668,2024-09-12,Delivered,Website,BIG20
67730,11121,2025-05-26,Delivered,Website,SAVE10
67731,12408,2024-11-21,Delivered,Mobile App,BIG20
67732,14814,2024-01-03,Delivered,Website,SAVE10
67733,14974,2024-08-18,Cancelled,Mobile App,BIG20
67734,10814,2026-11-01,Shipped,Mobile App,NONE
67735,12423,2026-05-06,Cancelled,Website,FEST15
67736,13742,2025-02-15,Delivered,Website,NONE
67737,11489,2025-07-17,Delivered,Website,WELCOME5
67738,14992,2025-06-15,Delivered,Marketplace,NONE
67739,12333,2024-10-20,Delivered,Marketplace,NONE
67740,11733,2025-10-12,Delivered,Mobile App,NONE
67741,14709,2025-01-30,Delivered,Mobile App,FEST15
67742,13016,2024-02-19,Delivered,Mobile App,NONE
67743,10312,2025-01-09,Shipped,Website,NONE
67744,10529,2024-06-16,Delivered,Website,NONE
67745,14902,2025-04-08,Delivered,Mobile App,WELCOME5
67746,13110,2025-03-25,Delivered,Marketplace,NONE
67747,14350,2025-03-29,Delivered,Website,NONE
67748,14938,2024-06-15,Delivered,Website,SAVE10
67749,13723,2026-07-07,Delivered,Website,BIG20
67750,14865,2024-04-23,Delivered,Website,FEST15
67751,14773,2024-10-11,Delivered,Mobile App,SAVE10
67752,12059,2024-11-11,Shipped,Marketplace,SAVE10
67753,13194,2025-03-17,Delivered,Website,NONE
67754,14104,2025-02-17,Delivered,Website,NONE
67755,14738,2026-08-15,Delivered,Website,NONE
67756,14133,2026-04-04,Delivered,Mobile App,NONE
67757,14037,2024-02-23,Delivered,Marketplace,NONE
67758,11637,2025-07-31,Delivered,Mobile App,NONE
67759,12144,2025-05-15,Delivered,Mobile App,SAVE10
67760,14114,2026-06-20,Delivered,Mobile App,NONE
67761,10634,2024-11-27,Delivered,Marketplace,FEST15
67762,10813,2025-03-19,Delivered,Mobile App,FEST15
67763,13940,2026-06-19,Delivered,Mobile App,WELCOME5
67764,14895,2025-04-03,Delivered,Marketplace,NONE
67765,12092,2025-08-11,Delivered,Mobile App,WELCOME5
67766,14321,2024-10-29,Delivered,Website,SAVE10
67767,11777,2026-01-29,Delivered,Marketplace,WELCOME5
67768,12553,2024-03-20,Delivered,Mobile App,NONE
67769,14870,2026-08-05,Shipped,Mobile App,SAVE10
67770,11927,2024-06-15,Shipped,Website,NONE
67771,14421,2025-07-13,Processing,Marketplace,FEST15
67772,14730,2024-03-06,Cancelled,Mobile App,FEST15
67773,13692,2024-04-03,Delivered,Mobile App,SAVE10
67774,10356,2025-11-13,Delivered,Mobile App,NONE
67775,14804,2026-02-01,Delivered,Mobile App,NONE
67776,12492,2024-12-04,Processing,Marketplace,BIG20
67777,11449,2024-02-24,Delivered,Mobile App,BIG20
67778,12435,2024-01-31,Delivered,Mobile App,BIG20
67779,12203,2026-06-25,Shipped,Marketplace,BIG20
67780,11907,2025-12-30,Cancelled,Mobile App,SAVE10
67781,13388,2025-01-09,Delivered,Website,SAVE10
67782,10564,2024-09-04,Delivered,Website,WELCOME5
67783,13166,2025-11-11,Delivered,Mobile App,NONE
67784,11257,2026-05-16,Shipped,Website,NONE
67785,13959,2025-09-30,Delivered,Mobile App,WELCOME5
67786,14916,2026-03-09,Delivered,Marketplace,NONE
67787,12364,2026-04-05,Shipped,Mobile App,NONE
67788,14040,2024-10-21,Delivered,Website,WELCOME5
67789,11603,2025-12-11,Shipped,Marketplace,FEST15
67790,14192,2024-08-16,Processing,Mobile App,NONE
67791,12668,2024-08-04,Processing,Website,NONE
67792,12548,2026-08-21,Shipped,Website,NONE
67793,10509,2024-11-13,Delivered,Mobile App,FEST15
67794,13310,2026-03-06,Delivered,Mobile App,NONE
67795,13956,2024-11-30,Delivered,Mobile App,NONE
67796,12526,2026-06-17,Delivered,Website,NONE
67797,10798,2024-09-26,Delivered,Website,FEST15
67798,13387,2024-01-17,Delivered,Mobile App,BIG20
67799,13128,2025-03-25,Delivered,Website,NONE
67800,14318,2025-08-03,Delivered,Marketplace,NONE
67801,14776,2025-01-07,Delivered,Website,SAVE10
67802,11213,2024-09-15,Delivered,Website,NONE
67803,11462,2026-03-14,Delivered,Website,NONE
67804,14755,2024-12-29,Shipped,Website,NONE
67805,10592,2025-11-10,Processing,Website,NONE
67806,14569,2024-03-29,Delivered,Website,NONE
67807,10772,2026-04-27,Shipped,Marketplace,NONE
67808,12097,2025-12-26,Delivered,Website,NONE
67809,10692,2024-06-12,Delivered,Website,SAVE10
67810,14885,2025-05-24,Shipped,Website,BIG20
67811,12503,2025-12-28,Delivered,Website,NONE
67812,14413,2026-02-07,Processing,Website,NONE
67813,10157,2025-02-11,Delivered,Website,NONE
67814,10201,2024-04-22,Cancelled,Website,FEST15
67815,12662,2024-02-27,Delivered,Website,NONE
67816,10211,2026-08-25,Delivered,Marketplace,WELCOME5
67817,12720,2024-04-15,Delivered,Website,NONE
67818,13537,2024-12-04,Delivered,Mobile App,NONE
67819,12443,2026-04-10,Shipped,Website,SAVE10
67820,13919,2026-07-11,Delivered,Mobile App,SAVE10
67821,10510,2025-04-02,Delivered,Website,SAVE10
67822,11244,2025-10-18,Delivered,Website,NONE
67823,10801,2025-05-11,Delivered,Website,FEST15
67824,12494,2024-04-15,Delivered,Mobile App,NONE
67825,11982,2025-04-21,Delivered,Marketplace,BIG20
67826,12697,2026-01-28,Delivered,Website,NONE
67827,10766,2025-08-30,Delivered,Mobile App,NONE
67828,12228,2025-06-27,Delivered,Mobile App,SAVE10
67829,13827,2026-03-18,Delivered,Marketplace,NONE
67830,10346,2024-07-02,Delivered,Mobile App,NONE
67831,13936,2025-07-04,Delivered,Website,NONE
67832,11095,2024-06-30,Delivered,Mobile App,SAVE10
67833,14343,2024-03-01,Delivered,Marketplace,FEST15
67834,14073,2026-07-13,Delivered,Mobile App,NONE
67835,12236,2026-01-24,Delivered,Mobile App,NONE
67836,10366,2026-08-26,Delivered,Website,NONE
67837,11926,2025-03-20,Delivered,Website,NONE
67838,13111,2025-07-12,Delivered,Website,NONE
67839,11698,2024-02-29,Delivered,Marketplace,NONE
67840,13171,2024-06-30,Delivered,Website,FEST15
67841,14116,2024-03-22,Delivered,Website,NONE
67842,14783,2024-11-26,Processing,Mobile App,NONE
67843,11990,2025-01-30,Delivered,Website,SAVE10
67844,14938,2024-07-24,Delivered,Marketplace,NONE
67845,11244,2026-01-24,Delivered,Mobile App,NONE
67846,14726,2025-08-12,Processing,Website,NONE
67847,10714,2025-02-25,Shipped,Mobile App,NONE
67848,12707,2025-01-23,Delivered,Mobile App,NONE
67849,13365,2025-07-03,Processing,Website,SAVE10
67850,10209,2025-01-01,Delivered,Marketplace,FEST15
67851,12219,2026-01-19,Delivered,Mobile App,NONE
67852,11387,2026-02-16,Delivered,Mobile App,NONE
67853,14079,2024-06-27,Delivered,Mobile App,SAVE10
67854,12378,2026-07-23,Shipped,Website,NONE
67855,10520,2025-03-19,Processing,Mobile App,NONE
67856,10196,2024-07-10,Delivered,Website,WELCOME5
67857,10119,2026-04-04,Delivered,Marketplace,NONE
67858,10186,2025-02-05,Shipped,Marketplace,WELCOME5
67859,12425,2024-05-24,Delivered,Mobile App,NONE
67860,11621,2025-06-04,Processing,Website,SAVE10
67861,11043,2025-02-01,Delivered,Website,NONE
67862,11937,2024-08-26,Delivered,Marketplace,BIG20
67863,12187,2025-12-06,Delivered,Website,FEST15
67864,12905,2025-01-24,Delivered,Website,NONE
67865,12490,2025-05-26,Processing,Website,NONE
67866,14665,2024-02-24,Delivered,Website,WELCOME5
67867,11871,2024-12-23,Delivered,Website,SAVE10
67868,11956,2024-02-09,Delivered,Website,WELCOME5
67869,12061,2024-09-30,Delivered,Website,NONE
67870,10241,2026-02-01,Delivered,Mobile App,FEST15
67871,13747,2026-06-16,Delivered,Mobile App,NONE
67872,12701,2024-11-24,Processing,Website,WELCOME5
67873,11994,2025-11-08,Shipped,Marketplace,NONE
67874,11790,2025-11-17,Processing,Mobile App,NONE
67875,12594,2026-01-28,Delivered,Website,NONE
67876,14506,2024-03-21,Delivered,Mobile App,NONE
67877,11992,2024-10-15,Delivered,Marketplace,NONE
67878,12158,2025-10-12,Delivered,Website,FEST15
67879,10669,2024-10-13,Cancelled,Website,SAVE10
67880,11609,2025-09-25,Cancelled,Mobile App,FEST15
67881,13747,2026-05-21,Delivered,Website,FEST15
67882,13620,2026-03-07,Cancelled,Mobile App,SAVE10
67883,14028,2025-04-20,Processing,Website,NONE
67884,12467,2024-07-17,Delivered,Website,SAVE10
67885,14501,2024-11-06,Delivered,Marketplace,NONE
67886,12776,2025-06-18,Delivered,Marketplace,NONE
67887,10654,2025-12-23,Delivered,Mobile App,NONE
67888,10761,2026-05-24,Shipped,Marketplace,FEST15
67889,12482,2026-03-29,Delivered,Mobile App,NONE
67890,11876,2024-08-01,Shipped,Website,NONE
67891,10537,2024-04-17,Delivered,Mobile App,NONE
67892,10233,2024-05-01,Shipped,Marketplace,SAVE10
67893,13093,2024-08-01,Delivered,Mobile App,NONE
67894,13775,2024-11-30,Delivered,Mobile App,SAVE10
67895,11101,2024-02-09,Delivered,Mobile App,NONE
67896,11228,2026-07-25,Delivered,Website,NONE
67897,12674,2024-12-03,Delivered,Website,FEST15
67898,10603,2024-06-01,Delivered,Mobile App,NONE
67899,14189,2025-05-31,Delivered,Website,NONE
67900,12948,2024-04-25,Delivered,Website,BIG20
67901,11808,2026-04-06,Shipped,Website,NONE
67902,12898,2026-08-25,Delivered,Website,FEST15
67903,10815,2026-06-05,Delivered,Website,NONE
67904,11579,2025-01-16,Delivered,Website,NONE
67905,12660,2025-09-09,Delivered,Website,FEST15
67906,14812,2024-05-24,Delivered,Marketplace,WELCOME5
67907,14220,2024-02-14,Delivered,Marketplace,NONE
67908,13178,2025-06-25,Processing,Website,NONE
67909,11677,2025-12-25,Shipped,Website,WELCOME5
67910,14632,2024-01-14,Processing,Website,WELCOME5
67911,10644,2026-08-21,Delivered,Mobile App,SAVE10
67912,11503,2025-02-16,Delivered,Mobile App,NONE
67913,12150,2025-08-22,Delivered,Website,BIG20
67914,12760,2024-02-05,Delivered,Mobile App,NONE
67915,13371,2026-05-09,Delivered,Website,WELCOME5
67916,12068,2025-07-02,Delivered,Website,NONE
67917,14714,2025-04-10,Delivered,Mobile App,WELCOME5
67918,12067,2025-08-29,Delivered,Website,FEST15
67919,13148,2026-03-18,Delivered,Marketplace,NONE
67920,10239,2024-01-04,Delivered,Website,NONE
67921,10786,2024-02-18,Delivered,Mobile App,NONE
67922,11099,2025-05-12,Delivered,Marketplace,WELCOME5
67923,10006,2026-01-26,Delivered,Marketplace,SAVE10
67924,14347,2026-07-05,Delivered,Mobile App,NONE
67925,13125,2024-03-31,Processing,Mobile App,SAVE10
67926,14250,2025-01-21,Shipped,Mobile App,BIG20
67927,11664,2026-01-26,Delivered,Website,NONE
67928,10526,2026-07-14,Processing,Website,NONE
67929,11640,2024-09-04,Shipped,Website,WELCOME5
67930,10091,2026-07-23,Shipped,Marketplace,NONE
67931,11518,2026-02-21,Processing,Website,SAVE10
67932,10511,2024-08-21,Delivered,Mobile App,WELCOME5
67933,11071,2026-03-01,Delivered,Mobile App,NONE
67934,13195,2025-07-14,Delivered,Website,FEST15
67935,14812,2026-03-29,Delivered,Mobile App,WELCOME5
67936,11200,2026-03-16,Delivered,Mobile App,SAVE10
67937,14913,2024-07-14,Delivered,Website,SAVE10
67938,13814,2025-11-18,Delivered,Mobile App,NONE
67939,10602,2025-03-20,Delivered,Website,NONE
67940,10030,2026-01-07,Delivered,Website,NONE
67941,10565,2024-05-13,Delivered,Website,NONE
67942,13579,2024-09-10,Delivered,Website,NONE
67943,13355,2024-08-11,Delivered,Website,NONE
67944,14432,2026-06-09,Delivered,Mobile App,WELCOME5
67945,12627,2024-12-21,Delivered,Mobile App,SAVE10
67946,10225,2024-08-16,Delivered,Website,BIG20
67947,15000,2025-12-13,Delivered,Website,NONE
67948,14337,2025-09-17,Delivered,Marketplace,SAVE10
67949,13583,2025-09-09,Delivered,Website,SAVE10
67950,14590,2026-05-08,Shipped,Mobile App,BIG20
67951,11397,2026-05-28,Delivered,Website,NONE
67952,12680,2024-12-14,Cancelled,Website,NONE
67953,12662,2026-07-21,Delivered,Website,FEST15
67954,11423,2025-06-19,Delivered,Mobile App,FEST15
67955,14981,2026-05-12,Delivered,Mobile App,NONE
67956,12815,2025-10-31,Delivered,Mobile App,SAVE10
67957,14596,2024-03-19,Shipped,Website,NONE
67958,11553,2026-06-19,Delivered,Mobile App,WELCOME5
67959,12478,2025-07-14,Delivered,Website,FEST15
67960,14667,2025-03-10,Processing,Website,SAVE10
67961,10897,2024-11-26,Delivered,Website,SAVE10
67962,12719,2025-08-08,Delivered,Website,WELCOME5
67963,13982,2026-06-12,Delivered,Website,NONE
67964,13994,2024-05-17,Delivered,Marketplace,SAVE10
67965,13758,2024-08-05,Shipped,Website,NONE
67966,13050,2024-03-04,Delivered,Marketplace,BIG20
67967,10034,2024-07-10,Delivered,Mobile App,NONE
67968,11443,2024-01-21,Shipped,Mobile App,NONE
67969,13976,2024-07-23,Shipped,Mobile App,NONE
67970,12501,2025-04-07,Delivered,Mobile App,NONE
67971,11795,2026-03-14,Delivered,Website,BIG20
67972,14400,2025-06-13,Delivered,Website,FEST15
67973,11715,2024-08-06,Delivered,Mobile App,BIG20
67974,11915,2024-03-24,Delivered,Website,NONE
67975,12023,2026-05-09,Delivered,Website,NONE
67976,11707,2024-06-24,Delivered,Website,FEST15
67977,12529,2026-01-14,Shipped,Mobile App,SAVE10
67978,14783,2024-09-15,Delivered,Mobile App,BIG20
67979,14987,2025-09-03,Delivered,Mobile App,NONE
67980,11671,2026-05-14,Delivered,Website,SAVE10
67981,11849,2026-06-02,Delivered,Mobile App,SAVE10
67982,14298,2024-04-06,Delivered,Mobile App,FEST15
67983,12877,2025-05-10,Delivered,Website,BIG20
67984,10892,2025-04-19,Delivered,Website,WELCOME5
67985,12747,2026-05-03,Delivered,Mobile App,FEST15
67986,13959,2026-02-04,Delivered,Website,NONE
67987,12018,2024-05-20,Delivered,Mobile App,NONE
67988,13077,2026-04-24,Processing,Website,SAVE10
67989,13874,2024-12-18,Delivered,Mobile App,NONE
67990,10601,2025-11-03,Delivered,Marketplace,FEST15
67991,14874,2024-06-22,Delivered,Website,BIG20
67992,10320,2024-09-14,Shipped,Website,SAVE10
67993,10570,2024-03-10,Shipped,Marketplace,SAVE10
67994,11492,2024-04-27,Delivered,Marketplace,SAVE10
67995,10100,2026-06-22,Delivered,Website,SAVE10
67996,13288,2024-06-02,Delivered,Website,NONE
67997,12627,2025-08-28,Delivered,Mobile App,FEST15
67998,11801,2026-01-17,Delivered,Mobile App,NONE
67999,14938,2024-03-15,Delivered,Mobile App,FEST15
68000,11356,2024-10-14,Cancelled,Mobile App,NONE
68001,14397,2025-04-10,Delivered,Mobile App,FEST15
68002,12910,2024-11-23,Delivered,Mobile App,SAVE10
68003,13465,2026-05-04,Delivered,Website,NONE
68004,14763,2024-06-19,Processing,Mobile App,NONE
68005,11271,2025-12-04,Delivered,Mobile App,NONE
68006,10610,2025-02-25,Delivered,Marketplace,NONE
68007,13964,2025-01-11,Cancelled,Mobile App,NONE
68008,13223,2024-11-20,Delivered,Mobile App,NONE
68009,10987,2025-10-18,Delivered,Website,NONE
68010,14563,2024-12-12,Delivered,Mobile App,NONE
68011,13589,2025-09-01,Delivered,Website,NONE
68012,12706,2024-02-02,Delivered,Mobile App,FEST15
68013,10662,2024-09-23,Delivered,Website,FEST15
68014,14821,2025-03-24,Delivered,Mobile App,WELCOME5
68015,12627,2024-07-31,Delivered,Website,NONE
68016,12990,2024-04-18,Shipped,Mobile App,NONE
68017,10137,2024-08-01,Processing,Website,NONE
68018,13364,2025-06-03,Delivered,Website,NONE
68019,14177,2026-07-17,Delivered,Website,SAVE10
68020,13957,2025-10-11,Delivered,Website,SAVE10
68021,11885,2026-05-27,Delivered,Website,NONE
68022,10999,2025-06-13,Delivered,Website,SAVE10
68023,12217,2024-01-30,Delivered,Mobile App,NONE
68024,12801,2024-05-22,Delivered,Mobile App,FEST15
68025,11346,2026-01-06,Shipped,Website,NONE
68026,13072,2025-08-21,Delivered,Website,NONE
68027,14623,2026-03-26,Delivered,Website,WELCOME5
68028,10601,2025-02-04,Shipped,Mobile App,FEST15
68029,11233,2026-06-24,Delivered,Website,NONE
68030,12278,2024-12-14,Delivered,Mobile App,NONE
68031,10868,2026-03-25,Delivered,Marketplace,NONE
68032,13854,2024-05-24,Shipped,Website,NONE
68033,10305,2025-03-14,Delivered,Mobile App,NONE
68034,10204,2026-08-22,Delivered,Website,NONE
68035,11766,2026-02-10,Delivered,Mobile App,BIG20
68036,12068,2025-01-15,Delivered,Website,BIG20
68037,13528,2026-05-20,Delivered,Mobile App,NONE
68038,10729,2025-03-18,Delivered,Marketplace,NONE
68039,13919,2026-07-04,Delivered,Website,SAVE10
68040,10879,2024-04-01,Delivered,Mobile App,NONE
68041,14745,2026-03-12,Delivered,Mobile App,FEST15
68042,12563,2025-10-17,Delivered,Mobile App,NONE
68043,13834,2024-06-21,Delivered,Website,NONE
68044,10148,2024-10-01,Delivered,Website,NONE
68045,13585,2026-03-03,Delivered,Mobile App,NONE
68046,12125,2025-12-18,Delivered,Website,SAVE10
68047,12511,2024-07-03,Delivered,Mobile App,BIG20
68048,10129,2024-03-06,Cancelled,Mobile App,NONE
68049,13105,2024-11-03,Delivered,Website,NONE
68050,14628,2024-10-14,Cancelled,Website,NONE
68051,14977,2025-08-29,Delivered,Website,SAVE10
68052,14415,2025-12-24,Processing,Website,NONE
68053,13589,2024-09-24,Delivered,Marketplace,NONE
68054,11059,2025-01-19,Cancelled,Mobile App,WELCOME5
68055,11846,2024-06-29,Delivered,Website,SAVE10
68056,10330,2024-02-03,Processing,Mobile App,WELCOME5
68057,11125,2026-06-05,Delivered,Mobile App,SAVE10
68058,11254,2026-02-04,Delivered,Website,NONE
68059,13335,2026-02-05,Delivered,Website,NONE
68060,10142,2026-07-25,Delivered,Mobile App,SAVE10
68061,14647,2024-02-08,Delivered,Website,NONE
68062,13674,2024-12-31,Shipped,Website,NONE
68063,13363,2025-12-21,Delivered,Website,WELCOME5
68064,12870,2025-08-25,Delivered,Mobile App,BIG20
68065,11269,2026-01-31,Cancelled,Mobile App,NONE
68066,12720,2024-12-27,Processing,Mobile App,SAVE10
68067,13188,2024-03-30,Processing,Mobile App,FEST15
68068,14260,2025-06-22,Delivered,Website,BIG20
68069,13415,2025-12-18,Processing,Website,NONE
68070,14047,2025-12-17,Delivered,Mobile App,SAVE10
68071,12284,2024-06-18,Shipped,Website,SAVE10
68072,12045,2025-09-05,Delivered,Website,NONE
68073,13905,2025-09-05,Delivered,Website,WELCOME5
68074,13052,2024-11-01,Delivered,Website,SAVE10
68075,11970,2024-09-09,Delivered,Mobile App,NONE
68076,12210,2024-07-08,Delivered,Website,NONE
68077,12783,2024-04-16,Delivered,Website,NONE
68078,13121,2025-06-12,Delivered,Marketplace,WELCOME5
68079,11804,2024-10-31,Delivered,Website,WELCOME5
68080,10758,2025-10-01,Delivered,Website,BIG20
68081,14492,2025-07-25,Delivered,Website,NONE
68082,11501,2025-07-11,Delivered,Mobile App,FEST15
68083,10809,2026-07-23,Delivered,Mobile App,FEST15
68084,11260,2024-05-04,Shipped,Marketplace,FEST15
68085,14344,2024-02-06,Delivered,Website,NONE
68086,10838,2024-12-10,Delivered,Website,NONE
68087,13487,2024-01-24,Delivered,Mobile App,FEST15
68088,12070,2025-12-23,Shipped,Marketplace,NONE
68089,13038,2024-12-26,Delivered,Website,SAVE10
68090,13633,2024-05-22,Shipped,Marketplace,SAVE10
68091,11112,2024-03-21,Delivered,Mobile App,NONE
68092,11981,2026-05-06,Delivered,Website,WELCOME5
68093,13954,2024-12-31,Processing,Mobile App,WELCOME5
68094,14914,2025-03-28,Delivered,Marketplace,WELCOME5
68095,14266,2024-06-12,Shipped,Website,FEST15
68096,11511,2026-02-06,Delivered,Marketplace,SAVE10
68097,11187,2025-12-16,Delivered,Website,BIG20
68098,14741,2024-11-26,Delivered,Marketplace,NONE
68099,13434,2026-04-05,Delivered,Website,BIG20
68100,10968,2024-12-14,Shipped,Mobile App,NONE
68101,13236,2026-05-26,Shipped,Website,NONE
68102,11604,2026-07-27,Delivered,Website,WELCOME5
68103,10783,2025-03-24,Shipped,Website,WELCOME5
68104,10821,2025-07-04,Delivered,Website,NONE
68105,11892,2026-03-23,Delivered,Mobile App,NONE
68106,11190,2024-04-08,Delivered,Marketplace,NONE
68107,13926,2025-04-08,Processing,Mobile App,NONE
68108,10786,2026-07-17,Delivered,Mobile App,NONE
68109,10937,2024-07-14,Shipped,Website,NONE
68110,13125,2024-12-29,Delivered,Mobile App,NONE
68111,12172,2026-04-05,Delivered,Website,NONE
68112,11004,2025-11-19,Shipped,Marketplace,FEST15
68113,10346,2025-04-19,Delivered,Mobile App,WELCOME5
68114,10426,2024-05-04,Delivered,Marketplace,NONE
68115,11457,2024-06-24,Delivered,Marketplace,WELCOME5
68116,11333,2026-04-09,Delivered,Website,NONE
68117,12904,2025-05-09,Delivered,Mobile App,NONE
68118,13393,2026-07-19,Shipped,Marketplace,SAVE10
68119,10829,2024-04-08,Delivered,Website,WELCOME5
68120,12144,2025-01-06,Delivered,Mobile App,WELCOME5
68121,12332,2024-03-31,Delivered,Website,FEST15
68122,10781,2024-05-20,Delivered,Website,NONE
68123,12444,2024-01-11,Delivered,Mobile App,WELCOME5
68124,10318,2025-06-24,Shipped,Website,NONE
68125,11559,2024-08-17,Delivered,Marketplace,NONE
68126,13647,2024-06-05,Shipped,Mobile App,SAVE10
68127,11224,2026-05-03,Delivered,Mobile App,NONE
68128,13521,2025-03-04,Processing,Marketplace,BIG20
68129,10534,2025-06-08,Delivered,Mobile App,NONE
68130,12308,2025-08-26,Shipped,Website,NONE
68131,14511,2025-02-25,Shipped,Mobile App,BIG20
68132,12639,2024-05-15,Delivered,Mobile App,NONE
68133,14083,2025-04-19,Cancelled,Website,NONE
68134,11203,2026-07-08,Delivered,Marketplace,NONE
68135,10928,2025-10-27,Delivered,Website,WELCOME5
68136,12427,2025-11-15,Cancelled,Website,FEST15
68137,11240,2025-07-05,Delivered,Marketplace,FEST15
68138,13644,2024-12-16,Delivered,Website,NONE
68139,11760,2025-03-29,Delivered,Website,SAVE10
68140,13858,2025-02-07,Cancelled,Mobile App,SAVE10
68141,10176,2025-07-18,Shipped,Mobile App,BIG20
68142,11703,2026-04-02,Delivered,Website,SAVE10
68143,11215,2024-01-15,Delivered,Mobile App,NONE
68144,13395,2025-04-06,Delivered,Mobile App,NONE
68145,11031,2024-09-15,Shipped,Website,NONE
68146,12433,2026-08-15,Delivered,Mobile App,NONE
68147,11802,2024-05-21,Delivered,Website,NONE
68148,13697,2024-03-01,Delivered,Marketplace,NONE
68149,11850,2025-11-12,Delivered,Marketplace,NONE
68150,13454,2024-09-20,Delivered,Mobile App,NONE
68151,10447,2024-07-31,Delivered,Website,NONE
68152,13752,2025-05-17,Delivered,Website,NONE
68153,13195,2026-06-20,Delivered,Mobile App,NONE
68154,10825,2024-05-11,Shipped,Website,NONE
68155,10544,2025-06-06,Delivered,Website,SAVE10
68156,11611,2024-12-11,Shipped,Website,NONE
68157,14941,2024-06-29,Delivered,Mobile App,WELCOME5
68158,11325,2025-05-19,Delivered,Website,BIG20
68159,12374,2026-07-21,Delivered,Website,WELCOME5
68160,12236,2024-09-10,Delivered,Marketplace,WELCOME5
68161,11475,2024-07-31,Delivered,Marketplace,NONE
68162,12325,2024-06-08,Delivered,Mobile App,NONE
68163,10878,2025-08-22,Processing,Mobile App,NONE
68164,13337,2024-09-17,Delivered,Website,NONE
68165,10800,2025-07-28,Delivered,Marketplace,SAVE10
68166,12849,2024-03-21,Delivered,Marketplace,WELCOME5
68167,11591,2025-11-13,Delivered,Website,WELCOME5
68168,12900,2024-07-09,Delivered,Mobile App,NONE
68169,12740,2024-03-25,Delivered,Website,NONE
68170,13165,2024-02-29,Delivered,Website,FEST15
68171,13027,2026-02-08,Shipped,Website,FEST15
68172,11365,2026-07-12,Delivered,Marketplace,WELCOME5
68173,12942,2025-02-08,Delivered,Website,NONE
68174,11131,2024-06-05,Delivered,Mobile App,NONE
68175,11941,2026-03-10,Delivered,Mobile App,FEST15
68176,11076,2024-01-02,Delivered,Website,FEST15
68177,12673,2024-11-05,Processing,Mobile App,FEST15
68178,13898,2026-07-17,Delivered,Website,BIG20
68179,13026,2025-01-14,Delivered,Mobile App,BIG20
68180,10487,2026-01-05,Delivered,Website,NONE
68181,10385,2024-12-15,Delivered,Mobile App,FEST15
68182,11581,2024-09-16,Delivered,Marketplace,NONE
68183,12943,2024-11-05,Processing,Mobile App,WELCOME5
68184,11402,2026-05-02,Delivered,Marketplace,FEST15
68185,14976,2025-03-11,Delivered,Website,NONE
68186,12960,2026-04-25,Delivered,Website,NONE
68187,14471,2026-08-19,Delivered,Mobile App,WELCOME5
68188,14621,2025-12-19,Delivered,Website,FEST15
68189,10481,2024-10-15,Delivered,Mobile App,SAVE10
68190,14393,2025-07-28,Delivered,Mobile App,SAVE10
68191,10255,2024-12-26,Cancelled,Website,NONE
68192,10527,2025-07-21,Delivered,Website,NONE
68193,12702,2025-11-15,Delivered,Mobile App,NONE
68194,12702,2026-07-28,Delivered,Website,NONE
68195,13243,2026-01-29,Delivered,Mobile App,NONE
68196,10186,2025-03-27,Delivered,Marketplace,WELCOME5
68197,10539,2026-04-22,Delivered,Mobile App,SAVE10
68198,13963,2026-02-23,Delivered,Mobile App,SAVE10
68199,12957,2024-10-08,Delivered,Website,NONE
68200,11874,2024-04-19,Delivered,Website,NONE
68201,10911,2025-02-10,Processing,Mobile App,NONE
68202,11075,2025-11-10,Delivered,Website,BIG20
68203,11535,2024-08-24,Delivered,Mobile App,NONE
68204,12421,2026-08-17,Delivered,Website,NONE
68205,14071,2026-07-30,Cancelled,Website,NONE
68206,12176,2024-01-10,Delivered,Mobile App,NONE
68207,12188,2025-01-22,Shipped,Website,BIG20
68208,14716,2024-09-07,Delivered,Mobile App,FEST15
68209,10466,2026-04-23,Delivered,Website,FEST15
68210,10166,2026-01-31,Delivered,Website,WELCOME5
68211,14965,2025-10-12,Delivered,Website,WELCOME5
68212,14750,2025-12-12,Delivered,Mobile App,FEST15
68213,12018,2026-02-12,Delivered,Mobile App,FEST15
68214,11172,2025-12-13,Delivered,Website,BIG20
68215,10615,2025-10-11,Delivered,Mobile App,NONE
68216,10726,2026-08-10,Delivered,Mobile App,SAVE10
68217,14461,2025-06-16,Shipped,Website,NONE
68218,13710,2024-04-02,Delivered,Website,NONE
68219,14223,2025-02-16,Processing,Mobile App,NONE
68220,12613,2025-10-16,Cancelled,Mobile App,NONE
68221,13289,2026-04-28,Delivered,Marketplace,SAVE10
68222,14479,2025-09-13,Delivered,Mobile App,NONE
68223,11788,2024-09-28,Delivered,Website,NONE
68224,12714,2024-07-18,Shipped,Mobile App,NONE
68225,11442,2026-03-25,Delivered,Website,NONE
68226,12528,2024-07-25,Delivered,Mobile App,NONE
68227,11063,2024-01-27,Delivered,Mobile App,NONE
68228,11031,2025-09-22,Delivered,Website,NONE
68229,11787,2025-05-20,Delivered,Website,NONE
68230,14749,2025-09-26,Delivered,Website,NONE
68231,11358,2025-03-23,Delivered,Website,NONE
68232,13323,2025-08-05,Cancelled,Website,NONE
68233,12858,2024-12-06,Cancelled,Website,NONE
68234,13008,2025-03-24,Shipped,Website,NONE
68235,10652,2024-06-12,Delivered,Marketplace,NONE
68236,13951,2025-10-28,Delivered,Website,SAVE10
68237,13925,2025-07-28,Delivered,Website,WELCOME5
68238,10507,2024-11-08,Delivered,Website,NONE
68239,11971,2025-07-08,Delivered,Mobile App,WELCOME5
68240,14333,2024-08-16,Delivered,Marketplace,WELCOME5
68241,11187,2025-12-13,Delivered,Website,NONE
68242,12503,2025-07-31,Delivered,Marketplace,NONE
68243,14138,2025-09-26,Delivered,Marketplace,NONE
68244,14012,2025-08-21,Delivered,Website,NONE
68245,11936,2026-03-26,Delivered,Website,NONE
68246,13564,2026-02-26,Processing,Marketplace,NONE
68247,14655,2024-09-22,Delivered,Mobile App,SAVE10
68248,12257,2025-02-07,Delivered,Mobile App,FEST15
68249,14871,2025-06-13,Shipped,Website,SAVE10
68250,13849,2026-01-11,Delivered,Website,NONE
68251,13239,2024-02-08,Delivered,Website,NONE
68252,13604,2026-06-09,Delivered,Website,NONE
68253,10938,2024-11-01,Delivered,Mobile App,NONE
68254,10019,2025-02-16,Shipped,Website,WELCOME5
68255,14137,2024-09-12,Delivered,Mobile App,WELCOME5
68256,13547,2025-06-10,Delivered,Mobile App,NONE
68257,14690,2024-09-20,Delivered,Marketplace,SAVE10
68258,12544,2026-06-01,Shipped,Mobile App,NONE
68259,11928,2024-11-04,Delivered,Marketplace,SAVE10
68260,14198,2024-10-18,Processing,Website,NONE
68261,14708,2024-01-19,Delivered,Marketplace,NONE
68262,14049,2025-12-01,Processing,Mobile App,NONE
68263,14136,2026-06-08,Delivered,Mobile App,BIG20
68264,10854,2025-07-13,Delivered,Website,FEST15
68265,14343,2026-05-31,Delivered,Website,NONE
68266,10109,2025-02-05,Delivered,Website,SAVE10
68267,13777,2025-11-03,Delivered,Website,NONE
68268,10982,2026-04-18,Delivered,Website,SAVE10
68269,10207,2025-12-18,Delivered,Mobile App,NONE
68270,13706,2024-06-01,Processing,Website,WELCOME5
68271,11698,2026-07-30,Cancelled,Website,NONE
68272,14357,2024-02-04,Processing,Website,FEST15
68273,11414,2024-04-23,Delivered,Marketplace,NONE
68274,13503,2024-07-19,Delivered,Website,NONE
68275,13219,2025-11-29,Cancelled,Mobile App,SAVE10
68276,14103,2026-04-29,Delivered,Website,NONE
68277,14306,2025-06-07,Delivered,Mobile App,NONE
68278,12937,2024-11-29,Delivered,Website,NONE
68279,11730,2025-03-21,Delivered,Marketplace,BIG20
68280,12533,2025-10-25,Delivered,Website,NONE
68281,13010,2024-07-29,Delivered,Website,NONE
68282,14852,2024-08-11,Delivered,Website,BIG20
68283,10863,2024-10-11,Delivered,Marketplace,NONE
68284,10403,2025-04-21,Delivered,Website,NONE
68285,12323,2025-12-14,Processing,Website,WELCOME5
68286,12107,2025-05-22,Shipped,Marketplace,SAVE10
68287,14505,2024-04-02,Delivered,Marketplace,NONE
68288,11391,2024-08-26,Delivered,Marketplace,WELCOME5
68289,10742,2024-02-13,Cancelled,Website,FEST15
68290,10611,2025-01-10,Delivered,Mobile App,NONE
68291,14471,2025-05-05,Delivered,Mobile App,NONE
68292,13028,2024-09-10,Cancelled,Mobile App,SAVE10
68293,14881,2024-02-13,Cancelled,Website,BIG20
68294,11317,2024-04-07,Delivered,Website,BIG20
68295,10407,2025-10-31,Delivered,Website,WELCOME5
68296,12315,2025-02-22,Delivered,Mobile App,NONE
68297,10865,2026-07-29,Shipped,Mobile App,SAVE10
68298,10683,2025-06-30,Delivered,Marketplace,SAVE10
68299,14414,2024-10-22,Delivered,Mobile App,NONE
68300,11950,2024-03-28,Delivered,Marketplace,NONE
68301,10351,2025-12-15,Delivered,Marketplace,NONE
68302,11002,2024-12-13,Delivered,Website,WELCOME5
68303,11835,2025-08-01,Delivered,Website,FEST15
68304,14485,2025-03-24,Shipped,Marketplace,NONE
68305,13192,2024-03-20,Delivered,Mobile App,NONE
68306,12612,2026-06-23,Shipped,Website,SAVE10
68307,12914,2024-04-25,Shipped,Website,WELCOME5
68308,13998,2025-08-15,Delivered,Website,SAVE10
68309,10969,2024-05-19,Delivered,Website,WELCOME5
68310,12429,2026-07-02,Shipped,Marketplace,NONE
68311,11932,2024-10-02,Delivered,Website,NONE
68312,10212,2025-05-23,Delivered,Mobile App,BIG20
68313,12755,2024-03-16,Processing,Marketplace,NONE
68314,13473,2026-02-18,Delivered,Marketplace,NONE
68315,13331,2024-08-05,Delivered,Website,NONE
68316,10240,2024-04-03,Delivered,Website,NONE
68317,11975,2024-10-01,Delivered,Website,NONE
68318,11976,2025-07-01,Shipped,Website,NONE
68319,10779,2024-11-13,Delivered,Website,NONE
68320,12735,2024-12-08,Delivered,Mobile App,NONE
68321,12655,2024-03-14,Delivered,Website,BIG20
68322,13900,2025-12-07,Shipped,Website,BIG20
68323,13819,2024-11-28,Delivered,Website,NONE
68324,14493,2026-05-01,Delivered,Website,NONE
68325,12124,2025-01-24,Delivered,Website,FEST15
68326,11025,2025-11-21,Delivered,Website,NONE
68327,12707,2024-11-01,Processing,Mobile App,NONE
68328,13318,2024-03-26,Delivered,Mobile App,WELCOME5
68329,11667,2025-09-12,Delivered,Website,NONE
68330,12352,2025-08-25,Shipped,Mobile App,NONE
68331,14593,2026-08-06,Delivered,Marketplace,NONE
68332,13838,2025-12-22,Cancelled,Mobile App,NONE
68333,13049,2025-09-03,Cancelled,Mobile App,SAVE10
68334,14700,2024-01-29,Delivered,Mobile App,BIG20
68335,10072,2026-03-12,Delivered,Website,NONE
68336,12665,2024-06-13,Delivered,Marketplace,WELCOME5
68337,11332,2025-12-10,Delivered,Mobile App,SAVE10
68338,11434,2025-10-21,Delivered,Mobile App,NONE
68339,13921,2026-02-19,Cancelled,Mobile App,WELCOME5
68340,13993,2024-11-01,Delivered,Website,FEST15
68341,12431,2025-04-26,Delivered,Website,NONE
68342,12634,2024-03-01,Delivered,Mobile App,NONE
68343,13000,2024-12-11,Delivered,Mobile App,NONE
68344,14412,2026-05-12,Processing,Marketplace,NONE
68345,10110,2024-07-14,Processing,Mobile App,NONE
68346,12831,2026-07-12,Delivered,Website,FEST15
68347,10340,2024-02-19,Delivered,Website,NONE
68348,14686,2024-12-28,Cancelled,Website,NONE
68349,11193,2025-01-01,Cancelled,Mobile App,SAVE10
68350,10088,2026-08-21,Delivered,Mobile App,NONE
68351,14047,2025-06-10,Delivered,Website,FEST15
68352,13695,2026-04-10,Delivered,Website,NONE
68353,14508,2026-04-04,Delivered,Mobile App,BIG20
68354,11733,2025-06-23,Delivered,Marketplace,NONE
68355,11383,2025-12-01,Delivered,Website,FEST15
68356,13344,2025-12-25,Shipped,Mobile App,WELCOME5
68357,14729,2025-05-03,Delivered,Website,NONE
68358,14712,2026-06-27,Delivered,Website,BIG20
68359,11998,2025-02-21,Delivered,Mobile App,SAVE10
68360,13270,2025-12-06,Delivered,Marketplace,NONE
68361,14136,2024-12-07,Delivered,Website,NONE
68362,13725,2024-11-23,Delivered,Website,NONE
68363,13004,2024-12-15,Delivered,Website,FEST15
68364,10791,2024-07-06,Shipped,Mobile App,FEST15
68365,13159,2026-02-23,Delivered,Website,NONE
68366,10853,2025-02-22,Delivered,Website,SAVE10
68367,12257,2025-10-13,Delivered,Mobile App,NONE
68368,12868,2024-06-30,Cancelled,Mobile App,NONE
68369,10131,2025-10-26,Cancelled,Website,SAVE10
68370,12154,2024-01-21,Delivered,Mobile App,NONE
68371,11567,2025-09-20,Shipped,Mobile App,SAVE10
68372,10556,2025-03-18,Shipped,Mobile App,NONE
68373,13238,2024-04-26,Processing,Mobile App,SAVE10
68374,13642,2024-11-15,Shipped,Website,NONE
68375,14469,2024-02-09,Delivered,Website,NONE
68376,13495,2024-04-02,Delivered,Website,SAVE10
68377,10916,2026-02-27,Processing,Website,NONE
68378,10458,2026-04-25,Delivered,Mobile App,SAVE10
68379,14112,2026-03-12,Delivered,Website,WELCOME5
68380,10244,2024-04-29,Delivered,Mobile App,BIG20
68381,11902,2025-07-21,Delivered,Mobile App,SAVE10
68382,11895,2025-09-03,Delivered,Website,FEST15
68383,10909,2024-11-30,Delivered,Website,BIG20
68384,13165,2025-07-06,Delivered,Mobile App,BIG20
68385,13852,2024-09-20,Delivered,Website,SAVE10
68386,14468,2026-08-07,Shipped,Website,NONE
68387,12347,2024-08-27,Delivered,Website,SAVE10
68388,12173,2024-09-03,Shipped,Marketplace,NONE
68389,11017,2026-01-14,Delivered,Mobile App,BIG20
68390,10421,2024-08-16,Shipped,Website,FEST15
68391,14204,2026-05-24,Delivered,Mobile App,SAVE10
68392,14203,2025-08-31,Delivered,Website,NONE
68393,14906,2026-05-27,Delivered,Website,NONE
68394,10625,2025-06-25,Cancelled,Mobile App,NONE
68395,12108,2026-07-24,Delivered,Mobile App,NONE
68396,13187,2026-02-26,Delivered,Marketplace,NONE
68397,14404,2026-02-20,Delivered,Mobile App,NONE
68398,12068,2024-06-16,Delivered,Mobile App,NONE
68399,10693,2026-02-17,Delivered,Marketplace,NONE
68400,14548,2024-10-18,Delivered,Website,WELCOME5
68401,10417,2026-03-18,Delivered,Mobile App,NONE
68402,13525,2024-01-05,Delivered,Marketplace,NONE
68403,11832,2024-02-28,Delivered,Mobile App,SAVE10
68404,10001,2025-11-30,Shipped,Website,NONE
68405,12630,2024-03-04,Cancelled,Marketplace,NONE
68406,11864,2024-11-11,Delivered,Website,NONE
68407,12181,2025-03-25,Delivered,Website,BIG20
68408,10902,2024-08-17,Cancelled,Mobile App,SAVE10
68409,13365,2025-12-17,Delivered,Website,NONE
68410,11418,2025-08-09,Delivered,Website,WELCOME5
68411,10762,2025-09-26,Delivered,Website,FEST15
68412,11995,2024-09-01,Shipped,Website,NONE
68413,10938,2024-01-22,Shipped,Website,BIG20
68414,12707,2024-02-25,Delivered,Website,NONE
68415,12662,2024-08-31,Delivered,Website,BIG20
68416,13992,2024-08-17,Delivered,Mobile App,NONE
68417,14898,2025-08-18,Delivered,Website,NONE
68418,10433,2026-04-04,Shipped,Mobile App,SAVE10
68419,10188,2024-10-01,Delivered,Marketplace,NONE
68420,12206,2025-07-31,Delivered,Website,NONE
68421,10336,2026-06-09,Shipped,Marketplace,WELCOME5
68422,14254,2025-04-02,Processing,Mobile App,NONE
68423,14040,2024-07-18,Delivered,Marketplace,NONE
68424,12161,2025-04-21,Delivered,Website,NONE
68425,14805,2024-03-02,Delivered,Mobile App,NONE
68426,12597,2026-08-25,Shipped,Website,NONE
68427,12728,2026-06-04,Delivered,Marketplace,NONE
68428,13894,2024-01-31,Delivered,Website,NONE
68429,12756,2024-09-14,Shipped,Website,NONE
68430,13565,2024-06-05,Processing,Mobile App,SAVE10
68431,11197,2026-04-28,Delivered,Website,NONE
68432,12550,2026-04-19,Processing,Website,BIG20
68433,14051,2024-11-28,Delivered,Website,NONE
68434,14836,2025-06-02,Delivered,Website,SAVE10
68435,10962,2025-09-20,Cancelled,Website,FEST15
68436,10182,2026-08-23,Delivered,Website,FEST15
68437,12968,2026-03-08,Shipped,Website,NONE
68438,10273,2025-10-25,Delivered,Mobile App,NONE
68439,13413,2025-03-17,Delivered,Website,FEST15
68440,12137,2025-12-02,Shipped,Mobile App,WELCOME5
68441,14003,2025-09-16,Processing,Mobile App,SAVE10
68442,10790,2025-07-16,Processing,Mobile App,NONE
68443,10230,2024-07-24,Delivered,Mobile App,SAVE10
68444,11083,2024-01-17,Delivered,Mobile App,FEST15
68445,10317,2025-05-17,Delivered,Mobile App,NONE
68446,10751,2026-05-30,Delivered,website,WELCOME5
68447,13788,2026-08-22,Delivered,Website,NONE
68448,13462,2025-05-22,Shipped,Website,BIG20
68449,13110,2026-07-26,Delivered,Website,SAVE10
68450,12107,2024-01-09,Delivered,Website,WELCOME5
68451,11118,2026-03-08,Processing,Website,BIG20
68452,14171,2024-07-22,Delivered,Mobile App,NONE
68453,14382,2024-12-12,Shipped,Website,FEST15
68454,11252,2024-12-05,Delivered,Mobile App,NONE
68455,14483,2024-08-06,Processing,Mobile App,NONE
68456,13118,2024-10-04,Delivered,Website,NONE
68457,11729,2025-06-13,Delivered,Website,SAVE10
68458,11068,2024-01-27,Delivered,Website,NONE
68459,12954,2024-07-29,Delivered,Website,BIG20
68460,10073,2024-09-28,Delivered,Marketplace,WELCOME5
68461,11582,2024-03-25,Delivered,Mobile App,BIG20
68462,13445,2026-05-19,Delivered,Website,NONE
68463,12484,2025-02-28,Delivered,Mobile App,NONE
68464,10728,2025-07-25,Delivered,Mobile App,WELCOME5
68465,10797,2025-07-18,Delivered,Website,SAVE10
68466,13470,2024-11-13,Delivered,Website,WELCOME5
68467,14187,2024-09-18,Delivered,Website,NONE
68468,13454,2024-03-26,Delivered,Website,NONE
68469,10786,2026-03-07,Delivered,Website,WELCOME5
68470,13341,2025-12-29,Delivered,Website,FEST15
68471,11384,2025-09-27,Delivered,Website,NONE
68472,12960,2025-11-27,Shipped,Marketplace,FEST15
68473,12953,2026-02-21,Delivered,Website,NONE
68474,14425,2024-01-03,Delivered,Website,SAVE10
68475,14127,2025-10-13,Delivered,Mobile App,NONE
68476,10379,2026-08-21,Delivered,Mobile App,WELCOME5
68477,10001,2026-03-14,Processing,Website,WELCOME5
68478,14660,2024-09-14,Delivered,Mobile App,WELCOME5
68479,11529,2025-07-25,Shipped,Website,NONE
68480,10330,2024-09-11,Delivered,Website,SAVE10
68481,10957,2024-05-05,Delivered,Mobile App,NONE
68482,12477,2024-10-19,Delivered,Marketplace,SAVE10
68483,14444,2024-12-01,Delivered,Website,BIG20
68484,14617,2026-07-21,Delivered,Website,WELCOME5
68485,13283,2025-03-30,Delivered,Website,NONE
68486,11345,2026-03-26,Delivered,Marketplace,NONE
68487,13563,2026-07-14,Delivered,Mobile App,NONE
68488,14190,2025-09-10,Delivered,Mobile App,FEST15
68489,12053,2025-04-22,Shipped,Marketplace,SAVE10
68490,12966,2025-04-24,Shipped,Website,NONE
68491,12446,2026-01-31,Delivered,Marketplace,SAVE10
68492,14306,2024-11-13,Shipped,Marketplace,NONE
68493,13063,2025-03-16,Delivered,Mobile App,SAVE10
68494,10243,2024-11-21,Delivered,Website,NONE
68495,14358,2024-09-08,Shipped,Marketplace,FEST15
68496,12780,2024-11-11,Delivered,Website,NONE
68497,12154,2024-04-06,Delivered,Website,NONE
68498,10944,2026-04-16,Delivered,Website,NONE
68499,13493,2026-04-23,Delivered,Website,BIG20
68500,10091,2025-10-22,Delivered,Mobile App,NONE
68501,10868,2025-12-31,Delivered,Website,NONE
68502,13445,2025-01-29,Delivered,Mobile App,NONE
68503,11363,2025-05-26,Delivered,Website,NONE
68504,13749,2026-08-21,Delivered,Website,NONE
68505,11311,2024-02-24,Shipped,Website,NONE
68506,13682,2024-06-21,Shipped,Website,NONE
68507,13396,2026-03-11,Delivered,Mobile App,FEST15
68508,13635,2024-03-15,Delivered,Website,SAVE10
68509,13668,2026-01-23,Delivered,Website,NONE
68510,14000,2024-12-23,Shipped,Mobile App,FEST15
68511,11840,2025-11-17,Cancelled,Mobile App,NONE
68512,12348,2026-08-10,Delivered,Mobile App,FEST15
68513,10351,2025-07-11,Delivered,Mobile App,NONE
68514,11738,2024-01-24,Delivered,Website,WELCOME5
68515,12299,2025-05-25,Delivered,Mobile App,WELCOME5
68516,13855,2024-03-19,Delivered,Website,NONE
68517,14515,2026-07-02,Delivered,Website,SAVE10
68518,13333,2024-11-27,Delivered,Website,NONE
68519,10641,2026-07-16,Delivered,Website,NONE
68520,11001,2026-08-15,Delivered,Marketplace,NONE
68521,12667,2024-11-06,Delivered,Marketplace,SAVE10
68522,12177,2024-11-29,Delivered,Mobile App,NONE
68523,14654,2026-04-23,Delivered,Mobile App,SAVE10
68524,10911,2025-10-19,Delivered,Marketplace,NONE
68525,12856,2025-05-02,Delivered,Website,WELCOME5
68526,13895,2026-04-18,Processing,Mobile App,WELCOME5
68527,12188,2024-09-06,Delivered,Website,SAVE10
68528,11236,2025-10-12,Delivered,Marketplace,SAVE10
68529,10651,2024-12-02,Delivered,Mobile App,SAVE10
68530,13114,2024-03-28,Delivered,Mobile App,NONE
68531,13155,2024-12-09,Delivered,Website,NONE
68532,13677,2024-05-24,Delivered,Mobile App,NONE
68533,14188,2026-08-22,Delivered,Website,NONE
68534,14959,2024-09-08,Delivered,Mobile App,NONE
68535,10938,2026-06-23,Delivered,Website,NONE
68536,12166,2026-02-11,Delivered,Website,SAVE10
68537,11620,2024-12-23,Delivered,Website,NONE
68538,14363,2026-02-16,Processing,Website,NONE
68539,10590,2024-02-19,Delivered,Website,NONE
68540,13322,2024-06-14,Delivered,Website,SAVE10
68541,11576,2026-02-15,Delivered,Website,FEST15
68542,10043,2025-01-02,Delivered,Website,FEST15
68543,12988,2024-05-28,Delivered,Website,SAVE10
68544,11957,2024-05-15,Delivered,Website,NONE
68545,13454,2026-02-19,Delivered,Mobile App,NONE
68546,11971,2025-04-03,Delivered,Marketplace,SAVE10
68547,10951,2025-03-04,Delivered,Website,BIG20
68548,10599,2024-12-19,Delivered,Website,NONE
68549,10905,2024-04-01,Delivered,Mobile App,SAVE10
68550,12186,2026-08-20,Shipped,Marketplace,NONE
68551,11344,2024-07-29,Cancelled,Marketplace,NONE
68552,10583,2025-01-12,Delivered,Website,FEST15
68553,11585,2026-03-11,Delivered,Website,SAVE10
68554,14177,2024-02-18,Processing,Mobile App,NONE
68555,14199,2025-07-23,Delivered,Mobile App,NONE
68556,11810,2025-05-19,Delivered,Mobile App,NONE
68557,12609,2025-11-30,Shipped,Website,NONE
68558,10916,2026-05-29,Delivered,Website,WELCOME5
68559,12060,2024-04-05,Delivered,Website,NONE
68560,13010,2024-12-24,Delivered,Website,SAVE10
68561,10096,2024-12-18,Delivered,Website,BIG20
68562,14288,2026-03-04,Delivered,Mobile app ,NONE
68563,14523,2025-03-15,Delivered,Mobile App,NONE
68564,14675,2025-02-08,Cancelled,Website,FEST15
68565,11056,2024-09-20,Delivered,Mobile App,BIG20
68566,14472,2025-07-05,Delivered,Website,FEST15
68567,10570,2025-08-25,Delivered,Website,NONE
68568,14411,2025-05-02,Delivered,Website,SAVE10
68569,10679,2025-08-19,Delivered,Marketplace,FEST15
68570,11741,2026-04-27,Shipped,Mobile App,NONE
68571,14744,2026-04-16,Delivered,Website,FEST15
68572,12528,2025-07-05,Shipped,Website,NONE
68573,11084,2026-07-08,Delivered,Website,NONE
68574,11857,2025-01-02,Shipped,Website,NONE
68575,11652,2024-01-22,Cancelled,Marketplace,WELCOME5
68576,14612,2026-01-13,Delivered,Marketplace,SAVE10
68577,12062,2026-01-16,Delivered,Mobile App,WELCOME5
68578,10465,2024-02-18,Delivered,Website,BIG20
68579,10829,2024-11-15,Delivered,Website,SAVE10
68580,12772,2024-09-21,Delivered,Website,NONE
68581,10069,2025-05-25,Shipped,Website,WELCOME5
68582,11235,2024-10-04,Delivered,Marketplace,FEST15
68583,13021,2025-12-22,Cancelled,Website,NONE
68584,14252,2025-07-05,Shipped,Mobile App,NONE
68585,10483,2026-04-21,Delivered,Website,NONE
68586,11697,2026-03-20,Delivered,Mobile App,WELCOME5
68587,11953,2024-10-17,Delivered,Mobile App,WELCOME5
68588,14319,2025-06-21,Delivered,Website,NONE
68589,13933,2025-08-21,Delivered,Website,FEST15
68590,14641,2025-03-20,Delivered,Website,NONE
68591,13105,2026-07-23,Cancelled,Website,NONE
68592,10860,2024-03-04,Delivered,Website,SAVE10
68593,14694,2026-06-07,Delivered,Mobile App,FEST15
68594,13772,2026-07-29,Cancelled,Website,NONE
68595,13305,2024-12-21,Delivered,Website,NONE
68596,11750,2024-10-13,Delivered,Mobile App,BIG20
68597,13977,2024-02-09,Delivered,Website,NONE
68598,12017,2024-05-05,Delivered,Mobile App,BIG20
68599,11621,2024-08-14,Delivered,Website,NONE
68600,11372,2026-03-18,Delivered,Website,SAVE10
68601,13300,2026-01-19,Delivered,Marketplace,NONE
68602,13084,2026-05-13,Delivered,Marketplace,NONE
68603,11137,2024-11-03,Delivered,Website,BIG20
68604,11716,2024-10-16,Delivered,Mobile App,SAVE10
68605,11137,2026-03-05,Delivered,Mobile App,WELCOME5
68606,13704,2025-06-16,Delivered,Website,NONE
68607,11717,2024-02-26,Delivered,Website,NONE
68608,13893,2026-01-29,Delivered,Mobile App,NONE
68609,11160,2024-04-03,Delivered,Mobile App,BIG20
68610,11976,2024-01-22,Delivered,Mobile App,WELCOME5
68611,10132,2026-06-16,Processing,Website,FEST15
68612,10024,2026-08-15,Delivered,Mobile App,FEST15
68613,10144,2025-11-17,Delivered,Website,SAVE10
68614,10331,2024-11-10,Delivered,Mobile app ,SAVE10
68615,14640,2024-06-08,Delivered,Website,NONE
68616,11370,2025-04-10,Cancelled,Mobile App,WELCOME5
68617,12659,2025-05-17,Delivered,Website,NONE
68618,14770,2024-02-19,Delivered,Mobile App,NONE
68619,12437,2025-10-04,Delivered,Mobile App,NONE
68620,11970,2024-02-15,Delivered,Website,NONE
68621,13645,2025-04-22,Delivered,Website,NONE
68622,13722,2024-04-18,Delivered,Mobile App,NONE
68623,10504,2024-02-17,Delivered,Website,NONE
68624,14681,2024-11-07,Delivered,Mobile App,NONE
68625,10616,2025-07-24,Processing,Website,NONE
68626,11709,2026-06-12,Delivered,Website,NONE
68627,14766,2024-02-24,Delivered,Website,NONE
68628,12807,2025-05-14,Delivered,Website,NONE
68629,12842,2026-01-10,Delivered,Mobile App,NONE
68630,14262,2024-11-11,Delivered,Mobile App,WELCOME5
68631,12244,2026-02-21,Shipped,Website,NONE
68632,13074,2025-03-13,Delivered,Website,NONE
68633,12728,2024-01-08,Delivered,Website,WELCOME5
68634,10562,2024-09-14,Shipped,Mobile App,NONE
68635,11523,2025-02-08,Delivered,Website,FEST15
68636,13848,2025-08-28,Delivered,Marketplace,NONE
68637,11644,2024-05-25,Delivered,Mobile App,NONE
68638,14521,2025-05-06,Delivered,Marketplace,FEST15
68639,14797,2026-02-02,Delivered,Website,SAVE10
68640,13844,2025-01-02,Delivered,Marketplace,NONE
68641,10004,2024-07-09,Delivered,Marketplace,NONE
68642,13763,2025-10-27,Delivered,Website,FEST15
68643,14907,2025-09-08,Delivered,Marketplace,BIG20
68644,13779,2025-01-14,Shipped,Website,NONE
68645,13188,2026-03-12,Delivered,Website,NONE
68646,13063,2026-02-21,Delivered,Website,FEST15
68647,12478,2024-04-09,Delivered,Website,NONE
68648,11240,2025-08-03,Delivered,Mobile App,SAVE10
68649,12389,2025-09-02,Delivered,Mobile App,NONE
68650,14555,2024-07-15,Delivered,Website,NONE
68651,10428,2024-06-26,Processing,Website,NONE
68652,10645,2024-06-07,Delivered,Website,BIG20
68653,14375,2024-11-14,Delivered,Mobile App,FEST15
68654,14137,2024-09-05,Shipped,Website,NONE
68655,12553,2025-11-14,Delivered,Website,FEST15
68656,11797,2026-06-09,Delivered,Mobile App,NONE
68657,10555,2025-03-21,Delivered,Mobile App,NONE
68658,13370,2026-03-09,Shipped,Mobile App,NONE
68659,12696,2025-05-08,Shipped,Marketplace,NONE
68660,14026,2026-08-01,Delivered,Mobile App,NONE
68661,11814,2025-01-10,Delivered,Website,BIG20
68662,13993,2025-12-22,Delivered,Marketplace,FEST15
68663,14774,2026-03-29,Delivered,Mobile App,SAVE10
68664,10806,2026-06-06,Delivered,Website,NONE
68665,13825,2025-01-19,Processing,Mobile App,NONE
68666,13055,2024-12-10,Delivered,Website,SAVE10
68667,12040,2024-01-14,Delivered,Website,NONE
68668,11073,2025-08-24,Delivered,Website,NONE
68669,10775,2025-06-26,Processing,Website,WELCOME5
68670,10561,2025-01-14,Delivered,Website,WELCOME5
68671,11331,2024-07-29,Delivered,Mobile App,NONE
68672,12568,2026-04-18,Shipped,Website,NONE
68673,12691,2026-08-27,Delivered,Website,BIG20
68674,14938,2026-08-25,Delivered,Mobile App,NONE
68675,13707,2025-03-13,Delivered,Website,SAVE10
68676,14909,2025-12-24,Delivered,Mobile App,BIG20
68677,13770,2026-03-16,Delivered,Mobile App,NONE
68678,12868,2026-01-28,Shipped,Website,FEST15
68679,14083,2024-12-10,Delivered,Mobile App,BIG20
68680,13861,2026-04-05,Delivered,Website,NONE
68681,14039,2025-09-30,Delivered,Mobile App,BIG20
68682,11249,2024-04-02,Delivered,Website,BIG20
68683,13621,2024-06-07,Processing,Website,NONE
68684,11122,2025-04-12,Shipped,Website,SAVE10
68685,11589,2026-07-01,Delivered,Website,NONE
68686,13533,2025-12-11,Delivered,Mobile App,FEST15
68687,12527,2025-09-18,Delivered,Website,BIG20
68688,13930,2025-08-09,Delivered,Website,BIG20
68689,13603,2026-06-11,Delivered,Website,SAVE10
68690,13710,2025-06-08,Delivered,Marketplace,FEST15
68691,10739,2025-01-29,Delivered,Mobile App,BIG20
68692,10523,2025-01-09,Shipped,Marketplace,NONE
68693,11242,2025-05-22,Delivered,Mobile App,NONE
68694,11782,2024-08-01,Shipped,Website,NONE
68695,14100,2026-07-19,Delivered,Mobile App,FEST15
68696,10221,2026-06-13,Shipped,Mobile App,NONE
68697,12702,2025-01-06,Delivered,Marketplace,NONE
68698,13931,2025-12-13,Delivered,Mobile App,WELCOME5
68699,11816,2026-01-20,Delivered,Mobile App,NONE
68700,11559,2025-08-18,Processing,Mobile App,NONE
68701,11023,2024-04-17,Delivered,Marketplace,BIG20
68702,12149,2024-03-23,Delivered,Website,NONE
68703,13079,2025-11-25,Shipped,Marketplace,FEST15
68704,12895,2024-04-18,Delivered,Website,NONE
68705,14252,2026-03-07,Shipped,Website,NONE
68706,10003,2025-02-23,Cancelled,Website,NONE
68707,11464,2026-02-18,Delivered,Website,SAVE10
68708,11771,2024-05-01,Shipped,Mobile App,SAVE10
68709,11957,2025-01-16,Delivered,Website,NONE
68710,13637,2024-05-24,Processing,Website,NONE
68711,10505,2025-04-19,Delivered,Website,BIG20
68712,11431,2024-03-19,Processing,Website,NONE
68713,10274,2024-09-23,Delivered,Mobile App,NONE
68714,12853,2024-10-12,Delivered,Website,NONE
68715,14821,2025-05-09,Processing,Marketplace,BIG20
68716,14886,2024-01-11,Delivered,Website,WELCOME5
68717,10240,2024-10-30,Delivered,Website,NONE
68718,10591,2025-12-11,Shipped,Marketplace,NONE
68719,12855,2025-01-31,Cancelled,Website,NONE
68720,11342,2025-08-04,Delivered,Mobile App,BIG20
68721,11156,2026-04-14,Delivered,Mobile App,FEST15
68722,13420,2025-05-07,Delivered,Mobile App,FEST15
68723,11538,2026-05-01,Delivered,Marketplace,NONE
68724,12992,2026-08-15,Shipped,Website,NONE
68725,10195,2025-05-27,Delivered,Mobile App,NONE
68726,14891,2025-04-12,Delivered,Mobile App,NONE
68727,10423,2024-11-03,Delivered,Website,NONE
68728,10174,2026-04-23,Delivered,Website,NONE
68729,12089,2026-01-28,Delivered,website,NONE
68730,14390,2024-07-02,Delivered,Website,SAVE10
68731,13192,2025-09-23,Delivered,Mobile App,NONE
68732,12443,2024-09-13,Delivered,Mobile App,SAVE10
68733,11385,2026-08-18,Shipped,Website,NONE
68734,11135,2024-11-14,Delivered,Website,NONE
68735,13266,2024-03-23,Delivered,Website,NONE
68736,12517,2026-08-18,Shipped,Website,SAVE10
68737,13065,2025-08-12,Delivered,Website,NONE
68738,12061,2026-05-30,Cancelled,Mobile App,SAVE10
68739,11504,2026-05-15,Delivered,Website,NONE
68740,10897,2025-03-11,Delivered,Mobile App,WELCOME5
68741,11462,2025-03-04,Delivered,Website,NONE
68742,11097,2026-03-30,Processing,Website,FEST15
68743,12440,2025-01-02,Delivered,Website,SAVE10
68744,11441,2024-08-14,Delivered,Website,SAVE10
68745,13979,2025-07-03,Delivered,Marketplace,NONE
68746,12761,2025-07-28,Cancelled,Marketplace,NONE
68747,11529,2026-03-08,Delivered,Website,FEST15
68748,10416,2024-06-06,Delivered,Marketplace,BIG20
68749,10611,2025-04-16,Delivered,Website,NONE
68750,10445,2025-07-11,Delivered,Mobile App,NONE
68751,11609,2026-07-20,Processing,Website,NONE
68752,11659,2024-08-03,Delivered,Mobile App,NONE
68753,10247,2025-08-24,Delivered,Mobile App,SAVE10
68754,13537,2025-07-22,Shipped,Marketplace,NONE
68755,12644,2026-07-14,Shipped,Marketplace,FEST15
68756,14892,2025-02-19,Cancelled,Website,NONE
68757,14438,2024-06-24,Delivered,Mobile App,NONE
68758,10061,2025-06-26,Delivered,Website,NONE
68759,13500,2026-04-09,Processing,Website,WELCOME5
68760,14862,2024-06-05,Delivered,Website,NONE
68761,14007,2025-11-26,Delivered,Website,SAVE10
68762,13431,2025-05-06,Processing,Mobile App,NONE
68763,10697,2026-02-10,Delivered,Mobile App,SAVE10
68764,14505,2024-11-02,Delivered,Website,NONE
68765,14110,2026-04-07,Processing,Mobile App,NONE
68766,12682,2024-05-19,Delivered,Website,BIG20
68767,14608,2025-05-28,Shipped,Marketplace,NONE
68768,12315,2025-04-30,Shipped,Mobile App,NONE
68769,12665,2024-09-28,Shipped,Website,NONE
68770,13926,2024-05-14,Delivered,Mobile App,SAVE10
68771,13602,2026-07-04,Delivered,Website,NONE
68772,12756,2025-02-18,Delivered,Website,WELCOME5
68773,13916,2026-06-19,Shipped,Marketplace,SAVE10
68774,14487,2024-11-09,Delivered,Website,FEST15
68775,13244,2025-09-15,Delivered,Mobile App,SAVE10
68776,14466,2025-06-10,Delivered,Mobile App,FEST15
68777,12055,2025-01-26,Delivered,Mobile App,BIG20
68778,12653,2025-04-14,Shipped,Website,SAVE10
68779,13243,2024-09-04,Cancelled,Mobile App,NONE
68780,12869,2024-05-10,Delivered,Website,SAVE10
68781,10894,2025-10-10,Delivered,Marketplace,NONE
68782,12282,2024-09-27,Shipped,Website,NONE
68783,10674,2025-05-29,Delivered,Mobile App,NONE
68784,13448,2025-06-24,Delivered,Website,SAVE10
68785,13995,2026-08-25,Delivered,Mobile App,NONE
68786,13412,2026-03-19,Delivered,Marketplace,NONE
68787,14325,2024-06-28,Delivered,Website,SAVE10
68788,13253,2024-02-27,Delivered,Website,NONE
68789,11897,2026-07-27,Delivered,Mobile App,BIG20
68790,10312,2024-03-29,Delivered,Website,FEST15
68791,10166,2025-11-24,Delivered,Website,NONE
68792,14818,2026-02-12,Delivered,Marketplace,NONE
68793,13896,2026-04-19,Delivered,Website,NONE
68794,11679,2024-11-25,Shipped,Marketplace,NONE
68795,14778,2024-12-04,Delivered,Website,NONE
68796,11232,2024-09-06,Shipped,Mobile App,NONE
68797,13861,2024-06-12,Shipped,Website,NONE
68798,11056,2024-08-10,Delivered,Mobile App,NONE
68799,13550,2024-07-15,Processing,Mobile App,FEST15
68800,10347,2026-07-30,Delivered,Website,NONE
68801,13415,2025-04-15,Delivered,Website,NONE
68802,12286,2025-05-10,Delivered,Mobile App,FEST15
68803,12912,2025-08-30,Delivered,Website,FEST15
68804,10208,2024-06-05,Delivered,Website,NONE
68805,11849,2026-08-16,Cancelled,Website,WELCOME5
68806,10805,2025-01-28,Shipped,Website,NONE
68807,13083,2025-05-07,Delivered,Website,NONE
68808,10027,2024-09-09,Delivered,Mobile App,FEST15
68809,14525,2024-10-17,Delivered,Mobile App,NONE
68810,10874,2024-06-12,Delivered,Website,NONE
68811,12609,2025-05-03,Delivered,Mobile App,SAVE10
68812,14977,2026-08-07,Delivered,Website,NONE
68813,12050,2024-01-19,Delivered,Website,NONE
68814,12708,2025-03-07,Processing,Mobile App,FEST15
68815,14799,2025-01-14,Cancelled,Website,SAVE10
68816,10336,2025-11-01,Delivered,Mobile App,WELCOME5
68817,12812,2025-12-19,Delivered,Marketplace,NONE
68818,12821,2026-05-21,Delivered,Mobile App,SAVE10
68819,13619,2024-09-04,Delivered,Website,WELCOME5
68820,13004,2024-07-18,Shipped,Mobile App,NONE
68821,12402,2025-04-10,Delivered,Marketplace,FEST15
68822,12739,2024-05-04,Delivered,Mobile App,NONE
68823,11425,2025-04-12,Delivered,Mobile App,NONE
68824,11680,2024-09-09,Delivered,Website,SAVE10
68825,14749,2024-10-30,Shipped,Mobile App,NONE
68826,13287,2025-11-22,Cancelled,Website,NONE
68827,13412,2024-05-25,Delivered,Mobile App,BIG20
68828,10714,2025-01-05,Delivered,Mobile App,NONE
68829,11934,2025-10-17,Delivered,Website,WELCOME5
68830,11098,2025-04-19,Delivered,Mobile App,SAVE10
68831,14742,2026-04-10,Delivered,Mobile App,NONE
68832,14974,2024-01-20,Delivered,Mobile App,WELCOME5
68833,11676,2025-01-30,Processing,Mobile App,NONE
68834,12078,2024-01-05,Cancelled,Marketplace,SAVE10
68835,13426,2024-03-01,Processing,Mobile App,NONE
68836,10739,2025-01-29,Cancelled,Mobile App,NONE
68837,12807,2024-08-31,Delivered,Mobile App,NONE
68838,11086,2024-05-25,Delivered,Mobile App,NONE
68839,12639,2026-07-20,Shipped,Mobile App,WELCOME5
68840,13621,2026-02-06,Delivered,Marketplace,SAVE10
68841,13697,2025-02-25,Cancelled,Mobile App,NONE
68842,10582,2026-07-11,Delivered,Website,SAVE10
68843,11449,2024-03-23,Delivered,Marketplace,WELCOME5
68844,11770,2026-06-16,Delivered,Mobile App,SAVE10
68845,13628,2026-04-30,Delivered,Mobile App,BIG20
68846,11642,2025-03-27,Delivered,Mobile App,NONE
68847,12317,2025-11-21,Delivered,Mobile App,BIG20
68848,11140,2024-10-05,Shipped,Mobile App,SAVE10
68849,11725,2026-07-25,Delivered,Marketplace,NONE
68850,12385,2025-04-14,Delivered,Mobile App,SAVE10
68851,11052,2024-07-29,Shipped,Mobile App,SAVE10
68852,10551,2024-04-10,Delivered,Mobile App,NONE
68853,10712,2025-11-08,Delivered,Mobile App,NONE
68854,12283,2026-07-04,Delivered,Mobile App,NONE
68855,10820,2025-11-01,Delivered,Marketplace,NONE
68856,10164,2025-10-13,Delivered,Mobile App,NONE
68857,14169,2026-02-03,Shipped,Website,NONE
68858,14852,2024-10-04,Delivered,Website,BIG20
68859,12556,2024-11-23,Cancelled,Website,NONE
68860,13025,2026-01-06,Cancelled,Mobile App,SAVE10
68861,10834,2025-09-20,Delivered,Website,SAVE10
68862,10376,2024-08-25,Delivered,Marketplace,SAVE10
68863,10399,2024-02-27,Delivered,Website,NONE
68864,10954,2025-12-29,Shipped,Mobile App,NONE
68865,10558,2026-04-14,Delivered,Marketplace,SAVE10
68866,13683,2025-01-24,Delivered,Marketplace,SAVE10
68867,13853,2026-03-17,Delivered,Website,NONE
68868,13659,2026-04-18,Delivered,Website,BIG20
68869,11438,2025-11-10,Delivered,Mobile App,NONE
68870,11825,2026-08-18,Delivered,Marketplace,NONE
68871,11794,2026-08-03,Delivered,Mobile App,NONE
68872,10743,2024-11-06,Delivered,Website,BIG20
68873,12365,2026-05-22,Delivered,Website,FEST15
68874,12680,2025-06-18,Delivered,Website,WELCOME5
68875,11023,2025-01-06,Delivered,Mobile App,BIG20
68876,11382,2024-08-18,Shipped,Marketplace,SAVE10
68877,12353,2025-10-31,Delivered,Website,NONE
68878,10485,2026-02-15,Delivered,Marketplace,WELCOME5
68879,12946,2024-07-16,Delivered,Mobile App,NONE
68880,11730,2025-04-22,Processing,Website,SAVE10
68881,13549,2026-05-14,Delivered,Website,NONE
68882,13756,2026-08-12,Delivered,Mobile App,NONE
68883,11854,2025-03-02,Delivered,Website,NONE
68884,11771,2026-05-10,Delivered,Website,SAVE10
68885,12640,2026-04-08,Delivered,Marketplace,WELCOME5
68886,10204,2024-09-21,Cancelled,Website,NONE
68887,10962,2025-03-17,Delivered,Marketplace,FEST15
68888,10602,2024-04-25,Delivered,Website,FEST15
68889,11420,2024-01-06,Shipped,Website,FEST15
68890,12982,2025-08-24,Delivered,Mobile App,NONE
68891,11224,2024-01-03,Delivered,Marketplace,SAVE10
68892,12611,2024-11-04,Delivered,Website,NONE
68893,13461,2024-06-19,Delivered,Website,FEST15
68894,13375,2024-09-03,Delivered,Mobile App,NONE
68895,12656,2024-08-22,Processing,Marketplace,SAVE10
68896,12859,2025-06-12,Delivered,Website,NONE
68897,12211,2026-01-20,Delivered,Mobile App,NONE
68898,12487,2025-06-06,Delivered,Website,NONE
68899,13976,2026-01-04,Delivered,Website,NONE
68900,12376,2025-06-05,Shipped,Website,NONE
68901,11760,2025-10-29,Delivered,Mobile App,NONE
68902,14808,2024-10-12,Delivered,Marketplace,SAVE10
68903,14585,2024-11-14,Delivered,Website,NONE
68904,14312,2024-05-30,Shipped,Mobile App,NONE
68905,14104,2025-05-19,Delivered,Mobile App,SAVE10
68906,11915,2024-06-27,Delivered,Website,NONE
68907,14798,2025-08-29,Delivered,Website,NONE
68908,13268,2025-11-29,Delivered,Marketplace,SAVE10
68909,14455,2026-05-08,Delivered,Website,NONE
68910,10103,2025-03-30,Delivered,Website,NONE
68911,10535,2026-08-20,Delivered,Website,SAVE10
68912,10105,2025-03-31,Delivered,Mobile App,NONE
68913,14986,2025-11-23,Delivered,Website,NONE
68914,11593,2026-08-05,Delivered,Marketplace,SAVE10
68915,10196,2025-05-28,Delivered,Mobile App,NONE
68916,13774,2026-06-09,Processing,Website,NONE
68917,13958,2025-07-12,Delivered,Website,BIG20
68918,14628,2024-03-04,Delivered,Marketplace,NONE
68919,12895,2025-04-24,Shipped,Mobile App,NONE
68920,13415,2026-02-12,Delivered,Mobile App,NONE
68921,13090,2025-09-21,Shipped,Website,BIG20
68922,13532,2024-08-28,Delivered,Website,FEST15
68923,12586,2024-10-05,Processing,Mobile App,NONE
68924,10161,2025-12-01,Delivered,Website,NONE
68925,10837,2026-02-13,Delivered,Mobile App,
68926,14651,2024-06-17,Delivered,Marketplace,NONE
68927,10242,2025-03-17,Delivered,Marketplace,NONE
68928,10434,2024-05-21,Delivered,Website,NONE
68929,14003,2024-10-12,Delivered,Website,NONE
68930,14735,2026-06-30,Delivered,Mobile App,NONE
68931,12234,2024-01-29,Delivered,Website,NONE
68932,10709,2025-06-25,Delivered,Mobile App,NONE
68933,12943,2025-03-13,Delivered,Mobile App,NONE
68934,10167,2024-12-05,Delivered,Website,NONE
68935,11802,2026-05-20,Delivered,Website,NONE
68936,12819,2026-05-14,Delivered,Mobile App,NONE
68937,14403,2024-01-21,Delivered,Mobile App,NONE
68938,10569,2024-10-08,Delivered,Website,SAVE10
68939,13034,2024-08-17,Delivered,Website,WELCOME5
68940,10145,2024-03-02,Delivered,Website,WELCOME5
68941,12327,2025-05-03,Delivered,Marketplace,NONE
68942,13340,2025-01-17,Delivered,Website,NONE
68943,10181,2025-01-21,Delivered,Website,SAVE10
68944,13692,2025-11-17,Delivered,Mobile App,NONE
68945,14928,2026-07-31,Delivered,Website,NONE
68946,11465,2025-10-04,Processing,Website,WELCOME5
68947,13786,2025-08-22,Delivered,Marketplace,SAVE10
68948,12668,2025-04-04,Delivered,Mobile App,NONE
68949,14591,2025-01-26,Delivered,Website,NONE
68950,12931,2025-05-09,Shipped,Mobile App,BIG20
68951,14016,2024-09-14,Delivered,Mobile App,NONE
68952,10805,2025-05-28,Delivered,Website,NONE
68953,11278,2025-01-02,Delivered,Marketplace,NONE
68954,12201,2024-12-29,Delivered,Website,NONE
68955,14519,2026-04-22,Delivered,Website,SAVE10
68956,13185,2024-03-21,Shipped,Website,FEST15
68957,11061,2026-03-04,Delivered,Mobile App,SAVE10
68958,14429,2024-06-02,Delivered,Mobile App,WELCOME5
68959,13094,2025-01-02,Delivered,Mobile App,WELCOME5
68960,12095,2025-12-03,Delivered,Mobile App,NONE
68961,11922,2026-06-04,Delivered,Website,NONE
68962,13497,2026-02-24,Shipped,Mobile App,NONE
68963,14407,2025-12-05,Shipped,Website,NONE
68964,12509,2025-01-18,Delivered,Marketplace,NONE
68965,14221,2024-12-16,Shipped,Mobile App,WELCOME5
68966,13536,2024-11-15,Delivered,Website,NONE
68967,10370,2026-03-19,Shipped,Website,SAVE10
68968,13945,2025-08-12,Delivered,Website,NONE
68969,12803,2024-03-03,Processing,Website,NONE
68970,12653,2024-01-22,Shipped,Mobile App,NONE
68971,13065,2024-04-27,Delivered,Website,NONE
68972,10306,2025-07-06,Delivered,Website,NONE
68973,14538,2026-08-09,Delivered,Website,SAVE10
68974,14378,2025-03-30,Delivered,Website,SAVE10
68975,14993,2024-08-27,Delivered,Website,FEST15
68976,13005,2025-03-04,Delivered,Mobile App,FEST15
68977,11198,2025-11-17,Delivered,Marketplace,NONE
68978,13004,2024-01-02,Delivered,Website,NONE
68979,11410,2025-09-29,Delivered,Mobile App,NONE
68980,12548,2026-07-03,Delivered,Mobile App,BIG20
68981,14007,2026-06-24,Delivered,Website,NONE
68982,10870,2024-06-17,Shipped,Mobile App,FEST15
68983,12275,2026-08-09,Delivered,Mobile App,WELCOME5
68984,12431,2024-04-19,Shipped,Mobile App,NONE
68985,14648,2025-04-01,Processing,Website,NONE
68986,12685,2025-01-09,Shipped,Mobile App,FEST15
68987,11705,2025-10-11,Delivered,Website,SAVE10
68988,11919,2026-01-25,Delivered,Mobile App,BIG20
68989,11517,2025-08-14,Delivered,Mobile App,SAVE10
68990,10746,2026-01-12,Delivered,Mobile App,WELCOME5
68991,13552,2026-08-10,Processing,Mobile App,NONE
68992,13812,2025-05-11,Delivered,Website,BIG20
68993,10994,2025-07-14,Delivered,Mobile App,NONE
68994,12283,2025-06-16,Delivered,Website,NONE
68995,13765,2024-09-17,Delivered,Mobile App,NONE
68996,13504,2025-03-17,Delivered,Website,NONE
68997,10400,2025-06-26,Delivered,Website,FEST15
68998,10235,2024-01-25,Delivered,Website,FEST15
68999,10356,2025-01-15,Cancelled,Website,WELCOME5
69000,12522,2024-09-26,Delivered,Marketplace,FEST15
69001,14570,2025-10-08,Delivered,Website,NONE
69002,10369,2025-01-12,Delivered,Marketplace,WELCOME5
69003,13506,2024-05-11,Delivered,Mobile App,NONE
69004,13668,2025-06-21,Cancelled,Marketplace,SAVE10
69005,14819,2025-03-23,Cancelled,Mobile App,NONE
69006,12905,2025-10-01,Delivered,Website,NONE
69007,14775,2025-12-21,Delivered,Website,NONE
69008,12257,2026-08-16,Delivered,Website,FEST15
69009,11327,2025-08-22,Delivered,Mobile App,NONE
69010,14865,2025-05-07,Delivered,Mobile App,NONE
69011,12607,2024-09-28,Delivered,Mobile App,FEST15
69012,11631,2025-10-13,Shipped,Mobile App,NONE
69013,13216,2025-02-04,Delivered,Website,NONE
69014,12115,2026-07-20,Delivered,Website,SAVE10
69015,13738,2025-10-26,Delivered,Mobile App,NONE
69016,13688,2024-09-27,Delivered,Mobile App,SAVE10
69017,10094,2026-06-29,Delivered,Website,FEST15
69018,12626,2025-03-16,Delivered,Mobile App,NONE
69019,14274,2025-08-24,Delivered,Website,SAVE10
69020,13293,2025-11-30,Delivered,Website,NONE
69021,13602,2025-09-26,Delivered,Website,NONE
69022,14882,2025-07-02,Processing,Website,NONE
69023,11719,2025-12-12,Delivered,Website,BIG20
69024,13479,2026-05-16,Delivered,Mobile App,NONE
69025,10148,2024-06-07,Shipped,Mobile App,WELCOME5
69026,10754,2025-07-03,Delivered,Marketplace,NONE
69027,13490,2025-08-11,Delivered,Website,NONE
69028,11047,2026-06-13,Delivered,Website,FEST15
69029,13936,2025-07-12,Shipped,Mobile App,FEST15
69030,14350,2024-05-24,Delivered,Mobile App,WELCOME5
69031,14470,2026-01-09,Shipped,Mobile App,FEST15
69032,10240,2026-02-18,Shipped,Website,SAVE10
69033,11628,2026-03-24,Shipped,Website,NONE
69034,12546,2024-07-25,Shipped,Mobile App,NONE
69035,10080,2024-05-26,Processing,Mobile App,SAVE10
69036,14530,2024-02-17,Processing,Website,SAVE10
69037,14827,2025-02-19,Delivered,Mobile App,SAVE10
69038,13882,2024-04-18,Delivered,Mobile App,SAVE10
69039,11390,2026-01-12,Delivered,Website,NONE
69040,10579,2025-07-17,Delivered,Mobile App,BIG20
69041,14134,2024-11-01,Delivered,Website,NONE
69042,13703,2024-10-09,Shipped,Mobile App,FEST15
69043,14729,2025-03-11,Shipped,Website,FEST15
69044,11911,2024-05-19,Delivered,Mobile App,NONE
69045,10843,2025-02-08,Shipped,Mobile App,NONE
69046,14507,2025-09-02,Delivered,Website,NONE
69047,10539,2025-03-23,Delivered,Marketplace,NONE
69048,12864,2025-04-18,Shipped,Mobile App,NONE
69049,12358,2026-03-14,Shipped,Mobile App,NONE
69050,12744,2025-01-04,Shipped,Website,FEST15
69051,12013,2024-04-30,Delivered,Mobile App,NONE
69052,10044,2025-06-03,Delivered,Mobile App,NONE
69053,13109,2024-06-17,Delivered,Website,NONE
69054,11249,2026-04-15,Delivered,Website,NONE
69055,10587,2024-05-31,Processing,Marketplace,FEST15
69056,12064,2025-12-03,Delivered,Mobile App,WELCOME5
69057,11454,2025-03-14,Shipped,Website,NONE
69058,13620,2025-04-25,Delivered,Marketplace,FEST15
69059,11811,2026-05-09,Delivered,Website,WELCOME5
69060,12601,2026-03-08,Delivered,Mobile App,NONE
69061,12426,2024-06-15,Shipped,Website,NONE
69062,14263,2026-04-16,Delivered,Website,NONE
69063,10515,2024-11-07,Delivered,Website,NONE
69064,10172,2024-12-30,Processing,Website,FEST15
69065,14335,2026-03-15,Delivered,Marketplace,NONE
69066,11615,2024-05-25,Delivered,Marketplace,NONE
69067,13588,2025-02-03,Delivered,Website,SAVE10
69068,12988,2024-04-21,Cancelled,Marketplace,NONE
69069,13818,2025-07-01,Delivered,Marketplace,NONE
69070,13294,2025-09-11,Delivered,Website,SAVE10
69071,11222,2025-07-18,Delivered,Website,NONE
69072,12513,2026-06-27,Delivered,Website,NONE
69073,11531,2025-11-20,Delivered,Website,WELCOME5
69074,11995,2024-02-07,Delivered,Website,NONE
69075,12725,2024-07-19,Processing,Mobile App,NONE
69076,10358,2025-04-27,Delivered,Mobile App,SAVE10
69077,10156,2025-03-19,Processing,Mobile App,NONE
69078,13482,2024-07-07,Shipped,Mobile App,SAVE10
69079,10443,2025-05-27,Delivered,Mobile App,SAVE10
69080,14519,2025-05-30,Delivered,Marketplace,NONE
69081,13213,2025-03-16,Delivered,Website,NONE
69082,14045,2026-04-10,Delivered,Website,WELCOME5
69083,12357,2025-01-03,Delivered,Website,SAVE10
69084,13507,2026-02-02,Delivered,Mobile App,WELCOME5
69085,10930,2025-11-08,Delivered,Website,NONE
69086,13171,2026-07-31,Delivered,Mobile App,SAVE10
69087,11554,2025-09-09,Delivered,Website,NONE
69088,13861,2025-04-14,Delivered,Website,NONE
69089,11836,2024-01-01,Delivered,Mobile App,BIG20
69090,13884,2025-10-05,Delivered,Website,SAVE10
69091,14471,2025-05-27,Delivered,Mobile App,NONE
69092,10035,2026-05-21,Shipped,Mobile App,SAVE10
69093,10313,2025-08-01,Processing,Mobile App,BIG20
69094,11790,2025-11-07,Delivered,Marketplace,SAVE10
69095,12735,2026-06-03,Delivered,Website,SAVE10
69096,14341,2026-07-24,Delivered,Website,SAVE10
69097,12198,2024-08-02,Delivered,Website,FEST15
69098,14254,2024-08-26,Delivered,Marketplace,BIG20
69099,13648,2026-01-30,Delivered,Mobile App,NONE
69100,13550,2024-05-10,Delivered,Marketplace,NONE
69101,14550,2026-03-05,Delivered,Marketplace,SAVE10
69102,11546,2024-05-24,Shipped,Marketplace,NONE
69103,13349,2024-12-19,Delivered,Website,FEST15
69104,13990,2026-04-06,Delivered,Mobile App,NONE
69105,14842,2024-05-13,Delivered,Website,FEST15
69106,11158,2024-02-21,Delivered,Website,WELCOME5
69107,13935,2026-01-06,Delivered,Website,NONE
69108,11121,2026-02-24,Delivered,Marketplace,WELCOME5
69109,14811,2026-01-01,Shipped,Mobile App,NONE
69110,12679,2025-03-26,Cancelled,Mobile App,NONE
69111,14376,2026-01-10,Delivered,Mobile App,NONE
69112,12857,2025-11-01,Processing,Mobile App,NONE
69113,10378,2025-01-01,Delivered,Website,FEST15
69114,11757,2025-12-24,Delivered,Mobile App,NONE
69115,13046,2024-07-06,Delivered,Website,NONE
69116,13019,2025-02-15,Delivered,Mobile app ,WELCOME5
69117,12751,2026-03-13,Delivered,Website,NONE
69118,13546,2024-05-21,Delivered,Mobile App,SAVE10
69119,12887,2025-02-12,Delivered,Website,SAVE10
69120,10902,2025-08-21,Delivered,Marketplace,NONE
69121,10392,2025-08-02,Delivered,Website,FEST15
69122,11444,2026-07-16,Delivered,Website,BIG20
69123,10690,2025-10-03,Delivered,Website,NONE
69124,13500,2024-01-25,Delivered,Website,WELCOME5
69125,14886,2026-08-23,Delivered,Mobile App,NONE
69126,14637,2024-08-08,Delivered,Mobile App,NONE
69127,12832,2025-07-30,Delivered,Website,SAVE10
69128,14423,2026-04-28,Delivered,Website,NONE
69129,13290,2025-08-12,Delivered,Website,WELCOME5
69130,10649,2024-03-08,Delivered,Mobile App,NONE
69131,12932,2024-12-06,Delivered,Mobile App,SAVE10
69132,12849,2024-01-10,Processing,Marketplace,NONE
69133,12751,2025-02-12,Shipped,Website,NONE
69134,14001,2026-05-01,Shipped,Website,SAVE10
69135,14932,2024-09-06,Delivered,Website,NONE
69136,11187,2026-01-15,Delivered,Mobile App,WELCOME5
69137,10087,2024-02-11,Delivered,Mobile App,WELCOME5
69138,13216,2024-09-03,Delivered,Mobile App,NONE
69139,10553,2025-07-09,Delivered,Website,NONE
69140,12139,2026-07-26,Delivered,Mobile App,NONE
69141,14662,2025-08-23,Processing,Mobile App,NONE
69142,13314,2025-11-22,Delivered,Website,NONE
69143,14689,2026-01-19,Delivered,Marketplace,SAVE10
69144,10161,2024-04-25,Delivered,Website,NONE
69145,13533,2026-07-19,Delivered,Website,NONE
69146,11565,2025-03-22,Delivered,Website,SAVE10
69147,10372,2024-10-26,Delivered,Mobile App,FEST15
69148,11537,2026-04-19,Delivered,Website,SAVE10
69149,14668,2025-04-20,Delivered,Mobile App,SAVE10
69150,12094,2025-10-09,Delivered,Website,NONE
69151,14589,2024-12-24,Processing,Mobile App,FEST15
69152,10573,2025-07-22,Delivered,Website,NONE
69153,13282,2024-05-28,Shipped,Website,FEST15
69154,12184,2025-02-08,Delivered,Marketplace,NONE
69155,11498,2025-03-14,Delivered,Marketplace,NONE
69156,12708,2024-08-28,Delivered,Website,WELCOME5
69157,13071,2026-06-03,Delivered,Mobile App,NONE
69158,10134,2025-08-18,Delivered,Website,SAVE10
69159,13270,2026-04-24,Delivered,Mobile App,FEST15
69160,11505,2024-05-29,Delivered,Website,NONE
69161,14019,2025-02-14,Shipped,Website,NONE
69162,10887,2026-02-24,Delivered,Website,NONE
69163,11430,2024-06-07,Delivered,Website,FEST15
69164,14861,2024-07-22,Delivered,Website,SAVE10
69165,11236,2026-06-14,Delivered,Mobile App,NONE
69166,10652,2024-04-26,Cancelled,Website,WELCOME5
69167,12753,2025-03-20,Delivered,Website,NONE
69168,13138,2024-03-10,Delivered,Website,NONE
69169,12834,2024-11-25,Delivered,Mobile App,FEST15
69170,12010,2026-03-01,Delivered,Website,NONE
69171,10537,2024-12-18,Delivered,Mobile App,NONE
69172,11437,2025-03-29,Delivered,Marketplace,SAVE10
69173,10283,2026-06-07,Delivered,Marketplace,BIG20
69174,14271,2025-01-21,Delivered,Website,NONE
69175,11299,2025-08-05,Delivered,Marketplace,SAVE10
69176,13321,2025-05-20,Delivered,Marketplace,WELCOME5
69177,11302,2025-11-27,Processing,Website,NONE
69178,13102,2025-07-23,Delivered,Marketplace,FEST15
69179,10457,2026-03-17,Delivered,Marketplace,FEST15
69180,10469,2026-05-04,Shipped,Mobile App,FEST15
69181,11581,2026-08-15,Delivered,Mobile App,FEST15
69182,11295,2024-11-29,Delivered,Marketplace,NONE
69183,11611,2024-06-21,Delivered,Website,NONE
69184,11383,2024-06-30,Delivered,Mobile App,NONE
69185,13471,2026-02-03,Delivered,Marketplace,NONE
69186,12172,2026-04-22,Shipped,Website,NONE
69187,10771,2024-08-22,Shipped,Website,NONE
69188,14608,2025-04-11,Delivered,Website,NONE
69189,13176,2024-01-19,Delivered,Marketplace,NONE
69190,12019,2025-07-16,Delivered,Mobile App,NONE
69191,12548,2025-11-11,Delivered,Mobile App,WELCOME5
69192,11641,2024-06-02,Delivered,Website,FEST15
69193,11965,2026-06-17,Delivered,Mobile App,SAVE10
69194,10355,2026-04-16,Delivered,Website,NONE
69195,14156,2026-07-17,Delivered,Marketplace,NONE
69196,11925,2026-06-29,Delivered,Mobile App,SAVE10
69197,13482,2024-03-21,Delivered,Mobile App,NONE
69198,10262,2025-03-10,Delivered,Marketplace,WELCOME5
69199,10459,2025-02-16,Delivered,Mobile App,WELCOME5
69200,11827,2024-01-20,Delivered,Website,SAVE10
69201,10191,2026-06-26,Delivered,Mobile App,NONE
69202,14839,2024-01-27,Shipped,Marketplace,NONE
69203,10196,2025-11-05,Shipped,Marketplace,NONE
69204,12781,2024-10-20,Processing,Website,NONE
69205,11755,2025-08-02,Delivered,Website,FEST15
69206,11045,2025-04-22,Processing,Mobile App,NONE
69207,10703,2024-08-01,Delivered,Website,FEST15
69208,11497,2025-02-23,Delivered,Website,WELCOME5
69209,10256,2025-11-17,Delivered,Website,WELCOME5
69210,12856,2025-07-05,Processing,Mobile App,WELCOME5
69211,11174,2024-08-06,Processing,Website,NONE
69212,10097,2024-09-06,Delivered,Mobile App,SAVE10
69213,10577,2025-11-06,Delivered,Marketplace,NONE
69214,14498,2024-07-22,Delivered,Website,NONE
69215,11199,2025-07-31,Processing,Mobile App,WELCOME5
69216,12891,2026-08-02,Cancelled,Website,BIG20
69217,12049,2025-07-12,Delivered,Website,NONE
69218,12462,2024-09-29,Delivered,Website,WELCOME5
69219,14271,2025-10-11,Delivered,Mobile App,BIG20
69220,13582,2026-07-07,Delivered,Mobile App,BIG20
69221,12756,2025-09-21,Delivered,Mobile App,NONE
69222,11002,2025-07-08,Delivered,Website,NONE
69223,14250,2025-08-18,Delivered,Website,NONE
69224,10109,2024-03-08,Shipped,Mobile App,NONE
69225,12788,2024-01-23,Processing,Website,NONE
69226,13077,2025-07-31,Delivered,Website,NONE
69227,14730,2025-04-08,Delivered,Marketplace,FEST15
69228,10801,2026-08-13,Delivered,Mobile App,NONE
69229,11445,2025-04-07,Delivered,Mobile App,WELCOME5
69230,10062,2026-03-25,Processing,Website,SAVE10
69231,11236,2025-10-01,Delivered,Website,NONE
69232,14645,2024-10-21,Cancelled,Mobile App,BIG20
69233,10043,2026-04-17,Delivered,Mobile App,NONE
69234,13943,2024-04-02,Delivered,Mobile App,SAVE10
69235,14675,2025-11-06,Delivered,Marketplace,FEST15
69236,10572,2025-03-22,Delivered,Website,NONE
69237,11803,2025-12-02,Delivered,Website,WELCOME5
69238,14482,2024-04-05,Shipped,Website,FEST15
69239,13601,2024-07-15,Delivered,Website,FEST15
69240,10338,2024-10-15,Delivered,Website,WELCOME5
69241,14329,2025-07-02,Delivered,Website,NONE
69242,14015,2026-06-09,Shipped,Website,FEST15
69243,11559,2026-05-30,Delivered,Mobile App,NONE
69244,12073,2025-09-25,Delivered,Marketplace,SAVE10
69245,11525,2024-04-20,Delivered,Mobile App,FEST15
69246,12591,2026-01-29,Delivered,Mobile App,SAVE10
69247,13898,2026-04-03,Delivered,Website,WELCOME5
69248,13342,2025-06-08,Delivered,Website,NONE
69249,14843,2024-03-05,Delivered,Website,NONE
69250,10494,2024-06-12,Shipped,Website,SAVE10
69251,14621,2026-02-21,Delivered,Mobile App,NONE
69252,14539,2024-05-25,Shipped,Mobile App,NONE
69253,11911,2024-11-24,Delivered,Website,NONE
69254,10719,2026-01-12,Delivered,Mobile App,NONE
69255,11129,2024-05-27,Delivered,Website,BIG20
69256,14708,2025-02-20,Delivered,Website,SAVE10
69257,10048,2025-10-25,Delivered,Website,NONE
69258,10458,2025-04-29,Delivered,Mobile App,BIG20
69259,10362,2026-04-30,Delivered,Website,BIG20
69260,10861,2024-06-22,Shipped,Marketplace,FEST15
69261,13947,2025-07-09,Delivered,Website,FEST15
69262,10288,2024-12-16,Delivered,Marketplace,NONE
69263,14824,2025-06-26,Delivered,Website,NONE
69264,11989,2024-05-08,Delivered,Marketplace,NONE
69265,12659,2025-10-28,Delivered,Website,SAVE10
69266,12955,2024-07-17,Delivered,Website,FEST15
69267,14056,2026-02-23,Shipped,Website,NONE
69268,13126,2026-05-12,Delivered,Website,NONE
69269,10305,2024-11-26,Shipped,Mobile App,WELCOME5
69270,14143,2025-11-26,Delivered,Marketplace,NONE
69271,10441,2025-06-14,Delivered,Website,NONE
69272,12642,2026-04-06,Delivered,Website,SAVE10
69273,14333,2026-06-17,Delivered,Website,FEST15
69274,12551,2026-04-27,Delivered,Marketplace,NONE
69275,12097,2024-09-08,Delivered,Website,BIG20
69276,11631,2025-07-25,Shipped,Website,NONE
69277,13927,2024-03-31,Delivered,Website,NONE
69278,13256,2024-10-22,Shipped,Website,NONE
69279,14055,2024-12-17,Delivered,Website,NONE
69280,14543,2025-04-22,Delivered,Mobile App,SAVE10
69281,12961,2026-03-18,Delivered,Website,NONE
69282,11777,2024-01-19,Delivered,Marketplace,NONE
69283,12967,2025-04-23,Delivered,Mobile App,NONE
69284,11782,2026-03-03,Delivered,Website,NONE
69285,11028,2024-08-11,Delivered,Website,NONE
69286,11717,2026-02-17,Delivered,Website,NONE
69287,12396,2024-03-15,Delivered,Mobile App,FEST15
69288,11138,2025-05-08,Delivered,Mobile App,NONE
69289,11577,2026-08-14,Processing,Website,NONE
69290,12834,2025-01-01,Delivered,Website,NONE
69291,10675,2025-09-12,Delivered,Marketplace,NONE
69292,10528,2024-06-16,Delivered,Website,NONE
69293,13872,2025-02-13,Delivered,Website,FEST15
69294,14174,2024-03-14,Shipped,Website,FEST15
69295,11568,2024-04-22,Delivered,Marketplace,NONE
69296,10689,2024-11-11,Delivered,Website,NONE
69297,12307,2026-08-09,Delivered,Mobile App,SAVE10
69298,10870,2026-06-28,Shipped,Mobile App,WELCOME5
69299,14385,2024-02-26,Delivered,Website,NONE
69300,10343,2024-03-07,Delivered,Website,NONE
69301,12518,2025-10-28,Delivered,Website,WELCOME5
69302,11907,2026-07-09,Delivered,Website,FEST15
69303,12333,2025-05-05,Delivered,Mobile App,SAVE10
69304,13789,2025-05-27,Delivered,Mobile App,SAVE10
69305,11310,2025-08-06,Delivered,Mobile App,FEST15
69306,14551,2025-03-03,Delivered,Marketplace,NONE
69307,14891,2025-12-23,Delivered,Marketplace,SAVE10
69308,12172,2024-04-29,Delivered,Marketplace,BIG20
69309,11929,2024-02-27,Delivered,Mobile App,NONE
69310,11176,2024-03-10,Delivered,Website,SAVE10
69311,14069,2024-08-03,Cancelled,Website,FEST15
69312,13629,2025-06-12,Delivered,Website,NONE
69313,12250,2024-09-11,Delivered,Marketplace,WELCOME5
69314,13441,2025-08-03,Delivered,Website,NONE
69315,11840,2024-01-19,Delivered,Website,FEST15
69316,13409,2025-02-25,Delivered,Website,SAVE10
69317,14101,2024-05-22,Delivered,Website,NONE
69318,12218,2024-10-05,Delivered,Marketplace,WELCOME5
69319,13332,2025-09-19,Delivered,Marketplace,NONE
69320,12827,2024-01-13,Delivered,Website,NONE
69321,10363,2026-01-17,Delivered,Mobile App,NONE
69322,10310,2024-09-15,Delivered,Mobile App,WELCOME5
69323,11317,2026-04-15,Delivered,Website,BIG20
69324,11251,2025-11-24,Delivered,Website,BIG20
69325,10950,2026-05-27,Delivered,Website,WELCOME5
69326,14635,2025-08-10,Delivered,Website,NONE
69327,13030,2025-02-01,Delivered,Mobile App,NONE
69328,10209,2024-06-02,Delivered,Website,BIG20
69329,14518,2024-03-11,Delivered,Marketplace,NONE
69330,11508,2026-02-08,Delivered,Mobile App,NONE
69331,14941,2025-09-17,Delivered,Website,NONE
69332,11134,2024-05-24,Delivered,Website,SAVE10
69333,10422,2024-04-02,Delivered,Website,SAVE10
69334,10652,2026-02-10,Delivered,Marketplace,NONE
69335,11931,2024-02-27,Delivered,Website,WELCOME5
69336,14622,2025-05-12,Delivered,Marketplace,SAVE10
69337,12762,2024-11-11,Delivered,Mobile App,WELCOME5
69338,10630,2025-11-26,Delivered,Mobile App,WELCOME5
69339,11590,2024-02-26,Delivered,Mobile App,WELCOME5
69340,12447,2024-03-21,Delivered,Mobile App,SAVE10
69341,12722,2024-05-15,Delivered,Website,NONE
69342,14198,2025-12-19,Delivered,Website,NONE
69343,10229,2025-11-22,Cancelled,Mobile App,NONE
69344,10020,2025-11-30,Delivered,Mobile App,NONE
69345,13603,2025-07-12,Delivered,Website,NONE
69346,10543,2024-06-18,Delivered,Website,NONE
69347,13416,2024-08-08,Delivered,Website,NONE
69348,11710,2024-05-13,Delivered,Website,FEST15
69349,11941,2024-05-01,Cancelled,Website,SAVE10
69350,10738,2025-12-27,Processing,Mobile App,FEST15
69351,13870,2025-03-19,Delivered,Mobile App,NONE
69352,10914,2025-02-07,Delivered,Website,SAVE10
69353,10041,2024-05-22,Delivered,Website,NONE
69354,12956,2025-09-20,Delivered,Website,NONE
69355,10759,2026-03-17,Delivered,Website,NONE
69356,10854,2024-01-09,Delivered,Marketplace,FEST15
69357,11092,2026-06-22,Delivered,Website,NONE
69358,13195,2024-06-27,Processing,Website,SAVE10
69359,13761,2026-06-02,Processing,Mobile App,NONE
69360,14578,2025-12-24,Delivered,Mobile App,NONE
69361,14911,2026-05-13,Delivered,Mobile App,BIG20
69362,11148,2024-07-11,Shipped,Website,WELCOME5
69363,11077,2025-07-01,Cancelled,Mobile App,NONE
69364,11062,2024-03-18,Delivered,Marketplace,BIG20
69365,10936,2025-03-10,Delivered,Website,NONE
69366,10057,2024-06-18,Delivered,Website,NONE
69367,12939,2024-03-09,Delivered,Website,NONE
69368,10074,2026-03-18,Delivered,Website,SAVE10
69369,10193,2026-01-03,Processing,Website,NONE
69370,11984,2024-12-02,Delivered,Website,NONE
69371,14052,2025-02-05,Processing,Mobile App,NONE
69372,12446,2025-05-29,Delivered,Mobile App,BIG20
69373,11988,2025-08-11,Shipped,Marketplace,NONE
69374,10915,2025-07-14,Delivered,Marketplace,NONE
69375,13401,2024-10-23,Delivered,Marketplace,NONE
69376,11615,2024-12-27,Shipped,Mobile App,NONE
69377,14983,2026-08-17,Shipped,Website,NONE
69378,10702,2024-03-31,Delivered,Website,NONE
69379,13928,2025-01-27,Cancelled,Marketplace,NONE
69380,13407,2024-09-06,Shipped,Mobile App,NONE
69381,11829,2024-08-24,Delivered,Mobile App,NONE
69382,11965,2024-06-02,Delivered,Website,NONE
69383,14810,2024-04-05,Delivered,Marketplace,NONE
69384,13672,2026-06-01,Delivered,Mobile App,SAVE10
69385,10216,2026-04-24,Delivered,Mobile App,FEST15
69386,12752,2025-12-18,Delivered,Mobile App,NONE
69387,13701,2026-06-18,Shipped,Website,SAVE10
69388,11887,2026-03-09,Shipped,Website,NONE
69389,13453,2024-05-04,Delivered,Marketplace,NONE
69390,13132,2026-02-26,Shipped,Website,SAVE10
69391,11641,2026-02-22,Delivered,Website,FEST15
69392,10036,2024-01-03,Delivered,Marketplace,SAVE10
69393,10176,2026-05-02,Delivered,Website,NONE
69394,13452,2025-12-27,Delivered,Marketplace,NONE
69395,13877,2026-08-22,Delivered,Marketplace,NONE
69396,11856,2025-04-12,Delivered,Website,FEST15
69397,12380,2025-12-20,Delivered,Website,FEST15
69398,12568,2026-01-21,Delivered,Website,FEST15
69399,14416,2025-10-08,Delivered,Website,WELCOME5
69400,12618,2026-07-20,Delivered,Website,WELCOME5
69401,12855,2024-05-18,Delivered,Marketplace,WELCOME5
69402,12793,2024-12-12,Delivered,Marketplace,FEST15
69403,10651,2024-04-02,Delivered,Website,NONE
69404,13512,2025-08-09,Processing,Website,SAVE10
69405,14540,2024-01-24,Delivered,Website,WELCOME5
69406,10554,2024-10-22,Delivered,Mobile App,NONE
69407,10357,2025-12-18,Processing,Website,NONE
69408,12445,2026-05-16,Cancelled,Website,SAVE10
69409,13825,2024-08-03,Delivered,Website,NONE
69410,10416,2024-09-03,Shipped,Mobile App,NONE
69411,13718,2024-01-26,Delivered,Mobile App,NONE
69412,11171,2024-12-06,Shipped,Marketplace,NONE
69413,10918,2025-11-12,Cancelled,Website,SAVE10
69414,10947,2026-05-11,Delivered,Website,FEST15
69415,12631,2025-02-12,Delivered,Website,NONE
69416,12994,2024-04-07,Delivered,Website,NONE
69417,12309,2024-11-07,Delivered,Mobile App,NONE
69418,13031,2025-04-24,Delivered,Website,NONE
69419,14026,2025-08-10,Delivered,Mobile App,NONE
69420,14155,2025-07-17,Delivered,Website,NONE
69421,13646,2026-02-15,Shipped,Website,FEST15
69422,12610,2025-07-15,Processing,Website,NONE
69423,11095,2025-01-26,Delivered,Marketplace,SAVE10
69424,13724,2024-04-26,Delivered,Website,SAVE10
69425,13366,2026-06-27,Delivered,Mobile App,NONE
69426,14446,2024-02-08,Delivered,Marketplace,NONE
69427,13562,2024-11-15,Delivered,Website,NONE
69428,10668,2025-02-08,Shipped,Website,SAVE10
69429,12849,2026-05-13,Delivered,Mobile App,NONE
69430,13605,2025-03-16,Shipped,Website,SAVE10
69431,14987,2025-02-04,Delivered,Website,SAVE10
69432,11640,2026-07-03,Delivered,Website,SAVE10
69433,14301,2024-12-19,Cancelled,Website,SAVE10
69434,11391,2026-01-02,Delivered,Website,NONE
69435,11885,2024-02-01,Processing,Mobile App,NONE
69436,14815,2025-08-03,Shipped,Website,SAVE10
69437,10822,2025-12-07,Delivered,Mobile App,BIG20
69438,11033,2024-07-22,Delivered,Website,SAVE10
69439,14177,2026-01-06,Delivered,Mobile App,WELCOME5
69440,14573,2026-05-24,Processing,Website,NONE
69441,10524,2024-02-21,Delivered,Mobile App,NONE
69442,14119,2024-07-06,Delivered,Mobile App,SAVE10
69443,12946,2024-05-19,Delivered,Website,NONE
69444,14394,2026-07-07,Delivered,Marketplace,SAVE10
69445,12485,2024-10-09,Delivered,Mobile App,NONE
69446,12930,2026-07-06,Delivered,Mobile App,NONE
69447,11161,2025-01-03,Delivered,Mobile App,WELCOME5
69448,12924,2026-08-06,Shipped,Website,NONE
69449,12093,2025-06-29,Delivered,Website,BIG20
69450,12013,2024-10-01,Delivered,Website,SAVE10
69451,11400,2025-05-08,Delivered,Mobile App,FEST15
69452,12005,2024-05-13,Delivered,Marketplace,NONE
69453,10841,2024-07-12,Delivered,Website,NONE
69454,14254,2025-09-01,Delivered,Website,NONE
69455,12025,2025-12-31,Delivered,Mobile App,FEST15
69456,11939,2025-02-14,Delivered,Website,NONE
69457,14898,2026-04-09,Shipped,Marketplace,NONE
69458,12434,2025-01-11,Delivered,Website,NONE
69459,13513,2024-12-28,Processing,Mobile App,FEST15
69460,14982,2025-06-23,Delivered,Website,NONE
69461,14312,2025-01-17,Delivered,Website,NONE
69462,11772,2025-10-30,Delivered,Mobile App,NONE
69463,12663,2026-05-24,Processing,Website,NONE
69464,14113,2024-11-18,Delivered,Mobile App,NONE
69465,12502,2025-04-18,Shipped,Marketplace,FEST15
69466,11386,2024-11-21,Cancelled,Mobile App,NONE
69467,12644,2025-07-27,Shipped,Website,NONE
69468,10126,2025-08-15,Delivered,Website,WELCOME5
69469,14405,2025-03-13,Delivered,Mobile App,NONE
69470,12968,2024-03-10,Delivered,Website,NONE
69471,11280,2026-06-17,Delivered,Mobile App,NONE
69472,12397,2025-11-09,Delivered,Marketplace,SAVE10
69473,10158,2025-11-30,Delivered,Mobile App,NONE
69474,13934,2026-02-14,Delivered,Website,NONE
69475,12655,2024-01-26,Shipped,Mobile App,NONE
69476,10021,2026-05-03,Delivered,Website,NONE
69477,12299,2024-03-24,Delivered,Website,NONE
69478,10353,2026-01-01,Delivered,Website,SAVE10
69479,11936,2026-07-14,Processing,Website,WELCOME5
69480,14299,2025-05-06,Shipped,Mobile App,NONE
69481,13270,2025-11-24,Cancelled,Marketplace,NONE
69482,12405,2026-04-27,Shipped,Website,NONE
69483,12559,2025-07-03,Cancelled,Mobile App,NONE
69484,12532,2025-04-21,Processing,Website,NONE
69485,10487,2026-02-22,Delivered,Website,NONE
69486,11126,2026-02-02,Delivered,Mobile App,FEST15
69487,14083,2024-03-21,Delivered,Website,NONE
69488,14630,2024-03-02,Processing,Website,NONE
69489,10729,2025-11-22,Delivered,Website,NONE
69490,14573,2025-11-18,Processing,Website,BIG20
69491,10152,2026-02-27,Delivered,Website,BIG20
69492,12584,2024-03-22,Delivered,Mobile App,BIG20
69493,14138,2024-05-31,Delivered,Mobile App,NONE
69494,11090,2024-01-27,Processing,Mobile App,NONE
69495,14745,2024-10-01,Shipped,Mobile App,NONE
69496,14914,2025-05-02,Shipped,Mobile App,WELCOME5
69497,12123,2024-12-16,Delivered,Website,NONE
69498,14463,2024-04-25,Delivered,Website,FEST15
69499,10397,2025-06-20,Cancelled,Marketplace,NONE
69500,12608,2024-11-11,Delivered,Mobile App,NONE
69501,11463,2024-10-05,Delivered,Website,SAVE10
69502,13132,2026-01-21,Shipped,Mobile App,SAVE10
69503,11254,2024-11-04,Delivered,Mobile App,NONE
69504,12199,2025-06-17,Delivered,Website,NONE
69505,13659,2024-03-05,Delivered,Mobile App,NONE
69506,11031,2025-12-12,Delivered,Website,BIG20
69507,14211,2025-06-10,Processing,Marketplace,SAVE10
69508,13408,2026-01-30,Cancelled,Website,NONE
69509,11254,2024-10-19,Delivered,Mobile App,NONE
69510,13346,2025-04-10,Delivered,Website,WELCOME5
69511,11590,2025-02-19,Delivered,Marketplace,NONE
69512,12737,2026-08-14,Delivered,Mobile App,BIG20
69513,13052,2024-04-08,Shipped,Website,NONE
69514,14073,2024-07-15,Delivered,Website,NONE
69515,11743,2026-07-29,Delivered,Website,SAVE10
69516,12260,2024-03-23,Delivered,Website,SAVE10
69517,12213,2024-09-26,Delivered,Website,NONE
69518,14305,2024-11-04,Delivered,Mobile App,NONE
69519,14209,2026-02-02,Delivered,Mobile App,FEST15
69520,11086,2026-01-09,Processing,Website,SAVE10
69521,10527,2026-04-22,Shipped,Website,BIG20
69522,14810,2024-04-03,Delivered,Marketplace,FEST15
69523,10836,2024-07-27,Delivered,Website,BIG20
69524,11026,2025-03-28,Delivered,Website,SAVE10
69525,10594,2025-12-09,Delivered,Website,NONE
69526,10801,2025-07-08,Delivered,Website,SAVE10
69527,10317,2025-05-21,Delivered,Website,NONE
69528,13017,2026-02-22,Processing,Mobile App,FEST15
69529,12550,2024-07-11,Delivered,Website,NONE
69530,10466,2026-03-31,Delivered,Website,NONE
69531,13261,2025-09-30,Delivered,Mobile App,NONE
69532,10840,2024-08-19,Delivered,Mobile App,NONE
69533,12691,2025-02-28,Delivered,Mobile App,NONE
69534,13646,2024-09-22,Delivered,Website,NONE
69535,12130,2024-10-26,Delivered,Website,NONE
69536,11541,2025-10-25,Delivered,Mobile App,WELCOME5
69537,14482,2024-10-22,Cancelled,Marketplace,FEST15
69538,14001,2026-04-13,Shipped,Website,BIG20
69539,14222,2024-04-04,Delivered,Marketplace,NONE
69540,10778,2024-06-12,Processing,Mobile App,NONE
69541,11366,2026-06-04,Delivered,Marketplace,SAVE10
69542,11927,2025-12-01,Shipped,Website,NONE
69543,10842,2025-03-02,Delivered,Website,NONE
69544,11932,2024-08-18,Delivered,Website,BIG20
69545,11239,2024-09-04,Delivered,Website,FEST15
69546,12402,2024-06-24,Delivered,Website,WELCOME5
69547,13537,2026-05-20,Delivered,Website,NONE
69548,12052,2024-11-23,Processing,Mobile App,NONE
69549,13611,2026-06-27,Delivered,Mobile App,FEST15
69550,11934,2026-02-09,Processing,Marketplace,FEST15
69551,12472,2024-12-13,Shipped,Marketplace,NONE
69552,11643,2025-12-21,Delivered,Website,NONE
69553,10424,2025-04-07,Shipped,Marketplace,NONE
69554,10076,2025-04-09,Delivered,Website,SAVE10
69555,10917,2026-01-16,Delivered,Mobile App,WELCOME5
69556,13083,2025-11-23,Delivered,Mobile App,SAVE10
69557,10499,2024-07-31,Delivered,Website,NONE
69558,12368,2025-01-28,Delivered,Mobile App,FEST15
69559,10664,2026-06-25,Delivered,Website,FEST15
69560,11867,2024-07-23,Processing,Mobile App,NONE
69561,11353,2025-11-22,Shipped,Mobile App,FEST15
69562,11058,2026-03-28,Delivered,Website,WELCOME5
69563,12577,2025-08-05,Delivered,Website,NONE
69564,14457,2024-02-22,Processing,Mobile App,SAVE10
69565,13265,2026-04-05,Delivered,Website,NONE
69566,11190,2026-05-23,Cancelled,Website,NONE
69567,14246,2025-09-16,Delivered,Website,SAVE10
69568,14605,2026-02-04,Delivered,Mobile App,NONE
69569,13784,2024-02-13,Delivered,Website,NONE
69570,11087,2025-12-02,Delivered,Mobile App,NONE
69571,10838,2026-02-19,Shipped,Mobile App,WELCOME5
69572,14858,2025-07-06,Delivered,Mobile App,NONE
69573,14445,2025-05-23,Processing,Marketplace,NONE
69574,12100,2026-02-24,Delivered,Mobile App,WELCOME5
69575,12286,2025-10-03,Shipped,Website,WELCOME5
69576,12664,2024-01-28,Shipped,Marketplace,SAVE10
69577,14444,2024-06-27,Delivered,Website,NONE
69578,11495,2025-07-27,Shipped,Website,NONE
69579,13392,2025-08-10,Shipped,Website,NONE
69580,14696,2024-09-10,Cancelled,Mobile App,NONE
69581,11497,2024-05-14,Delivered,Website,BIG20
69582,11413,2025-09-12,Shipped,Website,NONE
69583,10673,2024-10-27,Delivered,Mobile App,NONE
69584,13652,2025-10-16,Delivered,Website,NONE
69585,11361,2025-10-02,Processing,Website,NONE
69586,10103,2024-07-27,Delivered,Mobile App,NONE
69587,12514,2026-01-14,Delivered,Website,SAVE10
69588,12794,2024-05-30,Delivered,Marketplace,FEST15
69589,10088,2025-01-22,Delivered,Mobile App,NONE
69590,13708,2025-07-23,Delivered,Website,FEST15
69591,12794,2026-05-09,Delivered,Website,SAVE10
69592,12355,2026-07-01,Delivered,Website,BIG20
69593,11719,2025-11-03,Delivered,Mobile App,NONE
69594,13217,2025-10-05,Delivered,Marketplace,WELCOME5
69595,13755,2025-04-30,Delivered,Mobile App,NONE
69596,13841,2025-04-14,Delivered,Mobile App,SAVE10
69597,11941,2025-06-24,Delivered,Website,NONE
69598,12502,2026-06-26,Delivered,Website,NONE
69599,11270,2025-09-23,Delivered,Mobile App,FEST15
69600,11091,2026-03-05,Delivered,Website,SAVE10
69601,14313,2025-06-19,Delivered,Marketplace,NONE
69602,11984,2025-12-11,Delivered,Website,WELCOME5
69603,11368,2026-04-04,Delivered,Mobile App,SAVE10
69604,13654,2025-02-28,Delivered,Mobile App,NONE
69605,13484,2025-09-17,Delivered,Mobile App,SAVE10
69606,11356,2025-04-21,Shipped,Website,FEST15
69607,10874,2025-05-10,Delivered,Website,NONE
69608,13161,2024-09-13,Delivered,Website,NONE
69609,14591,2026-03-22,Processing,Mobile App,NONE
69610,10742,2026-03-03,Cancelled,Website,SAVE10
69611,11198,2026-06-12,Delivered,Marketplace,WELCOME5
69612,14652,2024-10-03,Delivered,Mobile App,NONE
69613,13664,2026-08-26,Cancelled,Website,NONE
69614,13015,2025-11-13,Delivered,Mobile App,NONE
69615,11680,2024-11-26,Delivered,Marketplace,NONE
69616,12342,2026-04-28,Delivered,Website,FEST15
69617,10946,2025-06-25,Delivered,Marketplace,BIG20
69618,14058,2025-06-19,Processing,Mobile App,SAVE10
69619,12508,2026-01-04,Delivered,Mobile App,NONE
69620,13986,2024-05-31,Processing,Mobile App,WELCOME5
69621,14389,2025-03-27,Delivered,Website,WELCOME5
69622,10487,2024-01-25,Delivered,Mobile App,NONE
69623,14313,2025-02-17,Processing,Mobile App,NONE
69624,11536,2025-10-15,Delivered,Mobile App,NONE
69625,11639,2026-08-16,Shipped,Mobile App,FEST15
69626,12293,2024-08-05,Delivered,Mobile App,FEST15
69627,11487,2026-04-29,Delivered,Website,NONE
69628,11703,2024-02-07,Delivered,Website,NONE
69629,13468,2024-01-13,Delivered,Marketplace,FEST15
69630,11587,2024-11-28,Processing,Mobile App,SAVE10
69631,13040,2024-10-07,Delivered,Mobile App,NONE
69632,11761,2025-07-18,Delivered,Website,BIG20
69633,11627,2024-07-06,Delivered,Website,NONE
69634,10711,2025-06-18,Delivered,Website,NONE
69635,14319,2026-08-15,Delivered,Marketplace,NONE
69636,10598,2024-06-11,Delivered,Website,BIG20
69637,12769,2025-02-22,Delivered,Marketplace,WELCOME5
69638,11302,2025-08-08,Delivered,Mobile App,SAVE10
69639,14941,2025-02-20,Delivered,Marketplace,NONE
69640,10351,2025-02-02,Processing,Website,NONE
69641,12129,2024-02-06,Delivered,Marketplace,WELCOME5
69642,12552,2025-04-08,Delivered,Website,NONE
69643,14934,2026-06-18,Delivered,Website,NONE
69644,10766,2026-04-28,Delivered,Mobile App,NONE
69645,14165,2026-02-13,Delivered,Marketplace,SAVE10
69646,10338,2024-03-17,Cancelled,Mobile App,SAVE10
69647,11451,2024-05-01,Cancelled,Mobile App,SAVE10
69648,14186,2025-05-27,Delivered,Marketplace,NONE
69649,11885,2024-10-15,Delivered,Marketplace,NONE
69650,12938,2024-06-17,Delivered,Mobile App,NONE
69651,11958,2024-06-28,Delivered,Mobile App,NONE
69652,14492,2024-06-26,Delivered,Website,NONE
69653,10461,2024-03-30,Shipped,Website,NONE
69654,14917,2025-08-15,Delivered,Mobile App,NONE
69655,11171,2025-02-05,Delivered,Website,NONE
69656,12968,2025-10-11,Shipped,Mobile App,WELCOME5
69657,11308,2024-07-27,Delivered,Marketplace,SAVE10
69658,13980,2025-08-11,Cancelled,Website,NONE
69659,13522,2024-06-27,Shipped,Mobile App,SAVE10
69660,10798,2026-06-14,Delivered,Mobile App,FEST15
69661,11233,2024-06-15,Delivered,Mobile App,WELCOME5
69662,13492,2026-02-09,Delivered,Mobile App,FEST15
69663,12513,2025-10-27,Delivered,Mobile App,NONE
69664,12748,2024-07-11,Shipped,Mobile App,NONE
69665,11833,2024-03-28,Shipped,Mobile App,BIG20
69666,13382,2025-09-08,Processing,Marketplace,NONE
69667,14646,2024-02-11,Delivered,Website,BIG20
69668,10524,2025-08-24,Delivered,Website,WELCOME5
69669,13468,2025-10-20,Delivered,Mobile App,NONE
69670,14680,2025-09-19,Delivered,Website,NONE
69671,11109,2026-08-04,Delivered,Website,NONE
69672,12088,2025-02-20,Delivered,Website,WELCOME5
69673,12834,2025-05-01,Delivered,Mobile App,NONE
69674,13879,2026-07-08,Delivered,Website,NONE
69675,13437,2026-04-14,Delivered,Website,NONE
69676,14954,2025-03-25,Delivered,Mobile App,SAVE10
69677,12786,2025-02-13,Delivered,Website,NONE
69678,14367,2026-02-04,Delivered,Website,NONE
69679,12600,2025-07-02,Delivered,Marketplace,NONE
69680,11559,2025-04-11,Delivered,Website,NONE
69681,13372,2026-03-02,Shipped,Marketplace,WELCOME5
69682,12010,2026-02-02,Delivered,Marketplace,NONE
69683,13289,2025-02-05,Delivered,Website,NONE
69684,13244,2025-01-18,Delivered,Mobile App,WELCOME5
69685,10369,2025-10-10,Cancelled,Website,NONE
69686,12691,2024-01-01,Delivered,Website,NONE
69687,10068,2026-01-28,Delivered,Mobile App,NONE
69688,12052,2025-04-29,Shipped,Mobile App,FEST15
69689,13286,2026-04-27,Delivered,Marketplace,NONE
69690,13267,2025-06-15,Cancelled,Mobile App,NONE
69691,10517,2025-01-10,Delivered,Mobile App,FEST15
69692,14548,2024-04-22,Cancelled,Mobile App,SAVE10
69693,13690,2024-01-02,Delivered,Website,WELCOME5
69694,11548,2025-10-07,Delivered,Website,NONE
69695,12249,2024-07-11,Shipped,Mobile App,NONE
69696,10642,2026-04-08,Delivered,Mobile App,NONE
69697,11814,2025-04-24,Delivered,Mobile App,NONE
69698,13379,2026-04-22,Delivered,Marketplace,NONE
69699,14412,2025-03-27,Delivered,Mobile App,FEST15
69700,12948,2024-12-31,Delivered,Website,NONE
69701,11414,2024-05-16,Processing,Website,NONE
69702,14528,2025-02-01,Delivered,Mobile App,NONE
69703,12722,2026-03-07,Delivered,Mobile App,FEST15
69704,13714,2026-04-12,Delivered,Website,NONE
69705,13544,2025-04-08,Shipped,Website,SAVE10
69706,11986,2026-08-26,Delivered,Marketplace,NONE
69707,10103,2024-02-04,Delivered,Website,NONE
69708,13167,2024-02-21,Delivered,Website,BIG20
69709,14460,2024-02-29,Cancelled,Mobile App,WELCOME5
69710,14312,2024-02-29,Delivered,Marketplace,NONE
69711,14300,2024-01-05,Delivered,Website,NONE
69712,11738,2024-02-22,Delivered,Mobile App,NONE
69713,14528,2026-02-12,Delivered,Website,NONE
69714,10070,2025-03-24,Processing,Website,NONE
69715,11583,2026-01-27,Delivered,Website,NONE
69716,13132,2026-01-31,Delivered,Marketplace,NONE
69717,11557,2025-11-01,Shipped,Website,SAVE10
69718,10130,2024-03-31,Delivered,Website,NONE
69719,10872,2024-04-28,Delivered,Mobile App,NONE
69720,14688,2025-10-30,Delivered,Marketplace,SAVE10
69721,12141,2026-07-14,Shipped,Website,FEST15
69722,10841,2024-06-15,Cancelled,Marketplace,NONE
69723,13097,2025-09-07,Delivered,Marketplace,WELCOME5
69724,11872,2024-02-01,Shipped,Website,NONE
69725,11967,2024-07-11,Processing,Website,NONE
69726,14732,2025-07-31,Delivered,Website,NONE
69727,12714,2025-09-26,Shipped,Mobile App,FEST15
69728,10400,2025-07-30,Delivered,Website,WELCOME5
69729,14711,2025-03-14,Delivered,Mobile App,SAVE10
69730,10022,2024-10-01,Delivered,Marketplace,NONE
69731,13434,2026-02-14,Delivered,Website,SAVE10
69732,10519,2024-11-08,Delivered,Website,FEST15
69733,11360,2025-11-21,Delivered,Website,NONE
69734,14931,2024-12-09,Delivered,Mobile App,WELCOME5
69735,10844,2025-05-16,Delivered,Mobile App,NONE
69736,14859,2026-06-20,Delivered,Website,NONE
69737,11464,2025-01-20,Delivered,Mobile App,WELCOME5
69738,11923,2026-04-20,Delivered,Website,FEST15
69739,14687,2024-02-28,Delivered,Website,NONE
69740,13715,2025-05-26,Cancelled,Mobile App,NONE
69741,11472,2025-05-11,Delivered,Mobile App,WELCOME5
69742,13680,2026-07-23,Processing,Website,NONE
69743,12386,2024-09-13,Cancelled,Mobile App,NONE
69744,10500,2025-07-18,Delivered,Website,SAVE10
69745,11261,2025-07-23,Delivered,Website,NONE
69746,11176,2024-04-08,Delivered,Website,NONE
69747,12370,2026-08-23,Delivered,Website,NONE
69748,14445,2025-04-17,Delivered,Mobile App,WELCOME5
69749,12846,2025-02-27,Delivered,Website,SAVE10
69750,10829,2026-05-17,Delivered,Website,NONE
69751,13037,2024-03-06,Delivered,Marketplace,NONE
69752,12605,2025-10-04,Delivered,Website,NONE
69753,11938,2024-01-19,Delivered,Website,NONE
69754,11221,2026-07-13,Delivered,Mobile App,NONE
69755,13564,2026-02-25,Delivered,Website,NONE
69756,12789,2025-05-29,Delivered,Mobile App,SAVE10
69757,12148,2025-01-15,Delivered,Mobile App,NONE
69758,10983,2026-06-03,Delivered,Mobile App,WELCOME5
69759,10604,2024-08-25,Delivered,Website,NONE
69760,11079,2026-01-13,Delivered,Mobile App,NONE
69761,13101,2025-02-05,Cancelled,Mobile App,SAVE10
69762,10234,2026-03-09,Delivered,Website,NONE
69763,10359,2025-12-26,Delivered,Website,NONE
69764,14951,2026-08-19,Delivered,Website,WELCOME5
69765,11341,2025-08-09,Shipped,Mobile App,SAVE10
69766,10566,2024-10-20,Delivered,Website,FEST15
69767,14824,2026-05-10,Shipped,Mobile App,FEST15
69768,12079,2025-09-01,Delivered,Website,NONE
69769,10006,2025-11-13,Shipped,Marketplace,BIG20
69770,12088,2024-09-05,Cancelled,Mobile App,NONE
69771,10103,2025-05-29,Delivered,Website,NONE
69772,11519,2026-04-08,Delivered,Website,NONE
69773,14727,2024-12-22,Shipped,Marketplace,NONE
69774,13970,2025-07-22,Delivered,Website,FEST15
69775,12091,2024-07-19,Delivered,Website,NONE
69776,11689,2024-06-19,Delivered,Mobile App,NONE
69777,12919,2026-01-17,Cancelled,Marketplace,NONE
69778,13128,2025-02-12,Processing,Website,FEST15
69779,13795,2024-07-18,Delivered,Website,WELCOME5
69780,12716,2024-06-25,Delivered,Mobile App,NONE
69781,10387,2024-05-01,Delivered,Website,NONE
69782,14321,2025-03-20,Delivered,Marketplace,NONE
69783,11679,2024-10-28,Delivered,Marketplace,SAVE10
69784,14098,2024-03-16,Delivered,Marketplace,NONE
69785,14055,2025-04-11,Delivered,Website,FEST15
69786,11090,2026-07-25,Delivered,Marketplace,WELCOME5
69787,12574,2026-08-07,Delivered,Mobile App,NONE
69788,13751,2025-08-01,Delivered,Website,NONE
69789,11789,2025-07-14,Delivered,Mobile App,NONE
69790,13963,2026-08-18,Delivered,Marketplace,NONE
69791,12619,2026-01-04,Delivered,Website,FEST15
69792,14596,2024-06-17,Delivered,Mobile App,NONE
69793,14484,2025-05-25,Delivered,Website,SAVE10
69794,14817,2025-01-07,Delivered,Mobile App,NONE
69795,11102,2024-05-20,Delivered,Mobile App,WELCOME5
69796,13685,2026-06-22,Delivered,Website,SAVE10
69797,13759,2025-07-25,Delivered,Website,NONE
69798,12250,2025-11-02,Delivered,Mobile App,WELCOME5
69799,10842,2026-02-07,Cancelled,Website,SAVE10
69800,11465,2024-03-08,Delivered,Website,NONE
69801,12575,2024-11-02,Delivered,Marketplace,NONE
69802,14324,2026-05-06,Delivered,Mobile App,SAVE10
69803,14580,2024-07-16,Processing,Mobile App,SAVE10
69804,14578,2024-07-02,Delivered,Website,NONE
69805,14732,2025-08-20,Delivered,Website,NONE
69806,10488,2024-09-10,Delivered,Website,SAVE10
69807,14978,2026-03-17,Delivered,Marketplace,NONE
69808,12772,2025-12-10,Delivered,Mobile App,NONE
69809,10498,2026-01-16,Delivered,Website,BIG20
69810,10646,2025-11-20,Delivered,Marketplace,WELCOME5
69811,11276,2024-05-24,Shipped,Mobile App,NONE
69812,11258,2025-10-02,Delivered,Website,NONE
69813,10556,2024-06-15,Delivered,Website,WELCOME5
69814,11916,2024-01-06,Delivered,Website,SAVE10
69815,12733,2026-08-05,Delivered,Mobile App,NONE
69816,11556,2024-08-29,Delivered,Website,NONE
69817,13340,2025-11-07,Delivered,Website,NONE
69818,13580,2024-11-30,Delivered,Marketplace,WELCOME5
69819,12000,2025-11-10,Delivered,Mobile App,NONE
69820,10395,2025-01-23,Delivered,Marketplace,NONE
69821,11559,2025-03-02,Delivered,Website,NONE
69822,13069,2024-03-12,Delivered,Marketplace,WELCOME5
69823,11961,2025-03-26,Processing,Mobile App,NONE
69824,12908,2025-10-17,Delivered,Website,NONE
69825,14214,2025-11-23,Delivered, marketplace,WELCOME5
69826,13936,2026-05-14,Delivered,Website,NONE
69827,13118,2025-07-25,Delivered,Marketplace,NONE
69828,10484,2026-08-17,Delivered,Mobile App,SAVE10
69829,13734,2025-08-31,Delivered,Mobile App,NONE
69830,11664,2026-02-13,Delivered,Marketplace,SAVE10
69831,12077,2024-05-24,Processing,Website,WELCOME5
69832,13486,2024-07-15,Delivered,Mobile App,WELCOME5
69833,14162,2025-07-24,Delivered,Mobile App,WELCOME5
69834,13559,2025-05-10,Processing,Website,WELCOME5
69835,11507,2025-04-23,Shipped,Website,WELCOME5
69836,12249,2026-06-07,Delivered,Website,NONE
69837,11812,2025-04-07,Delivered,Website,SAVE10
69838,12309,2024-03-05,Delivered,Mobile App,NONE
69839,13783,2025-05-22,Delivered,Marketplace,NONE
69840,14825,2024-08-09,Delivered,Mobile App,NONE
69841,11955,2024-02-03,Shipped,Mobile App,SAVE10
69842,11632,2024-09-13,Delivered,Website,NONE
69843,14417,2024-01-01,Delivered,Website,NONE
69844,10751,2025-08-14,Delivered,Mobile App,NONE
69845,11955,2025-03-26,Delivered,Marketplace,FEST15
69846,14765,2026-07-11,Delivered,Website,SAVE10
69847,14410,2024-03-01,Delivered,Website,NONE
69848,14049,2025-04-13,Delivered,Mobile App,WELCOME5
69849,14444,2026-06-06,Shipped,Mobile App,NONE
69850,11186,2025-06-30,Delivered,Website,NONE
69851,10291,2024-12-15,Delivered,Website,
69852,14287,2025-09-12,Delivered,Website,SAVE10
69853,12460,2024-09-20,Delivered,Website,WELCOME5
69854,11262,2026-04-05,Delivered,Website,NONE
69855,12388,2025-10-06,Delivered,Mobile App,SAVE10
69856,14138,2024-10-04,Delivered,Marketplace,FEST15
69857,12460,2024-03-14,Delivered,Mobile App,SAVE10
69858,13143,2025-08-30,Delivered,Website,WELCOME5
69859,12567,2026-05-20,Delivered,Website,NONE
69860,12413,2026-06-16,Delivered,Marketplace,NONE
69861,14764,2025-10-06,Shipped,Website,NONE
69862,14641,2026-06-29,Shipped,Marketplace,SAVE10
69863,12121,2026-03-02,Delivered,Website,NONE
69864,14047,2025-01-06,Delivered,Website,SAVE10
69865,13614,2026-04-01,Shipped,Website,FEST15
69866,10650,2024-04-18,Delivered,Mobile App,NONE
69867,14235,2026-05-12,Delivered,Website,NONE
69868,13528,2026-06-15,Delivered,Marketplace,FEST15
69869,14282,2025-06-30,Delivered,Website,NONE
69870,13948,2026-06-12,Delivered,Website,NONE
69871,14674,2024-05-09,Cancelled,Website,FEST15
69872,12706,2024-04-04,Delivered,Mobile App,WELCOME5
69873,10306,2024-11-28,Delivered,Marketplace,SAVE10
69874,11381,2024-03-19,Cancelled,Marketplace,NONE
69875,10731,2024-08-19,Delivered,Website,NONE
69876,11173,2024-06-28,Shipped,Mobile App,BIG20
69877,12863,2025-03-18,Processing,Marketplace,FEST15
69878,14871,2025-09-19,Delivered,Mobile App,FEST15
69879,13814,2024-07-12,Cancelled,Website,SAVE10
69880,12184,2024-10-20,Delivered,Marketplace,NONE
69881,12452,2025-12-16,Delivered,Website,NONE
69882,12595,2024-08-20,Delivered,Website,NONE
69883,12054,2024-11-19,Delivered,Website,NONE
69884,12991,2026-02-14,Shipped,Marketplace,WELCOME5
69885,14709,2025-01-18,Delivered,Marketplace,NONE
69886,10504,2024-08-24,Delivered,Marketplace,NONE
69887,11781,2026-02-17,Delivered,Website,SAVE10
69888,10407,2026-07-20,Delivered,Website,NONE
69889,14255,2026-05-25,Delivered,Website,WELCOME5
69890,10991,2025-03-01,Delivered,Website,NONE
69891,13267,2024-01-22,Delivered,Website,FEST15
69892,10327,2025-02-13,Delivered,Mobile App,NONE
69893,12385,2026-01-12,Delivered,Marketplace,NONE
69894,14493,2026-07-04,Delivered,Website,NONE
69895,14763,2024-03-07,Delivered,Website,NONE
69896,10741,2024-04-26,Processing,Website,NONE
69897,13308,2024-10-05,Delivered,Mobile App,SAVE10
69898,11133,2024-04-21,Delivered,Mobile App,NONE
69899,13648,2024-06-20,Delivered,Website,BIG20
69900,12687,2025-02-24,Delivered,Mobile App,NONE
69901,13992,2024-09-01,Delivered,Website,BIG20
69902,14482,2025-07-23,Processing,Mobile App,WELCOME5
69903,11770,2026-07-08,Delivered,Mobile App,NONE
69904,10246,2025-05-07,Delivered,Marketplace,SAVE10
69905,11587,2025-05-07,Delivered,Website,NONE
69906,11080,2026-07-15,Delivered,Website,NONE
69907,10623,2025-08-10,Delivered,Website,BIG20
69908,13587,2026-08-21,Delivered,Mobile App,WELCOME5
69909,14514,2026-06-15,Delivered,Website,NONE
69910,12596,2024-02-09,Delivered,Mobile App,NONE
69911,12664,2026-06-29,Delivered,Website,SAVE10
69912,12973,2024-06-09,Shipped,Website,NONE
69913,14492,2024-09-17,Delivered,Marketplace,SAVE10
69914,10085,2025-06-21,Processing,Website,NONE
69915,12634,2026-01-18,Delivered,Website,NONE
69916,14335,2026-07-10,Delivered,Website,NONE
69917,10811,2025-03-23,Delivered,Mobile App,NONE
69918,12894,2024-09-28,Shipped,Mobile App,NONE
69919,10038,2025-01-08,Delivered,Website,SAVE10
69920,14172,2024-12-22,Delivered,Website,NONE
69921,13275,2024-10-11,Delivered,Website,WELCOME5
69922,14819,2024-08-12,Shipped,Mobile App,NONE
69923,11500,2025-11-18,Shipped,Website,NONE
69924,13661,2026-07-27,Cancelled,Mobile App,WELCOME5
69925,13847,2025-08-01,Delivered,Website,NONE
69926,10156,2024-05-29,Delivered,Website,FEST15
69927,13797,2025-10-10,Delivered,Mobile App,NONE
69928,13558,2025-07-01,Delivered,Mobile App,NONE
69929,13071,2025-01-23,Delivered,Website,WELCOME5
69930,12818,2024-01-23,Delivered,Website,NONE
69931,14002,2026-01-22,Delivered,Mobile App,NONE
69932,10518,2025-08-06,Delivered,Website,NONE
69933,11964,2024-08-15,Delivered,Website,NONE
69934,11353,2025-01-15,Processing,Mobile App,SAVE10
69935,14227,2025-05-26,Shipped,Website,NONE
69936,10845,2025-07-02,Delivered,Mobile App,WELCOME5
69937,10304,2025-09-28,Shipped,Website,WELCOME5
69938,14625,2024-03-18,Processing,Mobile App,WELCOME5
69939,11982,2025-06-02,Shipped,Website,FEST15
69940,13977,2024-03-29,Delivered,Mobile App,FEST15
69941,11167,2024-06-08,Delivered,Mobile App,NONE
69942,13505,2024-03-30,Shipped,Website,WELCOME5
69943,14628,2025-08-25,Delivered,Mobile App,NONE
69944,13817,2026-03-21,Delivered,Website,WELCOME5
69945,11473,2026-07-27,Delivered,Mobile App,WELCOME5
69946,13007,2025-12-03,Delivered,Marketplace,FEST15
69947,14158,2026-01-28,Delivered,Website,FEST15
69948,14277,2024-05-04,Delivered,Website,BIG20
69949,11498,2024-01-06,Delivered,Marketplace,FEST15
69950,11144,2024-11-02,Delivered,Website,SAVE10
69951,12168,2024-12-17,Cancelled,Website,BIG20
69952,11253,2025-02-27,Delivered,Website,NONE
69953,13602,2025-10-07,Delivered,Website,WELCOME5
69954,12959,2024-04-05,Delivered,Mobile App,FEST15
69955,12398,2024-04-10,Delivered,Website,WELCOME5
69956,14051,2026-03-25,Delivered,Marketplace,NONE
69957,11070,2025-07-15,Processing,Website,NONE
69958,14179,2024-12-18,Delivered,Mobile App,NONE
69959,12819,2026-03-19,Delivered,Website,SAVE10
69960,14882,2025-10-12,Delivered,Mobile App,NONE
69961,12999,2026-03-23,Delivered,Website,NONE
69962,13812,2025-09-14,Delivered,Marketplace,NONE
69963,10949,2025-05-04,Delivered,Mobile App,WELCOME5
69964,11164,2026-06-05,Delivered,Website,SAVE10
69965,12782,2026-08-18,Cancelled,Website,SAVE10
69966,11154,2025-12-20,Delivered,website,NONE
69967,10221,2025-09-02,Delivered,Mobile App,NONE
69968,12228,2024-02-03,Processing,Mobile App,WELCOME5
69969,11318,2026-04-23,Delivered,Marketplace,WELCOME5
69970,13251,2024-05-30,Delivered,Mobile App,BIG20
69971,12884,2024-02-01,Delivered,Mobile App,WELCOME5
69972,12565,2025-03-07,Delivered,Website,NONE
69973,14157,2024-03-15,Delivered,Website,NONE
69974,10338,2024-03-31,Delivered,Website,SAVE10
69975,13920,2025-03-25,Delivered,Website,NONE
69976,12410,2025-01-15,Delivered,Mobile App,FEST15
69977,13483,2024-05-03,Delivered,Website,SAVE10
69978,14086,2026-08-06,Shipped,Mobile App,SAVE10
69979,11511,2024-07-19,Delivered,Website,BIG20
69980,11202,2024-07-18,Cancelled,Mobile App,SAVE10
69981,13765,2026-02-21,Delivered,Mobile App,NONE
69982,13176,2025-11-14,Shipped,Website,NONE
69983,10932,2024-12-11,Delivered,Mobile App,WELCOME5
69984,11349,2024-09-09,Delivered,Mobile App,NONE
69985,14271,2026-06-04,Shipped,Mobile App,NONE
69986,12779,2024-02-03,Shipped,Mobile App,SAVE10
69987,14557,2025-09-13,Delivered,Website,SAVE10
69988,13505,2024-04-05,Delivered,Mobile App,SAVE10
69989,11032,2024-01-04,Delivered,Mobile App,FEST15
69990,11037,2024-04-10,Delivered,Mobile App,NONE
69991,14827,2025-06-29,Shipped,Website,WELCOME5
69992,13698,2024-10-17,Delivered,Website,SAVE10
69993,12973,2025-11-01,Shipped,Website,NONE
69994,13383,2026-07-20,Delivered,Website,FEST15
69995,12072,2024-02-08,Shipped,Website,NONE
69996,11564,2025-08-25,Shipped,Mobile App,BIG20
69997,14119,2026-06-02,Delivered,Website,NONE
69998,14475,2024-04-29,Shipped,Website,NONE
69999,14532,2025-02-10,Delivered,Website,NONE
70000,13903,2024-03-09,Delivered,Website,FEST15
