return_id,order_item_id,return_date,return_reason,return_status,refund_amount_inr
180001,98402,2025-12-13,Wrong Item,Approved,699.56
180002,110171,2025-04-23,Quality Issue,Refunded,7997.24
180003,117357,2026-07-19,Size Issue,Refunded,592.24
180004,119983,2026-03-24,Damaged,Rejected,1134.57
180005,120759,2026-06-11,Quality Issue,Approved,997.01
180006,116435,2024-08-29,Changed Mind,Rejected,2593.98
180007,112320,2024-04-14,Damaged,Refunded,1356.91
180008,102894,2026-02-05,Quality Issue,Approved,2037.81
180009,107569,2026-08-07,Quality Issue,Refunded,1404.41
180010,100244,2024-09-17,Changed Mind,Refunded,4407.61
180011,101324,2025-01-04,Changed Mind,Refunded,611.69
180012,93377,2024-04-16,Changed Mind,Refunded,1785.32
180013,120866,2024-12-22,Size Issue,Rejected,610.67
180014,95530,2025-03-03,Damaged,Refunded,1068.13
180015,96854,2024-12-01,Changed Mind,Approved,1461.22
180016,109219,2026-07-02,Wrong Item,Refunded,1613.06
180017,109634,2025-07-15,Size Issue,Rejected,1649.38
180018,101152,2024-05-22,Size Issue,Approved,541.51
180019,105178,2026-03-26,Wrong Item,Rejected,891.01
180020,98625,2026-07-27,Size Issue,Refunded,6114.69
180021,106875,2026-05-17,Size Issue,Refunded,1303.64
180022,107222,2025-10-05,Size Issue,Refunded,802.31
180023,99117,2024-12-18,Size Issue,Approved,495.21
180024,115127,2024-03-20,Size Issue,Refunded,2150.78
180025,100209,2024-09-03,Quality Issue,Approved,1252.69
180026,119761,2025-06-21,Size Issue,Approved,821.93
180027,116775,2025-03-02,Quality Issue,Refunded,1073.29
180028,95620,2026-09-01,Size Issue,Approved,5727.66
180029,101544,2024-01-26,Quality Issue,Refunded,1079.96
180030,94665,2025-09-19,Quality Issue,Approved,17420.86
180031,90343,2026-06-11,Size Issue,Approved,1947.09
180032,90310,2025-11-11,Quality Issue,Approved,1293.74
180033,108086,2026-08-09,Quality Issue,Refunded,1221.76
180034,109332,2024-05-07,Damaged,Refunded,1449.97
180035,95817,2024-12-12,Changed Mind,Refunded,756.53
180036,106343,2025-07-24,Quality Issue,Refunded,360.0
180037,112470,2026-08-11,Damaged,Approved,759.02
180038,117431,2024-02-28,Size Issue,Refunded,773.95
180039,120628,2025-09-08,Damaged,Refunded,3550.93
180040,91661,2025-04-17,Size Issue,Rejected,3260.73
180041,101194,2026-01-30,Quality Issue,Approved,877.67
180042,100832,2024-11-02,Size Issue,Approved,1663.92
180043,93234,2026-04-30,Size Issue,Refunded,2736.94
180044,92816,2024-08-12,Damaged,Refunded,1774.55
180045,99609,2025-02-02,Wrong Item,Approved,1559.71
180046,97819,2026-01-02,Quality Issue,Refunded,1538.53
180047,91479,2025-07-10,Damaged,Refunded,1218.74
180048,93847,2025-05-07,Changed Mind,Refunded,792.68
180049,120588,2024-07-03,Wrong Item,Refunded,751.14
180050,102862,2026-03-03,Size Issue,Refunded,1705.87
180051,95110,2024-10-06,Damaged,Refunded,1424.0
180052,118427,2026-03-04,Size Issue,Approved,1465.96
180053,108090,2026-06-18,Quality Issue,Approved,4592.22
180054,96955,2024-10-29,Quality Issue,Approved,1478.95
180055,96639,2025-10-18,Size Issue,Refunded,1082.43
180056,119979,2026-01-05,Size Issue,Refunded,1114.84
180057,117010,2024-08-19,Size Issue,Refunded,1618.56
180058,100267,2025-11-24,Wrong Item,Refunded,2844.4
180059,95526,2026-02-26,Wrong Item,Refunded,3103.91
180060,106470,2026-02-24,Size Issue,Refunded,2886.42
180061,104536,2025-03-13,Size Issue,Refunded,729.04
180062,103379,2026-05-01,Quality Issue,Approved,2497.04
180063,109467,2026-01-02,Size Issue,Refunded,2668.58
180064,106667,2024-08-24,Wrong Item,Refunded,4567.79
180065,98721,2025-03-15,Changed Mind,Refunded,1825.18
180066,114647,2024-12-02,Quality Issue,Refunded,1252.65
180067,104846,2024-05-31,Damaged,Rejected,834.17
180068,102409,2026-05-06,Changed Mind,Refunded,1710.07
180069,113956,2025-03-05,Quality Issue,Rejected,625.67
180070,101732,2025-01-07,Quality Issue,Approved,712.29
180071,105461,2024-07-04,Size Issue,Refunded,6227.25
180072,115770,2024-02-25,Quality Issue,Refunded,3325.54
180073,105245,2026-06-14,Damaged,Approved,1632.28
180074,102053,2025-03-31,Size Issue,Approved,1577.15
180075,109425,2024-11-26,Changed Mind,Rejected,1991.92
180076,93893,2025-02-08,Changed Mind,Refunded,871.92
180077,91457,2025-02-19,Quality Issue,Approved,1455.64
180078,95807,2024-04-12,Quality Issue,Refunded,1358.57
180079,106669,2026-02-20,Wrong Item,Approved,1256.0
180080,100637,2024-11-12,Changed Mind,Approved,772.27
180081,101150,2025-04-15,Changed Mind,Refunded,3116.1
180082,110844,2024-11-22,Quality Issue,Approved,648.21
180083,113548,2024-09-08,Wrong Item,Approved,2629.39
180084,110429,2024-12-04,Wrong Item,Rejected,818.71
180085,116766,2025-06-24,Size Issue,Approved,764.65
180086,105364,2024-03-31,Damaged,Refunded,3271.3
180087,91398,2025-11-19,Changed Mind,Approved,1608.32
180088,109565,2026-07-01,Quality Issue,Refunded,704.69
180089,101542,2024-01-27,Size Issue,Refunded,3319.16
180090,103315,2025-12-11,Size Issue,Refunded,11947.78
180091,103036,2025-06-08,Wrong Item,Rejected,8661.09
180092,98895,2024-07-10,Damaged,Refunded,2780.17
180093,112157,2024-03-11,Damaged,Approved,4654.41
180094,101107,2024-09-26,Size Issue,Refunded,3343.72
180095,104249,2025-12-17,Quality Issue,Refunded,1678.59
180096,112437,2026-04-03,Quality Issue,Approved,452.87
180097,119809,2025-08-14,Damaged,Approved,2027.87
180098,105104,2024-02-07,Quality Issue,Approved,671.78
180099,109083,2025-09-19,Quality Issue,Approved,11560.23
180100,98140,2026-08-25,Quality Issue,Refunded,1604.9
180101,98790,2025-08-17,Damaged,Approved,5404.52
180102,113423,2025-12-02,Quality Issue,Refunded,1479.27
180103,90306,2024-02-29,Wrong Item,Refunded,457.44
180104,108868,2025-12-11,Quality Issue,Approved,1107.2
180105,92053,2024-03-06,Size Issue,Refunded,3485.19
180106,106236,2026-02-18,Damaged,Rejected,1719.7
180107,105726,2025-08-14,Quality Issue,Refunded,4816.7
180108,105152,2026-04-02,Changed Mind,Refunded,917.92
180109,97030,2026-04-07,Wrong Item,Approved,2150.78
180110,100957,2024-09-08,Size Issue,Refunded,2073.3
180111,93223,2024-03-20,Wrong Item,Refunded,1270.97
180112,95493,2026-05-11,Changed Mind,Refunded,557.72
180113,112891,2024-05-17,Quality Issue,Approved,1153.35
180114,113890,2024-04-12,Quality Issue,Approved,933.04
180115,115523,2024-08-10,Changed Mind,Refunded,3231.11
180116,108928,2026-04-22,Quality Issue,Refunded,293.41
180117,90513,2024-08-13,Damaged,Refunded,733.81
180118,94550,2026-06-12,Size Issue,Refunded,3393.57
180119,102148,2024-12-18,Wrong Item,Rejected,301.99
180120,104578,2025-09-01,Quality Issue,Approved,1500.55
180121,103169,2026-04-10,Wrong Item,Approved,1994.2
180122,118259,2024-09-18,Wrong Item,Refunded,2575.45
180123,107200,2025-03-17,Changed Mind,Rejected,213.65
180124,104247,2025-12-21,Size Issue,Approved,387.18
180125,95040,2024-08-18,Size Issue,Approved,2063.56
180126,94568,2025-02-21,Damaged,Approved,1442.2
180127,114210,2025-07-23,Quality Issue,Refunded,1164.03
180128,110221,2026-05-09,Changed Mind,Refunded,355.92
180129,119779,2025-11-17,Wrong Item,Approved,280.09
180130,118139,2024-09-07,Size Issue,Approved,697.69
180131,98510,2026-06-01,Quality Issue,Approved,196.35
180132,100062,2024-12-08,Wrong Item,Refunded,465.74
180133,111614,2026-07-29,Wrong Item,Approved,1997.27
180134,115696,2025-11-08,Quality Issue,Approved,1570.16
180135,105439,2026-07-08,Quality Issue,Approved,604.82
180136,108580,2024-02-25,Damaged,Approved,536.25
180137,113586,2026-04-17,Changed Mind,Refunded,2512.18
180138,112092,2024-11-14,Size Issue,Approved,618.64
180139,93488,2024-08-01,Wrong Item,Refunded,1228.03
180140,101153,2024-05-15,Changed Mind,Refunded,2301.53
180141,107564,2026-05-21,Size Issue,Refunded,1499.45
180142,109943,2024-01-19,Size Issue,Approved,1529.95
180143,115980,2025-02-28,Wrong Item,Approved,599.38
180144,108375,2025-11-04,Quality Issue,Approved,952.32
180145,97480,2026-07-21,Damaged,Approved,3752.17
180146,104002,2024-12-10,Quality Issue,Refunded,595.59
180147,119659,2024-12-02,Changed Mind,Approved,3690.05
180148,112196,2025-04-24,Damaged,Refunded,730.46
180149,101187,2025-01-31,Quality Issue,Refunded,3278.46
180150,113989,2026-01-30,Wrong Item,Rejected,1443.78
180151,107637,2025-09-25,Damaged,Refunded,673.66
180152,105878,2026-08-13,Quality Issue,Approved,6070.55
180153,117361,2026-08-21,Size Issue,Approved,1030.34
180154,101272,2026-02-01,Wrong Item,Refunded,1029.41
180155,99961,2024-03-22,Size Issue,Refunded,485.49
180156,108602,2026-01-11,Wrong Item,Approved,750.66
180157,109808,2026-01-24,Wrong Item,Approved,947.74
180158,112796,2026-02-12,Quality Issue,Approved,671.5
180159,116125,2025-12-18,Size Issue,Refunded,1756.36
180160,107755,2026-08-31,Size Issue,Refunded,595.58
180161,111274,2026-05-30,Wrong Item,Approved,1775.02
180162,93167,2024-12-04,Wrong Item,Approved,781.04
180163,100618,2024-08-09,Size Issue,Refunded,4008.46
180164,100116,2026-06-01,Changed Mind,Approved,800.72
180165,117906,2024-03-12,Quality Issue,Approved,1628.43
180166,110581,2025-12-08,Size Issue,Approved,1288.05
180167,104821,2024-10-24,Size Issue,Approved,1675.49
180168,98889,2026-04-30,Changed Mind,Refunded,1905.53
180169,97415,2024-03-19,Size Issue,Approved,399.45
180170,118392,2025-10-04,Quality Issue,Refunded,1136.91
180171,99769,2024-10-19,Wrong Item,Refunded,1109.28
180172,95109,2024-09-30,Wrong Item,Refunded,1123.33
180173,100009,2025-02-16,Size Issue,Refunded,2129.86
180174,105663,2025-05-23,Damaged,Approved,687.85
180175,91231,2024-09-12,Changed Mind,Approved,817.94
180176,100126,2025-06-13,Changed Mind,Approved,1865.15
180177,98579,2025-03-23,Wrong Item,Approved,7414.81
180178,91627,2025-07-21,Quality Issue,Refunded,1172.63
180179,113482,2025-12-29,Size Issue,Refunded,898.07
180180,110741,2024-10-19,Damaged,Approved,699.07
180181,98389,2024-10-13,Damaged,Refunded,1810.19
180182,110439,2024-02-29,Quality Issue,Approved,532.54
180183,112278,2024-12-17,Size Issue,Refunded,702.85
180184,96321,2026-08-08,Quality Issue,Approved,948.96
180185,112479,2024-02-15,Damaged,Rejected,368.39
180186,93501,2026-07-17,Size Issue,Refunded,2007.43
180187,115425,2024-07-15,Size Issue,Approved,2105.05
180188,111386,2025-09-26,Size Issue,Approved,1141.16
180189,109735,2026-06-24,Wrong Item,Refunded,2919.08
180190,112341,2026-06-24,Wrong Item,Approved,1175.89
180191,103234,2025-10-09,Damaged,Refunded,792.82
180192,91662,2025-04-28,Changed Mind,Approved,849.62
180193,98132,2025-01-19,Quality Issue,Refunded,5570.44
180194,116899,2026-05-07,Size Issue,Refunded,1187.33
180195,100931,2025-05-23,Changed Mind,Refunded,2276.48
180196,101373,2025-12-24,Size Issue,Approved,3842.33
180197,111146,2026-04-21,Quality Issue,Approved,981.33
180198,105993,2025-12-20,Size Issue,Approved,1403.09
180199,112482,2025-06-23,Size Issue,Approved,748.78
180200,107976,2026-02-01,Size Issue,Approved,3513.6
180201,92800,2024-06-05,Size Issue,Refunded,2760.14
180202,100774,2024-11-10,Changed Mind,Approved,6754.86
180203,106772,2025-08-02,Quality Issue,Refunded,896.12
180204,106321,2025-08-19,Quality Issue,Approved,341.7
180205,92764,2025-07-29,Wrong Item,Refunded,1483.39
180206,114081,2025-07-26,Damaged,Refunded,739.65
180207,98810,2026-03-14,Damaged,Approved,579.35
180208,102423,2025-03-23,Damaged,Refunded,614.71
180209,94143,2026-05-27,Changed Mind,Refunded,1995.07
180210,98891,2024-06-02,Changed Mind,Approved,775.38
180211,116447,2026-07-27,Size Issue,Refunded,531.69
180212,93932,2025-04-11,Quality Issue,Approved,1245.38
180213,104117,2025-08-02,Size Issue,Refunded,1500.53
180214,105399,2025-05-16,Changed Mind,Refunded,1321.73
180215,113783,2024-11-11,Size Issue,Refunded,1239.66
180216,108191,2025-09-15,Changed Mind,Refunded,2454.65
180217,106683,2026-06-02,Quality Issue,Approved,4970.95
180218,112152,2024-03-18,Size Issue,Refunded,1482.91
180219,108690,2025-07-04,Damaged,Refunded,424.45
180220,120571,2025-09-20,Changed Mind,Refunded,740.21
180221,106250,2026-03-30,Wrong Item,Rejected,695.91
180222,116215,2025-12-29,Quality Issue,Approved,5631.24
180223,115979,2026-03-15,Size Issue,Refunded,441.9
180224,94319,2024-12-20,Size Issue,Approved,2439.43
180225,101997,2026-01-25,Size Issue,Refunded,867.7
180226,108011,2024-03-23,Quality Issue,Approved,6380.03
180227,103901,2024-01-22,Size Issue,Approved,499.41
180228,114376,2026-06-09,Size Issue,Approved,980.39
180229,106745,2026-03-21,Damaged,Rejected,4297.05
180230,98067,2025-07-09,Quality Issue,Approved,803.45
180231,110193,2026-05-13,Quality Issue,Refunded,1173.92
180232,111244,2026-07-27,Wrong Item,Rejected,2685.62
180233,116735,2025-05-31,Quality Issue,Refunded,435.05
180234,94094,2024-07-05,Changed Mind,Approved,1033.62
180235,113218,2024-04-17,Wrong Item,Refunded,898.57
180236,95022,2025-04-09,Changed Mind,Refunded,653.7
180237,110098,2024-07-18,Changed Mind,Approved,825.49
180238,111172,2024-10-23,Wrong Item,Refunded,978.92
180239,120836,2024-03-23,Quality Issue,Approved,1991.76
180240,114546,2026-02-15,Size Issue,Refunded,724.26
180241,106546,2024-10-17,Damaged,Refunded,1077.33
180242,100800,2024-08-27,Damaged,Approved,9055.35
180243,99495,2026-03-29,Size Issue,Approved,4876.47
180244,97986,2026-04-07,Damaged,Approved,1334.01
180245,118211,2025-06-15,Changed Mind,Refunded,5653.86
180246,118755,2024-11-22,Quality Issue,Refunded,381.8
180247,119230,2026-01-21,Quality Issue,Approved,1117.51
180248,120074,2026-08-28,Damaged,Rejected,2020.19
180249,106476,2026-08-31,Damaged,Refunded,1837.86
180250,105044,2025-03-10,Changed Mind,Approved,1172.01
180251,91543,2025-01-16,Changed Mind,Refunded,1985.81
180252,113505,2025-05-14,Size Issue,Approved,4393.48
180253,93082,2026-06-01,Quality Issue,Refunded,1228.62
180254,94406,2025-10-10,Size Issue,Rejected,941.26
180255,95419,2024-09-18,Size Issue,Refunded,435.75
180256,111177,2026-03-23,Changed Mind,Refunded,1277.71
180257,102101,2024-05-08,Quality Issue,Refunded,3445.63
180258,109089,2024-01-27,Changed Mind,Rejected,2249.53
180259,93931,2025-04-13,Changed Mind,Approved,3067.24
180260,93593,2024-05-11,Quality Issue,Approved,1569.38
180261,113972,2026-02-25,Size Issue,Refunded,996.54
180262,116191,2024-05-22,Quality Issue,Refunded,1120.11
180263,120281,2025-09-28,Damaged,Refunded,2500.64
180264,113996,2024-04-08,Damaged,Refunded,770.34
180265,98010,2026-04-28,Quality Issue,Refunded,442.17
180266,117419,2025-03-05,Wrong Item,Approved,683.98
180267,112538,2025-02-09,Size Issue,Refunded,824.43
180268,120608,2025-06-05,Changed Mind,Refunded,7791.55
180269,110632,2025-07-31,Quality Issue,Refunded,2816.56
180270,112737,2024-04-02,Size Issue,Approved,242.31
180271,103373,2024-04-19,Quality Issue,Refunded,5765.36
180272,114247,2025-10-16,Changed Mind,Approved,1370.84
180273,112488,2025-08-10,Wrong Item,Refunded,2015.93
180274,94330,2024-05-26,Wrong Item,Refunded,817.45
180275,116282,2024-11-08,Changed Mind,Approved,931.72
180276,104956,2025-02-06,Size Issue,Refunded,4698.81
180277,98002,2025-02-11,Quality Issue,Refunded,393.85
180278,104616,2026-06-16,Damaged,Approved,565.44
180279,106154,2026-04-23,Damaged,Refunded,2266.77
180280,94875,2025-06-02,Quality Issue,Refunded,1454.72
180281,98928,2024-03-11,Wrong Item,Rejected,717.21
180282,113585,2025-12-09,Size Issue,Refunded,808.85
180283,90138,2024-01-12,Size Issue,Refunded,1889.78
180284,117192,2024-11-14,Changed Mind,Refunded,2380.69
180285,102917,2026-05-27,Changed Mind,Approved,2322.47
180286,106595,2024-08-26,Size Issue,Rejected,1975.52
180287,110867,2024-05-10,Wrong Item,Approved,1691.97
180288,100388,2024-10-02,Changed Mind,Refunded,584.25
180289,90775,2024-03-21,Changed Mind,Refunded,471.27
180290,113142,2024-05-29,Damaged,Rejected,395.62
180291,91670,2024-07-27,Size Issue,Approved,1218.94
180292,97847,2025-03-16,Changed Mind,Rejected,18833.96
180293,106208,2026-08-19,Quality Issue,Refunded,5500.86
180294,102025,2025-09-01,Quality Issue,Approved,656.46
180295,97855,2024-12-11,Damaged,Approved,1183.42
180296,99106,2025-05-24,Wrong Item,Approved,1463.98
180297,104488,2025-01-19,Wrong Item,Approved,1437.79
180298,92139,2024-12-11,Size Issue,Refunded,779.5
180299,92687,2024-05-31,Quality Issue,Refunded,1021.11
180300,103047,2026-01-23,Changed Mind,Refunded,348.76
180301,117096,2024-12-09,Quality Issue,Refunded,442.3
180302,119777,2025-03-08,Changed Mind,Approved,903.52
180303,114182,2025-03-13,Size Issue,Refunded,692.68
180304,108422,2024-11-27,Size Issue,Refunded,434.02
180305,120594,2024-03-29,Quality Issue,Approved,3269.58
180306,109960,2026-05-15,Changed Mind,Refunded,906.12
180307,90902,2024-11-24,Wrong Item,Approved,977.69
180308,99524,2024-06-27,Damaged,Refunded,7357.66
180309,104725,2025-01-29,Quality Issue,Approved,1202.1
180310,96199,2024-05-31,Damaged,Approved,6979.02
180311,108817,2025-12-10,Damaged,Approved,1186.89
180312,117018,2025-02-07,Size Issue,Approved,645.2
180313,105045,2026-07-17,Wrong Item,Approved,1216.84
180314,94649,2026-02-09,Size Issue,Refunded,720.74
180315,103935,2025-04-26,Changed Mind,Refunded,1850.59
180316,90913,2025-11-24,Damaged,Refunded,693.31
180317,111378,2025-01-29,Damaged,Refunded,5845.27
180318,102156,2025-01-27,Damaged,Refunded,4122.68
180319,91247,2024-06-10,Damaged,Approved,780.72
180320,107851,2025-10-07,Quality Issue,Approved,699.37
180321,114569,2025-07-11,Size Issue,Refunded,704.6
180322,120896,2025-02-06,Wrong Item,Refunded,1316.64
180323,101072,2026-04-04,Changed Mind,Approved,450.15
180324,97882,2025-03-30,Wrong Item,Approved,1920.6
180325,102588,2026-05-20,Quality Issue,Approved,3239.9
180326,103676,2025-08-03,Size Issue,Refunded,1372.65
180327,98730,2025-12-28,Quality Issue,Approved,1331.79
180328,94601,2025-03-11,Quality Issue,Approved,1922.94
180329,111617,2026-06-07,Quality Issue,Approved,3146.88
180330,108121,2024-05-26,Size Issue,Refunded,889.9
180331,103665,2026-07-08,Damaged,Approved,1451.87
180332,114696,2026-06-20,Wrong Item,Approved,6254.56
180333,111928,2024-08-29,Changed Mind,Approved,2091.87
180334,98149,2024-04-25,Size Issue,Approved,1113.5
180335,91359,2024-07-02,Changed Mind,Refunded,4698.48
180336,90705,2024-05-20,Damaged,Refunded,1332.33
180337,112787,2026-03-13,Quality Issue,Refunded,3455.15
180338,114855,2024-06-24,Changed Mind,Refunded,1340.86
180339,105723,2024-10-25,Size Issue,Approved,3224.42
180340,100807,2025-09-06,Quality Issue,Refunded,1457.63
180341,103915,2025-05-21,Size Issue,Refunded,2169.37
180342,119589,2026-02-05,Damaged,Refunded,2250.2
180343,96201,2026-01-09,Quality Issue,Refunded,2051.06
180344,117443,2024-10-25,Changed Mind,Approved,2140.89
180345,99248,2024-05-24,Changed Mind,Refunded,457.36
180346,108315,2024-10-24,Wrong Item,Approved,3726.95
180347,101181,2025-01-27,Size Issue,Approved,1407.58
180348,109849,2025-03-22,Changed Mind,Refunded,1583.03
180349,113235,2025-09-15,Quality Issue,Approved,608.39
180350,104563,2025-09-19,Size Issue,Refunded,704.69
180351,103239,2025-01-15,Damaged,Refunded,552.34
180352,103135,2024-03-28,Size Issue,Refunded,1992.4
180353,101310,2025-08-25,Quality Issue,Refunded,1146.5
180354,114234,2025-07-20,Size Issue,Refunded,4741.67
180355,107338,2024-05-21,Size Issue,Approved,1475.21
180356,101622,2026-08-05,Size Issue,Approved,1099.51
180357,118750,2026-03-21,Wrong Item,Approved,500.17
180358,114851,2025-04-12,Size Issue,Rejected,597.01
180359,98580,2025-02-02,Size Issue,Approved,2978.79
180360,92087,2025-08-09,Changed Mind,Approved,876.24
180361,105598,2024-03-09,Wrong Item,Rejected,714.87
180362,98527,2024-12-23,Wrong Item,Refunded,1303.19
180363,100292,2026-08-08,Size Issue,Approved,1282.92
180364,91249,2024-06-10,Quality Issue,Refunded,2094.44
180365,114440,2024-04-26,Wrong Item,Approved,1007.14
180366,103967,2025-12-18,Changed Mind,Approved,643.15
180367,115115,2025-06-20,Quality Issue,Refunded,968.03
180368,113324,2025-09-24,Damaged,Approved,1302.19
180369,118212,2025-07-04,Quality Issue,Refunded,1190.06
180370,103466,2026-04-10,Changed Mind,Rejected,1515.52
180371,107542,2024-05-22,Changed Mind,Refunded,3905.71
180372,95391,2024-03-15,Changed Mind,Approved,904.78
180373,91504,2024-08-11,Wrong Item,Refunded,498.77
180374,114676,2024-07-10,Damaged,Approved,3423.06
180375,90460,2024-04-28,Quality Issue,Refunded,2045.38
180376,91171,2024-05-29,Changed Mind,Approved,1526.97
180377,101659,2025-02-05,Wrong Item,Approved,1421.34
180378,105931,2024-07-11,Size Issue,Refunded,1218.28
180379,98874,2025-07-13,Quality Issue,Refunded,1926.42
180380,116926,2024-12-12,Damaged,Refunded,1019.94
180381,117591,2024-07-27,Changed Mind,Rejected,1705.36
180382,116697,2026-01-25,Quality Issue,Refunded,1981.17
180383,111598,2026-03-08,Quality Issue,Refunded,547.65
180384,107499,2024-06-27,Damaged,Refunded,2198.67
180385,105746,2024-11-26,Changed Mind,Refunded,2530.93
180386,104733,2025-01-14,Changed Mind,Approved,2588.37
180387,104096,2025-12-07,Size Issue,Rejected,496.18
180388,106182,2026-02-05,Size Issue,Refunded,704.89
180389,115906,2026-06-08,Quality Issue,Refunded,1054.69
180390,93459,2024-10-14,Damaged,Refunded,5598.28
180391,90274,2025-04-13,Damaged,Refunded,632.3
180392,101190,2025-07-31,Size Issue,Refunded,3897.45
180393,95082,2024-05-18,Changed Mind,Approved,1831.37
180394,114560,2024-11-27,Wrong Item,Approved,1067.51
180395,105027,2026-06-21,Damaged,Approved,3678.08
180396,107005,2024-12-14,Size Issue,Refunded,2443.24
180397,113037,2025-11-23,Quality Issue,Refunded,504.36
180398,105138,2025-09-24,Size Issue,Refunded,6265.42
180399,105400,2024-10-11,Quality Issue,Refunded,353.33
180400,112095,2025-03-21,Damaged,Refunded,468.13
180401,102088,2024-04-28,Quality Issue,Approved,2674.85
180402,95252,2024-09-29,Quality Issue,Refunded,1130.95
180403,116904,2026-03-21,Wrong Item,Refunded,622.76
180404,105893,2025-12-29,Changed Mind,Approved,1181.82
180405,98249,2024-06-01,Changed Mind,Refunded,3718.1
180406,98568,2025-08-17,Size Issue,Approved,5648.97
180407,112409,2025-07-05,Quality Issue,Refunded,1711.7
180408,112261,2025-12-20,Size Issue,Rejected,1569.78
180409,94173,2026-05-17,Quality Issue,Refunded,540.74
180410,107841,2025-07-24,Size Issue,Approved,602.86
180411,95416,2025-08-03,Wrong Item,Approved,1558.06
180412,96390,2025-10-15,Damaged,Approved,545.43
180413,96556,2025-05-31,Damaged,Approved,780.33
180414,102397,2026-09-10,Size Issue,Refunded,1647.55
180415,111492,2026-06-15,Size Issue,Approved,1051.75
180416,98633,2024-01-30,Quality Issue,Refunded,724.58
180417,106820,2026-06-06,Damaged,Approved,785.12
180418,113656,2025-05-12,Wrong Item,Refunded,1471.22
180419,117907,2024-11-25,Changed Mind,Refunded,3244.13
180420,101843,2026-01-30,Changed Mind,Approved,1079.39
180421,99668,2025-11-19,Wrong Item,Approved,928.03
180422,100874,2024-10-13,Size Issue,Refunded,740.27
180423,119679,2026-06-30,Damaged,Refunded,2175.62
180424,119577,2025-08-11,Size Issue,Refunded,596.56
180425,111977,2024-12-13,Quality Issue,Refunded,800.66
180426,98384,2024-11-17,Wrong Item,Approved,5750.53
180427,91875,2025-01-01,Size Issue,Approved,1520.31
180428,99985,2024-02-05,Size Issue,Approved,1245.34
180429,111020,2025-10-04,Size Issue,Approved,779.84
180430,106985,2025-11-22,Quality Issue,Refunded,1118.08
180431,93142,2025-11-08,Quality Issue,Refunded,4610.96
180432,104755,2026-08-29,Damaged,Approved,931.58
180433,117032,2024-04-13,Wrong Item,Rejected,4397.19
180434,115374,2026-02-07,Wrong Item,Approved,2818.97
180435,111662,2025-01-09,Quality Issue,Refunded,1325.0
180436,98345,2026-07-05,Damaged,Refunded,605.93
180437,104663,2024-09-22,Size Issue,Rejected,3503.0
180438,113893,2025-12-23,Changed Mind,Rejected,2227.75
180439,115707,2026-03-22,Damaged,Refunded,433.91
180440,110626,2024-09-24,Size Issue,Refunded,983.5
180441,115078,2025-02-02,Changed Mind,Refunded,2170.92
180442,115338,2025-05-03,Quality Issue,Approved,1867.31
180443,103528,2025-07-22,Size Issue,Rejected,795.14
180444,117759,2025-06-24,Quality Issue,Approved,2458.44
180445,95701,2024-10-30,Quality Issue,Approved,2055.64
180446,95960,2026-06-01,Changed Mind,Refunded,511.17
180447,101302,2024-10-23,Changed Mind,Refunded,940.88
180448,112926,2024-12-07,Changed Mind,Refunded,1366.58
180449,93678,2025-07-17,Size Issue,Approved,548.4
180450,100394,2024-09-11,Quality Issue,Approved,950.53
180451,92545,2025-11-01,Size Issue,Rejected,13555.39
180452,99116,2025-01-06,Damaged,Approved,841.8
180453,111576,2025-02-23,Quality Issue,Refunded,924.51
180454,110813,2026-02-20,Changed Mind,Refunded,1721.44
180455,100177,2026-08-14,Changed Mind,Approved,2232.79
180456,116659,2025-12-03,Quality Issue,Approved,2222.19
180457,107722,2025-08-07,Size Issue,Refunded,1189.62
180458,99980,2025-12-30,Changed Mind,Approved,1528.31
180459,91750,2025-04-27,Size Issue,Rejected,1816.22
180460,98009,2026-04-30,Damaged,Approved,206.34
180461,104916,2026-07-10,Size Issue,Refunded,630.2
180462,102528,2026-01-05,Damaged,Approved,1885.78
180463,102212,2026-03-29,Quality Issue,Refunded,909.02
180464,99306,2026-08-22,Size Issue,Refunded,432.56
180465,97397,2025-12-24,Quality Issue,Refunded,489.75
180466,102489,2025-07-19,Size Issue,Refunded,2046.23
180467,102313,2024-02-26,Wrong Item,Approved,1962.76
180468,90499,2025-04-23,Damaged,Refunded,2127.44
180469,111479,2025-03-18,Quality Issue,Refunded,2903.49
180470,94099,2026-06-09,Size Issue,Rejected,1174.27
180471,91622,2026-03-28,Size Issue,Approved,3027.58
180472,119398,2024-10-17,Size Issue,Approved,2013.01
180473,102294,2025-06-16,Wrong Item,Approved,1604.18
180474,112376,2026-07-15,Changed Mind,Refunded,1610.11
180475,114920,2025-11-27,Quality Issue,Refunded,590.18
180476,116121,2026-08-07,Changed Mind,Refunded,2141.42
180477,106526,2025-03-30,Damaged,Approved,1651.66
180478,112449,2026-04-24,Size Issue,Refunded,708.18
180479,95303,2026-07-10,Changed Mind,Approved,603.77
180480,107839,2024-12-16,Quality Issue,Rejected,748.31
180481,114832,2026-04-21,Changed Mind,Approved,898.2
180482,113624,2026-06-08,Damaged,Refunded,2325.19
180483,91311,2025-07-19,Size Issue,Approved,602.3
180484,110546,2026-02-14,Size Issue,Refunded,947.47
180485,109045,2025-05-29,Changed Mind,Refunded,1815.97
180486,112616,2024-03-01,Quality Issue,Refunded,2831.36
180487,90497,2026-06-24,Changed Mind,Refunded,3099.65
180488,97675,2025-01-09,Damaged,Refunded,134.8
180489,98670,2025-08-07,Size Issue,Refunded,7536.98
180490,90702,2025-08-23,Damaged,Rejected,6165.1
180491,95348,2025-12-30,Quality Issue,Rejected,762.52
180492,116166,2025-05-09,Quality Issue,Refunded,2270.86
180493,119642,2025-04-02,Quality Issue,Refunded,397.26
180494,90390,2025-01-03,Quality Issue,Approved,1314.54
180495,90432,2024-03-19,Changed Mind,Refunded,2552.49
180496,114573,2025-07-02,Changed Mind,Approved,959.3
180497,99920,2026-05-25,Damaged,Refunded,364.76
180498,112996,2025-11-03,Damaged,Approved,2679.45
180499,104752,2026-04-15,Changed Mind,Approved,995.22
180500,120788,2025-08-15,Quality Issue,Refunded,686.6
180501,111784,2024-06-21,Wrong Item,Approved,296.5
180502,96156,2025-11-15,Changed Mind,Refunded,2454.25
180503,103579,2026-09-07,Size Issue,Approved,1705.93
180504,111653,2024-12-16,Wrong Item,Approved,1638.21
180505,94280,2026-07-18,Damaged,Approved,1543.76
180506,116760,2025-09-25,Quality Issue,Approved,3063.01
180507,117184,2026-08-16,Size Issue,Approved,8339.49
180508,119859,2024-05-04,Quality Issue,Approved,725.99
180509,103570,2025-06-15,Wrong Item,Approved,1020.58
180510,98760,2026-04-17,Quality Issue,Refunded,3973.83
180511,115043,2025-08-22,Changed Mind,Refunded,1813.11
180512,108956,2024-08-06,Damaged,Refunded,2419.58
180513,101026,2024-10-08,Quality Issue,Approved,3492.2
180514,110257,2026-03-25,Damaged,Refunded,668.05
180515,106367,2026-08-08,Damaged,Refunded,2520.64
180516,97595,2025-11-09,Size Issue,Rejected,586.9
180517,118926,2024-02-04,Size Issue,Refunded,3276.36
180518,113671,2026-04-14,Size Issue,Approved,393.39
180519,93140,2025-12-20,Damaged,Refunded,1552.19
180520,92364,2026-04-13,Size Issue,Refunded,987.88
180521,113005,2024-02-10,Size Issue,Approved,2264.62
180522,107291,2025-05-16,Changed Mind,Refunded,6513.57
180523,102796,2026-07-17,Size Issue,Approved,1764.31
180524,95086,2025-06-13,Size Issue,Rejected,557.29
180525,106497,2026-03-31,Wrong Item,Refunded,1474.65
180526,109962,2024-02-25,Quality Issue,Rejected,613.63
180527,119117,2025-05-03,Wrong Item,Approved,867.64
180528,112411,2024-04-03,Damaged,Refunded,1532.07
180529,110413,2025-08-05,Size Issue,Refunded,748.32
180530,95578,2025-01-09,Size Issue,Refunded,6496.8
180531,120319,2025-04-29,Quality Issue,Rejected,1187.48
180532,104566,2025-12-27,Changed Mind,Rejected,1117.43
180533,105614,2024-12-08,Size Issue,Rejected,1592.47
180534,100871,2024-07-16,Damaged,Refunded,2723.62
180535,109594,2026-06-26,Changed Mind,Approved,10417.95
180536,108301,2025-07-19,Changed Mind,Approved,1396.77
180537,90442,2024-09-04,Size Issue,Refunded,2009.04
180538,101304,2024-10-16,Quality Issue,Refunded,3876.94
180539,94914,2024-12-02,Quality Issue,Approved,1436.47
180540,102872,2024-12-08,Size Issue,Refunded,956.66
180541,93706,2025-09-12,Size Issue,Approved,1251.17
180542,101426,2025-08-25,Size Issue,Refunded,654.55
180543,92722,2025-09-16,Size Issue,Approved,584.0
180544,116896,2025-08-21,Wrong Item,Rejected,823.61
180545,112898,2025-07-18,Damaged,Refunded,990.03
180546,103917,2024-11-03,Size Issue,Approved,958.96
180547,101787,2024-07-20,Damaged,Approved,3248.03
180548,117170,2025-04-29,Quality Issue,Refunded,1260.53
180549,103417,2025-02-16,Size Issue,Refunded,1760.86
180550,94800,2025-04-26,Quality Issue,Refunded,708.28
180551,103773,2024-06-30,Size Issue,Approved,684.84
180552,90173,2025-02-23,Wrong Item,Refunded,798.55
180553,101637,2025-09-16,Quality Issue,Refunded,2154.23
180554,99254,2026-09-19,Changed Mind,Refunded,740.55
180555,113690,2026-08-22,Size Issue,Rejected,1193.77
180556,118735,2025-07-02,Changed Mind,Approved,1734.57
180557,94281,2026-07-26,Wrong Item,Refunded,250.86
180558,101587,2024-01-24,Quality Issue,Refunded,709.22
180559,97175,2025-03-17,Changed Mind,Refunded,2237.45
180560,104099,2024-12-07,Wrong Item,Refunded,483.95
180561,100138,2026-02-20,Changed Mind,Refunded,1028.9
180562,116023,2025-10-14,Changed Mind,Approved,2043.89
180563,93954,2025-09-09,Damaged,Refunded,601.03
180564,109880,2025-03-02,Quality Issue,Refunded,4249.93
180565,100196,2026-01-19,Damaged,Approved,1661.31
180566,116111,2025-01-09,Size Issue,Refunded,2019.4
180567,90587,2024-11-12,Wrong Item,Refunded,1055.82
180568,93611,2024-09-14,Size Issue,Rejected,334.52
180569,102379,2025-10-16,Wrong Item,Approved,1707.64
180570,109985,2024-11-24,Wrong Item,Refunded,604.92
180571,114777,2026-08-05,Quality Issue,Refunded,623.03
180572,100286,2025-12-27,Changed Mind,Refunded,2967.55
180573,109936,2026-05-30,Size Issue,Approved,460.23
180574,113902,2025-01-15,Size Issue,Approved,4501.96
180575,109624,2024-05-21,Damaged,Refunded,1345.72
180576,107049,2025-06-13,Size Issue,Refunded,1272.23
180577,110272,2024-01-09,Wrong Item,Refunded,1838.56
180578,111862,2024-01-11,Size Issue,Approved,592.95
180579,118692,2025-12-24,Damaged,Rejected,720.78
180580,102114,2025-01-30,Wrong Item,Refunded,2291.35
180581,117341,2025-06-01,Changed Mind,Approved,283.74
180582,113748,2025-12-23,Changed Mind,Rejected,3006.62
180583,105644,2025-01-29,Wrong Item,Refunded,2355.41
180584,117795,2024-07-17,Damaged,Refunded,1037.13
180585,90755,2025-12-09,Damaged,Refunded,594.0
180586,105536,2025-06-16,Quality Issue,Refunded,1455.39
180587,90747,2025-09-22,Changed Mind,Refunded,834.87
180588,106711,2024-06-10,Wrong Item,Approved,1875.25
180589,120144,2024-06-15,Size Issue,Refunded,1004.31
180590,109844,2026-01-28,Quality Issue,Approved,887.29
180591,103783,2025-03-19,Size Issue,Refunded,1967.1
180592,115268,2024-10-04,Size Issue,Approved,774.67
180593,116233,2024-03-06,Quality Issue,Approved,1113.14
180594,97870,2025-11-03,Size Issue,Approved,3149.33
180595,110701,2025-02-27,Size Issue,Refunded,470.88
180596,93740,2026-06-17,Damaged,Approved,907.29
180597,110306,2025-09-07,Size Issue,Rejected,350.25
180598,120552,2025-06-09,Size Issue,Refunded,5225.26
180599,106426,2026-04-12,Changed Mind,Approved,2288.55
180600,104410,2025-10-06,Damaged,Rejected,1035.29
180601,115580,2025-01-16,Quality Issue,Approved,449.73
180602,92907,2026-03-17,Quality Issue,Refunded,2079.36
180603,98608,2024-12-05,Changed Mind,Refunded,1279.51
180604,93489,2024-08-19,Quality Issue,Refunded,2658.74
180605,91233,2024-08-15,Size Issue,Refunded,12792.67
180606,113982,2026-05-09,Damaged,Approved,1504.55
180607,104371,2024-06-21,Quality Issue,Approved,1506.06
180608,100607,2025-11-23,Wrong Item,Approved,819.42
180609,97377,2024-06-21,Quality Issue,Refunded,17817.22
180610,114723,2025-05-30,Size Issue,Approved,1039.67
180611,114287,2025-05-24,Size Issue,Refunded,1697.91
180612,117035,2026-08-12,Quality Issue,Approved,1856.35
180613,113784,2024-11-06,Changed Mind,Refunded,917.19
180614,119099,2025-04-13,Size Issue,Refunded,955.76
180615,107422,2024-10-07,Changed Mind,Refunded,940.61
180616,116118,2026-02-12,Wrong Item,Refunded,1606.37
180617,98998,2025-05-27,Quality Issue,Refunded,742.22
180618,106869,2026-01-16,Damaged,Refunded,723.2
180619,104672,2024-12-05,Changed Mind,Rejected,1167.09
180620,117820,2024-09-25,Wrong Item,Refunded,3350.72
180621,116302,2024-05-06,Size Issue,Refunded,1995.32
180622,99240,2025-05-09,Wrong Item,Refunded,2894.51
180623,99752,2025-08-27,Size Issue,Refunded,1287.0
180624,120096,2025-01-18,Quality Issue,Approved,2877.82
180625,103515,2024-10-15,Damaged,Approved,485.39
180626,92580,2024-09-09,Size Issue,Rejected,715.75
180627,91155,2024-02-03,Damaged,Refunded,873.25
180628,94223,2025-05-04,Size Issue,Approved,562.19
180629,110781,2025-09-13,Damaged,Refunded,4245.89
180630,106707,2025-12-09,Size Issue,Approved,785.14
180631,118308,2025-07-10,Damaged,Approved,1905.22
180632,109898,2026-05-21,Changed Mind,Approved,389.97
180633,99088,2024-11-07,Size Issue,Refunded,1464.72
180634,104731,2025-10-28,Damaged,Approved,1615.34
180635,116753,2024-11-15,Quality Issue,Refunded,607.98
180636,107716,2024-03-05,Size Issue,Refunded,2167.82
180637,90812,2025-09-05,Wrong Item,Approved,4451.1
180638,90716,2026-05-04,Size Issue,Refunded,392.77
180639,91681,2026-08-14,Damaged,Refunded,1714.19
180640,106016,2025-12-12,Damaged,Approved,1404.41
180641,112789,2026-03-12,Size Issue,Refunded,1997.71
180642,112866,2024-04-26,Changed Mind,Approved,4966.26
180643,118930,2025-08-08,Wrong Item,Refunded,1316.46
180644,116909,2026-01-27,Damaged,Approved,3152.3
180645,99836,2024-03-30,Changed Mind,Approved,930.48
180646,97730,2025-06-30,Quality Issue,Refunded,2977.51
180647,106144,2025-10-12,Size Issue,Approved,4809.78
180648,107864,2025-08-08,Wrong Item,Approved,540.47
180649,107543,2024-12-18,Damaged,Approved,1635.87
180650,99374,2024-10-29,Wrong Item,Approved,1172.54
180651,103692,2024-01-24,Size Issue,Refunded,2688.06
180652,110606,2025-09-03,Size Issue,Rejected,4433.88
180653,112116,2024-03-07,Damaged,Refunded,346.74
180654,95947,2026-08-04,Size Issue,Refunded,700.59
180655,115110,2025-03-20,Quality Issue,Refunded,669.88
180656,93940,2024-05-21,Changed Mind,Approved,574.89
180657,93804,2024-10-11,Quality Issue,Approved,1916.69
180658,95548,2025-05-30,Quality Issue,Approved,2428.28
180659,105585,2026-02-05,Size Issue,Approved,3658.23
180660,101813,2026-02-27,Damaged,Refunded,2600.69
180661,108287,2025-02-14,Damaged,Approved,764.02
180662,119446,2025-03-31,Wrong Item,Refunded,382.22
180663,120123,2024-04-08,Size Issue,Approved,6513.21
180664,102792,2025-03-27,Quality Issue,Refunded,1001.99
180665,111955,2026-03-15,Size Issue,Refunded,1213.75
180666,116068,2024-03-06,Changed Mind,Approved,978.65
180667,112666,2025-02-01,Size Issue,Refunded,1985.4
180668,120660,2025-11-30,Size Issue,Approved,2298.34
180669,104182,2024-11-27,Size Issue,Approved,3627.18
180670,112296,2024-09-26,Wrong Item,Refunded,2890.64
180671,105071,2024-09-17,Size Issue,Refunded,634.06
180672,119350,2026-07-08,Size Issue,Rejected,3884.38
180673,90673,2025-03-28,Quality Issue,Approved,372.2
180674,118148,2025-10-29,Quality Issue,Refunded,1968.08
180675,103767,2025-07-25,Damaged,Approved,357.09
180676,95883,2025-08-21,Wrong Item,Refunded,1989.41
180677,91099,2026-08-12,Quality Issue,Refunded,2123.5
180678,116494,2026-08-09,Quality Issue,Approved,543.84
180679,104400,2025-09-01,Changed Mind,Approved,7010.13
180680,106495,2026-02-17,Size Issue,Rejected,1445.41
180681,93951,2026-03-10,Size Issue,Approved,728.09
180682,114085,2025-01-07,Size Issue,Refunded,2289.44
180683,91169,2026-06-29,Wrong Item,Refunded,2155.31
180684,108129,2024-09-21,Changed Mind,Refunded,344.95
180685,109875,2026-03-12,Wrong Item,Refunded,2992.62
180686,107284,2024-12-25,Size Issue,Refunded,812.58
180687,107216,2026-04-10,Damaged,Refunded,2005.71
180688,105308,2024-02-26,Quality Issue,Refunded,3274.47
180689,91836,2024-05-08,Size Issue,Refunded,1853.51
180690,119015,2025-05-21,Damaged,Refunded,1691.59
180691,106240,2024-05-09,Size Issue,Rejected,614.04
180692,96072,2024-02-28,Quality Issue,Approved,511.19
180693,114695,2025-03-17,Changed Mind,Approved,2691.43
180694,98582,2026-06-21,Size Issue,Rejected,839.42
180695,93437,2026-03-11,Size Issue,Refunded,947.68
180696,103973,2025-05-25,Quality Issue,Rejected,1898.36
180697,109745,2024-07-01,Damaged,Refunded,1961.99
180698,92554,2024-10-27,Size Issue,Approved,3014.12
180699,118318,2025-01-27,Changed Mind,Approved,585.22
180700,97242,2026-04-03,Size Issue,Approved,520.7
180701,103694,2024-01-18,Changed Mind,Refunded,370.54
180702,95989,2024-02-26,Quality Issue,Refunded,2490.86
180703,95934,2024-08-13,Size Issue,Refunded,1208.98
180704,108288,2024-08-22,Damaged,Refunded,603.34
180705,105505,2025-04-12,Wrong Item,Refunded,386.42
180706,98312,2025-06-13,Quality Issue,Refunded,814.57
180707,110530,2025-07-31,Changed Mind,Rejected,1820.56
180708,112580,2026-05-06,Size Issue,Refunded,4616.24
180709,118219,2024-01-27,Quality Issue,Refunded,3486.27
180710,111266,2026-02-08,Size Issue,Refunded,1689.24
180711,120438,2025-11-03,Damaged,Approved,596.17
180712,116688,2025-10-02,Size Issue,Approved,934.01
180713,107559,2024-10-17,Quality Issue,Refunded,1796.5
180714,101918,2026-05-27,Damaged,Refunded,1771.07
180715,105473,2026-07-19,Quality Issue,Rejected,1266.07
180716,113936,2025-11-13,Wrong Item,Approved,993.59
180717,119386,2024-05-31,Changed Mind,Approved,2134.88
180718,95470,2026-05-22,Wrong Item,Approved,505.92
180719,116710,2026-06-16,Size Issue,Refunded,2550.24
180720,91579,2025-07-03,Size Issue,Approved,1587.75
180721,110747,2025-03-07,Size Issue,Refunded,2403.51
180722,94195,2025-05-15,Changed Mind,Refunded,1343.0
180723,98403,2025-12-19,Size Issue,Refunded,2923.94
180724,91993,2025-11-13,Changed Mind,Rejected,1361.31
180725,111361,2025-08-13,Size Issue,Refunded,1005.38
180726,94178,2026-07-19,Size Issue,Approved,1486.9
180727,93506,2026-06-06,Quality Issue,Refunded,2097.01
180728,100288,2026-03-10,Damaged,Approved,4705.49
180729,119191,2024-07-24,Size Issue,Approved,1678.12
180730,104872,2025-04-08,Damaged,Refunded,854.9
180731,115150,2025-03-24,Changed Mind,Approved,4080.91
180732,118810,2024-06-08,Size Issue,Refunded,828.97
180733,103924,2024-03-22,Quality Issue,Rejected,2526.21
180734,91350,2024-02-24,Quality Issue,Refunded,846.8
180735,92163,2026-02-26,Changed Mind,Refunded,1025.87
180736,94429,2025-03-05,Damaged,Refunded,735.94
180737,118492,2025-11-13,Quality Issue,Rejected,1106.8
180738,95141,2026-05-12,Damaged,Approved,414.23
180739,91261,2026-03-04,Changed Mind,Approved,938.75
180740,116794,2024-04-10,Wrong Item,Refunded,482.18
180741,105682,2025-11-15,Changed Mind,Refunded,3026.4
180742,110738,2026-02-11,Size Issue,Approved,404.37
180743,109286,2024-05-23,Quality Issue,Refunded,11917.83
180744,99578,2025-04-04,Wrong Item,Refunded,1298.61
180745,119848,2025-11-06,Size Issue,Refunded,7982.39
180746,92852,2024-06-01,Size Issue,Approved,5249.22
180747,100075,2024-11-05,Quality Issue,Approved,1477.6
180748,110841,2024-07-16,Changed Mind,Approved,2347.11
180749,107401,2025-05-15,Size Issue,Refunded,922.28
180750,105432,2024-12-26,Size Issue,Approved,2231.62
180751,93986,2025-02-23,Changed Mind,Rejected,2737.45
180752,118019,2026-04-21,Wrong Item,Rejected,6102.26
180753,111303,2024-10-13,Wrong Item,Rejected,2651.0
180754,95868,2026-04-11,Wrong Item,Refunded,1700.7
180755,101505,2026-01-25,Quality Issue,Approved,422.28
180756,117887,2026-09-03,Changed Mind,Refunded,477.35
180757,116188,2025-09-03,Size Issue,Refunded,292.7
180758,96510,2025-07-29,Quality Issue,Refunded,2086.5
180759,103715,2024-08-01,Quality Issue,Approved,434.38
180760,109262,2025-02-18,Size Issue,Approved,3538.52
180761,95121,2025-02-27,Damaged,Approved,2989.94
180762,104300,2024-04-24,Size Issue,Approved,2156.47
180763,114788,2024-06-14,Damaged,Refunded,1110.07
180764,115346,2024-10-13,Damaged,Approved,2240.44
180765,115603,2026-08-13,Wrong Item,Refunded,2599.29
180766,105567,2025-10-19,Wrong Item,Approved,2807.5
180767,115595,2025-07-20,Quality Issue,Refunded,495.76
180768,110991,2026-02-27,Size Issue,Refunded,1902.32
180769,119863,2025-06-25,Size Issue,Approved,1099.82
180770,118576,2025-09-26,Wrong Item,Refunded,4816.96
180771,92126,2026-02-10,Wrong Item,Approved,7188.48
180772,103221,2026-01-04,Wrong Item,Refunded,1742.03
180773,96265,2025-07-05,Changed Mind,Refunded,1622.33
180774,112239,2025-08-23,Damaged,Rejected,221.47
180775,98757,2025-08-13,Size Issue,Refunded,1922.54
180776,95077,2025-12-02,Quality Issue,Approved,1692.09
180777,108366,2024-05-13,Damaged,Refunded,2163.64
180778,91597,2024-06-18,Changed Mind,Rejected,700.64
180779,105545,2024-07-26,Damaged,Approved,2440.88
180780,107411,2024-02-22,Quality Issue,Refunded,1642.29
180781,113057,2025-06-27,Quality Issue,Approved,2294.63
180782,94724,2025-09-17,Changed Mind,Refunded,1027.18
180783,105788,2026-02-19,Size Issue,Refunded,276.38
180784,93321,2025-11-13,Damaged,Refunded,1018.51
180785,95450,2024-10-03,Size Issue,Approved,1010.29
180786,95346,2026-05-13,Changed Mind,Refunded,1194.11
180787,113036,2025-07-07,Size Issue,Refunded,474.25
180788,118561,2024-11-10,Damaged,Rejected,1147.13
180789,110022,2026-01-16,Size Issue,Approved,4578.36
180790,99966,2025-12-24,Damaged,Approved,1844.52
180791,103331,2024-06-30,Size Issue,Refunded,1814.18
180792,94123,2025-08-14,Damaged,Rejected,3813.52
180793,95460,2025-03-23,Changed Mind,Refunded,1927.38
180794,110704,2025-11-03,Size Issue,Approved,853.61
180795,110652,2024-04-14,Size Issue,Refunded,2641.41
180796,92788,2024-05-08,Quality Issue,Refunded,2298.23
180797,115737,2024-11-06,Size Issue,Refunded,377.46
180798,109404,2025-06-28,Damaged,Rejected,2090.12
180799,112333,2026-05-13,Quality Issue,Approved,3721.77
180800,97546,2026-08-20,Quality Issue,Refunded,790.2
180801,98546,2025-10-09,Damaged,Approved,582.01
180802,100668,2025-03-28,Wrong Item,Refunded,1862.4
180803,113284,2024-07-07,Changed Mind,Refunded,2602.77
180804,105729,2024-11-09,Wrong Item,Refunded,1277.43
180805,99219,2026-08-02,Damaged,Refunded,1192.25
180806,103472,2024-09-14,Quality Issue,Refunded,2355.28
180807,107846,2026-01-23,Damaged,Approved,1073.43
180808,116285,2025-01-25,Wrong Item,Rejected,10121.57
180809,118904,2024-04-25,Size Issue,Approved,456.75
180810,98468,2024-11-26,Wrong Item,Approved,777.02
180811,115361,2024-03-20,Size Issue,Refunded,708.83
180812,99391,2025-02-18,Size Issue,Approved,2146.09
180813,93999,2024-11-24,Wrong Item,Approved,3307.68
180814,106746,2026-03-22,Wrong Item,Refunded,781.62
180815,112024,2025-02-05,Damaged,Rejected,1239.05
180816,107854,2024-09-01,Changed Mind,Refunded,937.55
180817,100172,2025-09-01,Changed Mind,Refunded,2191.83
180818,118966,2025-04-02,Wrong Item,Approved,1704.66
180819,111030,2025-06-10,Wrong Item,Approved,816.55
180820,111067,2025-04-06,Changed Mind,Approved,3059.05
180821,117909,2024-10-18,Quality Issue,Refunded,2031.0
180822,98629,2024-07-26,Quality Issue,Approved,1819.99
180823,93530,2025-08-28,Quality Issue,Refunded,2184.62
180824,90730,2026-02-08,Damaged,Approved,738.86
180825,114370,2026-07-09,Wrong Item,Refunded,2135.36
180826,90412,2026-03-18,Size Issue,Approved,1410.57
180827,95577,2025-01-23,Wrong Item,Refunded,841.03
180828,117804,2024-04-17,Changed Mind,Refunded,2177.98
180829,108414,2025-07-07,Changed Mind,Refunded,2149.29
180830,94874,2025-05-28,Quality Issue,Approved,4052.88
180831,108924,2025-12-19,Quality Issue,Approved,1179.96
180832,119834,2025-03-09,Quality Issue,Refunded,1082.18
180833,116679,2024-02-07,Damaged,Approved,1259.77
180834,101010,2024-11-26,Quality Issue,Refunded,439.11
180835,94261,2025-11-15,Quality Issue,Refunded,2732.78
180836,115822,2024-12-15,Quality Issue,Approved,2219.91
180837,93922,2025-07-08,Quality Issue,Refunded,1382.53
180838,100059,2024-01-12,Size Issue,Refunded,504.22
180839,93715,2026-07-15,Size Issue,Approved,1339.69
180840,120707,2024-03-23,Size Issue,Refunded,2036.91
180841,110604,2025-09-18,Quality Issue,Refunded,3165.96
180842,104774,2024-04-29,Changed Mind,Refunded,1103.49
180843,117466,2025-08-17,Size Issue,Approved,4398.87
180844,110842,2024-07-03,Damaged,Refunded,1922.76
180845,100873,2024-10-24,Size Issue,Rejected,5074.62
180846,118579,2025-05-18,Wrong Item,Refunded,2011.75
180847,115925,2026-03-05,Wrong Item,Refunded,3544.25
180848,103077,2024-12-31,Quality Issue,Rejected,1374.11
180849,96319,2024-08-25,Changed Mind,Refunded,673.56
180850,90526,2024-05-20,Changed Mind,Refunded,1079.1
180851,101425,2025-01-11,Damaged,Refunded,710.98
180852,109011,2026-07-11,Wrong Item,Refunded,2042.05
180853,111099,2025-08-07,Size Issue,Approved,2570.84
180854,114989,2025-08-22,Quality Issue,Refunded,1927.11
180855,105690,2026-05-07,Quality Issue,Refunded,2004.73
180856,91874,2024-11-27,Changed Mind,Refunded,287.9
180857,90023,2026-05-15,Damaged,Approved,1638.49
180858,93358,2024-08-28,Wrong Item,Refunded,649.83
180859,97320,2025-02-24,Size Issue,Approved,1471.49
180860,117216,2026-08-05,Damaged,Approved,1240.99
180861,110875,2026-01-26,Changed Mind,Refunded,1988.29
180862,118713,2025-07-09,Size Issue,Approved,1795.58
180863,105222,2026-04-16,Size Issue,Approved,2244.22
180864,120567,2024-11-11,Size Issue,Rejected,1519.57
180865,118312,2024-12-13,Changed Mind,Refunded,1963.98
180866,100064,2025-04-16,Size Issue,Approved,1663.89
180867,100596,2026-01-30,Changed Mind,Refunded,3590.38
180868,98637,2025-10-19,Changed Mind,Rejected,571.99
180869,94325,2026-03-27,Wrong Item,Approved,925.36
180870,99002,2025-02-11,Changed Mind,Approved,2215.88
180871,91353,2025-04-11,Quality Issue,Refunded,1518.27
180872,104322,2024-04-25,Wrong Item,Refunded,1616.28
180873,92557,2026-07-16,Size Issue,Approved,633.68
180874,116680,2025-05-04,Wrong Item,Approved,2178.45
180875,114887,2024-04-25,Quality Issue,Approved,1237.65
180876,108164,2025-11-02,Quality Issue,Refunded,1306.68
180877,111996,2025-08-16,Wrong Item,Approved,4805.84
180878,99437,2025-04-19,Damaged,Rejected,724.2
180879,103920,2024-08-15,Changed Mind,Approved,415.47
180880,92838,2024-10-02,Size Issue,Refunded,2649.67
180881,113678,2025-05-01,Size Issue,Approved,4649.46
180882,107373,2024-05-12,Quality Issue,Rejected,5756.97
180883,99227,2024-08-01,Wrong Item,Rejected,415.49
180884,107785,2025-08-20,Quality Issue,Approved,1419.7
180885,114874,2024-03-26,Wrong Item,Refunded,926.35
180886,110628,2025-05-09,Damaged,Refunded,2054.27
180887,103428,2024-12-08,Quality Issue,Refunded,627.05
180888,95023,2025-04-01,Wrong Item,Approved,590.28
180889,92170,2026-02-21,Changed Mind,Refunded,1202.08
180890,114996,2025-02-08,Changed Mind,Rejected,1258.14
180891,115191,2024-05-18,Quality Issue,Rejected,3186.15
180892,118076,2025-01-01,Wrong Item,Refunded,2384.19
180893,102859,2025-09-16,Damaged,Refunded,6467.48
180894,93813,2024-01-21,Damaged,Approved,1678.04
180895,91229,2025-09-06,Changed Mind,Refunded,3094.63
180896,104235,2024-02-02,Changed Mind,Refunded,223.26
180897,93890,2025-07-31,Quality Issue,Refunded,1946.02
180898,93539,2026-08-03,Wrong Item,Refunded,825.42
180899,100298,2025-06-03,Size Issue,Refunded,816.85
180900,111768,2024-02-13,Quality Issue,Approved,2243.32
180901,112164,2025-02-13,Size Issue,Approved,7668.95
180902,114202,2024-06-23,Changed Mind,Refunded,1606.59
180903,97677,2025-06-07,Wrong Item,Approved,281.7
180904,102411,2025-12-29,Wrong Item,Approved,1624.47
180905,100316,2024-08-01,Changed Mind,Approved,1205.45
180906,98676,2026-02-23,Changed Mind,Refunded,1573.0
180907,111881,2025-03-05,Changed Mind,Refunded,5949.3
180908,106757,2024-05-28,Wrong Item,Approved,425.18
180909,91343,2025-09-26,Wrong Item,Rejected,950.42
180910,116454,2026-08-28,Damaged,Refunded,5071.71
180911,120139,2025-11-27,Quality Issue,Refunded,379.54
180912,116067,2024-02-27,Wrong Item,Refunded,1096.52
180913,118097,2025-02-19,Damaged,Rejected,589.29
180914,104662,2025-06-13,Wrong Item,Approved,611.33
180915,100498,2024-07-13,Changed Mind,Approved,1800.15
180916,119957,2025-07-21,Changed Mind,Rejected,4203.45
180917,120152,2024-04-28,Size Issue,Refunded,206.55
180918,119029,2025-02-04,Damaged,Refunded,957.14
180919,107561,2025-10-30,Damaged,Approved,1509.77
180920,109813,2025-08-05,Quality Issue,Approved,375.17
180921,119157,2026-02-23,Changed Mind,Approved,3737.26
180922,112591,2026-06-29,Damaged,Refunded,1687.25
180923,106756,2025-04-08,Quality Issue,Refunded,1217.58
180924,98929,2025-11-30,Damaged,Approved,3543.45
180925,93661,2025-01-18,Quality Issue,Refunded,2248.66
180926,96408,2025-08-23,Quality Issue,Refunded,2023.78
180927,111747,2026-06-17,Quality Issue,Approved,1601.53
180928,119222,2024-09-26,Quality Issue,Refunded,5539.35
180929,112867,2024-02-04,Wrong Item,Refunded,2205.79
180930,92910,2025-06-06,Damaged,Approved,542.3
180931,116159,2024-12-14,Size Issue,Refunded,505.87
180932,115072,2025-10-17,Changed Mind,Approved,1662.66
180933,112404,2025-09-11,Changed Mind,Approved,1208.66
180934,115489,2025-02-26,Damaged,Approved,2117.43
180935,115356,2026-09-02,Size Issue,Refunded,1511.52
180936,91905,2024-12-27,Size Issue,Refunded,508.37
180937,97393,2025-12-17,Size Issue,Refunded,862.61
180938,105402,2025-08-02,Damaged,Approved,2142.14
180939,108932,2026-07-17,Size Issue,Refunded,1241.32
180940,99001,2025-08-23,Quality Issue,Refunded,1213.81
180941,112086,2025-11-27,Quality Issue,Refunded,1215.61
180942,105107,2025-12-14,Size Issue,Approved,3248.08
180943,107548,2026-03-12,Wrong Item,Refunded,2486.31
180944,104295,2026-02-01,Wrong Item,Approved,178.97
180945,112266,2025-12-11,Quality Issue,Refunded,1661.38
180946,95658,2025-04-10,Quality Issue,Refunded,2687.14
180947,109308,2026-05-14,Quality Issue,Approved,596.27
180948,117960,2026-07-26,Changed Mind,Approved,708.8
180949,108028,2026-09-07,Size Issue,Approved,522.6
180950,107963,2025-09-16,Wrong Item,Rejected,3539.78
180951,96316,2024-08-19,Quality Issue,Approved,1700.29
180952,90772,2024-06-12,Size Issue,Refunded,462.39
180953,104429,2024-09-22,Changed Mind,Approved,1089.99
180954,100086,2025-10-04,Changed Mind,Approved,2646.62
180955,106824,2025-07-30,Wrong Item,Approved,1001.08
180956,96920,2024-06-24,Size Issue,Refunded,1909.82
180957,119887,2024-04-01,Damaged,Rejected,1005.85
180958,96157,2025-09-29,Size Issue,Rejected,1452.36
180959,101482,2024-05-15,Size Issue,Refunded,1432.25
180960,102107,2026-01-13,Damaged,Approved,731.87
180961,107787,2025-07-02,Size Issue,Approved,1344.49
180962,116257,2024-06-21,Wrong Item,Approved,1896.42
180963,119725,2024-02-11,Damaged,Approved,2613.69
180964,94292,2024-12-07,Size Issue,Refunded,904.1
180965,90034,2026-01-23,Damaged,Refunded,3212.42
180966,90751,2024-03-11,Quality Issue,Refunded,1068.09
180967,104484,2025-03-19,Wrong Item,Approved,336.56
180968,104340,2026-04-03,Changed Mind,Refunded,1791.34
180969,114068,2025-06-13,Wrong Item,Approved,7314.83
180970,104613,2024-12-30,Damaged,Refunded,1005.12
180971,111677,2025-07-30,Quality Issue,Approved,447.14
180972,104927,2026-05-03,Changed Mind,Refunded,1553.14
180973,92198,2024-08-21,Size Issue,Approved,1211.83
180974,94442,2025-10-15,Damaged,Refunded,438.81
180975,93096,2025-09-09,Wrong Item,Approved,1460.32
180976,115995,2025-05-22,Damaged,Rejected,734.09
180977,97436,2026-08-04,Damaged,Rejected,810.34
180978,90056,2024-09-14,Changed Mind,Approved,4504.35
180979,104520,2024-01-19,Wrong Item,Rejected,2800.34
180980,99094,2024-10-15,Quality Issue,Rejected,1472.44
180981,102352,2025-07-23,Size Issue,Refunded,2054.1
180982,109364,2026-08-12,Changed Mind,Refunded,535.5
180983,117296,2024-02-24,Size Issue,Refunded,437.91
180984,98127,2025-11-18,Changed Mind,Approved,456.6
180985,113901,2025-12-23,Quality Issue,Refunded,4686.19
180986,112814,2025-06-20,Damaged,Refunded,2898.85
180987,120168,2025-06-19,Wrong Item,Refunded,1224.5
180988,110851,2025-09-24,Quality Issue,Refunded,891.38
180989,109473,2024-03-04,Size Issue,Refunded,2313.47
180990,97875,2025-01-23,Changed Mind,Approved,1252.35
180991,115575,2026-08-24,Quality Issue,Rejected,1302.64
180992,119894,2024-03-08,Quality Issue,Approved,1899.8
180993,92513,2024-10-26,Quality Issue,Refunded,1994.96
180994,112211,2026-06-06,Size Issue,Approved,2372.55
180995,99324,2024-03-20,Size Issue,Approved,942.71
180996,113051,2025-03-08,Damaged,Approved,856.37
180997,114242,2024-07-04,Size Issue,Refunded,4082.49
180998,106204,2025-06-29,Size Issue,Refunded,893.62
180999,105635,2025-09-17,Quality Issue,Refunded,3580.57
181000,115801,2025-03-02,Quality Issue,Approved,4356.8
181001,102078,2025-03-26,Size Issue,Approved,3361.69
181002,91265,2025-10-14,Size Issue,Refunded,10103.11
181003,110082,2025-07-10,Damaged,Approved,409.79
181004,90920,2024-11-17,Damaged,Refunded,385.53
181005,93012,2024-06-30,Damaged,Approved,3235.98
181006,93322,2026-06-04,Wrong Item,Refunded,1025.91
181007,93008,2026-07-12,Size Issue,Refunded,442.81
181008,109845,2026-06-15,Size Issue,Refunded,679.39
181009,118947,2024-07-22,Quality Issue,Rejected,3306.91
181010,114756,2025-02-14,Damaged,Approved,4811.55
181011,96428,2026-02-21,Changed Mind,Refunded,1117.12
181012,113581,2024-10-01,Wrong Item,Approved,4475.0
181013,101928,2024-11-12,Quality Issue,Refunded,1736.05
181014,97454,2026-01-12,Quality Issue,Refunded,1712.96
181015,101525,2025-07-19,Size Issue,Refunded,427.5
181016,112802,2024-05-02,Size Issue,Approved,569.41
181017,111307,2025-09-14,Size Issue,Refunded,1611.87
181018,98914,2024-04-21,Damaged,Refunded,1807.11
181019,99386,2026-02-02,Wrong Item,Refunded,387.61
181020,115863,2024-10-04,Quality Issue,Approved,1038.97
181021,97457,2025-11-15,Wrong Item,Approved,383.88
181022,95306,2024-08-28,Changed Mind,Refunded,882.81
181023,99021,2024-12-17,Damaged,Refunded,1067.77
181024,111925,2024-03-21,Size Issue,Refunded,1781.09
181025,106582,2026-09-08,Quality Issue,Refunded,1467.41
181026,109739,2025-07-31,Size Issue,Refunded,1513.54
181027,115389,2024-05-23,Size Issue,Refunded,1415.56
181028,96362,2025-06-21,Quality Issue,Refunded,2683.3
181029,103228,2024-06-10,Damaged,Approved,1729.55
181030,97226,2025-09-01,Damaged,Refunded,1007.54
181031,93306,2026-03-14,Damaged,Rejected,990.09
181032,108183,2026-01-07,Damaged,Approved,622.78
181033,101864,2025-12-30,Changed Mind,Approved,1052.78
181034,102950,2024-11-07,Changed Mind,Refunded,1405.46
181035,114808,2024-02-05,Changed Mind,Rejected,1533.13
181036,112585,2024-03-18,Wrong Item,Approved,8940.99
181037,108153,2026-03-19,Quality Issue,Refunded,2532.92
181038,118476,2026-09-14,Size Issue,Refunded,1721.65
181039,92284,2026-02-04,Quality Issue,Approved,3398.56
181040,94543,2024-05-31,Damaged,Refunded,572.48
181041,114114,2026-08-01,Size Issue,Refunded,2018.13
181042,115684,2025-12-29,Damaged,Refunded,1863.71
181043,96681,2025-12-14,Size Issue,Refunded,6096.27
181044,112343,2026-03-05,Quality Issue,Refunded,1754.01
181045,115437,2025-12-07,Wrong Item,Refunded,1192.92
181046,120580,2025-07-30,Wrong Item,Approved,1835.98
181047,108219,2026-02-13,Wrong Item,Refunded,3604.46
181048,91567,2026-05-15,Changed Mind,Approved,1132.34
181049,96437,2025-02-22,Size Issue,Refunded,4465.39
181050,114742,2026-05-29,Damaged,Approved,3028.45
181051,112337,2025-03-28,Quality Issue,Approved,1115.95
181052,93393,2024-03-05,Changed Mind,Refunded,191.83
181053,111792,2026-01-11,Damaged,Approved,2337.41
181054,119967,2025-02-02,Changed Mind,Refunded,1284.09
181055,91466,2025-04-19,Quality Issue,Approved,11112.1
181056,114980,2024-11-20,Size Issue,Refunded,3452.5
181057,91610,2024-11-23,Size Issue,Approved,318.36
181058,95713,2025-12-26,Size Issue,Refunded,484.97
181059,117408,2024-11-29,Quality Issue,Approved,3696.84
181060,108554,2024-04-10,Wrong Item,Approved,1755.35
181061,112090,2025-12-18,Size Issue,Approved,783.95
181062,119007,2024-11-26,Wrong Item,Refunded,2336.32
181063,106912,2026-06-13,Wrong Item,Rejected,810.13
181064,92617,2025-08-07,Changed Mind,Approved,299.74
181065,96258,2025-02-23,Size Issue,Refunded,572.36
181066,107105,2025-09-02,Quality Issue,Refunded,1613.52
181067,115889,2025-07-18,Quality Issue,Approved,346.63
181068,113416,2026-08-12,Changed Mind,Refunded,477.02
181069,96879,2024-04-15,Size Issue,Refunded,1873.18
181070,92887,2026-02-16,Quality Issue,Refunded,12015.8
181071,119331,2025-01-08,Size Issue,Approved,3496.27
181072,110703,2025-02-25,Size Issue,Approved,2195.8
181073,113100,2024-08-21,Changed Mind,Refunded,1215.9
181074,100646,2024-04-18,Size Issue,Rejected,321.84
181075,118726,2024-09-24,Wrong Item,Approved,3615.82
181076,99484,2026-05-16,Quality Issue,Approved,1012.77
181077,101412,2026-03-17,Size Issue,Approved,621.52
181078,104959,2024-02-25,Wrong Item,Refunded,593.03
181079,103082,2026-03-24,Size Issue,Refunded,4413.88
181080,100245,2024-09-09,Damaged,Approved,529.11
181081,90296,2025-02-16,Quality Issue,Approved,1816.14
181082,103008,2024-05-27,Wrong Item,Refunded,1897.71
181083,112727,2026-03-20,Quality Issue,Refunded,957.32
181084,114521,2024-11-05,Quality Issue,Rejected,951.76
181085,97277,2025-12-26,Quality Issue,Refunded,4525.95
181086,112001,2025-10-18,Quality Issue,Refunded,578.25
181087,111537,2026-06-01,Size Issue,Approved,306.38
181088,118878,2024-06-13,Wrong Item,Refunded,4635.33
181089,118351,2026-08-05,Damaged,Refunded,2767.34
181090,100903,2026-08-17,Quality Issue,Approved,443.81
181091,94434,2025-06-29,Changed Mind,Refunded,946.71
181092,96113,2025-11-19,Damaged,Refunded,716.47
181093,113455,2026-03-27,Wrong Item,Refunded,626.44
181094,93453,2026-06-13,Size Issue,Refunded,1351.92
181095,90638,2024-02-09,Changed Mind,Refunded,879.96
181096,108249,2026-05-31,Quality Issue,Approved,996.04
181097,119294,2025-02-05,Size Issue,Approved,890.85
181098,97919,2025-11-05,Wrong Item,Approved,924.6
181099,96804,2026-01-03,Quality Issue,Refunded,1211.91
181100,94619,2024-06-03,Wrong Item,Approved,248.67
181101,105334,2026-03-14,Changed Mind,Refunded,1719.94
181102,113729,2026-02-21,Wrong Item,Approved,1254.07
181103,112282,2026-05-23,Wrong Item,Refunded,2957.71
181104,118129,2025-04-04,Size Issue,Refunded,600.6
181105,95788,2026-06-19,Quality Issue,Refunded,290.59
181106,99828,2026-06-29,Damaged,Refunded,418.48
181107,112929,2024-11-03,Size Issue,Refunded,1237.1
181108,92239,2025-07-04,Size Issue,Refunded,961.55
181109,105100,2024-06-02,Quality Issue,Rejected,4244.85
181110,102312,2024-02-15,Quality Issue,Refunded,582.09
181111,113359,2026-05-07,Quality Issue,Refunded,422.08
181112,107478,2025-05-29,Wrong Item,Refunded,1817.73
181113,90592,2026-06-25,Quality Issue,Approved,1846.38
181114,90370,2024-08-29,Size Issue,Refunded,1152.06
181115,112446,2024-03-15,Changed Mind,Refunded,1332.33
181116,95139,2024-09-26,Size Issue,Approved,5319.91
181117,110971,2024-05-15,Damaged,Refunded,2425.94
181118,95987,2024-03-31,Wrong Item,Approved,3038.59
181119,111765,2025-04-16,Quality Issue,Approved,910.93
181120,100914,2025-01-04,Wrong Item,Approved,1001.33
181121,113808,2025-11-30,Wrong Item,Approved,1734.07
181122,102270,2026-05-02,Quality Issue,Refunded,438.28
181123,96110,2025-01-29,Wrong Item,Approved,2056.51
181124,110692,2025-07-12,Wrong Item,Rejected,768.63
181125,117629,2024-02-24,Size Issue,Refunded,7361.52
181126,111566,2026-08-21,Damaged,Approved,1757.79
181127,94756,2024-11-20,Damaged,Refunded,617.55
181128,114016,2025-04-18,Changed Mind,Refunded,1204.47
181129,103794,2024-09-14,Changed Mind,Rejected,2790.12
181130,115540,2025-05-16,Size Issue,Refunded,832.43
181131,115286,2025-03-07,Wrong Item,Refunded,1237.28
181132,113792,2025-12-26,Damaged,Refunded,505.51
181133,103556,2024-11-28,Changed Mind,Refunded,3152.72
181134,101306,2024-09-30,Quality Issue,Refunded,496.06
181135,106752,2026-06-02,Quality Issue,Refunded,2329.72
181136,115964,2026-06-21,Damaged,Approved,1318.24
181137,99357,2025-07-20,Changed Mind,Refunded,645.55
181138,111292,2024-04-03,Quality Issue,Refunded,451.61
181139,108540,2024-01-17,Changed Mind,Refunded,5591.31
181140,106837,2025-10-25,Quality Issue,Refunded,2898.44
181141,96083,2024-01-14,Size Issue,Refunded,1309.4
181142,116145,2026-01-05,Wrong Item,Approved,6402.85
181143,113119,2025-07-19,Size Issue,Refunded,721.0
181144,90872,2025-10-16,Changed Mind,Approved,1330.6
181145,113177,2025-09-20,Damaged,Approved,5403.46
181146,93253,2025-06-13,Damaged,Refunded,1064.29
181147,107883,2026-03-23,Size Issue,Refunded,842.76
181148,111553,2025-01-02,Quality Issue,Approved,746.5
181149,90683,2024-08-28,Size Issue,Rejected,719.7
181150,115384,2026-04-16,Damaged,Approved,1055.98
181151,113352,2024-07-07,Size Issue,Refunded,591.51
181152,110580,2025-12-10,Wrong Item,Rejected,699.06
181153,103776,2025-07-30,Size Issue,Rejected,731.57
181154,93107,2024-12-24,Damaged,Approved,961.86
181155,103193,2026-03-17,Size Issue,Refunded,3100.37
181156,105042,2024-05-28,Quality Issue,Approved,1597.94
181157,112539,2025-02-25,Wrong Item,Refunded,404.93
181158,106061,2026-08-28,Changed Mind,Rejected,933.52
181159,111450,2024-05-27,Size Issue,Rejected,2721.54
181160,92171,2026-02-19,Damaged,Approved,3149.22
181161,107372,2024-06-23,Size Issue,Refunded,2464.41
181162,98684,2026-03-26,Size Issue,Approved,1302.04
181163,115331,2025-09-15,Quality Issue,Refunded,827.03
181164,115885,2026-05-06,Damaged,Approved,2440.63
181165,94359,2026-04-11,Quality Issue,Refunded,671.26
181166,95201,2024-05-25,Damaged,Refunded,4012.55
181167,102185,2024-03-07,Damaged,Refunded,1868.67
181168,95140,2026-05-29,Damaged,Refunded,868.56
181169,109587,2026-06-14,Quality Issue,Approved,390.95
181170,100100,2024-10-05,Changed Mind,Approved,3381.37
181171,98766,2024-04-29,Size Issue,Approved,924.01
181172,105768,2025-11-15,Damaged,Approved,2030.17
181173,117662,2024-08-10,Damaged,Refunded,1174.67
181174,105294,2024-08-04,Changed Mind,Approved,6975.39
181175,93198,2024-03-18,Wrong Item,Refunded,1075.61
181176,114185,2026-03-15,Damaged,Approved,2091.97
181177,97801,2025-07-30,Quality Issue,Approved,7081.52
181178,117332,2025-07-18,Quality Issue,Approved,1972.48
181179,105020,2026-07-30,Changed Mind,Refunded,2694.26
181180,109254,2024-09-04,Quality Issue,Refunded,1505.34
181181,99623,2025-08-30,Changed Mind,Approved,938.34
181182,93927,2025-01-11,Changed Mind,Approved,855.53
181183,99536,2025-06-03,Quality Issue,Refunded,369.69
181184,108735,2025-10-06,Quality Issue,Approved,1210.17
181185,118014,2025-11-22,Size Issue,Approved,675.36
181186,97741,2025-04-19,Size Issue,Approved,1366.16
181187,96381,2024-03-29,Quality Issue,Refunded,1346.92
181188,93039,2024-11-01,Wrong Item,Approved,2466.46
181189,104378,2025-11-20,Quality Issue,Refunded,1503.71
181190,116822,2025-11-06,Size Issue,Rejected,708.3
181191,112590,2026-06-26,Quality Issue,Refunded,1245.3
181192,98011,2025-07-20,Wrong Item,Refunded,801.34
181193,114175,2026-09-01,Damaged,Approved,297.0
181194,99211,2026-03-26,Wrong Item,Refunded,780.51
181195,116137,2024-10-08,Size Issue,Approved,8670.28
181196,102856,2025-02-16,Changed Mind,Refunded,1000.6
181197,97817,2026-02-25,Size Issue,Refunded,4598.05
181198,99844,2024-09-04,Damaged,Refunded,588.75
181199,99707,2025-03-19,Changed Mind,Refunded,1998.81
181200,106279,2026-05-06,Size Issue,Refunded,857.57
181201,97386,2026-07-14,Quality Issue,Refunded,1273.97
181202,96989,2026-04-07,Changed Mind,Refunded,730.09
181203,103123,2025-01-05,Quality Issue,Approved,685.51
181204,109429,2024-08-25,Quality Issue,Refunded,1030.44
181205,92588,2026-03-05,Size Issue,Refunded,1153.74
181206,101820,2025-02-09,Damaged,Rejected,1631.36
181207,94898,2024-12-07,Quality Issue,Refunded,1228.11
181208,115281,2026-06-10,Wrong Item,Approved,2338.12
181209,106577,2026-08-29,Size Issue,Refunded,1380.74
181210,93272,2025-06-20,Damaged,Approved,473.77
181211,111267,2026-02-20,Damaged,Refunded,2609.54
181212,93623,2026-06-16,Quality Issue,Approved,701.38
181213,114833,2024-10-20,Size Issue,Approved,3967.67
181214,97792,2025-11-09,Damaged,Rejected,1812.04
181215,103689,2025-03-10,Damaged,Approved,708.55
181216,95796,2025-10-14,Quality Issue,Approved,1213.42
181217,92779,2026-05-02,Quality Issue,Approved,6783.27
181218,104054,2024-12-12,Size Issue,Approved,403.19
181219,90523,2025-06-14,Damaged,Approved,676.22
181220,115598,2025-02-20,Wrong Item,Refunded,2313.03
181221,102146,2026-06-07,Quality Issue,Refunded,15440.07
181222,103410,2026-05-21,Wrong Item,Approved,3594.33
181223,93928,2025-05-06,Quality Issue,Refunded,1942.36
181224,108634,2026-03-17,Damaged,Refunded,1102.35
181225,105133,2024-04-05,Size Issue,Rejected,1763.22
181226,101562,2025-05-28,Size Issue,Refunded,1450.22
181227,106663,2024-06-14,Size Issue,Approved,1505.25
181228,96783,2026-06-24,Damaged,Refunded,2367.5
181229,103557,2024-12-04,Size Issue,Refunded,1905.57
181230,103095,2026-01-31,Damaged,Approved,2249.47
181231,113318,2024-01-26,Wrong Item,Refunded,647.27
181232,91953,2026-08-07,Changed Mind,Refunded,443.16
181233,108454,2026-05-20,Damaged,Approved,1358.58
181234,99008,2025-08-04,Damaged,Approved,913.11
181235,116184,2025-12-09,Quality Issue,Approved,13713.95
181236,120595,2025-04-27,Changed Mind,Approved,2977.07
181237,117584,2024-03-21,Damaged,Approved,5022.88
181238,111807,2024-01-31,Damaged,Refunded,843.09
181239,111410,2026-04-30,Size Issue,Approved,2065.25
181240,111289,2024-05-03,Damaged,Refunded,2568.96
181241,120919,2024-04-13,Size Issue,Approved,4808.95
181242,106394,2025-10-10,Size Issue,Refunded,1791.52
181243,94809,2025-03-22,Damaged,Approved,1561.46
181244,92415,2025-05-29,Wrong Item,Refunded,694.79
181245,112794,2025-02-25,Quality Issue,Refunded,1022.48
181246,106538,2025-08-08,Damaged,Refunded,627.02
181247,97049,2026-08-08,Size Issue,Rejected,199.86
181248,91274,2025-09-27,Size Issue,Rejected,1058.72
181249,104415,2024-02-05,Size Issue,Refunded,1042.21
181250,119141,2025-04-09,Quality Issue,Approved,1258.86
181251,90291,2024-04-30,Quality Issue,Refunded,597.15
181252,115270,2025-10-18,Changed Mind,Refunded,322.68
181253,114116,2025-09-16,Wrong Item,Refunded,1139.39
181254,97241,2024-09-25,Changed Mind,Refunded,5235.46
181255,119205,2024-09-24,Size Issue,Refunded,1074.92
181256,114807,2024-03-11,Size Issue,Refunded,1037.84
181257,90605,2024-12-15,Quality Issue,Approved,998.88
181258,116550,2026-01-13,Size Issue,Refunded,1749.98
181259,97797,2025-04-21,Quality Issue,Refunded,1178.1
181260,120340,2024-06-11,Wrong Item,Approved,1275.14
181261,115355,2024-08-17,Size Issue,Approved,1058.18
181262,98052,2024-07-22,Changed Mind,Refunded,822.1
181263,90199,2024-12-08,Changed Mind,Rejected,2006.2
181264,91458,2025-02-19,Quality Issue,Refunded,767.73
181265,116928,2025-02-25,Damaged,Refunded,776.28
181266,90019,2024-06-12,Quality Issue,Refunded,3342.0
181267,102690,2026-01-29,Size Issue,Rejected,1764.32
181268,90675,2026-02-04,Wrong Item,Approved,609.27
181269,94559,2024-09-03,Size Issue,Refunded,879.72
181270,115905,2026-08-04,Damaged,Refunded,1787.67
181271,113440,2024-08-17,Changed Mind,Approved,3856.1
181272,111498,2024-03-12,Size Issue,Refunded,1184.48
181273,97517,2025-02-23,Quality Issue,Approved,1759.52
181274,109724,2026-07-28,Size Issue,Refunded,1119.19
181275,117468,2026-02-20,Changed Mind,Refunded,2928.87
181276,116514,2025-02-07,Damaged,Approved,2890.61
181277,94566,2026-06-30,Size Issue,Refunded,1147.56
181278,115243,2025-09-17,Quality Issue,Refunded,5054.52
181279,93057,2024-02-19,Size Issue,Approved,1151.34
181280,112448,2025-09-24,Damaged,Refunded,1816.42
181281,117458,2024-12-02,Size Issue,Refunded,4258.44
181282,118368,2025-12-17,Quality Issue,Approved,2871.53
181283,113250,2024-04-27,Damaged,Refunded,1665.91
181284,119906,2025-12-16,Quality Issue,Refunded,1345.34
181285,103853,2026-03-18,Size Issue,Refunded,2121.49
181286,120252,2025-09-20,Damaged,Refunded,2303.84
181287,100764,2024-05-24,Changed Mind,Refunded,2314.22
181288,112907,2024-11-17,Size Issue,Refunded,491.89
181289,116489,2024-02-08,Changed Mind,Approved,313.42
181290,119418,2024-06-15,Wrong Item,Approved,900.2
181291,90635,2026-02-19,Wrong Item,Approved,2730.24
181292,100299,2026-07-27,Changed Mind,Refunded,4886.98
181293,118255,2025-12-24,Wrong Item,Refunded,714.76
181294,93374,2024-08-03,Quality Issue,Approved,1252.43
181295,114407,2024-12-12,Quality Issue,Approved,2492.16
181296,118127,2026-08-05,Wrong Item,Approved,2043.83
181297,103807,2025-12-05,Quality Issue,Refunded,4492.82
181298,104140,2026-01-07,Damaged,Approved,3736.83
181299,95060,2026-05-09,Quality Issue,Refunded,1215.35
181300,93391,2024-08-17,Damaged,Refunded,6490.25
181301,108946,2025-01-04,Changed Mind,Refunded,7392.01
181302,117364,2024-06-27,Damaged,Refunded,828.66
181303,107720,2026-02-24,Size Issue,Approved,3680.9
181304,120350,2026-09-05,Damaged,Refunded,766.88
181305,109340,2024-09-15,Damaged,Rejected,2969.71
181306,101731,2025-01-08,Changed Mind,Refunded,2023.98
181307,117958,2025-08-04,Quality Issue,Rejected,1575.85
181308,110607,2025-08-06,Damaged,Rejected,721.0
181309,109395,2025-08-21,Changed Mind,Refunded,542.68
181310,118845,2025-05-19,Damaged,Approved,508.6
181311,111173,2024-10-26,Size Issue,Approved,565.86
181312,91822,2024-12-01,Changed Mind,Refunded,2921.39
181313,102194,2025-04-05,Wrong Item,Approved,977.32
181314,105292,2025-09-03,Size Issue,Approved,442.41
181315,93668,2024-11-30,Size Issue,Refunded,2423.86
181316,99627,2025-02-26,Size Issue,Refunded,4596.26
181317,111243,2025-09-21,Size Issue,Refunded,2181.72
181318,97168,2024-11-26,Changed Mind,Refunded,342.62
181319,106810,2025-06-11,Size Issue,Approved,889.19
181320,114456,2024-01-24,Wrong Item,Refunded,2244.33
181321,101056,2025-12-13,Damaged,Approved,2763.52
181322,117024,2024-09-20,Wrong Item,Approved,736.39
181323,92847,2025-04-05,Quality Issue,Refunded,592.23
181324,119081,2024-06-18,Changed Mind,Refunded,1926.84
181325,96585,2025-01-07,Size Issue,Approved,1898.39
181326,115344,2024-03-02,Changed Mind,Refunded,1197.55
181327,112495,2024-03-06,Quality Issue,Rejected,605.79
181328,99138,2026-02-28,Size Issue,Approved,2092.1
181329,110048,2026-01-15,Quality Issue,Approved,834.33
181330,114055,2024-10-14,Wrong Item,Refunded,1948.1
181331,102908,2024-06-13,Damaged,Approved,1215.0
181332,107133,2024-04-05,Size Issue,Approved,1644.65
181333,112172,2025-03-18,Damaged,Rejected,4048.88
181334,99247,2024-06-09,Size Issue,Refunded,3323.99
181335,95237,2024-02-08,Size Issue,Approved,441.92
181336,100195,2025-03-23,Damaged,Approved,1730.63
181337,109741,2024-11-30,Damaged,Approved,1887.75
181338,119006,2026-02-24,Changed Mind,Approved,3427.13
181339,105465,2024-11-30,Size Issue,Approved,4824.83
181340,111540,2026-01-20,Wrong Item,Refunded,1244.24
181341,93163,2024-08-28,Changed Mind,Refunded,3129.02
181342,117459,2024-12-07,Quality Issue,Approved,1640.41
181343,110096,2024-12-23,Size Issue,Refunded,1561.03
181344,101678,2026-02-01,Quality Issue,Approved,810.73
181345,94582,2024-12-14,Damaged,Approved,356.44
181346,92724,2025-02-02,Damaged,Approved,659.77
181347,107555,2025-08-21,Wrong Item,Refunded,456.77
181348,111459,2024-06-10,Changed Mind,Refunded,2101.95
181349,114693,2025-02-21,Damaged,Approved,304.8
181350,112210,2024-12-13,Wrong Item,Refunded,1327.1
181351,94796,2025-01-21,Quality Issue,Refunded,1168.0
181352,109359,2025-12-22,Wrong Item,Rejected,1349.75
181353,112642,2024-11-13,Changed Mind,Approved,3488.31
181354,101618,2025-08-15,Damaged,Refunded,3424.35
181355,107813,2024-08-02,Changed Mind,Approved,1264.59
181356,99565,2024-11-09,Wrong Item,Refunded,2607.28
181357,101616,2024-03-28,Damaged,Approved,4584.56
181358,100653,2024-01-28,Damaged,Refunded,1278.55
181359,94207,2026-01-07,Size Issue,Approved,487.47
181360,98219,2025-11-10,Damaged,Refunded,900.28
181361,103887,2024-04-17,Damaged,Refunded,671.59
181362,103650,2025-05-02,Quality Issue,Approved,881.25
181363,101958,2025-09-05,Size Issue,Rejected,831.24
181364,103249,2026-08-14,Wrong Item,Refunded,1123.53
181365,93189,2024-07-28,Changed Mind,Refunded,1146.62
181366,95255,2026-01-17,Wrong Item,Approved,847.94
181367,93577,2024-10-20,Wrong Item,Refunded,2709.12
181368,99804,2026-09-15,Wrong Item,Refunded,1133.7
181369,100591,2025-04-26,Quality Issue,Refunded,1021.05
181370,109598,2024-11-06,Wrong Item,Approved,1014.59
181371,92145,2024-09-03,Quality Issue,Refunded,593.11
181372,116229,2026-01-02,Quality Issue,Refunded,1615.24
181373,105825,2025-09-20,Changed Mind,Approved,1433.44
181374,115198,2024-04-23,Size Issue,Refunded,640.98
181375,96589,2025-04-03,Quality Issue,Approved,434.13
181376,116838,2025-07-21,Quality Issue,Refunded,651.53
181377,102770,2024-01-16,Wrong Item,Refunded,2001.33
181378,106737,2025-08-25,Damaged,Rejected,748.35
181379,104177,2026-02-08,Quality Issue,Refunded,730.45
181380,112855,2025-09-16,Changed Mind,Refunded,1383.64
181381,97354,2025-03-24,Damaged,Approved,1120.76
181382,97609,2025-03-06,Quality Issue,Approved,2941.38
181383,102899,2024-12-31,Damaged,Refunded,10328.99
181384,112850,2026-02-18,Size Issue,Rejected,408.04
181385,119781,2026-05-08,Damaged,Approved,1686.03
181386,99365,2024-11-07,Changed Mind,Approved,1259.63
181387,116073,2026-09-11,Quality Issue,Refunded,570.62
181388,95432,2025-07-20,Damaged,Approved,2476.08
181389,107908,2024-11-30,Size Issue,Approved,829.58
181390,101692,2025-06-15,Wrong Item,Approved,543.82
181391,101703,2025-12-25,Damaged,Refunded,606.2
181392,101128,2025-03-05,Wrong Item,Refunded,2598.3
181393,105609,2024-03-02,Wrong Item,Refunded,1516.7
181394,96345,2025-12-01,Size Issue,Refunded,1573.92
181395,117994,2026-08-04,Quality Issue,Approved,1993.4
181396,120272,2024-07-14,Changed Mind,Approved,901.21
181397,104406,2026-09-04,Quality Issue,Approved,826.61
181398,100928,2025-06-30,Damaged,Refunded,469.89
181399,96695,2026-07-26,Changed Mind,Refunded,1639.41
181400,115709,2024-09-26,Wrong Item,Rejected,1344.98
181401,95590,2025-07-28,Quality Issue,Approved,1055.38
181402,119757,2024-05-03,Size Issue,Refunded,1381.75
181403,113014,2025-12-31,Changed Mind,Approved,856.0
181404,111798,2024-04-08,Wrong Item,Approved,476.79
181405,117496,2026-06-05,Size Issue,Refunded,3226.44
181406,117020,2025-03-15,Wrong Item,Refunded,646.62
181407,112503,2024-07-23,Size Issue,Approved,1245.91
181408,110007,2024-05-12,Quality Issue,Approved,1264.82
181409,99813,2024-02-20,Quality Issue,Approved,1249.78
181410,93561,2025-02-25,Wrong Item,Refunded,3326.72
181411,92621,2024-10-23,Size Issue,Refunded,2308.39
181412,93955,2024-02-11,Damaged,Refunded,6088.23
181413,94617,2024-12-21,Size Issue,Refunded,1462.72
181414,92475,2025-02-08,Size Issue,Refunded,1550.86
181415,104277,2024-02-19,Changed Mind,Approved,1800.05
181416,102463,2024-04-22,Size Issue,Refunded,3718.66
181417,117003,2025-03-06,Quality Issue,Approved,5170.8
181418,90382,2025-06-10,Damaged,Rejected,240.96
181419,93064,2026-02-21,Damaged,Approved,647.79
181420,98437,2025-08-16,Size Issue,Approved,4040.6
181421,114358,2024-08-17,Changed Mind,Approved,2906.41
181422,100810,2025-04-08,Quality Issue,Refunded,885.16
181423,117718,2026-07-16,Wrong Item,Approved,2467.75
181424,98765,2024-04-28,Size Issue,Refunded,1424.07
181425,115219,2025-05-29,Size Issue,Refunded,4758.23
181426,107101,2026-04-04,Quality Issue,Refunded,547.78
181427,118253,2025-05-02,Damaged,Refunded,2375.87
181428,93766,2024-01-16,Damaged,Approved,1095.37
181429,103127,2024-06-27,Size Issue,Refunded,4702.51
181430,110682,2025-03-29,Damaged,Approved,678.96
181431,95873,2024-01-07,Changed Mind,Refunded,973.13
181432,112880,2025-08-24,Wrong Item,Approved,3291.93
181433,107737,2025-08-12,Damaged,Refunded,1403.65
181434,119775,2024-06-18,Damaged,Approved,4364.24
181435,119513,2025-11-11,Damaged,Approved,148.28
181436,110553,2025-01-13,Wrong Item,Refunded,1099.33
181437,94234,2026-08-03,Damaged,Refunded,784.36
181438,92757,2024-09-02,Damaged,Refunded,2355.39
181439,90159,2025-01-27,Size Issue,Approved,1340.14
181440,97121,2024-04-15,Quality Issue,Refunded,443.98
181441,97979,2025-03-19,Quality Issue,Approved,376.35
181442,97915,2024-05-20,Wrong Item,Refunded,1817.46
181443,109366,2024-08-31,Size Issue,Refunded,206.54
181444,106508,2026-07-24,Changed Mind,Refunded,562.84
181445,119375,2025-07-19,Wrong Item,Refunded,1513.4
181446,93690,2024-04-25,Size Issue,Approved,320.37
181447,111447,2025-05-25,Damaged,Approved,2885.49
181448,96318,2025-10-13,Quality Issue,Refunded,850.81
181449,90556,2026-01-05,Quality Issue,Refunded,852.52
181450,105160,2024-02-03,Size Issue,Refunded,2261.6
181451,103084,2025-12-02,Size Issue,Refunded,475.89
181452,109863,2024-12-28,Changed Mind,Refunded,944.61
181453,99290,2025-04-26,Changed Mind,Refunded,853.58
181454,95235,2024-08-08,Wrong Item,Rejected,1828.52
181455,115428,2025-08-30,Size Issue,Refunded,1846.4
181456,103011,2024-07-07,Damaged,Approved,844.33
181457,111462,2026-02-06,Wrong Item,Refunded,914.2
181458,101914,2025-03-31,Changed Mind,Refunded,3984.05
181459,97418,2026-05-28,Damaged,Refunded,1825.81
181460,114033,2024-07-11,Changed Mind,Approved,963.94
181461,96684,2024-04-19,Size Issue,Approved,3686.59
181462,96889,2025-09-23,Quality Issue,Approved,2450.35
181463,100353,2026-01-23,Quality Issue,Approved,9892.5
181464,104028,2024-05-29,Quality Issue,Approved,4330.51
181465,106630,2025-03-20,Changed Mind,Approved,814.16
181466,94765,2024-10-31,Size Issue,Refunded,3338.98
181467,113613,2024-07-04,Changed Mind,Rejected,3601.66
181468,114658,2024-10-13,Wrong Item,Approved,12548.75
181469,114982,2024-09-06,Wrong Item,Approved,2043.12
181470,120532,2025-05-16,Wrong Item,Approved,3459.57
181471,119727,2025-08-06,Size Issue,Approved,6127.84
181472,102879,2026-06-17,Quality Issue,Refunded,876.96
181473,106551,2026-06-24,Damaged,Approved,2281.64
181474,106203,2026-02-14,Size Issue,Refunded,1649.15
181475,108265,2026-04-27,Quality Issue,Approved,947.86
181476,92263,2025-08-31,Size Issue,Refunded,1940.24
181477,120148,2024-02-03,Quality Issue,Refunded,4570.52
181478,108098,2024-05-04,Changed Mind,Approved,367.86
181479,90769,2024-02-10,Quality Issue,Approved,299.67
181480,97110,2025-04-05,Wrong Item,Refunded,3093.6
181481,98426,2025-08-14,Damaged,Approved,540.92
181482,100602,2026-06-26,Damaged,Refunded,533.65
181483,100909,2026-02-22,Wrong Item,Refunded,4014.13
181484,113300,2025-11-24,Size Issue,Refunded,369.21
181485,94592,2024-06-14,Size Issue,Rejected,377.1
181486,97887,2025-07-08,Quality Issue,Approved,2139.99
181487,119197,2026-08-18,Damaged,Approved,761.02
181488,105565,2025-05-07,Changed Mind,Approved,5929.44
181489,117734,2024-08-01,Changed Mind,Refunded,715.39
181490,95932,2024-04-15,Size Issue,Approved,2077.17
181491,97834,2026-08-11,Damaged,Refunded,371.46
181492,97560,2025-11-25,Quality Issue,Refunded,681.06
181493,103866,2025-03-25,Changed Mind,Refunded,5005.79
181494,96774,2024-04-20,Damaged,Approved,727.73
181495,92134,2025-02-09,Damaged,Approved,4420.12
181496,116581,2026-07-14,Changed Mind,Approved,782.88
181497,104428,2024-10-07,Changed Mind,Refunded,757.27
181498,105267,2025-08-27,Damaged,Approved,787.79
181499,91759,2025-04-10,Quality Issue,Refunded,3611.94
181500,111508,2024-01-26,Wrong Item,Approved,1391.67
181501,100395,2025-09-04,Quality Issue,Refunded,1207.76
181502,115045,2025-06-21,Damaged,Refunded,498.02
181503,114386,2024-12-04,Size Issue,Approved,1975.53
181504,99887,2026-06-06,Damaged,Refunded,4110.91
181505,103954,2024-05-03,Quality Issue,Refunded,5178.23
181506,94679,2025-07-03,Damaged,Refunded,896.0
181507,91949,2025-10-25,Quality Issue,Approved,1857.74
181508,112137,2024-10-23,Size Issue,Approved,615.42
181509,96805,2025-07-24,Size Issue,Approved,1932.56
181510,102662,2025-07-14,Quality Issue,Approved,648.96
181511,92387,2026-01-18,Quality Issue,Refunded,1058.53
181512,91723,2025-11-04,Damaged,Refunded,780.89
181513,109868,2026-06-12,Damaged,Rejected,721.42
181514,92776,2025-03-05,Quality Issue,Approved,4297.1
181515,117604,2024-07-14,Size Issue,Approved,2463.33
181516,92998,2025-10-05,Size Issue,Rejected,880.66
181517,94727,2024-07-25,Size Issue,Approved,1847.04
181518,100205,2024-01-17,Size Issue,Refunded,1112.05
181519,120235,2025-04-24,Quality Issue,Approved,686.45
181520,97648,2024-02-06,Quality Issue,Refunded,958.78
181521,99886,2026-05-13,Damaged,Refunded,2569.57
181522,99501,2024-11-03,Size Issue,Rejected,3822.95
181523,104240,2024-08-31,Damaged,Approved,794.18
181524,101983,2024-10-02,Wrong Item,Refunded,1162.61
181525,106478,2025-06-11,Changed Mind,Refunded,506.9
181526,115935,2024-12-03,Quality Issue,Approved,1786.4
181527,90307,2024-03-15,Damaged,Approved,3034.15
181528,105134,2025-08-31,Quality Issue,Refunded,423.09
181529,96426,2026-07-09,Quality Issue,Approved,927.01
181530,108208,2026-02-02,Damaged,Approved,618.57
181531,95759,2025-10-18,Size Issue,Refunded,1580.53
181532,90493,2025-12-27,Changed Mind,Approved,3244.14
181533,110423,2026-07-16,Wrong Item,Rejected,1660.34
181534,99959,2024-11-30,Changed Mind,Rejected,1021.68
181535,108705,2025-09-28,Wrong Item,Refunded,330.78
181536,93656,2026-02-23,Changed Mind,Refunded,833.34
181537,112871,2026-07-03,Wrong Item,Refunded,1196.17
181538,104262,2025-12-23,Quality Issue,Rejected,996.23
181539,102621,2026-06-02,Changed Mind,Refunded,316.42
181540,119919,2025-02-28,Changed Mind,Refunded,2904.61
181541,105192,2026-06-07,Quality Issue,Approved,2901.55
181542,98570,2026-03-28,Damaged,Approved,730.89
181543,120432,2026-03-07,Quality Issue,Refunded,692.31
181544,101269,2025-01-23,Size Issue,Rejected,3753.71
181545,110870,2024-04-06,Size Issue,Refunded,807.54
181546,99422,2026-05-26,Quality Issue,Approved,597.2
181547,118482,2024-06-20,Size Issue,Refunded,3036.1
181548,102523,2026-03-23,Size Issue,Refunded,2270.13
181549,102785,2026-02-23,Quality Issue,Refunded,1497.8
181550,100471,2026-04-01,Damaged,Rejected,1338.95
181551,116854,2024-11-25,Quality Issue,Refunded,1302.52
181552,104344,2024-02-20,Damaged,Approved,725.49
181553,110284,2024-05-17,Size Issue,Refunded,435.87
181554,104995,2025-09-20,Quality Issue,Approved,859.47
181555,118788,2024-02-26,Size Issue,Approved,2238.99
181556,106818,2024-12-01,Quality Issue,Rejected,4722.61
181557,90454,2026-06-26,Changed Mind,Approved,1442.52
181558,104543,2025-12-15,Damaged,Approved,2227.52
181559,116028,2026-04-16,Size Issue,Approved,9480.1
181560,96557,2025-06-20,Changed Mind,Refunded,727.36
181561,116639,2024-12-02,Changed Mind,Refunded,2248.93
181562,103990,2025-09-11,Changed Mind,Rejected,5834.83
181563,117527,2025-11-15,Size Issue,Refunded,320.87
181564,105695,2026-08-15,Size Issue,Approved,1358.05
181565,110909,2026-04-11,Damaged,Approved,1494.38
181566,94888,2025-10-14,Wrong Item,Refunded,1487.67
181567,99013,2024-04-15,Size Issue,Approved,3250.92
181568,98531,2024-11-14,Size Issue,Approved,1787.67
181569,99433,2025-01-18,Wrong Item,Approved,863.51
181570,101284,2024-11-21,Quality Issue,Approved,2106.23
181571,105496,2025-05-19,Quality Issue,Rejected,438.6
181572,114627,2026-06-24,Quality Issue,Approved,1870.84
181573,99715,2026-04-11,Wrong Item,Approved,944.98
181574,120486,2026-03-02,Changed Mind,Refunded,2643.53
181575,113043,2025-05-11,Wrong Item,Refunded,1555.66
181576,100661,2026-04-24,Size Issue,Refunded,843.15
181577,106914,2024-12-18,Size Issue,Refunded,1729.55
181578,117061,2025-10-24,Quality Issue,Refunded,1330.92
181579,97939,2024-11-25,Size Issue,Refunded,653.1
181580,114997,2024-10-06,Changed Mind,Refunded,762.29
181581,94150,2025-10-19,Size Issue,Approved,1135.29
181582,105752,2025-10-29,Size Issue,Refunded,8701.25
181583,114616,2024-07-27,Damaged,Refunded,2397.8
181584,98881,2024-01-21,Wrong Item,Refunded,203.48
181585,101735,2024-11-01,Damaged,Approved,1131.72
181586,100290,2026-01-03,Damaged,Refunded,1327.64
181587,95194,2025-05-16,Size Issue,Refunded,650.53
181588,106365,2024-07-24,Size Issue,Approved,1489.17
181589,95051,2026-08-26,Changed Mind,Refunded,2074.78
181590,100411,2026-01-31,Damaged,Rejected,12837.47
181591,119024,2024-11-26,Quality Issue,Approved,1252.09
181592,93042,2026-04-09,Wrong Item,Refunded,8989.65
181593,110952,2024-03-09,Changed Mind,Refunded,5004.62
181594,102493,2024-04-02,Damaged,Approved,1855.46
181595,93764,2026-05-01,Wrong Item,Rejected,4771.32
181596,106629,2026-03-16,Quality Issue,Refunded,787.23
181597,114538,2024-07-25,Damaged,Approved,1382.1
181598,113763,2025-02-10,Quality Issue,Approved,2423.51
181599,112608,2026-08-21,Quality Issue,Approved,1837.2
181600,114295,2024-03-12,Size Issue,Approved,3017.91
181601,106121,2026-02-23,Quality Issue,Refunded,3798.26
181602,109326,2026-06-19,Size Issue,Approved,2504.66
181603,119107,2024-11-23,Quality Issue,Refunded,3610.83
181604,107387,2026-03-27,Size Issue,Refunded,1559.42
181605,113288,2025-05-17,Damaged,Refunded,382.76
181606,114145,2024-11-24,Damaged,Approved,2612.19
181607,107267,2025-03-03,Wrong Item,Rejected,1535.93
181608,91215,2026-06-17,Wrong Item,Approved,715.28
181609,100174,2024-03-22,Changed Mind,Refunded,1679.98
181610,116608,2026-05-08,Changed Mind,Approved,888.69
181611,93481,2025-01-14,Changed Mind,Approved,947.5
181612,119116,2025-11-07,Size Issue,Approved,723.35
181613,120526,2024-03-21,Size Issue,Rejected,2351.4
181614,92356,2024-10-01,Quality Issue,Refunded,1553.89
181615,108510,2025-01-04,Size Issue,Refunded,2381.04
181616,107247,2024-11-05,Size Issue,Approved,3465.36
181617,104309,2025-02-08,Quality Issue,Approved,445.34
181618,101712,2024-04-13,Size Issue,Approved,615.39
181619,95131,2026-09-13,Size Issue,Refunded,4033.73
181620,110907,2024-03-07,Damaged,Rejected,963.58
181621,118286,2026-07-07,Quality Issue,Approved,4379.3
181622,104606,2025-10-12,Quality Issue,Rejected,1564.58
181623,111933,2024-06-05,Size Issue,Approved,818.35
181624,95630,2026-03-03,Size Issue,Refunded,738.61
181625,107801,2024-02-22,Changed Mind,Refunded,526.75
181626,97945,2025-08-09,Changed Mind,Refunded,1754.17
181627,102241,2024-04-06,Wrong Item,Refunded,1942.11
181628,108320,2025-12-09,Size Issue,Refunded,239.47
181629,108171,2024-12-31,Size Issue,Approved,3805.15
181630,100891,2024-01-12,Changed Mind,Refunded,1714.41
181631,115193,2025-01-18,Changed Mind,Approved,1328.54
181632,93316,2024-10-28,Changed Mind,Refunded,747.67
181633,92529,2026-07-11,Wrong Item,Rejected,1251.94
181634,92154,2025-08-03,Changed Mind,Refunded,320.66
181635,117915,2025-01-23,Changed Mind,Approved,2647.92
181636,102124,2026-02-24,Size Issue,Approved,608.53
181637,116266,2024-08-29,Size Issue,Refunded,3489.61
181638,92497,2025-07-23,Size Issue,Refunded,341.76
181639,116525,2024-06-20,Damaged,Refunded,1382.87
181640,101504,2026-02-04,Size Issue,Refunded,646.12
181641,116962,2026-02-22,Damaged,Approved,882.42
181642,91107,2025-09-22,Quality Issue,Approved,4856.69
181643,108149,2025-09-30,Size Issue,Approved,1228.78
181644,104214,2025-09-05,Size Issue,Approved,4103.58
181645,97934,2025-11-27,Wrong Item,Refunded,1597.79
181646,95305,2026-01-29,Size Issue,Approved,3270.68
181647,115604,2025-03-12,Quality Issue,Refunded,805.43
181648,107063,2025-11-01,Damaged,Rejected,2152.96
181649,106058,2026-01-17,Changed Mind,Approved,4021.47
181650,97236,2026-04-11,Quality Issue,Approved,3124.48
181651,103055,2026-01-31,Quality Issue,Refunded,1627.21
181652,92485,2024-02-06,Damaged,Rejected,368.37
181653,90066,2024-11-10,Size Issue,Approved,619.37
181654,98712,2024-11-11,Wrong Item,Refunded,285.83
181655,106164,2025-04-21,Size Issue,Refunded,532.49
181656,109062,2026-08-22,Damaged,Approved,3115.63
181657,92490,2026-03-04,Quality Issue,Approved,2716.25
181658,107952,2026-05-08,Quality Issue,Approved,10550.42
181659,103378,2024-08-22,Size Issue,Refunded,472.01
181660,104763,2025-03-31,Size Issue,Refunded,1234.97
181661,115883,2025-01-30,Size Issue,Refunded,740.41
181662,97160,2025-03-06,Changed Mind,Approved,1756.53
181663,114526,2025-03-14,Size Issue,Refunded,5494.26
181664,101922,2026-08-15,Changed Mind,Refunded,4068.33
181665,96459,2025-09-27,Size Issue,Refunded,2015.38
181666,118440,2024-03-07,Size Issue,Refunded,739.95
181667,105544,2026-03-07,Damaged,Refunded,1019.13
181668,115085,2024-02-24,Wrong Item,Approved,5034.52
181669,103829,2024-09-08,Size Issue,Refunded,674.61
181670,114229,2024-10-21,Size Issue,Refunded,1618.15
181671,106929,2026-07-25,Wrong Item,Approved,6161.89
181672,94279,2025-06-30,Size Issue,Rejected,667.55
181673,92536,2024-05-24,Quality Issue,Refunded,1760.1
181674,98632,2024-02-06,Quality Issue,Refunded,5616.1
181675,105643,2026-05-25,Size Issue,Refunded,1656.46
181676,102555,2025-02-04,Quality Issue,Approved,1202.65
181677,101747,2025-03-27,Quality Issue,Approved,7236.82
181678,91564,2026-08-07,Wrong Item,Approved,1130.71
181679,101880,2026-08-21,Quality Issue,Approved,1393.18
181680,100134,2025-12-21,Wrong Item,Refunded,238.2
181681,120625,2024-08-08,Damaged,Refunded,2066.81
181682,90710,2025-10-05,Damaged,Refunded,901.62
181683,120465,2025-04-10,Wrong Item,Approved,3559.26
181684,100277,2025-10-04,Changed Mind,Refunded,974.68
181685,99411,2024-12-13,Changed Mind,Refunded,1047.13
181686,102286,2026-04-18,Quality Issue,Refunded,1848.68
181687,97992,2025-12-27,Quality Issue,Approved,1240.74
181688,95224,2026-05-11,Damaged,Refunded,2385.39
181689,103229,2026-01-04,Size Issue,Refunded,975.7
181690,104845,2026-01-13,Quality Issue,Rejected,2198.27
181691,120179,2024-07-29,Changed Mind,Approved,965.8
181692,102629,2026-01-06,Size Issue,Refunded,318.68
181693,105418,2025-04-08,Wrong Item,Refunded,5745.24
181694,111958,2025-12-03,Changed Mind,Approved,1600.73
181695,108519,2024-09-24,Changed Mind,Refunded,1580.52
181696,109637,2024-08-09,Quality Issue,Approved,12074.07
181697,111184,2024-04-06,Size Issue,Refunded,730.51
181698,112363,2024-11-14,Quality Issue,Rejected,1035.13
181699,94692,2024-01-23,Changed Mind,Refunded,757.78
181700,113802,2024-10-01,Quality Issue,Refunded,1809.22
181701,90915,2024-03-25,Size Issue,Approved,3220.31
181702,101118,2024-07-13,Wrong Item,Approved,1543.2
181703,95516,2025-05-19,Damaged,Approved,845.53
181704,104925,2025-06-19,Quality Issue,Refunded,1675.3
181705,104370,2024-06-21,Wrong Item,Refunded,1777.88
181706,113468,2024-01-17,Size Issue,Rejected,3981.96
181707,119470,2025-05-16,Quality Issue,Refunded,393.52
181708,90200,2024-04-13,Damaged,Approved,1801.99
181709,100214,2024-05-24,Wrong Item,Refunded,539.37
181710,93097,2025-09-07,Quality Issue,Approved,3350.05
181711,95571,2025-01-15,Changed Mind,Refunded,1059.06
181712,100851,2025-08-19,Changed Mind,Approved,707.71
181713,109966,2026-01-26,Damaged,Approved,684.43
181714,103851,2024-05-05,Size Issue,Approved,2463.05
181715,120736,2024-09-06,Quality Issue,Approved,10786.23
181716,96107,2024-05-19,Wrong Item,Rejected,3743.72
181717,111204,2024-02-02,Quality Issue,Refunded,981.17
181718,117971,2025-01-06,Changed Mind,Refunded,4829.27
181719,105766,2024-11-17,Wrong Item,Approved,1673.25
181720,99883,2026-03-03,Quality Issue,Approved,693.1
181721,116485,2026-08-29,Quality Issue,Approved,1655.64
181722,105927,2024-08-11,Size Issue,Refunded,1004.28
181723,99859,2025-02-21,Damaged,Refunded,2022.8
181724,109394,2026-06-28,Wrong Item,Approved,2039.26
181725,119376,2025-07-07,Size Issue,Rejected,2903.86
181726,117806,2025-05-29,Damaged,Refunded,757.44
181727,117777,2024-05-21,Size Issue,Refunded,833.29
181728,98435,2024-06-23,Wrong Item,Approved,926.68
181729,113536,2025-03-17,Quality Issue,Approved,848.14
181730,114026,2025-01-17,Damaged,Rejected,909.09
181731,95985,2025-06-15,Quality Issue,Refunded,607.86
181732,94870,2026-03-21,Quality Issue,Refunded,2137.58
181733,114653,2024-12-12,Damaged,Approved,1374.69
181734,98620,2025-10-15,Changed Mind,Refunded,1547.15
181735,92232,2025-03-24,Damaged,Rejected,2321.91
181736,102756,2025-06-15,Wrong Item,Approved,1269.64
181737,105913,2026-04-19,Damaged,Approved,976.48
181738,90952,2025-09-23,Size Issue,Refunded,453.57
181739,106682,2024-03-14,Size Issue,Refunded,1936.11
181740,91902,2026-08-05,Damaged,Approved,664.89
181741,105053,2024-08-07,Size Issue,Refunded,397.9
181742,91206,2024-05-11,Changed Mind,Approved,648.85
181743,112367,2026-02-03,Quality Issue,Rejected,1170.82
181744,115203,2024-03-06,Quality Issue,Refunded,1630.12
181745,102299,2026-08-17,Damaged,Refunded,1470.79
181746,114324,2024-08-20,Damaged,Approved,2249.09
181747,94557,2026-03-07,Wrong Item,Approved,895.81
181748,94445,2024-06-22,Damaged,Approved,1157.06
181749,114269,2025-09-26,Quality Issue,Rejected,3418.54
181750,96038,2024-07-16,Size Issue,Approved,440.19
181751,95003,2024-12-31,Changed Mind,Approved,3173.93
181752,94686,2026-07-23,Changed Mind,Refunded,492.67
181753,104078,2025-09-24,Size Issue,Refunded,1111.15
181754,107353,2024-05-04,Quality Issue,Approved,819.02
181755,100809,2025-05-14,Changed Mind,Approved,1517.35
181756,95236,2024-02-06,Wrong Item,Refunded,4329.73
181757,90464,2025-08-04,Quality Issue,Rejected,2120.78
181758,98942,2025-07-04,Damaged,Refunded,587.49
181759,117327,2026-05-01,Damaged,Approved,4797.88
181760,99674,2024-02-22,Damaged,Refunded,269.37
181761,104758,2026-06-25,Damaged,Refunded,416.29
181762,91800,2024-04-29,Quality Issue,Approved,248.48
181763,91542,2025-01-17,Quality Issue,Approved,1841.38
181764,103424,2024-02-13,Damaged,Approved,1708.99
181765,101984,2024-09-19,Quality Issue,Approved,465.72
181766,118235,2024-07-26,Damaged,Rejected,415.24
181767,106568,2025-11-08,Changed Mind,Approved,1257.59
181768,105691,2026-03-08,Damaged,Refunded,14552.66
181769,93235,2026-04-20,Damaged,Refunded,2002.03
181770,118867,2025-04-06,Changed Mind,Approved,5932.61
181771,104193,2024-07-18,Size Issue,Refunded,538.6
181772,119726,2024-02-14,Size Issue,Approved,6754.03
181773,117028,2024-02-16,Quality Issue,Approved,551.17
181774,90112,2024-01-17,Size Issue,Refunded,2970.87
181775,112729,2025-09-20,Changed Mind,Rejected,626.27
181776,104767,2026-05-19,Changed Mind,Refunded,584.17
181777,111390,2024-12-07,Quality Issue,Rejected,1178.53
181778,92442,2024-07-06,Size Issue,Approved,676.1
181779,100560,2025-07-30,Quality Issue,Approved,172.61
181780,103751,2026-07-23,Size Issue,Approved,729.75
181781,95081,2024-06-02,Wrong Item,Approved,2576.42
181782,116752,2024-11-23,Size Issue,Approved,4313.9
181783,90106,2024-12-07,Quality Issue,Refunded,432.71
181784,100239,2025-10-29,Quality Issue,Approved,597.24
181785,104472,2026-04-25,Wrong Item,Refunded,5253.07
181786,116449,2025-09-14,Damaged,Approved,1919.99
181787,98196,2025-09-26,Damaged,Approved,1717.08
181788,107840,2026-09-16,Size Issue,Refunded,3812.84
181789,97180,2024-05-16,Changed Mind,Approved,2838.78
181790,105483,2024-12-17,Size Issue,Approved,526.38
181791,116065,2025-09-15,Damaged,Approved,707.44
181792,110809,2024-05-26,Wrong Item,Approved,1317.69
181793,107631,2025-01-04,Quality Issue,Rejected,779.54
181794,109673,2025-06-13,Changed Mind,Refunded,2373.64
181795,94961,2024-01-09,Size Issue,Refunded,2365.11
181796,114139,2026-02-26,Changed Mind,Rejected,1036.23
181797,106339,2024-08-31,Size Issue,Approved,1151.47
181798,119347,2024-01-20,Changed Mind,Refunded,850.82
181799,120022,2024-12-30,Changed Mind,Rejected,2792.54
181800,115460,2026-07-09,Quality Issue,Refunded,1644.28
181801,92292,2026-07-12,Size Issue,Refunded,1950.04
181802,117362,2026-09-07,Changed Mind,Approved,8030.71
181803,94232,2024-04-18,Quality Issue,Refunded,1197.18
181804,119020,2025-03-06,Quality Issue,Approved,688.9
181805,120390,2024-06-30,Damaged,Refunded,1957.13
181806,106913,2026-04-09,Wrong Item,Approved,2550.58
181807,91932,2026-01-18,Changed Mind,Approved,1077.47
181808,97483,2024-06-27,Wrong Item,Approved,2233.69
181809,96961,2025-05-04,Size Issue,Approved,667.31
181810,118869,2025-12-28,Size Issue,Approved,516.59
181811,114859,2026-07-01,Changed Mind,Refunded,985.45
181812,90122,2024-07-11,Quality Issue,Refunded,815.05
181813,92498,2025-07-31,Quality Issue,Refunded,580.71
181814,94065,2026-04-09,Quality Issue,Refunded,449.13
181815,95591,2025-07-25,Size Issue,Approved,2133.65
181816,95924,2025-11-12,Size Issue,Refunded,802.62
181817,94766,2026-05-06,Damaged,Refunded,5342.6
181818,90844,2025-01-07,Quality Issue,Approved,571.2
181819,103677,2025-07-31,Wrong Item,Refunded,1841.32
181820,104945,2024-03-23,Wrong Item,Rejected,3634.37
181821,107480,2024-02-19,Size Issue,Refunded,1358.57
181822,96713,2025-02-24,Changed Mind,Approved,507.47
181823,115096,2024-09-09,Quality Issue,Approved,6378.57
181824,117236,2024-08-02,Size Issue,Rejected,2709.51
181825,100235,2025-07-06,Damaged,Refunded,6265.37
181826,111857,2026-06-09,Wrong Item,Refunded,3965.06
181827,114434,2024-06-11,Changed Mind,Refunded,738.8
181828,105765,2024-01-20,Size Issue,Approved,1243.71
181829,108577,2025-10-28,Quality Issue,Rejected,918.45
181830,94438,2026-06-30,Size Issue,Refunded,2339.58
181831,107128,2024-09-02,Quality Issue,Approved,6435.92
181832,95173,2026-09-07,Changed Mind,Refunded,599.89
181833,107055,2024-03-26,Quality Issue,Approved,1276.29
181834,94635,2025-11-07,Changed Mind,Approved,1478.34
181835,109365,2024-09-06,Size Issue,Approved,3077.93
181836,95055,2025-02-02,Changed Mind,Refunded,1243.76
181837,118384,2026-03-02,Quality Issue,Refunded,2622.83
181838,112207,2024-02-16,Damaged,Rejected,2970.99
181839,95957,2024-11-26,Wrong Item,Refunded,1389.88
181840,107758,2025-08-03,Damaged,Refunded,6612.62
181841,119762,2025-06-24,Quality Issue,Approved,1966.98
181842,100309,2026-02-05,Damaged,Refunded,1798.58
181843,91228,2026-05-13,Size Issue,Approved,828.88
181844,93419,2025-10-03,Damaged,Rejected,413.02
181845,91412,2024-03-25,Quality Issue,Refunded,752.07
181846,101199,2026-07-05,Wrong Item,Refunded,2371.05
181847,113522,2025-07-10,Quality Issue,Rejected,1618.63
181848,91499,2026-02-24,Quality Issue,Approved,748.22
181849,116245,2026-01-12,Changed Mind,Refunded,1050.73
181850,106786,2026-09-08,Wrong Item,Approved,854.39
181851,113626,2025-01-03,Damaged,Refunded,708.3
181852,112963,2024-07-05,Damaged,Refunded,1222.54
181853,92393,2026-02-13,Size Issue,Approved,1229.57
181854,99939,2025-03-01,Damaged,Refunded,1010.63
181855,95179,2025-02-07,Quality Issue,Refunded,2885.4
181856,112718,2025-11-09,Damaged,Refunded,599.4
181857,119785,2025-01-08,Size Issue,Rejected,1861.61
181858,92984,2024-07-20,Changed Mind,Refunded,3323.63
181859,112665,2025-01-28,Size Issue,Approved,1540.42
181860,92540,2025-06-02,Changed Mind,Approved,3151.95
181861,90679,2024-11-14,Size Issue,Approved,1202.79
181862,103449,2026-08-10,Size Issue,Approved,293.32
181863,101624,2025-04-01,Quality Issue,Approved,362.57
181864,97631,2024-04-14,Changed Mind,Approved,326.98
181865,92689,2026-07-07,Size Issue,Approved,689.33
181866,95192,2025-12-20,Wrong Item,Refunded,1826.15
181867,116998,2024-03-20,Quality Issue,Refunded,854.1
181868,107860,2026-06-05,Size Issue,Refunded,2709.68
181869,98565,2024-08-25,Size Issue,Approved,1995.45
181870,116938,2024-01-25,Size Issue,Refunded,552.76
181871,116356,2026-07-02,Changed Mind,Refunded,4151.28
181872,119643,2025-04-07,Size Issue,Approved,1226.27
181873,106933,2026-07-02,Quality Issue,Approved,984.23
181874,113379,2024-02-29,Size Issue,Refunded,434.46
181875,94820,2024-07-09,Damaged,Refunded,561.04
181876,120018,2024-09-12,Damaged,Refunded,2927.09
181877,103164,2026-04-09,Changed Mind,Refunded,1089.96
181878,104818,2024-10-06,Wrong Item,Approved,7232.18
181879,104494,2025-03-03,Quality Issue,Refunded,1985.16
181880,94136,2024-05-05,Damaged,Refunded,409.16
181881,90794,2024-09-26,Size Issue,Refunded,4619.5
181882,118509,2026-08-26,Damaged,Rejected,1540.38
181883,101691,2026-07-23,Size Issue,Refunded,1755.91
181884,98837,2024-02-07,Wrong Item,Refunded,1232.11
181885,102140,2025-02-22,Changed Mind,Approved,2784.04
181886,96215,2026-01-30,Size Issue,Refunded,1276.13
181887,90781,2025-02-27,Size Issue,Refunded,1258.59
181888,104560,2024-09-16,Size Issue,Approved,1239.03
181889,95441,2025-12-06,Size Issue,Refunded,4881.96
181890,108685,2025-06-16,Size Issue,Refunded,897.47
181891,116089,2025-07-20,Damaged,Refunded,1357.31
181892,108616,2024-06-24,Damaged,Refunded,429.87
181893,98961,2026-05-25,Damaged,Approved,3228.91
181894,97744,2024-03-25,Wrong Item,Refunded,875.47
181895,93346,2024-07-21,Wrong Item,Refunded,7499.31
181896,114564,2026-06-11,Size Issue,Approved,1703.5
181897,116224,2025-02-06,Size Issue,Refunded,5935.13
181898,93156,2024-05-26,Quality Issue,Refunded,791.98
181899,103883,2024-07-21,Size Issue,Approved,1076.64
181900,120849,2024-05-21,Size Issue,Refunded,245.89
181901,97622,2025-09-08,Damaged,Approved,1605.77
181902,116892,2024-12-19,Changed Mind,Approved,847.85
181903,92831,2024-10-30,Quality Issue,Approved,361.36
181904,93649,2026-05-31,Damaged,Refunded,2174.61
181905,100782,2026-03-06,Damaged,Refunded,3304.34
181906,94423,2024-06-26,Changed Mind,Refunded,982.73
181907,97771,2025-01-31,Size Issue,Approved,667.86
181908,91332,2024-04-06,Quality Issue,Approved,399.31
181909,104573,2024-06-26,Size Issue,Rejected,2376.82
181910,105163,2025-05-19,Damaged,Approved,4085.89
181911,93778,2025-08-13,Damaged,Refunded,864.11
181912,101117,2025-05-09,Size Issue,Approved,3055.89
181913,110319,2025-08-24,Damaged,Approved,558.31
181914,118805,2024-09-26,Changed Mind,Refunded,1030.97
181915,90262,2026-04-30,Quality Issue,Refunded,2021.49
181916,97966,2024-07-22,Quality Issue,Refunded,1114.11
181917,100098,2025-10-27,Size Issue,Approved,2257.33
181918,100320,2024-11-05,Quality Issue,Refunded,448.75
181919,93410,2025-08-21,Size Issue,Rejected,896.92
181920,118963,2025-08-25,Changed Mind,Refunded,1685.16
181921,103246,2024-11-13,Size Issue,Approved,370.52
181922,120329,2024-10-14,Size Issue,Rejected,1753.75
181923,120491,2025-11-25,Size Issue,Refunded,1903.84
181924,104233,2024-11-11,Changed Mind,Refunded,2330.89
181925,101561,2025-06-04,Quality Issue,Rejected,8159.53
181926,119531,2026-02-16,Quality Issue,Approved,8464.39
181927,119438,2025-03-05,Size Issue,Approved,7416.66
181928,114510,2025-12-21,Changed Mind,Refunded,979.29
181929,110112,2024-12-26,Size Issue,Refunded,345.88
181930,110819,2024-05-16,Changed Mind,Refunded,692.83
181931,109166,2025-08-18,Quality Issue,Approved,757.79
181932,114907,2024-05-18,Changed Mind,Refunded,2300.79
181933,115349,2025-10-10,Quality Issue,Approved,1865.26
181934,92124,2026-06-11,Size Issue,Approved,984.63
181935,103956,2024-05-08,Damaged,Approved,1617.93
181936,108937,2024-04-18,Quality Issue,Approved,1700.53
181937,108857,2024-05-13,Size Issue,Approved,5475.58
181938,105511,2024-06-14,Size Issue,Refunded,885.29
181939,98682,2026-08-23,Size Issue,Refunded,1344.41
181940,107568,2026-08-05,Changed Mind,Refunded,1424.28
181941,111297,2026-01-24,Quality Issue,Approved,1227.54
181942,92873,2025-01-15,Size Issue,Refunded,597.45
181943,101923,2026-05-28,Size Issue,Refunded,733.34
181944,105344,2025-01-31,Quality Issue,Approved,3403.01
181945,96453,2025-09-30,Quality Issue,Approved,1188.47
181946,104456,2025-03-24,Size Issue,Approved,747.35
181947,102963,2024-09-14,Quality Issue,Refunded,6022.24
181948,114922,2026-03-26,Quality Issue,Approved,923.11
181949,116453,2026-07-25,Size Issue,Approved,2943.33
181950,111288,2025-10-21,Damaged,Refunded,1166.12
181951,92668,2026-02-13,Wrong Item,Approved,1132.38
181952,119325,2026-06-21,Wrong Item,Approved,549.23
181953,117465,2025-08-24,Damaged,Refunded,4605.34
181954,111055,2025-05-26,Damaged,Approved,1831.35
181955,100718,2024-08-15,Quality Issue,Refunded,1085.96
181956,104147,2025-02-24,Size Issue,Refunded,1008.15
181957,118409,2024-12-05,Quality Issue,Refunded,615.06
181958,112375,2026-07-07,Changed Mind,Refunded,999.48
181959,106678,2025-11-06,Damaged,Refunded,1132.39
181960,107615,2025-12-23,Wrong Item,Refunded,5402.09
181961,93396,2024-09-23,Size Issue,Rejected,1184.32
181962,94228,2024-04-03,Quality Issue,Refunded,2099.7
181963,118315,2024-12-22,Size Issue,Approved,8204.95
181964,119508,2025-01-24,Size Issue,Approved,1249.7
181965,110897,2024-10-18,Damaged,Refunded,768.75
181966,97827,2024-01-26,Changed Mind,Rejected,859.16
181967,102355,2025-08-13,Size Issue,Refunded,2254.51
181968,114347,2025-10-07,Size Issue,Refunded,2800.83
181969,104857,2025-11-22,Wrong Item,Approved,725.22
181970,107746,2026-05-22,Damaged,Refunded,517.91
181971,98877,2025-12-06,Wrong Item,Approved,2714.63
181972,93295,2026-03-01,Size Issue,Approved,1726.35
181973,114993,2026-07-25,Size Issue,Refunded,539.04
181974,105173,2026-01-29,Damaged,Refunded,579.68
181975,94364,2024-12-09,Wrong Item,Approved,4227.5
181976,100712,2025-05-04,Quality Issue,Refunded,1514.67
181977,114023,2026-01-31,Changed Mind,Refunded,2538.26
181978,113861,2026-07-19,Damaged,Approved,1884.76
181979,95304,2025-09-22,Size Issue,Refunded,1629.22
181980,113646,2026-05-28,Size Issue,Refunded,1151.95
181981,117063,2024-05-31,Size Issue,Approved,1782.9
181982,98950,2026-08-28,Size Issue,Refunded,1075.78
181983,108927,2025-09-27,Size Issue,Rejected,737.51
181984,106331,2026-05-26,Quality Issue,Refunded,1780.65
181985,104259,2025-12-27,Wrong Item,Approved,996.45
181986,108014,2025-10-16,Quality Issue,Refunded,1525.27
181987,97858,2024-12-24,Wrong Item,Refunded,737.3
181988,90516,2024-08-20,Size Issue,Approved,2343.93
181989,103789,2025-09-21,Changed Mind,Approved,1065.12
181990,102793,2024-06-03,Damaged,Refunded,1596.13
181991,108753,2025-12-16,Quality Issue,Refunded,965.77
181992,102242,2025-01-01,Damaged,Approved,2081.66
181993,117448,2026-09-03,Quality Issue,Approved,2029.41
181994,109123,2024-08-07,Quality Issue,Approved,828.93
181995,118480,2024-09-19,Damaged,Refunded,793.11
181996,109612,2026-01-02,Size Issue,Refunded,1574.83
181997,92484,2024-02-03,Quality Issue,Approved,1873.51
181998,104877,2026-05-15,Quality Issue,Refunded,3609.25
181999,100530,2024-11-25,Quality Issue,Refunded,1636.76
182000,94856,2024-07-01,Size Issue,Refunded,465.85
182001,117085,2025-04-05,Damaged,Refunded,1204.6
182002,91037,2024-07-12,Size Issue,Refunded,1419.51
182003,105681,2025-11-29,Damaged,Approved,628.95
182004,103102,2024-10-23,Quality Issue,Rejected,369.62
182005,110621,2025-11-28,Size Issue,Approved,1401.7
182006,119987,2026-03-13,Size Issue,Approved,599.35
182007,110072,2026-07-29,Size Issue,Refunded,1282.59
182008,90854,2024-12-13,Wrong Item,Approved,471.68
182009,120693,2026-06-29,Damaged,Approved,2341.32
182010,98919,2024-03-25,Size Issue,Refunded,2639.66
182011,100027,2026-04-08,Changed Mind,Refunded,1327.09
182012,97271,2026-08-23,Quality Issue,Approved,715.08
182013,98866,2024-07-31,Size Issue,Refunded,1981.98
182014,113366,2025-10-30,Quality Issue,Refunded,313.81
182015,93046,2026-07-19,Changed Mind,Refunded,304.96
182016,112940,2025-11-11,Size Issue,Refunded,579.05
182017,100101,2024-10-16,Size Issue,Refunded,3149.34
182018,100835,2024-12-10,Changed Mind,Approved,1392.32
182019,119303,2025-10-19,Quality Issue,Refunded,752.45
182020,106425,2025-07-14,Size Issue,Approved,1847.34
182021,102256,2024-12-25,Damaged,Refunded,1681.65
182022,102589,2026-05-08,Wrong Item,Approved,2594.43
182023,114976,2024-04-02,Damaged,Approved,1322.82
182024,109195,2025-04-18,Quality Issue,Refunded,846.6
182025,107069,2025-01-18,Quality Issue,Rejected,560.21
182026,118347,2026-05-16,Wrong Item,Refunded,411.76
182027,106513,2025-05-22,Damaged,Refunded,4531.8
182028,113862,2024-08-18,Size Issue,Refunded,1024.61
182029,97388,2024-03-27,Size Issue,Rejected,508.79
182030,91747,2025-04-02,Size Issue,Refunded,664.25
182031,120643,2026-08-29,Damaged,Approved,2141.43
182032,119703,2025-07-10,Damaged,Refunded,363.18
182033,91641,2025-05-05,Quality Issue,Approved,991.42
182034,109707,2024-06-01,Damaged,Refunded,1168.45
182035,108670,2025-04-12,Damaged,Approved,3220.84
182036,99984,2026-01-03,Wrong Item,Refunded,1436.99
182037,103793,2024-07-30,Quality Issue,Approved,1494.97
182038,111228,2024-03-17,Quality Issue,Refunded,1838.47
182039,116610,2025-12-18,Size Issue,Refunded,5204.31
182040,115066,2025-10-23,Changed Mind,Refunded,1132.36
182041,97739,2026-03-29,Size Issue,Refunded,1959.15
182042,100328,2026-07-30,Size Issue,Approved,1055.31
182043,100995,2025-02-03,Wrong Item,Approved,430.13
182044,111363,2024-04-30,Quality Issue,Approved,2897.51
182045,104115,2026-06-12,Size Issue,Refunded,885.6
182046,118746,2024-05-21,Changed Mind,Refunded,2399.43
182047,100458,2026-06-03,Quality Issue,Refunded,1965.65
182048,102499,2025-06-23,Damaged,Approved,1279.67
182049,92721,2025-09-20,Quality Issue,Refunded,1461.58
182050,103651,2025-02-24,Damaged,Refunded,3699.74
182051,120924,2026-07-27,Changed Mind,Approved,536.07
182052,115710,2025-02-07,Wrong Item,Refunded,1203.56
182053,104642,2025-02-07,Quality Issue,Approved,2031.16
182054,119722,2025-07-20,Size Issue,Approved,1566.1
182055,105460,2024-06-19,Wrong Item,Approved,6205.19
182056,115730,2025-02-04,Quality Issue,Refunded,2115.33
182057,91064,2025-03-11,Wrong Item,Approved,645.1
182058,90824,2025-08-28,Wrong Item,Refunded,1391.8
182059,91709,2026-03-24,Damaged,Refunded,1109.78
182060,104437,2026-01-19,Size Issue,Refunded,4352.34
182061,97909,2024-11-25,Wrong Item,Refunded,782.72
182062,97580,2025-11-12,Size Issue,Approved,691.98
182063,92504,2025-05-07,Wrong Item,Approved,2145.88
182064,113435,2024-01-23,Changed Mind,Refunded,2862.1
182065,109834,2025-06-06,Damaged,Approved,2327.71
182066,112085,2024-07-14,Size Issue,Refunded,328.29
182067,99941,2024-04-22,Damaged,Rejected,2130.61
182068,93213,2024-03-11,Damaged,Approved,534.26
182069,111148,2026-03-25,Changed Mind,Refunded,602.0
182070,120291,2025-02-09,Damaged,Rejected,6045.76
182071,118905,2024-04-23,Size Issue,Approved,1027.41
182072,103118,2025-07-27,Size Issue,Refunded,611.9
182073,118231,2026-08-14,Quality Issue,Refunded,262.16
182074,103682,2026-04-22,Changed Mind,Rejected,703.31
182075,93247,2024-11-09,Changed Mind,Rejected,3464.14
182076,95404,2026-08-04,Size Issue,Approved,1058.32
182077,105174,2025-08-04,Size Issue,Approved,2287.75
182078,114738,2024-05-05,Size Issue,Refunded,1183.54
182079,96464,2026-01-06,Changed Mind,Approved,758.57
182080,101720,2026-04-07,Quality Issue,Refunded,2797.01
182081,105165,2025-05-23,Quality Issue,Approved,1610.55
182082,114491,2024-05-12,Changed Mind,Approved,2159.59
182083,95614,2026-05-10,Size Issue,Refunded,1408.52
182084,109986,2024-11-20,Quality Issue,Refunded,1479.15
182085,98734,2026-01-29,Changed Mind,Approved,1650.78
182086,93300,2024-07-18,Wrong Item,Refunded,2434.06
182087,115261,2026-06-19,Damaged,Approved,4310.82
182088,98935,2024-05-03,Quality Issue,Rejected,647.61
182089,107340,2025-08-12,Size Issue,Approved,4147.49
182090,101639,2024-07-28,Size Issue,Refunded,1034.19
182091,94625,2025-11-10,Quality Issue,Approved,3065.49
182092,106726,2025-09-23,Changed Mind,Refunded,589.23
182093,90723,2025-05-31,Size Issue,Rejected,1538.34
182094,107930,2026-03-07,Wrong Item,Approved,873.55
182095,100474,2025-01-20,Damaged,Rejected,3386.68
182096,110646,2024-08-27,Quality Issue,Approved,1849.9
182097,113898,2024-05-22,Wrong Item,Refunded,1931.55
182098,113531,2024-05-05,Changed Mind,Refunded,1377.18
182099,115376,2024-10-24,Damaged,Rejected,3892.12
182100,110660,2024-05-05,Size Issue,Approved,950.46
182101,110864,2025-12-25,Damaged,Refunded,1695.48
182102,93058,2024-12-15,Changed Mind,Refunded,3541.06
182103,92549,2025-06-01,Size Issue,Approved,1010.48
182104,98600,2024-08-23,Damaged,Rejected,3061.06
182105,93196,2024-03-23,Damaged,Refunded,867.14
182106,106991,2024-09-27,Damaged,Refunded,376.39
182107,118761,2025-06-24,Size Issue,Refunded,568.69
182108,91236,2025-01-27,Size Issue,Rejected,802.73
182109,105242,2025-03-03,Quality Issue,Refunded,1873.68
182110,112895,2025-11-06,Quality Issue,Rejected,3101.37
182111,108859,2025-09-23,Size Issue,Approved,470.23
182112,117780,2024-03-28,Changed Mind,Refunded,4416.76
182113,100856,2026-04-27,Size Issue,Refunded,947.21
182114,117704,2025-07-24,Quality Issue,Refunded,1025.34
182115,118018,2024-06-29,Size Issue,Refunded,1131.0
182116,96350,2026-05-04,Size Issue,Approved,1384.66
182117,95559,2024-10-19,Quality Issue,Refunded,968.97
182118,92103,2025-03-30,Wrong Item,Refunded,1170.71
182119,120848,2026-02-09,Size Issue,Refunded,1469.7
182120,115967,2026-01-23,Size Issue,Approved,1562.45
182121,120413,2025-09-06,Size Issue,Refunded,2350.89
182122,114021,2026-02-25,Wrong Item,Refunded,3603.78
182123,96561,2026-02-21,Quality Issue,Approved,1421.4
182124,95463,2026-04-17,Wrong Item,Approved,2706.39
182125,104330,2024-12-24,Changed Mind,Approved,1280.08
182126,104356,2025-03-27,Size Issue,Approved,358.48
182127,98717,2024-07-15,Damaged,Refunded,939.2
182128,111906,2025-08-13,Damaged,Refunded,1529.04
182129,105947,2024-11-16,Size Issue,Refunded,2889.14
182130,118496,2025-12-25,Damaged,Rejected,559.77
182131,91587,2025-08-08,Size Issue,Refunded,694.68
182132,119126,2024-09-23,Size Issue,Approved,2424.52
182133,102193,2026-02-21,Wrong Item,Refunded,690.92
182134,102903,2024-07-25,Damaged,Rejected,2407.78
182135,96386,2026-04-10,Size Issue,Approved,407.84
182136,112294,2025-12-10,Size Issue,Refunded,3062.41
182137,115118,2024-01-22,Quality Issue,Refunded,594.92
182138,94000,2024-07-17,Quality Issue,Refunded,762.74
182139,104226,2024-04-18,Quality Issue,Approved,1451.1
182140,93467,2024-12-15,Wrong Item,Refunded,3978.49
182141,102786,2026-02-13,Damaged,Approved,1772.22
182142,117120,2025-05-17,Quality Issue,Refunded,700.44
182143,105710,2026-01-01,Damaged,Approved,1925.29
182144,96448,2025-06-18,Wrong Item,Refunded,922.21
182145,102006,2026-03-04,Quality Issue,Approved,504.75
182146,103703,2024-09-27,Size Issue,Refunded,750.0
182147,114084,2025-01-11,Size Issue,Approved,367.54
182148,109100,2024-03-06,Damaged,Refunded,643.7
182149,99782,2025-10-29,Quality Issue,Approved,1014.42
182150,99512,2025-03-17,Size Issue,Approved,934.1
182151,113610,2026-07-01,Damaged,Approved,485.52
182152,99442,2024-05-20,Wrong Item,Refunded,742.31
182153,98360,2026-07-28,Quality Issue,Refunded,890.98
182154,112518,2024-02-04,Quality Issue,Refunded,978.73
182155,94488,2025-10-08,Changed Mind,Refunded,845.43
182156,91890,2026-04-07,Damaged,Approved,2519.62
182157,111198,2024-10-07,Damaged,Approved,5727.72
182158,117510,2024-12-02,Damaged,Refunded,3200.97
182159,118567,2026-08-05,Damaged,Refunded,1285.99
182160,97247,2026-02-16,Size Issue,Approved,552.47
182161,112419,2025-12-28,Wrong Item,Approved,1962.76
182162,112014,2024-11-06,Quality Issue,Approved,4139.27
182163,94658,2024-11-27,Quality Issue,Refunded,1084.4
182164,106987,2024-09-08,Size Issue,Refunded,903.5
182165,112697,2026-01-24,Quality Issue,Refunded,915.03
182166,98726,2024-05-05,Wrong Item,Refunded,1526.23
182167,104169,2026-05-30,Damaged,Refunded,1990.65
182168,114158,2026-05-20,Quality Issue,Approved,4291.19
182169,106906,2026-06-15,Quality Issue,Rejected,1319.29
182170,108250,2024-01-21,Size Issue,Refunded,2576.83
182171,93648,2024-07-22,Quality Issue,Refunded,1046.49
182172,111421,2026-03-17,Wrong Item,Approved,1229.7
182173,117000,2026-08-07,Damaged,Approved,1652.52
182174,95653,2025-06-03,Wrong Item,Rejected,2453.24
182175,105784,2025-08-16,Changed Mind,Rejected,793.6
182176,98080,2025-12-27,Damaged,Refunded,1072.69
182177,115609,2026-02-28,Quality Issue,Refunded,297.2
182178,114329,2026-08-01,Damaged,Refunded,2464.79
182179,116396,2024-03-10,Size Issue,Approved,655.68
182180,104241,2024-09-01,Wrong Item,Rejected,442.6
182181,102677,2024-11-12,Wrong Item,Approved,1607.88
182182,109450,2024-03-12,Damaged,Refunded,3155.58
182183,95956,2026-04-18,Size Issue,Refunded,1215.54
182184,110744,2024-09-06,Wrong Item,Approved,1501.25
182185,97672,2025-10-01,Wrong Item,Refunded,364.56
182186,108424,2024-05-23,Size Issue,Rejected,785.08
182187,107168,2026-02-26,Quality Issue,Approved,1069.16
182188,107842,2025-07-21,Changed Mind,Approved,1688.97
182189,108311,2024-03-29,Size Issue,Approved,1840.14
182190,97763,2026-01-12,Quality Issue,Refunded,10889.45
182191,105961,2024-01-15,Wrong Item,Refunded,386.06
182192,97604,2024-07-28,Changed Mind,Rejected,2185.42
182193,90440,2024-12-17,Size Issue,Refunded,1966.76
182194,94814,2024-07-23,Quality Issue,Approved,449.93
182195,99660,2026-03-24,Wrong Item,Approved,1154.98
182196,98414,2024-07-20,Size Issue,Refunded,1864.91
182197,98587,2025-10-31,Wrong Item,Refunded,2452.95
182198,96423,2024-05-29,Quality Issue,Approved,4909.63
182199,110912,2024-12-23,Changed Mind,Refunded,1217.2
182200,119564,2024-06-12,Quality Issue,Approved,1807.37
182201,116816,2026-09-01,Wrong Item,Refunded,864.1
182202,109069,2024-11-08,Quality Issue,Approved,2119.65
182203,108010,2024-02-21,Quality Issue,Rejected,3588.44
182204,115496,2025-04-04,Quality Issue,Approved,4916.87
182205,108217,2025-08-27,Damaged,Refunded,1272.1
182206,113094,2026-05-08,Damaged,Refunded,646.99
182207,105524,2026-05-27,Size Issue,Refunded,291.99
182208,94218,2026-03-16,Wrong Item,Refunded,1326.57
182209,116090,2025-07-13,Quality Issue,Approved,2725.31
182210,115591,2024-02-07,Quality Issue,Approved,5658.25
182211,95198,2026-03-31,Size Issue,Approved,1534.6
182212,97332,2024-10-10,Damaged,Approved,3865.57
182213,103844,2024-04-20,Size Issue,Refunded,1231.55
182214,90325,2026-03-06,Size Issue,Refunded,1431.38
182215,118296,2024-10-07,Damaged,Refunded,397.74
182216,106435,2024-06-22,Damaged,Approved,1209.43
182217,113337,2026-02-18,Size Issue,Refunded,1091.04
182218,92130,2024-04-19,Quality Issue,Approved,361.56
182219,110282,2025-08-24,Size Issue,Refunded,947.42
182220,97930,2025-08-13,Changed Mind,Refunded,640.4
182221,113699,2025-06-07,Damaged,Refunded,435.72
182222,116596,2025-09-21,Damaged,Approved,1234.82
182223,93551,2025-12-01,Wrong Item,Approved,3336.47
182224,115857,2025-07-22,Wrong Item,Refunded,677.98
182225,101870,2025-03-02,Wrong Item,Refunded,636.86
182226,96997,2025-10-18,Wrong Item,Rejected,900.56
182227,110898,2024-10-17,Changed Mind,Approved,1626.53
182228,97233,2024-10-06,Quality Issue,Approved,1118.12
182229,117558,2024-05-01,Quality Issue,Approved,772.41
182230,109205,2025-11-15,Size Issue,Approved,865.97
182231,119486,2025-07-21,Damaged,Approved,1595.68
182232,91173,2026-03-29,Changed Mind,Refunded,426.31
182233,101384,2025-03-23,Quality Issue,Approved,830.38
182234,115660,2026-03-31,Size Issue,Refunded,3477.77
182235,99263,2026-01-12,Changed Mind,Approved,2292.68
182236,108823,2025-10-25,Damaged,Approved,2075.15
182237,95457,2026-06-16,Size Issue,Refunded,1785.46
182238,114589,2025-10-13,Size Issue,Approved,4799.92
182239,119812,2024-04-15,Wrong Item,Refunded,3412.21
182240,91912,2024-10-25,Size Issue,Approved,8447.46
182241,116898,2026-05-16,Changed Mind,Approved,2698.24
182242,114318,2026-01-13,Wrong Item,Refunded,1661.25
182243,98226,2024-09-25,Quality Issue,Refunded,490.74
182244,110713,2026-03-07,Quality Issue,Refunded,392.42
182245,98020,2024-07-15,Wrong Item,Refunded,4523.8
182246,109748,2024-12-22,Wrong Item,Approved,1351.07
182247,105876,2025-11-30,Damaged,Refunded,2474.41
182248,91017,2025-03-10,Size Issue,Refunded,1841.56
182249,94137,2024-08-09,Wrong Item,Rejected,2230.84
182250,106599,2026-04-28,Wrong Item,Refunded,756.3
182251,110458,2024-10-28,Damaged,Refunded,1931.21
182252,119011,2025-06-20,Wrong Item,Refunded,1954.86
182253,108181,2026-01-11,Quality Issue,Approved,1467.45
182254,110374,2024-11-08,Quality Issue,Refunded,1591.88
182255,117456,2025-05-24,Size Issue,Refunded,1185.45
182256,107779,2025-04-10,Damaged,Refunded,4483.88
182257,112103,2026-09-11,Size Issue,Refunded,1809.78
182258,93913,2024-11-20,Quality Issue,Refunded,1043.09
182259,107761,2025-05-15,Size Issue,Refunded,1017.34
182260,93325,2025-04-20,Quality Issue,Approved,4725.37
182261,115509,2024-04-12,Size Issue,Approved,367.92
182262,94855,2024-08-21,Changed Mind,Approved,801.35
182263,93897,2024-10-09,Size Issue,Approved,1080.78
182264,106460,2025-04-18,Quality Issue,Rejected,477.23
182265,107360,2025-05-08,Damaged,Approved,386.48
182266,91536,2025-03-16,Quality Issue,Approved,565.92
182267,102361,2024-07-04,Size Issue,Refunded,378.73
182268,103283,2026-01-19,Size Issue,Approved,1903.53
182269,113059,2026-06-03,Size Issue,Approved,645.8
182270,92277,2025-05-15,Size Issue,Approved,673.93
182271,107646,2026-05-14,Damaged,Refunded,819.24
182272,97329,2024-05-24,Quality Issue,Refunded,1252.53
182273,117200,2026-07-20,Quality Issue,Refunded,2285.05
182274,109977,2026-06-06,Changed Mind,Refunded,2728.31
182275,93594,2026-08-05,Wrong Item,Approved,1369.77
182276,91945,2024-11-12,Size Issue,Approved,897.39
182277,104816,2024-07-13,Damaged,Refunded,1452.8
182278,109697,2025-01-17,Damaged,Approved,971.08
182279,92805,2024-04-22,Quality Issue,Refunded,1299.04
182280,92221,2026-05-09,Damaged,Refunded,1516.18
182281,91548,2025-01-26,Size Issue,Rejected,6950.97
182282,90308,2024-04-30,Quality Issue,Refunded,678.3
182283,106167,2025-12-23,Changed Mind,Refunded,2874.31
182284,100917,2025-02-08,Wrong Item,Refunded,3180.68
182285,102569,2024-06-09,Wrong Item,Rejected,667.19
182286,98490,2025-12-14,Changed Mind,Rejected,2135.74
182287,119867,2024-02-06,Quality Issue,Refunded,3311.08
182288,106332,2026-08-19,Quality Issue,Approved,874.99
182289,102800,2024-10-03,Wrong Item,Approved,1068.84
182290,117126,2025-09-23,Size Issue,Approved,656.64
182291,108409,2025-11-29,Quality Issue,Refunded,2615.15
182292,115480,2026-06-12,Wrong Item,Refunded,1192.26
182293,107938,2024-05-08,Wrong Item,Refunded,859.79
182294,93957,2024-10-05,Wrong Item,Approved,1640.56
182295,95669,2024-12-26,Wrong Item,Approved,1708.34
182296,97059,2026-05-26,Quality Issue,Approved,1374.5
182297,107498,2025-10-13,Changed Mind,Refunded,5074.48
182298,101623,2024-06-09,Quality Issue,Rejected,345.04
182299,111938,2025-05-09,Quality Issue,Refunded,8589.52
182300,92713,2024-02-04,Size Issue,Approved,1958.28
182301,102415,2025-09-22,Wrong Item,Refunded,1404.68
182302,93068,2026-06-12,Size Issue,Approved,535.15
182303,97379,2025-12-14,Damaged,Refunded,7730.5
182304,115786,2025-01-14,Changed Mind,Refunded,2716.2
182305,106424,2025-07-18,Quality Issue,Refunded,2880.02
182306,114584,2024-03-10,Changed Mind,Refunded,320.77
182307,119629,2024-07-30,Wrong Item,Refunded,1690.24
182308,94600,2026-05-11,Quality Issue,Refunded,10492.58
182309,107241,2025-04-07,Wrong Item,Approved,1062.09
182310,115797,2024-08-14,Changed Mind,Rejected,384.29
182311,95474,2025-05-17,Quality Issue,Refunded,2017.34
182312,118637,2025-11-05,Size Issue,Approved,1239.23
182313,114092,2025-07-16,Size Issue,Approved,1628.88
182314,107811,2025-03-01,Size Issue,Refunded,1452.85
182315,120415,2025-09-06,Size Issue,Approved,3582.05
182316,111665,2024-09-06,Damaged,Refunded,2354.91
182317,115633,2026-03-06,Wrong Item,Refunded,1972.85
182318,91117,2025-07-15,Wrong Item,Refunded,1285.65
182319,98880,2025-05-07,Quality Issue,Rejected,1645.89
182320,105335,2025-09-11,Wrong Item,Approved,3234.94
182321,113525,2024-07-13,Wrong Item,Approved,578.32
182322,115897,2025-02-28,Size Issue,Refunded,3049.92
182323,118183,2025-11-15,Changed Mind,Refunded,4432.48
182324,95189,2025-06-07,Quality Issue,Approved,2927.64
182325,114377,2026-06-06,Size Issue,Refunded,751.12
182326,104887,2024-09-04,Size Issue,Refunded,1067.02
182327,116881,2024-09-05,Quality Issue,Refunded,5420.91
182328,96591,2025-06-19,Size Issue,Rejected,557.77
182329,112304,2026-03-24,Wrong Item,Approved,5381.91
182330,106751,2026-06-20,Quality Issue,Approved,1911.74
182331,115799,2024-07-27,Quality Issue,Approved,985.79
182332,106290,2025-08-12,Quality Issue,Refunded,835.78
182333,102167,2025-02-09,Quality Issue,Approved,605.61
182334,98407,2024-10-03,Quality Issue,Refunded,625.71
182335,113306,2026-05-30,Wrong Item,Refunded,1161.54
182336,108815,2024-08-27,Quality Issue,Approved,2797.11
182337,114850,2025-04-28,Changed Mind,Refunded,3145.49
182338,101139,2026-03-07,Size Issue,Refunded,606.85
182339,101438,2026-04-06,Quality Issue,Approved,361.53
182340,92253,2025-04-26,Quality Issue,Refunded,259.65
182341,111327,2024-02-23,Quality Issue,Refunded,3840.87
182342,109489,2025-02-09,Size Issue,Approved,452.38
182343,119954,2025-06-12,Changed Mind,Approved,1394.58
182344,107108,2025-03-22,Damaged,Refunded,5032.46
182345,108984,2026-02-19,Wrong Item,Refunded,1088.88
182346,102507,2026-04-30,Changed Mind,Refunded,2062.25
182347,115119,2025-12-21,Changed Mind,Approved,2984.14
182348,96249,2025-03-23,Size Issue,Refunded,348.33
182349,91570,2026-08-17,Size Issue,Refunded,1780.33
182350,107223,2025-08-29,Size Issue,Approved,1786.24
182351,108056,2025-12-22,Damaged,Approved,793.59
182352,111194,2026-06-23,Changed Mind,Approved,1896.05
182353,111013,2024-03-11,Quality Issue,Approved,3333.5
182354,113558,2024-05-05,Wrong Item,Refunded,994.96
182355,108061,2025-08-18,Damaged,Refunded,1007.69
182356,106524,2025-04-03,Damaged,Approved,951.1
182357,116253,2025-06-28,Quality Issue,Refunded,1109.29
182358,97384,2026-06-30,Quality Issue,Refunded,898.74
182359,100647,2025-10-11,Quality Issue,Refunded,827.92
182360,120001,2024-06-06,Changed Mind,Refunded,857.94
182361,94461,2025-03-24,Quality Issue,Refunded,3161.73
182362,90639,2024-01-31,Wrong Item,Rejected,525.59
182363,96812,2026-03-09,Size Issue,Rejected,963.71
182364,99607,2026-05-04,Size Issue,Refunded,2451.26
182365,109530,2026-02-28,Changed Mind,Refunded,9916.56
182366,104331,2026-03-24,Quality Issue,Refunded,4173.07
182367,104065,2025-05-04,Quality Issue,Refunded,1037.63
182368,112226,2024-08-07,Quality Issue,Approved,1081.85
182369,115838,2026-07-22,Damaged,Refunded,788.27
182370,106010,2025-12-10,Quality Issue,Refunded,1250.15
182371,100533,2025-04-17,Size Issue,Refunded,958.48
182372,95563,2026-06-29,Quality Issue,Refunded,1488.56
182373,105856,2025-02-27,Wrong Item,Refunded,464.65
182374,93452,2026-06-29,Wrong Item,Rejected,1125.68
182375,105642,2025-11-14,Quality Issue,Refunded,920.6
182376,99696,2025-12-18,Size Issue,Approved,3792.73
182377,92866,2024-03-26,Quality Issue,Approved,862.61
182378,99907,2025-04-13,Quality Issue,Approved,1492.53
182379,117486,2024-02-27,Size Issue,Approved,1570.4
182380,110588,2024-11-24,Size Issue,Approved,939.42
182381,112883,2026-02-27,Wrong Item,Refunded,7612.22
182382,120174,2026-09-06,Damaged,Approved,854.03
182383,108787,2024-03-30,Wrong Item,Refunded,1606.94
182384,111374,2024-10-17,Changed Mind,Rejected,1360.03
182385,110445,2025-06-08,Size Issue,Refunded,6203.46
182386,91856,2024-04-22,Damaged,Rejected,2548.7
182387,92914,2025-02-15,Size Issue,Approved,529.06
182388,119813,2024-11-09,Damaged,Approved,4339.22
182389,110108,2024-09-12,Wrong Item,Refunded,1676.53
182390,117190,2024-10-28,Wrong Item,Refunded,975.14
182391,96542,2024-02-03,Changed Mind,Refunded,414.75
182392,120533,2026-08-08,Changed Mind,Refunded,697.93
182393,110826,2026-04-08,Damaged,Refunded,272.59
182394,118061,2024-03-10,Changed Mind,Approved,1256.0
182395,96660,2024-12-14,Changed Mind,Approved,1151.29
182396,109692,2024-07-29,Damaged,Approved,283.88
182397,92577,2025-08-26,Quality Issue,Approved,552.93
182398,99469,2025-10-10,Wrong Item,Rejected,1286.76
182399,109301,2026-08-20,Size Issue,Approved,1303.01
182400,104412,2026-06-03,Changed Mind,Approved,265.0
182401,114958,2024-11-15,Quality Issue,Refunded,405.7
182402,108120,2024-04-23,Quality Issue,Approved,670.65
182403,100641,2025-06-17,Damaged,Rejected,2352.81
182404,111478,2024-10-14,Damaged,Approved,1523.44
182405,113150,2025-04-20,Damaged,Approved,311.4
182406,105151,2026-02-21,Wrong Item,Refunded,6872.27
182407,90942,2025-04-28,Size Issue,Approved,2616.33
182408,90546,2024-09-22,Size Issue,Approved,1226.85
182409,106779,2025-08-25,Quality Issue,Approved,515.77
182410,114910,2026-08-28,Wrong Item,Refunded,5097.52
182411,97297,2025-01-29,Quality Issue,Approved,1389.6
182412,107402,2025-10-31,Wrong Item,Refunded,1038.15
182413,90898,2024-02-26,Damaged,Rejected,357.81
182414,97395,2024-08-26,Changed Mind,Approved,934.3
182415,98231,2026-01-09,Quality Issue,Refunded,2680.14
182416,106978,2024-02-24,Quality Issue,Rejected,6107.01
182417,111654,2024-12-02,Damaged,Approved,323.51
182418,106970,2025-10-25,Changed Mind,Approved,2390.12
182419,95536,2024-06-06,Wrong Item,Approved,1945.7
182420,118044,2025-11-09,Damaged,Refunded,3131.42
182421,97632,2025-03-13,Wrong Item,Approved,3260.98
182422,95333,2026-06-17,Changed Mind,Approved,1122.32
182423,109363,2025-05-05,Damaged,Refunded,616.87
182424,119395,2025-05-19,Size Issue,Approved,507.67
182425,110032,2026-01-29,Size Issue,Rejected,1758.68
182426,94431,2025-03-10,Size Issue,Approved,708.24
182427,115177,2025-11-03,Size Issue,Refunded,523.16
182428,112232,2026-02-27,Quality Issue,Refunded,425.14
182429,104134,2024-03-25,Changed Mind,Approved,1115.4
182430,117108,2026-05-24,Changed Mind,Rejected,2825.05
182431,109101,2025-08-22,Size Issue,Approved,2779.48
182432,116272,2025-06-05,Quality Issue,Refunded,597.39
182433,91629,2024-08-15,Wrong Item,Approved,2320.78
182434,97746,2024-04-06,Wrong Item,Approved,1243.7
182435,117008,2025-03-30,Quality Issue,Approved,5131.3
182436,107868,2024-11-26,Quality Issue,Approved,1102.01
182437,110610,2024-06-06,Quality Issue,Rejected,2080.37
182438,109136,2024-09-26,Damaged,Approved,1418.81
182439,110600,2025-08-18,Damaged,Approved,2229.75
182440,91710,2024-05-03,Size Issue,Approved,3351.88
182441,119106,2024-09-15,Quality Issue,Refunded,952.08
182442,110330,2025-07-08,Size Issue,Refunded,277.17
182443,102152,2026-04-09,Damaged,Approved,1001.22
182444,106047,2026-01-22,Quality Issue,Refunded,2370.05
182445,112983,2025-06-05,Quality Issue,Approved,900.31
182446,90804,2026-01-09,Changed Mind,Refunded,955.95
182447,114124,2024-06-13,Damaged,Approved,321.48
182448,98256,2025-09-03,Changed Mind,Approved,1022.16
182449,97606,2024-02-28,Changed Mind,Refunded,1959.93
182450,120233,2025-04-12,Changed Mind,Refunded,1149.58
182451,94798,2025-05-29,Damaged,Approved,1691.56
182452,113787,2026-03-21,Changed Mind,Approved,615.17
182453,117723,2024-09-27,Quality Issue,Refunded,394.82
182454,116751,2024-08-28,Size Issue,Approved,1990.09
182455,118743,2024-12-25,Size Issue,Refunded,1687.23
182456,105693,2026-04-25,Quality Issue,Approved,580.07
182457,118177,2025-08-08,Size Issue,Refunded,451.6
182458,103940,2025-08-24,Size Issue,Refunded,1513.01
182459,98318,2026-01-05,Wrong Item,Refunded,448.27
182460,103404,2026-08-03,Size Issue,Refunded,756.32
182461,94512,2025-05-01,Damaged,Refunded,1581.08
182462,118553,2026-03-31,Size Issue,Rejected,372.95
182463,100253,2025-12-17,Wrong Item,Refunded,1288.63
182464,93559,2024-08-18,Changed Mind,Refunded,771.49
182465,97445,2025-04-29,Quality Issue,Approved,5201.36
182466,104921,2025-06-18,Changed Mind,Refunded,469.7
182467,98876,2025-05-11,Damaged,Rejected,998.86
182468,93581,2024-12-16,Wrong Item,Approved,1796.97
182469,92857,2024-02-08,Size Issue,Refunded,1298.87
182470,92568,2025-11-21,Size Issue,Refunded,2082.83
182471,99621,2026-08-03,Quality Issue,Refunded,736.46
182472,99673,2024-06-18,Quality Issue,Approved,291.82
182473,114099,2024-10-30,Size Issue,Refunded,178.89
182474,115438,2025-12-07,Quality Issue,Refunded,3905.81
182475,98232,2026-05-25,Size Issue,Refunded,836.12
182476,112326,2024-10-12,Quality Issue,Refunded,572.99
182477,112315,2024-03-28,Quality Issue,Refunded,1231.71
182478,109377,2024-11-15,Size Issue,Approved,958.1
182479,116222,2024-01-26,Size Issue,Approved,2376.31
182480,95260,2026-08-08,Quality Issue,Refunded,875.07
182481,95412,2026-06-02,Wrong Item,Approved,1008.93
182482,91735,2026-09-05,Changed Mind,Refunded,2568.32
182483,92804,2025-03-12,Changed Mind,Refunded,8536.38
182484,90326,2026-02-22,Damaged,Refunded,2276.19
182485,96858,2026-03-01,Size Issue,Refunded,8015.49
182486,103271,2024-01-19,Damaged,Rejected,900.55
182487,114367,2024-06-06,Size Issue,Refunded,3910.08
182488,107575,2025-07-20,Size Issue,Refunded,1701.18
182489,90666,2024-04-26,Quality Issue,Refunded,5233.07
182490,97448,2024-11-30,Size Issue,Refunded,757.3
182491,96071,2026-04-20,Size Issue,Refunded,805.98
182492,106845,2025-12-08,Wrong Item,Refunded,1362.51
182493,117041,2025-09-30,Size Issue,Refunded,3266.29
182494,98977,2025-10-04,Size Issue,Refunded,562.0
182495,113940,2024-05-31,Wrong Item,Rejected,308.72
182496,97879,2025-08-13,Size Issue,Approved,2527.73
182497,105754,2026-02-09,Changed Mind,Refunded,1108.77
182498,99983,2025-08-15,Damaged,Rejected,922.06
182499,115321,2024-04-16,Size Issue,Refunded,1086.32
182500,93371,2025-07-25,Size Issue,Refunded,767.94
182501,107022,2026-08-12,Quality Issue,Refunded,1715.87
182502,94502,2025-06-02,Damaged,Approved,1154.14
182503,102413,2026-08-28,Damaged,Refunded,489.39
182504,90552,2025-06-08,Damaged,Rejected,1081.16
182505,114801,2024-02-25,Damaged,Refunded,652.05
182506,118038,2025-09-18,Size Issue,Refunded,1124.82
182507,105201,2026-04-18,Changed Mind,Refunded,2361.52
182508,91575,2025-06-26,Size Issue,Approved,713.92
182509,95798,2026-04-02,Quality Issue,Refunded,728.96
182510,92411,2025-10-13,Wrong Item,Refunded,818.21
182511,117814,2024-05-26,Size Issue,Approved,3742.82
182512,100656,2026-05-17,Quality Issue,Refunded,1354.0
182513,107503,2025-07-14,Wrong Item,Approved,1145.0
182514,97736,2026-08-14,Size Issue,Approved,608.68
182515,117310,2026-01-15,Wrong Item,Approved,672.4
182516,107140,2025-09-25,Wrong Item,Refunded,630.75
182517,98449,2025-02-03,Wrong Item,Approved,485.03
182518,94363,2024-04-26,Wrong Item,Approved,2564.42
182519,102704,2026-03-11,Quality Issue,Refunded,610.76
182520,111896,2026-05-25,Quality Issue,Refunded,322.7
182521,92211,2024-12-25,Size Issue,Refunded,623.59
182522,98473,2026-05-13,Quality Issue,Approved,514.93
182523,117506,2024-08-25,Size Issue,Refunded,1428.57
182524,108546,2024-03-22,Wrong Item,Approved,1092.1
182525,115878,2025-09-27,Quality Issue,Refunded,2869.12
182526,99369,2024-12-10,Size Issue,Approved,2699.59
182527,96474,2026-03-15,Changed Mind,Refunded,5724.66
182528,93842,2025-11-25,Changed Mind,Approved,2799.72
182529,104627,2025-06-05,Size Issue,Refunded,635.3
182530,99792,2024-07-04,Changed Mind,Refunded,4542.16
182531,116867,2024-06-30,Size Issue,Rejected,583.72
182532,110040,2025-03-15,Changed Mind,Refunded,842.05
182533,107102,2026-03-26,Damaged,Refunded,1183.14
182534,112712,2024-07-26,Size Issue,Rejected,7145.33
182535,107650,2025-06-28,Quality Issue,Refunded,3693.52
182536,117294,2024-11-08,Wrong Item,Approved,479.94
182537,109512,2024-02-15,Quality Issue,Refunded,2323.74
182538,104204,2024-10-11,Size Issue,Approved,1642.0
182539,104332,2025-08-12,Size Issue,Approved,2414.44
182540,101797,2026-02-14,Damaged,Refunded,1758.05
182541,103785,2024-09-22,Quality Issue,Refunded,459.23
182542,118641,2026-04-27,Damaged,Refunded,3371.91
182543,110640,2024-08-23,Size Issue,Approved,1602.77
182544,117544,2024-05-07,Quality Issue,Approved,1584.51
182545,113166,2026-04-25,Changed Mind,Approved,1677.53
182546,105557,2026-07-02,Quality Issue,Approved,2909.86
182547,112339,2024-11-22,Changed Mind,Approved,3987.65
182548,94583,2024-12-17,Damaged,Approved,954.38
182549,91541,2025-01-26,Quality Issue,Refunded,581.72
182550,113096,2024-05-28,Changed Mind,Approved,1354.96
182551,93430,2025-03-28,Size Issue,Refunded,558.18
182552,102664,2026-07-28,Damaged,Approved,927.14
182553,105915,2026-03-30,Changed Mind,Refunded,1007.21
182554,106940,2026-02-12,Damaged,Refunded,1954.75
182555,114625,2025-01-20,Damaged,Approved,943.51
182556,97234,2026-03-17,Size Issue,Approved,1131.07
182557,120858,2025-10-21,Damaged,Refunded,1249.93
182558,111821,2025-02-07,Wrong Item,Approved,1116.92
182559,114418,2024-05-03,Wrong Item,Approved,2877.9
182560,108738,2025-06-06,Size Issue,Refunded,1901.05
182561,108633,2025-05-04,Quality Issue,Refunded,1892.61
182562,93626,2026-02-17,Damaged,Approved,12016.25
182563,103202,2026-01-02,Size Issue,Refunded,439.18
182564,90802,2025-12-31,Wrong Item,Approved,1869.19
182565,95020,2025-04-05,Size Issue,Refunded,4966.71
182566,113568,2026-04-04,Changed Mind,Approved,819.34
182567,98060,2024-01-28,Changed Mind,Approved,1689.98
182568,118605,2024-06-30,Size Issue,Rejected,7763.78
182569,93025,2025-10-04,Quality Issue,Refunded,693.48
182570,97900,2026-08-03,Damaged,Approved,355.16
182571,115236,2026-03-23,Size Issue,Approved,4806.46
182572,110880,2026-01-26,Changed Mind,Approved,1512.38
182573,102933,2024-07-17,Damaged,Refunded,691.31
182574,96722,2024-08-29,Changed Mind,Refunded,3455.7
182575,110589,2024-07-01,Changed Mind,Refunded,364.4
182576,114038,2024-02-14,Damaged,Refunded,961.12
182577,112597,2026-02-21,Size Issue,Approved,1844.97
182578,102711,2025-09-13,Wrong Item,Approved,514.92
182579,98379,2025-05-02,Quality Issue,Rejected,1228.14
182580,115817,2024-07-25,Size Issue,Refunded,4007.78
182581,91732,2025-03-17,Size Issue,Refunded,1074.36
182582,118265,2024-09-25,Wrong Item,Approved,320.5
182583,120023,2025-12-02,Quality Issue,Approved,1047.27
182584,116174,2024-07-20,Size Issue,Refunded,2418.8
182585,117251,2024-01-19,Changed Mind,Refunded,1521.49
182586,100934,2025-12-25,Quality Issue,Approved,743.0
182587,112141,2025-06-27,Quality Issue,Refunded,3237.07
182588,106469,2026-04-24,Changed Mind,Refunded,2002.07
182589,107576,2025-07-17,Size Issue,Refunded,732.25
182590,111586,2024-09-03,Quality Issue,Rejected,1403.45
182591,118702,2024-10-09,Quality Issue,Refunded,3890.06
182592,108473,2025-04-23,Size Issue,Approved,133.87
182593,93607,2024-07-18,Damaged,Refunded,1691.0
182594,109137,2024-10-04,Damaged,Approved,3266.44
182595,111005,2025-04-16,Size Issue,Approved,886.86
182596,114042,2024-11-30,Size Issue,Refunded,937.68
182597,113097,2024-05-29,Wrong Item,Refunded,2226.9
182598,115079,2025-04-11,Damaged,Approved,2918.05
182599,116132,2026-04-24,Damaged,Refunded,1379.12
182600,118792,2025-08-17,Size Issue,Refunded,4641.92
182601,106135,2025-08-27,Wrong Item,Refunded,1663.68
182602,109084,2025-05-27,Quality Issue,Approved,1409.79
182603,97230,2024-07-19,Size Issue,Approved,1801.7
182604,90761,2026-04-20,Quality Issue,Refunded,1178.79
182605,119440,2024-05-03,Quality Issue,Rejected,1795.97
182606,120082,2024-05-17,Quality Issue,Refunded,1283.93
182607,113353,2024-07-11,Changed Mind,Refunded,1192.36
182608,116493,2025-09-06,Damaged,Approved,744.14
182609,116721,2025-11-23,Damaged,Refunded,1066.75
182610,119616,2025-02-17,Changed Mind,Refunded,941.93
182611,117571,2024-07-19,Quality Issue,Refunded,2737.19
182612,101223,2026-04-13,Quality Issue,Refunded,1725.05
182613,104160,2026-03-05,Damaged,Refunded,1493.58
182614,90201,2024-09-19,Size Issue,Refunded,3151.34
182615,117511,2026-03-13,Quality Issue,Refunded,1172.09
182616,115577,2024-02-11,Damaged,Refunded,211.39
182617,118740,2024-03-08,Damaged,Refunded,2662.29
182618,93752,2025-05-23,Quality Issue,Refunded,7933.16
182619,100915,2024-11-09,Quality Issue,Rejected,1085.58
182620,99107,2025-05-24,Size Issue,Approved,5286.8
182621,99934,2024-12-18,Quality Issue,Refunded,1161.68
182622,115518,2024-05-14,Changed Mind,Refunded,1220.54
182623,97492,2024-05-25,Changed Mind,Refunded,653.81
182624,111561,2026-08-28,Damaged,Approved,749.13
182625,117551,2026-07-26,Damaged,Refunded,541.88
182626,116709,2025-01-18,Damaged,Refunded,653.05
182627,107636,2026-04-16,Changed Mind,Refunded,1372.96
182628,100139,2025-10-07,Quality Issue,Refunded,686.99
182629,98152,2025-10-21,Quality Issue,Approved,1081.91
182630,107476,2024-04-04,Damaged,Approved,988.11
182631,93180,2024-01-27,Quality Issue,Refunded,1431.21
182632,100831,2026-09-02,Wrong Item,Refunded,1278.33
182633,109451,2025-10-09,Size Issue,Refunded,1026.14
182634,111294,2024-04-13,Wrong Item,Refunded,598.23
182635,115502,2024-11-14,Quality Issue,Approved,838.39
182636,111285,2024-10-12,Size Issue,Refunded,1236.34
182637,115493,2025-11-17,Damaged,Refunded,1802.21
182638,111107,2024-05-11,Size Issue,Approved,2122.34
182639,93129,2026-06-17,Damaged,Refunded,892.79
182640,93268,2024-06-14,Quality Issue,Approved,1580.84
182641,101742,2026-06-22,Wrong Item,Approved,611.97
182642,100981,2025-06-30,Quality Issue,Refunded,2344.06
182643,107435,2024-05-01,Size Issue,Approved,4094.82
182644,103554,2025-08-30,Changed Mind,Refunded,362.45
182645,117045,2025-12-14,Quality Issue,Approved,1025.36
182646,106862,2026-05-06,Quality Issue,Approved,896.39
182647,97987,2026-04-03,Damaged,Refunded,1854.21
182648,111160,2024-07-08,Quality Issue,Approved,905.8
182649,99271,2025-05-22,Changed Mind,Refunded,1617.98
182650,113796,2024-05-09,Size Issue,Approved,2008.08
182651,112853,2024-06-17,Changed Mind,Approved,1290.4
182652,101204,2025-03-22,Changed Mind,Refunded,1976.5
182653,92303,2025-06-30,Damaged,Approved,2571.39
182654,110106,2026-08-05,Changed Mind,Approved,483.21
182655,104050,2024-07-29,Damaged,Refunded,1177.83
182656,112605,2026-01-14,Damaged,Approved,1216.63
182657,120917,2024-01-26,Size Issue,Refunded,2416.98
182658,103542,2025-12-27,Quality Issue,Refunded,3987.14
182659,103991,2025-04-17,Changed Mind,Approved,5966.37
182660,102581,2024-08-17,Changed Mind,Refunded,1344.47
182661,91865,2026-07-15,Damaged,Refunded,1836.71
182662,110252,2025-12-22,Size Issue,Approved,865.4
182663,118155,2025-07-06,Quality Issue,Refunded,3258.71
182664,106382,2026-04-24,Quality Issue,Approved,4053.62
182665,101884,2026-04-05,Damaged,Refunded,284.08
182666,103289,2024-11-28,Wrong Item,Refunded,824.2
182667,102232,2025-02-04,Damaged,Refunded,2236.81
182668,119657,2026-08-23,Size Issue,Approved,505.34
182669,114826,2024-09-17,Quality Issue,Refunded,1099.17
182670,107613,2024-08-15,Wrong Item,Refunded,3996.62
182671,103317,2024-02-11,Size Issue,Approved,2415.64
182672,90146,2025-10-22,Size Issue,Approved,2154.05
182673,98197,2024-03-04,Size Issue,Refunded,616.68
182674,94242,2026-07-20,Size Issue,Refunded,2729.73
182675,93899,2025-03-06,Wrong Item,Approved,925.52
182676,110602,2025-07-13,Wrong Item,Refunded,2115.62
182677,96538,2024-11-16,Quality Issue,Approved,1150.2
182678,102282,2026-06-13,Quality Issue,Refunded,2132.75
182679,95745,2026-06-03,Damaged,Rejected,6424.49
182680,110365,2026-05-04,Damaged,Rejected,658.78
182681,96693,2024-10-28,Size Issue,Refunded,1556.34
182682,97135,2025-06-11,Wrong Item,Approved,2068.69
182683,112414,2024-02-23,Quality Issue,Refunded,1347.16
182684,112217,2024-05-21,Damaged,Refunded,5679.02
182685,102072,2024-06-15,Damaged,Approved,1198.1
182686,108421,2024-12-01,Size Issue,Approved,2578.63
182687,90725,2024-06-28,Changed Mind,Rejected,1365.0
182688,113467,2024-03-24,Quality Issue,Approved,1039.63
182689,99113,2025-09-30,Damaged,Refunded,6465.72
182690,112323,2025-04-15,Damaged,Approved,1517.76
182691,115454,2024-08-09,Changed Mind,Refunded,539.45
182692,95902,2025-08-22,Changed Mind,Approved,332.14
182693,94526,2024-03-23,Damaged,Refunded,1754.2
182694,96442,2024-08-18,Damaged,Rejected,981.06
182695,99087,2025-12-24,Quality Issue,Approved,2518.11
182696,104275,2024-03-24,Size Issue,Approved,5611.55
182697,98552,2026-07-01,Size Issue,Approved,1237.57
182698,95491,2026-05-01,Size Issue,Rejected,849.96
182699,119290,2024-08-29,Size Issue,Refunded,259.4
182700,116650,2025-12-07,Size Issue,Approved,222.26
182701,120770,2024-03-12,Changed Mind,Approved,2682.11
182702,117600,2025-01-17,Damaged,Rejected,1546.96
182703,100418,2024-11-18,Size Issue,Approved,4014.54
182704,102840,2026-04-22,Size Issue,Approved,1307.14
182705,101656,2025-07-24,Wrong Item,Refunded,6360.48
182706,117847,2024-12-24,Damaged,Refunded,1332.72
182707,114917,2024-10-14,Wrong Item,Approved,1095.61
182708,114058,2024-10-01,Wrong Item,Refunded,834.14
182709,110181,2025-11-02,Damaged,Approved,692.4
182710,105906,2026-01-14,Quality Issue,Approved,1322.84
182711,104063,2024-11-10,Changed Mind,Approved,1799.41
182712,117240,2024-05-18,Size Issue,Approved,1718.25
182713,96217,2024-12-31,Quality Issue,Rejected,10398.0
182714,104100,2026-05-01,Changed Mind,Approved,3735.98
182715,120011,2024-10-27,Changed Mind,Refunded,2238.29
182716,118501,2024-01-26,Damaged,Refunded,1682.22
182717,100754,2025-09-22,Changed Mind,Refunded,2139.14
182718,107279,2025-12-05,Damaged,Refunded,4611.8
182719,98411,2025-05-16,Size Issue,Approved,3803.12
182720,107355,2026-06-18,Wrong Item,Approved,2242.73
182721,109792,2024-11-29,Damaged,Refunded,1878.27
182722,112192,2026-01-01,Size Issue,Refunded,715.74
182723,103339,2024-08-07,Size Issue,Refunded,2364.81
182724,101577,2026-06-04,Wrong Item,Refunded,773.59
182725,112989,2024-11-14,Size Issue,Refunded,994.78
182726,100777,2024-06-21,Changed Mind,Refunded,600.41
182727,117686,2025-09-26,Wrong Item,Refunded,437.41
182728,115068,2024-04-10,Changed Mind,Rejected,1869.02
182729,106170,2026-09-11,Wrong Item,Approved,1392.27
182730,116055,2025-01-21,Damaged,Refunded,813.67
182731,102686,2025-11-15,Size Issue,Refunded,626.49
182732,114508,2025-12-30,Changed Mind,Rejected,677.87
182733,117066,2024-09-05,Quality Issue,Refunded,1062.99
182734,115280,2026-05-29,Wrong Item,Refunded,553.37
182735,104867,2024-10-25,Wrong Item,Rejected,1294.94
182736,116221,2024-02-11,Damaged,Rejected,1511.42
182737,90316,2025-08-31,Wrong Item,Approved,3329.48
182738,108594,2024-07-11,Quality Issue,Approved,497.3
182739,113032,2025-02-23,Quality Issue,Approved,4133.57
182740,113791,2025-04-08,Damaged,Refunded,812.77
182741,117735,2025-11-23,Damaged,Approved,1889.03
182742,106432,2026-07-03,Damaged,Refunded,2285.14
182743,92955,2024-07-22,Size Issue,Approved,933.29
182744,112843,2025-01-08,Size Issue,Rejected,537.44
182745,94687,2025-05-26,Size Issue,Refunded,1607.75
182746,101131,2024-04-19,Size Issue,Refunded,593.95
182747,98958,2024-03-22,Quality Issue,Refunded,1277.88
182748,107639,2025-07-19,Size Issue,Approved,591.72
182749,117146,2025-09-25,Quality Issue,Refunded,388.23
182750,114223,2026-03-11,Wrong Item,Refunded,1065.31
182751,108636,2025-02-09,Wrong Item,Refunded,1339.48
182752,101844,2026-02-12,Wrong Item,Refunded,4296.22
182753,99256,2026-09-01,Quality Issue,Refunded,1704.98
182754,94118,2026-08-16,Size Issue,Approved,1983.02
182755,107460,2026-04-06,Quality Issue,Approved,4714.65
182756,99216,2024-10-27,Changed Mind,Approved,653.68
182757,118901,2026-02-07,Size Issue,Approved,3550.42
182758,98361,2026-07-26,Quality Issue,Refunded,4080.16
182759,113742,2024-02-11,Damaged,Approved,1004.74
182760,95274,2024-08-23,Size Issue,Refunded,1517.03
182761,104481,2026-08-14,Quality Issue,Refunded,1013.89
182762,112083,2026-05-05,Quality Issue,Approved,874.88
182763,104814,2024-11-05,Size Issue,Approved,544.21
182764,117910,2025-09-22,Wrong Item,Approved,1603.08
182765,93546,2026-02-21,Size Issue,Approved,2017.89
182766,106622,2024-03-11,Size Issue,Approved,1737.34
182767,93698,2026-06-25,Quality Issue,Approved,793.94
182768,115777,2024-04-18,Size Issue,Rejected,3699.99
182769,100200,2026-02-16,Changed Mind,Approved,4656.04
182770,101841,2025-09-29,Wrong Item,Refunded,1371.73
182771,106846,2025-12-10,Damaged,Refunded,987.56
182772,116119,2024-08-22,Changed Mind,Refunded,875.61
182773,98840,2026-04-05,Wrong Item,Approved,1133.03
182774,108516,2025-03-28,Changed Mind,Approved,1534.35
182775,112244,2026-07-15,Size Issue,Approved,921.35
182776,119893,2026-02-20,Changed Mind,Approved,1812.6
182777,110631,2026-02-23,Wrong Item,Rejected,724.5
182778,111782,2025-10-20,Wrong Item,Approved,1628.35
182779,106087,2026-08-04,Changed Mind,Refunded,1724.69
182780,110847,2026-03-15,Damaged,Refunded,1788.12
182781,116571,2024-01-26,Wrong Item,Refunded,2921.69
182782,114268,2025-09-11,Size Issue,Approved,1851.22
182783,111156,2026-01-05,Size Issue,Rejected,763.75
182784,115054,2026-06-29,Size Issue,Rejected,1156.51
182785,105908,2024-05-21,Wrong Item,Approved,3990.02
182786,115142,2025-09-06,Quality Issue,Refunded,800.02
182787,110525,2024-07-09,Size Issue,Approved,648.76
182788,111877,2025-05-15,Changed Mind,Approved,1214.4
182789,106530,2026-04-07,Changed Mind,Refunded,1885.14
182790,115671,2024-07-31,Size Issue,Refunded,678.22
182791,110934,2026-01-02,Size Issue,Rejected,4005.18
182792,107701,2024-04-06,Damaged,Refunded,514.38
182793,98848,2024-05-07,Size Issue,Approved,2721.7
182794,92272,2025-04-21,Quality Issue,Refunded,2715.59
182795,103988,2026-09-07,Size Issue,Refunded,428.34
182796,97923,2025-06-24,Size Issue,Rejected,861.69
182797,106660,2026-08-20,Quality Issue,Refunded,5651.05
182798,104728,2024-09-05,Damaged,Approved,5324.42
182799,98488,2024-06-02,Quality Issue,Refunded,2730.51
182800,101803,2026-05-13,Size Issue,Refunded,6079.15
182801,118974,2024-08-26,Damaged,Approved,335.66
182802,105146,2024-12-16,Damaged,Refunded,4101.47
182803,115522,2024-01-31,Damaged,Refunded,998.25
182804,93278,2024-06-14,Size Issue,Refunded,703.82
182805,96770,2024-05-29,Size Issue,Refunded,4567.24
182806,99635,2024-08-03,Damaged,Refunded,891.35
182807,109256,2026-07-08,Wrong Item,Approved,3149.39
182808,115922,2025-07-27,Quality Issue,Refunded,797.42
182809,112997,2025-11-02,Size Issue,Refunded,927.15
182810,120307,2026-03-29,Size Issue,Refunded,1595.34
182811,106439,2024-06-02,Size Issue,Refunded,1406.81
182812,117786,2025-04-21,Size Issue,Rejected,1829.72
182813,94940,2024-11-30,Size Issue,Refunded,772.1
182814,101507,2024-08-15,Damaged,Refunded,2309.18
182815,93465,2026-04-21,Damaged,Refunded,1475.99
182816,119374,2025-03-20,Wrong Item,Approved,1410.21
182817,108059,2026-07-07,Changed Mind,Approved,1515.79
182818,103491,2025-05-29,Damaged,Rejected,629.26
182819,95573,2024-11-05,Damaged,Refunded,784.79
182820,94062,2025-01-05,Quality Issue,Refunded,2301.79
182821,90742,2024-10-09,Size Issue,Refunded,1828.54
182822,97191,2026-03-13,Changed Mind,Approved,1181.26
182823,98523,2026-02-03,Wrong Item,Refunded,2145.36
182824,96888,2025-09-30,Wrong Item,Refunded,4405.49
182825,112857,2025-01-31,Wrong Item,Refunded,1978.46
182826,98883,2026-07-22,Damaged,Refunded,669.09
182827,98806,2025-10-18,Quality Issue,Refunded,4577.09
182828,101556,2024-02-15,Quality Issue,Approved,902.34
182829,102435,2024-08-04,Size Issue,Approved,3855.79
182830,108617,2026-05-12,Wrong Item,Approved,481.12
182831,97072,2024-04-12,Damaged,Refunded,469.42
182832,119506,2025-03-24,Quality Issue,Approved,615.03
182833,113113,2026-04-19,Size Issue,Refunded,771.32
182834,103006,2026-05-05,Quality Issue,Approved,2006.18
182835,97079,2026-03-11,Quality Issue,Refunded,1505.74
182836,115606,2025-08-06,Damaged,Approved,742.19
182837,96046,2025-02-05,Quality Issue,Refunded,2493.56
182838,119035,2025-06-02,Damaged,Rejected,2260.9
182839,103380,2026-04-19,Size Issue,Refunded,271.24
182840,117351,2026-03-09,Size Issue,Approved,1333.85
182841,98398,2025-11-24,Size Issue,Refunded,825.98
182842,117439,2024-07-02,Wrong Item,Refunded,1597.68
182843,107420,2024-10-08,Size Issue,Refunded,785.49
182844,113723,2026-07-27,Quality Issue,Refunded,1039.19
182845,92528,2026-03-28,Wrong Item,Approved,1140.83
182846,94988,2026-08-14,Wrong Item,Refunded,737.99
182847,111950,2025-05-24,Quality Issue,Refunded,1073.69
182848,99563,2025-06-01,Wrong Item,Approved,2961.42
182849,95423,2025-04-19,Size Issue,Approved,1105.11
182850,119074,2026-09-07,Damaged,Approved,1473.74
182851,110153,2025-04-20,Wrong Item,Approved,1572.55
182852,98842,2024-01-21,Wrong Item,Refunded,1476.49
182853,96013,2026-04-07,Size Issue,Approved,1053.32
182854,117322,2024-09-09,Changed Mind,Approved,2346.05
182855,102804,2024-06-13,Size Issue,Approved,1427.96
182856,114513,2025-04-22,Quality Issue,Refunded,6423.2
182857,118586,2024-12-01,Changed Mind,Approved,1547.96
182858,101273,2026-02-04,Size Issue,Approved,466.98
182859,115589,2026-01-18,Quality Issue,Approved,1229.58
182860,115390,2026-04-14,Quality Issue,Refunded,816.18
182861,95921,2025-08-04,Wrong Item,Rejected,2437.37
182862,117415,2026-01-20,Changed Mind,Refunded,1483.55
182863,120103,2026-06-10,Size Issue,Approved,769.34
182864,91782,2025-12-11,Size Issue,Approved,1676.39
182865,113231,2026-06-05,Size Issue,Rejected,649.78
182866,109244,2024-05-03,Quality Issue,Approved,1886.59
182867,95182,2026-04-16,Quality Issue,Refunded,1676.3
182868,109041,2026-02-04,Size Issue,Approved,678.66
182869,100717,2024-04-08,Damaged,Approved,258.92
182870,115937,2024-10-03,Quality Issue,Refunded,936.0
182871,94194,2025-04-24,Size Issue,Refunded,8156.52
182872,105844,2024-10-15,Damaged,Rejected,1159.31
182873,94656,2024-12-11,Damaged,Refunded,1901.21
182874,119990,2026-05-17,Quality Issue,Refunded,999.59
182875,90349,2025-02-20,Wrong Item,Refunded,6333.91
182876,104985,2025-05-08,Changed Mind,Refunded,1407.46
182877,99646,2026-04-16,Wrong Item,Refunded,693.52
182878,97683,2026-03-06,Changed Mind,Approved,1328.1
182879,93953,2025-09-12,Size Issue,Refunded,2362.81
182880,114035,2026-05-24,Size Issue,Rejected,1790.82
182881,119269,2024-06-21,Quality Issue,Refunded,1409.06
182882,112571,2024-09-08,Size Issue,Refunded,1264.49
182883,107577,2025-12-16,Size Issue,Refunded,1017.46
182884,118326,2025-10-03,Wrong Item,Approved,1496.18
182885,91435,2025-10-14,Wrong Item,Refunded,3673.01
182886,117670,2024-02-16,Damaged,Refunded,1613.36
182887,116108,2024-03-05,Changed Mind,Approved,2070.34
182888,99498,2024-07-26,Quality Issue,Refunded,1859.39
182889,118655,2024-10-02,Changed Mind,Approved,1570.74
182890,117922,2026-02-08,Quality Issue,Rejected,2171.59
182891,111352,2026-06-18,Damaged,Rejected,2169.56
182892,118468,2026-06-19,Damaged,Rejected,933.02
182893,98122,2025-08-29,Size Issue,Rejected,3506.72
182894,102491,2024-07-22,Quality Issue,Approved,1397.79
182895,119702,2025-07-29,Changed Mind,Refunded,2281.88
182896,104724,2025-01-04,Size Issue,Approved,319.79
182897,102697,2025-07-02,Wrong Item,Approved,1456.26
182898,90561,2024-11-14,Wrong Item,Approved,340.8
182899,105888,2026-01-08,Quality Issue,Refunded,326.56
182900,119504,2025-06-12,Damaged,Approved,506.24
182901,99572,2025-01-13,Wrong Item,Approved,6384.48
182902,91821,2026-05-04,Size Issue,Refunded,2732.13
182903,111283,2026-05-16,Size Issue,Refunded,641.61
182904,112578,2025-05-15,Changed Mind,Rejected,3748.61
182905,117585,2024-07-07,Wrong Item,Approved,5528.68
182906,114572,2024-07-27,Size Issue,Approved,722.88
182907,103307,2025-02-23,Wrong Item,Refunded,453.67
182908,117382,2025-04-30,Quality Issue,Approved,1195.57
182909,105758,2024-01-21,Size Issue,Refunded,971.65
182910,93798,2024-05-12,Quality Issue,Approved,746.85
182911,102661,2024-09-23,Wrong Item,Approved,251.43
182912,114862,2025-02-15,Size Issue,Rejected,1002.59
182913,98475,2026-01-06,Changed Mind,Approved,2576.91
182914,103659,2025-07-01,Damaged,Refunded,1097.51
182915,115923,2025-07-31,Changed Mind,Approved,811.86
182916,118433,2024-11-03,Changed Mind,Refunded,1129.67
182917,102021,2025-04-26,Damaged,Approved,913.21
182918,96755,2026-04-02,Size Issue,Approved,310.88
182919,98649,2024-07-22,Size Issue,Refunded,1940.79
182920,95004,2025-01-01,Changed Mind,Refunded,1035.15
182921,111569,2024-04-09,Damaged,Rejected,2298.67
182922,90167,2024-11-22,Size Issue,Approved,6117.11
182923,112143,2025-10-17,Wrong Item,Approved,1345.99
182924,112620,2026-06-08,Damaged,Approved,13299.28
182925,117402,2025-02-20,Quality Issue,Refunded,2094.6
182926,100555,2025-03-19,Damaged,Approved,3270.62
182927,103001,2024-04-29,Quality Issue,Approved,942.5
182928,101944,2024-11-19,Damaged,Approved,699.73
182929,93021,2025-01-14,Wrong Item,Refunded,2184.98
182930,94753,2025-10-13,Quality Issue,Approved,1585.74
182931,110556,2025-12-18,Damaged,Approved,552.29
182932,107432,2025-11-07,Changed Mind,Refunded,3315.64
182933,94405,2024-11-29,Size Issue,Approved,360.57
182934,102089,2025-10-05,Size Issue,Refunded,677.99
182935,108300,2024-06-22,Quality Issue,Rejected,3287.95
182936,120045,2024-11-21,Wrong Item,Approved,2062.45
182937,100676,2026-04-09,Size Issue,Refunded,1157.71
182938,103873,2024-04-21,Wrong Item,Refunded,1808.71
182939,115836,2025-09-11,Size Issue,Refunded,1210.07
182940,119681,2026-04-23,Changed Mind,Refunded,2019.75
182941,117134,2025-04-06,Damaged,Rejected,331.26
182942,97796,2025-04-24,Changed Mind,Rejected,2384.42
182943,116144,2024-11-19,Changed Mind,Approved,883.28
182944,93745,2025-02-14,Size Issue,Refunded,720.1
182945,108401,2026-06-10,Damaged,Approved,1386.37
182946,94742,2026-07-25,Wrong Item,Rejected,3988.91
182947,111943,2026-02-15,Size Issue,Rejected,3380.55
182948,104223,2025-05-08,Size Issue,Approved,6699.97
182949,114430,2026-06-19,Changed Mind,Approved,384.21
182950,94620,2024-02-22,Changed Mind,Approved,381.02
182951,117976,2024-03-30,Size Issue,Approved,1766.08
182952,105820,2024-07-13,Size Issue,Approved,1493.3
182953,107268,2026-04-27,Damaged,Approved,3168.93
182954,114836,2024-12-08,Quality Issue,Approved,1727.08
182955,101885,2024-10-15,Size Issue,Refunded,440.61
182956,120129,2026-05-07,Quality Issue,Refunded,6826.01
182957,118125,2025-12-08,Wrong Item,Refunded,1083.18
182958,118753,2026-05-19,Size Issue,Refunded,569.92
182959,99645,2026-04-25,Quality Issue,Approved,849.05
182960,106740,2025-07-24,Quality Issue,Approved,3486.56
182961,115881,2024-02-09,Size Issue,Refunded,3383.29
182962,94815,2025-01-09,Damaged,Refunded,525.62
182963,107642,2024-08-22,Damaged,Refunded,3684.1
182964,115909,2025-11-28,Size Issue,Refunded,459.7
182965,100854,2025-01-17,Size Issue,Approved,640.81
182966,116943,2025-08-31,Damaged,Approved,3239.54
182967,117330,2024-11-05,Damaged,Approved,1128.8
182968,91853,2024-04-10,Size Issue,Rejected,3892.68
182969,119547,2026-01-28,Changed Mind,Approved,1158.54
182970,103300,2024-10-31,Quality Issue,Refunded,755.62
182971,96650,2026-04-03,Wrong Item,Approved,2682.38
182972,99286,2026-02-23,Changed Mind,Refunded,1738.04
182973,109910,2025-09-01,Size Issue,Approved,858.12
182974,101360,2024-03-20,Changed Mind,Refunded,761.57
182975,97248,2025-01-13,Size Issue,Approved,500.51
182976,111430,2026-03-19,Size Issue,Refunded,2061.04
182977,98646,2024-05-17,Quality Issue,Refunded,2770.9
182978,96218,2026-07-21,Size Issue,Approved,1744.3
182979,108012,2025-09-03,Size Issue,Rejected,4641.54
182980,93573,2026-03-17,Quality Issue,Refunded,2479.11
182981,114291,2024-10-22,Quality Issue,Approved,237.14
182982,90295,2025-02-24,Changed Mind,Refunded,1112.96
182983,112746,2024-07-04,Changed Mind,Refunded,5765.13
182984,92974,2026-05-05,Wrong Item,Refunded,446.95
182985,92354,2025-08-14,Damaged,Approved,1401.49
182986,93685,2025-11-28,Damaged,Approved,988.57
182987,105985,2025-12-12,Size Issue,Approved,1297.15
182988,103861,2025-07-01,Damaged,Refunded,1843.25
182989,118336,2026-04-03,Damaged,Approved,685.62
182990,92634,2025-08-04,Changed Mind,Approved,2448.41
182991,95461,2024-10-04,Changed Mind,Approved,1468.49
182992,98077,2024-01-22,Changed Mind,Refunded,699.88
182993,100811,2024-12-26,Size Issue,Refunded,3828.88
182994,109656,2024-07-07,Wrong Item,Approved,3482.76
182995,95381,2026-04-06,Damaged,Refunded,271.48
182996,110935,2024-05-22,Quality Issue,Refunded,9796.58
182997,111181,2026-01-05,Size Issue,Refunded,1454.98
182998,95564,2026-06-30,Size Issue,Rejected,1059.22
182999,117498,2025-10-16,Wrong Item,Approved,1141.43
183000,108810,2024-03-25,Size Issue,Refunded,1775.31
183001,115330,2025-04-06,Wrong Item,Rejected,995.61
183002,106239,2025-04-06,Size Issue,Approved,1105.65
183003,107590,2025-09-16,Quality Issue,Approved,628.06
183004,103615,2025-12-31,Changed Mind,Refunded,3812.0
183005,91533,2026-09-04,Quality Issue,Approved,3370.03
183006,106825,2025-08-12,Quality Issue,Refunded,6307.82
183007,105219,2024-06-19,Changed Mind,Refunded,4810.34
183008,111069,2024-07-18,Wrong Item,Approved,2111.11
183009,104491,2025-04-16,Changed Mind,Refunded,2966.22
183010,93862,2024-06-24,Damaged,Refunded,3310.43
183011,95370,2024-07-19,Wrong Item,Refunded,3148.97
183012,118360,2025-06-21,Damaged,Approved,2537.21
183013,106528,2024-06-11,Changed Mind,Refunded,740.54
183014,112498,2024-07-05,Wrong Item,Refunded,1222.73
183015,110595,2026-06-14,Size Issue,Refunded,1216.77
183016,101578,2024-12-12,Size Issue,Refunded,1592.98
183017,91915,2024-08-28,Size Issue,Approved,1363.08
183018,97793,2025-11-16,Wrong Item,Refunded,1348.85
183019,98838,2026-04-04,Quality Issue,Refunded,913.81
183020,93830,2024-12-09,Size Issue,Refunded,938.81
183021,112740,2025-04-04,Changed Mind,Refunded,1741.04
183022,112460,2026-05-03,Wrong Item,Refunded,3127.12
183023,96686,2026-06-11,Size Issue,Refunded,26514.03
183024,95329,2024-05-16,Damaged,Approved,1372.8
183025,100201,2026-02-15,Damaged,Approved,1089.61
183026,118486,2024-12-11,Size Issue,Approved,449.3
183027,108658,2024-12-30,Size Issue,Approved,2707.9
183028,98495,2024-07-29,Quality Issue,Refunded,823.89
183029,119963,2026-08-30,Size Issue,Refunded,1136.24
183030,93031,2024-10-30,Size Issue,Refunded,3138.02
183031,105326,2026-05-20,Size Issue,Refunded,792.55
183032,98520,2024-11-12,Size Issue,Approved,433.64
183033,111489,2024-10-07,Wrong Item,Rejected,1032.76
183034,104791,2025-08-16,Quality Issue,Approved,2719.1
183035,96850,2025-03-11,Changed Mind,Refunded,1727.69
183036,105396,2025-01-10,Quality Issue,Approved,3583.81
183037,116018,2024-06-19,Quality Issue,Approved,2054.93
183038,112644,2025-04-22,Damaged,Refunded,1205.48
183039,116143,2025-02-11,Size Issue,Approved,565.76
183040,115818,2026-05-23,Changed Mind,Approved,1821.73
183041,93667,2025-09-03,Quality Issue,Refunded,1952.83
183042,103494,2026-01-24,Wrong Item,Refunded,754.27
183043,106975,2026-08-15,Quality Issue,Approved,1626.15
183044,117185,2026-09-02,Quality Issue,Approved,2177.18
183045,101751,2025-01-26,Wrong Item,Refunded,1314.15
183046,100927,2024-04-29,Wrong Item,Refunded,1830.88
183047,95849,2024-01-14,Damaged,Refunded,3457.44
183048,103590,2026-02-15,Size Issue,Approved,1265.31
183049,120488,2026-02-17,Damaged,Refunded,1879.6
183050,119783,2024-07-12,Size Issue,Refunded,1152.29
183051,115267,2025-12-08,Damaged,Approved,1342.83
183052,114637,2025-11-25,Wrong Item,Refunded,1649.01
183053,111232,2024-03-03,Changed Mind,Refunded,5031.35
183054,107202,2026-01-16,Damaged,Refunded,3583.04
183055,106347,2024-04-30,Damaged,Refunded,3468.24
183056,105278,2025-05-24,Changed Mind,Refunded,1969.39
183057,97561,2025-07-04,Wrong Item,Approved,6086.14
183058,94313,2026-04-17,Quality Issue,Refunded,827.49
183059,98728,2024-10-09,Wrong Item,Refunded,3466.5
183060,99414,2025-02-07,Wrong Item,Refunded,459.02
183061,104388,2026-05-17,Size Issue,Rejected,806.98
183062,107606,2024-01-07,Changed Mind,Refunded,2781.54
183063,93580,2024-12-20,Damaged,Refunded,10978.26
183064,114240,2025-03-11,Quality Issue,Approved,403.8
183065,120403,2026-02-18,Wrong Item,Refunded,1166.82
183066,110303,2026-03-16,Wrong Item,Approved,965.11
183067,96987,2024-12-02,Size Issue,Approved,2377.26
183068,103743,2025-05-05,Size Issue,Refunded,1960.49
183069,116968,2025-04-20,Size Issue,Approved,1180.38
183070,110129,2024-04-23,Quality Issue,Approved,1772.62
183071,98079,2026-08-18,Quality Issue,Refunded,1344.7
183072,91758,2026-04-15,Damaged,Refunded,360.53
183073,93400,2026-08-30,Quality Issue,Refunded,983.48
183074,91460,2024-01-28,Size Issue,Refunded,2016.83
183075,111533,2025-11-22,Quality Issue,Approved,817.94
183076,95438,2024-11-12,Size Issue,Approved,806.0
183077,105891,2026-05-14,Wrong Item,Refunded,1843.3
183078,105318,2026-05-22,Changed Mind,Refunded,1305.31
183079,94611,2026-07-14,Damaged,Approved,651.45
183080,120377,2026-05-09,Changed Mind,Refunded,1011.88
183081,90909,2026-04-21,Changed Mind,Approved,473.77
183082,111648,2026-07-06,Changed Mind,Approved,840.75
183083,103346,2025-02-19,Changed Mind,Refunded,1904.92
183084,107570,2026-03-31,Size Issue,Refunded,2881.56
183085,96325,2025-04-17,Quality Issue,Refunded,4148.23
183086,99075,2024-05-13,Quality Issue,Approved,1500.96
183087,110757,2026-02-22,Quality Issue,Approved,432.63
183088,103603,2024-12-08,Damaged,Refunded,959.89
183089,108380,2025-02-06,Quality Issue,Approved,1229.39
183090,116448,2025-11-01,Quality Issue,Refunded,1727.78
183091,90590,2024-06-24,Damaged,Refunded,1803.31
183092,118113,2025-03-29,Size Issue,Rejected,1430.74
183093,115771,2024-03-27,Size Issue,Refunded,1815.9
183094,120617,2025-11-11,Size Issue,Approved,931.9
183095,104301,2024-08-14,Damaged,Approved,1454.7
183096,90928,2025-05-12,Size Issue,Approved,431.31
183097,101238,2024-10-13,Quality Issue,Refunded,1496.05
183098,109892,2025-11-09,Size Issue,Refunded,2338.94
183099,116643,2024-05-29,Size Issue,Refunded,6027.62
183100,114332,2025-09-30,Wrong Item,Approved,843.57
183101,111216,2025-12-20,Size Issue,Approved,3325.59
183102,109578,2026-01-15,Changed Mind,Refunded,949.98
183103,97413,2025-11-05,Quality Issue,Approved,1111.24
183104,97614,2024-12-19,Changed Mind,Approved,1728.17
183105,103069,2024-03-26,Size Issue,Approved,3616.82
183106,119745,2025-04-13,Wrong Item,Refunded,3431.89
183107,113939,2025-01-15,Changed Mind,Refunded,1825.59
183108,108385,2025-02-09,Damaged,Refunded,2431.49
183109,113749,2026-01-06,Quality Issue,Approved,1635.66
183110,115184,2025-07-31,Quality Issue,Approved,823.49
183111,118660,2026-02-25,Size Issue,Refunded,740.12
183112,99395,2025-12-09,Size Issue,Refunded,5059.3
183113,101961,2024-01-24,Damaged,Rejected,565.13
183114,91298,2025-12-28,Wrong Item,Approved,2024.91
183115,106315,2025-10-05,Size Issue,Approved,830.71
183116,93345,2025-05-27,Quality Issue,Approved,327.44
183117,108674,2026-04-24,Size Issue,Approved,6028.45
183118,106018,2025-08-09,Quality Issue,Refunded,2657.8
183119,115123,2025-09-17,Changed Mind,Rejected,3742.21
183120,110547,2025-10-20,Changed Mind,Refunded,4005.05
183121,96498,2024-02-26,Quality Issue,Approved,1410.75
183122,103281,2024-05-04,Changed Mind,Approved,634.9
183123,101498,2026-01-23,Wrong Item,Refunded,171.02
183124,101075,2024-09-27,Quality Issue,Refunded,1179.78
183125,116430,2024-09-28,Wrong Item,Rejected,17704.44
183126,96256,2024-11-21,Changed Mind,Approved,3382.7
183127,117666,2024-05-11,Changed Mind,Refunded,408.13
183128,97331,2024-10-16,Size Issue,Refunded,890.62
183129,113514,2025-01-29,Changed Mind,Rejected,6817.2
183130,114199,2024-05-30,Size Issue,Refunded,906.19
183131,94474,2025-07-07,Damaged,Rejected,1070.58
183132,114485,2024-01-31,Damaged,Rejected,594.13
183133,116117,2025-07-01,Size Issue,Approved,978.07
183134,100690,2024-05-20,Quality Issue,Rejected,3879.61
183135,110608,2025-08-18,Damaged,Approved,924.36
183136,108282,2026-04-08,Quality Issue,Refunded,2296.85
183137,91658,2026-01-22,Wrong Item,Refunded,1434.21
183138,116846,2024-02-15,Quality Issue,Approved,429.92
183139,101935,2025-06-24,Quality Issue,Refunded,3897.55
183140,115171,2025-11-22,Size Issue,Refunded,631.88
183141,115076,2024-10-02,Quality Issue,Approved,1908.49
183142,90077,2026-06-09,Changed Mind,Approved,978.39
183143,107873,2024-03-27,Quality Issue,Refunded,605.82
183144,93978,2024-08-26,Quality Issue,Approved,3915.34
183145,105582,2025-05-07,Changed Mind,Rejected,127.35
183146,116980,2025-04-13,Damaged,Refunded,853.02
183147,110810,2024-05-23,Size Issue,Refunded,1140.33
183148,92337,2026-02-05,Size Issue,Approved,1263.26
183149,109238,2024-08-10,Damaged,Refunded,1795.04
183150,120461,2026-05-14,Damaged,Refunded,1319.59
183151,101171,2025-02-06,Changed Mind,Approved,3343.9
183152,95786,2025-02-04,Size Issue,Approved,1320.69
183153,101680,2024-09-14,Size Issue,Refunded,992.65
183154,100490,2024-02-16,Size Issue,Rejected,252.46
183155,99622,2025-05-15,Quality Issue,Rejected,1022.32
183156,96766,2026-06-23,Size Issue,Approved,2707.21
183157,94716,2026-04-15,Quality Issue,Refunded,1841.3
183158,99083,2024-08-20,Size Issue,Approved,1226.29
183159,97947,2025-02-11,Size Issue,Approved,696.67
183160,108608,2024-04-07,Changed Mind,Refunded,217.92
183161,110271,2024-11-27,Size Issue,Approved,473.29
183162,100925,2024-12-23,Size Issue,Refunded,1141.2
183163,105968,2024-08-23,Size Issue,Refunded,1032.01
183164,109056,2024-04-13,Wrong Item,Approved,4572.88
183165,101959,2024-05-14,Damaged,Approved,3151.21
183166,93246,2025-09-22,Damaged,Approved,3574.79
183167,103897,2026-07-09,Changed Mind,Approved,3211.35
183168,113355,2025-10-08,Changed Mind,Refunded,1687.36
183169,108965,2024-12-05,Damaged,Approved,6771.05
183170,113732,2025-05-13,Changed Mind,Refunded,9754.33
183171,92559,2025-08-13,Size Issue,Refunded,1912.54
183172,117574,2026-07-22,Changed Mind,Approved,1452.1
183173,116009,2024-10-05,Quality Issue,Refunded,2249.28
183174,103764,2024-04-14,Damaged,Refunded,3344.09
183175,104813,2024-11-16,Size Issue,Refunded,1172.71
183176,110372,2025-07-24,Changed Mind,Approved,4384.06
183177,92631,2024-05-11,Wrong Item,Refunded,301.01
183178,96308,2024-02-20,Changed Mind,Approved,2233.67
183179,96286,2024-03-24,Wrong Item,Refunded,2582.38
183180,97476,2024-05-27,Damaged,Refunded,734.81
183181,109596,2024-07-28,Damaged,Refunded,610.73
183182,116123,2025-02-18,Damaged,Approved,2644.81
183183,117643,2024-11-06,Quality Issue,Approved,3933.1
183184,120741,2025-09-24,Damaged,Approved,457.13
183185,110384,2024-01-27,Wrong Item,Approved,477.73
183186,93047,2026-06-27,Wrong Item,Approved,1372.3
183187,118026,2024-04-21,Size Issue,Refunded,965.51
183188,95163,2025-06-22,Changed Mind,Refunded,2021.7
183189,95172,2024-10-18,Size Issue,Approved,3981.96
183190,100002,2025-09-20,Changed Mind,Approved,1153.11
183191,120158,2024-10-29,Size Issue,Refunded,834.85
183192,113401,2026-07-04,Size Issue,Refunded,514.59
183193,117250,2026-03-24,Damaged,Refunded,700.16
183194,105379,2026-01-10,Damaged,Refunded,891.8
183195,112428,2025-02-24,Size Issue,Refunded,2577.98
183196,116529,2025-11-13,Changed Mind,Approved,1665.26
183197,102656,2025-01-05,Size Issue,Approved,1869.42
183198,94889,2025-10-07,Size Issue,Refunded,970.18
183199,90976,2026-04-01,Damaged,Refunded,679.3
183200,90293,2024-01-17,Changed Mind,Approved,671.38
183201,106774,2024-06-14,Size Issue,Refunded,1524.19
183202,101802,2026-05-25,Quality Issue,Refunded,1351.59
183203,117309,2025-12-02,Damaged,Approved,1293.43
183204,109046,2026-02-09,Changed Mind,Approved,551.66
183205,104923,2025-12-31,Damaged,Refunded,1841.02
183206,97410,2024-04-24,Quality Issue,Approved,643.68
183207,105132,2024-01-14,Size Issue,Rejected,805.89
183208,115256,2026-05-19,Changed Mind,Approved,1648.36
183209,94872,2026-05-20,Size Issue,Approved,1634.36
183210,103174,2025-04-30,Quality Issue,Approved,1686.77
183211,109922,2025-04-06,Quality Issue,Refunded,989.14
183212,94452,2024-05-19,Size Issue,Approved,2003.32
183213,118990,2025-07-31,Quality Issue,Refunded,1892.04
183214,108578,2024-02-23,Quality Issue,Refunded,4436.35
183215,113377,2024-06-10,Size Issue,Refunded,1092.11
183216,115911,2025-09-20,Size Issue,Refunded,467.61
183217,116844,2024-12-03,Size Issue,Refunded,2710.76
183218,90470,2025-04-15,Quality Issue,Approved,1904.66
183219,91495,2025-03-15,Size Issue,Refunded,459.1
183220,95271,2026-05-06,Damaged,Refunded,1265.97
183221,106409,2025-11-08,Wrong Item,Refunded,1092.3
183222,112331,2025-04-27,Size Issue,Refunded,748.52
183223,117167,2025-07-28,Size Issue,Refunded,1133.63
183224,112877,2024-01-18,Quality Issue,Refunded,1327.31
183225,100684,2025-01-09,Size Issue,Refunded,1333.9
183226,99915,2025-05-19,Quality Issue,Refunded,2912.8
183227,92294,2024-07-11,Size Issue,Refunded,408.02
183228,96810,2024-02-25,Changed Mind,Approved,1788.67
183229,112856,2026-08-30,Quality Issue,Refunded,1498.86
183230,120379,2024-03-20,Damaged,Approved,7096.99
183231,106937,2024-06-21,Quality Issue,Approved,859.24
183232,90522,2025-06-04,Size Issue,Approved,1044.02
183233,105411,2024-11-22,Size Issue,Approved,10390.11
183234,92988,2025-07-12,Changed Mind,Rejected,2261.86
183235,94717,2025-02-15,Wrong Item,Refunded,806.64
183236,99951,2025-08-17,Quality Issue,Approved,1142.43
183237,90259,2025-03-01,Size Issue,Refunded,4853.71
183238,107735,2024-12-28,Size Issue,Refunded,1388.54
183239,99151,2025-08-03,Quality Issue,Refunded,3138.76
183240,104047,2024-03-21,Changed Mind,Refunded,2564.59
183241,110473,2024-02-22,Size Issue,Refunded,942.06
183242,92885,2025-03-01,Quality Issue,Refunded,469.32
183243,102200,2025-05-03,Quality Issue,Refunded,2619.15
183244,109988,2025-04-22,Wrong Item,Approved,5345.1
183245,108872,2025-09-23,Damaged,Approved,1538.62
183246,94812,2024-03-19,Size Issue,Approved,1092.82
183247,91760,2025-04-10,Quality Issue,Approved,1472.85
183248,93284,2024-09-26,Wrong Item,Approved,1331.07
183249,109701,2024-10-27,Wrong Item,Approved,3031.13
183250,93001,2025-06-26,Damaged,Rejected,961.61
183251,105786,2026-03-20,Quality Issue,Approved,1342.48
183252,110544,2025-10-14,Changed Mind,Approved,2081.34
183253,109874,2026-03-21,Damaged,Rejected,1877.87
183254,93620,2025-07-26,Size Issue,Approved,421.02
183255,102584,2026-05-26,Quality Issue,Approved,7554.34
183256,91645,2024-12-13,Damaged,Approved,1181.86
183257,98708,2026-04-01,Wrong Item,Approved,5714.82
183258,91791,2024-04-17,Changed Mind,Approved,465.67
183259,119804,2026-05-09,Quality Issue,Approved,1662.59
183260,111477,2024-10-06,Wrong Item,Approved,909.58
183261,111214,2025-10-30,Damaged,Refunded,1061.94
183262,115379,2024-04-27,Quality Issue,Refunded,846.67
183263,105978,2026-06-07,Quality Issue,Approved,983.44
183264,106814,2025-01-04,Wrong Item,Refunded,1711.22
183265,102988,2024-07-07,Wrong Item,Approved,338.84
183266,102492,2024-04-05,Damaged,Approved,535.93
183267,93947,2024-02-17,Size Issue,Refunded,612.94
183268,91151,2026-04-20,Damaged,Refunded,662.23
183269,119562,2026-04-02,Changed Mind,Rejected,1429.13
183270,118222,2025-08-04,Size Issue,Approved,810.21
183271,112120,2026-01-20,Changed Mind,Approved,840.34
183272,120856,2025-03-23,Size Issue,Refunded,875.47
183273,119999,2025-10-23,Changed Mind,Approved,446.16
183274,108397,2024-06-02,Damaged,Approved,477.7
183275,116327,2025-08-26,Size Issue,Approved,708.63
183276,102482,2024-07-08,Quality Issue,Approved,654.5
183277,107237,2024-07-28,Quality Issue,Approved,893.27
183278,114359,2024-08-04,Size Issue,Refunded,1290.9
183279,93473,2026-07-28,Size Issue,Rejected,1644.7
183280,111325,2025-08-16,Wrong Item,Approved,4089.69
183281,99238,2025-04-07,Quality Issue,Refunded,4298.15
183282,116805,2024-03-09,Size Issue,Approved,3150.33
183283,119949,2026-01-15,Wrong Item,Approved,3354.97
183284,100332,2025-07-14,Size Issue,Refunded,1150.05
183285,96624,2024-09-11,Quality Issue,Refunded,681.58
183286,93508,2026-05-06,Quality Issue,Approved,3403.67
183287,94711,2026-07-17,Quality Issue,Refunded,872.71
183288,95763,2025-04-13,Changed Mind,Refunded,1489.29
183289,101567,2025-09-06,Quality Issue,Refunded,1358.75
183290,106114,2024-04-30,Wrong Item,Refunded,2397.82
183291,114806,2024-02-27,Size Issue,Refunded,3038.75
183292,105608,2025-01-21,Size Issue,Approved,1494.57
183293,97199,2024-10-25,Quality Issue,Refunded,1260.46
183294,99195,2025-02-05,Damaged,Approved,1173.98
183295,96808,2025-03-02,Quality Issue,Refunded,564.54
183296,119208,2025-03-28,Changed Mind,Approved,685.59
183297,101429,2025-12-05,Damaged,Approved,557.13
183298,119334,2025-08-17,Changed Mind,Refunded,1842.11
183299,111170,2024-03-25,Damaged,Approved,3207.12
183300,90630,2024-09-07,Size Issue,Refunded,1764.95
183301,109918,2026-09-09,Damaged,Refunded,1116.13
183302,91741,2025-08-16,Wrong Item,Approved,938.62
183303,98968,2026-02-11,Size Issue,Refunded,767.52
183304,96087,2025-12-25,Changed Mind,Refunded,3091.08
183305,95289,2026-03-17,Quality Issue,Approved,800.64
183306,105713,2025-09-22,Size Issue,Refunded,1928.59
183307,114041,2024-05-02,Changed Mind,Approved,2713.36
183308,100924,2025-01-09,Changed Mind,Rejected,692.91
183309,107743,2024-06-03,Wrong Item,Refunded,1042.38
183310,118466,2025-08-07,Changed Mind,Rejected,556.22
183311,90726,2024-05-12,Quality Issue,Rejected,878.15
183312,113016,2025-08-08,Wrong Item,Refunded,718.23
183313,120269,2025-10-06,Wrong Item,Refunded,598.39
183314,111196,2026-07-08,Quality Issue,Refunded,2178.87
183315,101377,2024-11-12,Damaged,Refunded,1193.29
183316,100997,2026-04-16,Size Issue,Refunded,751.24
183317,98623,2024-05-24,Changed Mind,Approved,833.91
183318,93512,2026-02-16,Size Issue,Approved,1361.85
183319,119519,2024-01-10,Size Issue,Refunded,789.53
183320,108999,2024-07-09,Quality Issue,Refunded,518.03
183321,100185,2024-11-24,Quality Issue,Approved,2627.3
183322,101372,2024-08-03,Size Issue,Refunded,2078.14
183323,97311,2026-03-17,Quality Issue,Rejected,369.54
183324,115490,2025-02-09,Damaged,Approved,537.14
183325,115567,2025-07-27,Size Issue,Approved,901.53
183326,92258,2024-08-14,Size Issue,Refunded,717.36
183327,102374,2026-07-20,Size Issue,Refunded,369.21
183328,93912,2026-02-09,Changed Mind,Approved,1274.33
183329,92086,2024-11-15,Damaged,Rejected,1475.45
183330,119137,2026-06-20,Damaged,Refunded,998.93
183331,103895,2025-12-27,Damaged,Refunded,1088.87
183332,108331,2024-07-25,Changed Mind,Approved,4215.8
183333,94648,2024-04-24,Size Issue,Refunded,539.71
183334,105232,2025-12-31,Quality Issue,Refunded,1449.32
183335,91549,2025-01-23,Quality Issue,Refunded,500.97
183336,119341,2025-04-15,Quality Issue,Refunded,1090.0
183337,96121,2025-03-16,Damaged,Refunded,2624.92
183338,101530,2025-09-15,Wrong Item,Refunded,503.87
183339,92829,2024-05-11,Quality Issue,Refunded,484.78
183340,103247,2026-02-27,Changed Mind,Refunded,2000.56
183341,116804,2026-08-09,Size Issue,Approved,3253.8
183342,107315,2025-05-27,Wrong Item,Refunded,2145.53
183343,107440,2024-11-02,Size Issue,Approved,5035.54
183344,110222,2026-08-21,Damaged,Refunded,2799.08
183345,92862,2025-10-29,Damaged,Approved,453.03
183346,95976,2026-04-05,Damaged,Refunded,246.54
183347,116517,2025-07-18,Damaged,Rejected,1585.03
183348,96980,2026-06-13,Size Issue,Rejected,262.38
183349,112490,2024-08-12,Size Issue,Refunded,1188.47
183350,92281,2024-12-01,Wrong Item,Approved,1522.54
183351,119266,2025-12-15,Wrong Item,Refunded,1056.3
183352,94213,2024-06-15,Quality Issue,Rejected,395.76
183353,114129,2026-05-03,Changed Mind,Refunded,1701.84
183354,92508,2026-08-04,Size Issue,Refunded,240.63
183355,95700,2025-05-01,Wrong Item,Refunded,2833.66
183356,110802,2026-02-26,Quality Issue,Approved,626.93
183357,92856,2026-06-08,Wrong Item,Approved,859.35
183358,113504,2025-05-12,Quality Issue,Rejected,626.91
183359,110421,2025-09-29,Quality Issue,Approved,2349.49
183360,106822,2024-05-21,Quality Issue,Approved,1479.74
183361,93998,2024-12-01,Wrong Item,Approved,2477.94
183362,100743,2024-10-27,Quality Issue,Approved,2056.36
183363,113004,2024-02-02,Quality Issue,Refunded,1200.59
183364,100939,2024-05-16,Wrong Item,Approved,987.06
183365,110732,2026-02-21,Size Issue,Approved,4606.3
183366,120282,2024-11-18,Size Issue,Refunded,847.89
183367,105208,2024-07-01,Size Issue,Refunded,1851.9
183368,114193,2025-09-05,Quality Issue,Approved,2140.62
183369,107149,2024-11-29,Quality Issue,Approved,1109.69
183370,94493,2024-10-03,Damaged,Refunded,1825.12
183371,113470,2024-02-04,Quality Issue,Approved,3565.71
183372,103803,2026-03-29,Size Issue,Approved,838.75
183373,92798,2024-03-24,Quality Issue,Approved,1456.18
183374,102338,2025-06-25,Quality Issue,Approved,1754.98
183375,103159,2024-05-12,Size Issue,Refunded,554.56
183376,117248,2026-04-23,Quality Issue,Approved,1017.29
183377,115095,2024-09-07,Quality Issue,Approved,1388.99
183378,98016,2026-08-17,Changed Mind,Refunded,886.18
183379,100630,2025-01-15,Quality Issue,Approved,1827.19
183380,101553,2024-12-08,Size Issue,Approved,1715.91
183381,100501,2026-02-06,Damaged,Approved,945.12
183382,114757,2026-05-09,Wrong Item,Approved,569.19
183383,105484,2024-12-15,Quality Issue,Refunded,1751.69
183384,90796,2024-09-25,Quality Issue,Approved,521.77
183385,90842,2025-10-14,Quality Issue,Rejected,2280.04
183386,105125,2025-05-28,Changed Mind,Refunded,1866.6
183387,107132,2024-07-31,Damaged,Refunded,1392.05
183388,90889,2024-02-06,Size Issue,Refunded,1108.55
183389,117928,2025-12-31,Size Issue,Approved,1309.65
183390,109523,2025-08-23,Size Issue,Refunded,796.45
183391,118249,2024-08-31,Quality Issue,Refunded,2352.64
183392,109787,2024-02-05,Damaged,Refunded,2611.82
183393,98822,2024-10-15,Quality Issue,Approved,1580.93
183394,93299,2026-07-09,Wrong Item,Approved,391.76
183395,96122,2026-08-07,Damaged,Refunded,684.78
183396,97692,2026-05-11,Size Issue,Refunded,904.63
183397,108562,2025-05-10,Damaged,Refunded,792.32
183398,91498,2026-02-21,Quality Issue,Approved,1437.62
183399,90418,2024-07-31,Size Issue,Approved,3085.33
183400,117199,2024-07-20,Damaged,Rejected,2953.57
183401,100268,2025-12-01,Size Issue,Refunded,1399.43
183402,91818,2024-03-11,Quality Issue,Approved,1001.72
183403,95574,2024-06-27,Quality Issue,Refunded,1122.26
183404,106769,2024-09-20,Damaged,Approved,1022.34
183405,105703,2025-04-17,Damaged,Refunded,3781.39
183406,112528,2024-11-01,Quality Issue,Refunded,869.03
183407,118327,2025-08-30,Wrong Item,Approved,669.2
183408,114705,2026-07-12,Quality Issue,Approved,1672.47
183409,119079,2024-10-30,Size Issue,Refunded,681.92
183410,113242,2026-03-31,Size Issue,Rejected,3037.27
183411,101279,2024-05-13,Changed Mind,Refunded,4548.39
183412,95752,2024-01-21,Size Issue,Approved,859.52
183413,114977,2024-02-11,Wrong Item,Approved,2549.63
183414,100356,2025-11-12,Damaged,Rejected,2739.61
183415,111637,2024-06-10,Size Issue,Approved,2479.56
183416,120108,2024-12-04,Damaged,Refunded,1040.89
183417,93799,2024-05-08,Quality Issue,Refunded,4215.12
183418,112934,2024-09-22,Changed Mind,Refunded,189.48
183419,91404,2024-12-26,Size Issue,Refunded,2252.4
183420,93115,2026-03-14,Damaged,Approved,4857.03
183421,111866,2025-10-21,Damaged,Approved,6390.53
183422,120437,2025-02-01,Size Issue,Refunded,1597.43
183423,114178,2025-08-29,Size Issue,Refunded,786.12
183424,103792,2025-04-04,Quality Issue,Refunded,1013.99
183425,109715,2026-02-17,Changed Mind,Approved,312.19
183426,95941,2025-01-01,Quality Issue,Approved,1056.67
183427,113535,2025-02-17,Quality Issue,Refunded,1608.94
183428,113074,2026-05-21,Size Issue,Refunded,1612.25
183429,90973,2025-07-19,Quality Issue,Approved,173.68
183430,96763,2025-08-08,Damaged,Approved,1159.62
183431,106665,2024-11-08,Size Issue,Approved,418.87
183432,96841,2025-05-11,Quality Issue,Approved,2961.34
183433,117195,2024-09-30,Quality Issue,Refunded,7403.88
183434,106306,2026-04-30,Wrong Item,Rejected,620.91
183435,101489,2026-05-20,Quality Issue,Approved,408.19
183436,108792,2025-02-08,Damaged,Approved,2516.48
183437,93615,2024-04-29,Size Issue,Refunded,764.44
183438,115358,2026-04-22,Changed Mind,Refunded,1764.14
183439,91409,2024-07-13,Quality Issue,Refunded,431.53
183440,114097,2025-10-01,Quality Issue,Refunded,538.4
183441,90404,2026-05-21,Damaged,Approved,1554.11
183442,107652,2024-03-15,Quality Issue,Rejected,2533.58
183443,117019,2025-02-05,Quality Issue,Refunded,1114.82
183444,116109,2025-11-29,Damaged,Approved,1420.69
183445,101226,2026-04-08,Damaged,Refunded,1161.52
183446,112379,2026-02-20,Quality Issue,Refunded,1648.7
183447,94666,2024-11-17,Wrong Item,Refunded,605.47
183448,116152,2024-09-13,Size Issue,Approved,616.37
183449,99666,2025-06-03,Size Issue,Refunded,1647.95
183450,115813,2025-08-25,Quality Issue,Refunded,441.12
183451,108707,2025-07-10,Damaged,Refunded,616.68
183452,114915,2025-08-10,Quality Issue,Refunded,1319.05
183453,101250,2024-08-21,Size Issue,Refunded,793.9
183454,117861,2026-07-23,Changed Mind,Rejected,745.29
183455,90822,2026-01-21,Quality Issue,Approved,1066.55
183456,100398,2025-02-16,Changed Mind,Refunded,853.32
183457,103530,2024-09-03,Size Issue,Refunded,2160.37
183458,104398,2025-01-21,Size Issue,Refunded,2191.67
183459,94535,2026-03-18,Quality Issue,Approved,1859.6
183460,96079,2025-05-01,Quality Issue,Approved,1070.47
183461,110185,2026-02-28,Wrong Item,Approved,1526.78
183462,104245,2024-03-11,Size Issue,Refunded,1042.63
183463,112457,2025-11-03,Changed Mind,Approved,673.97
183464,119943,2024-06-24,Damaged,Refunded,4574.49
183465,105033,2025-12-07,Damaged,Refunded,4237.21
183466,118570,2025-04-06,Quality Issue,Refunded,3718.2
183467,107490,2025-05-20,Quality Issue,Refunded,586.75
183468,119298,2025-11-30,Quality Issue,Approved,1476.53
183469,117748,2024-09-07,Changed Mind,Refunded,1053.0
183470,91051,2026-08-24,Wrong Item,Refunded,9692.26
183471,97993,2024-05-10,Quality Issue,Refunded,3399.27
183472,95971,2024-03-06,Changed Mind,Approved,1444.5
183473,115538,2024-02-02,Size Issue,Rejected,1427.89
183474,101359,2026-02-01,Size Issue,Refunded,5326.42
183475,111396,2025-01-06,Wrong Item,Refunded,678.86
183476,113116,2025-03-24,Quality Issue,Approved,813.05
183477,91907,2024-12-18,Changed Mind,Rejected,484.92
183478,92796,2026-01-10,Wrong Item,Refunded,1353.33
183479,116450,2025-09-24,Damaged,Refunded,1012.67
183480,104873,2024-01-30,Quality Issue,Approved,470.23
183481,95670,2024-06-26,Damaged,Refunded,1208.4
183482,101449,2024-12-29,Changed Mind,Approved,3401.54
183483,100231,2025-08-18,Changed Mind,Approved,1559.86
183484,100691,2026-08-07,Wrong Item,Refunded,883.42
183485,91202,2026-03-13,Wrong Item,Approved,1639.77
183486,117142,2025-01-13,Wrong Item,Approved,797.87
183487,101335,2026-04-20,Damaged,Refunded,12957.72
183488,103879,2026-01-19,Changed Mind,Approved,599.24
183489,96697,2024-04-29,Size Issue,Refunded,2751.96
183490,113569,2026-04-01,Quality Issue,Approved,1724.28
183491,94419,2026-04-27,Damaged,Approved,392.79
183492,108246,2024-04-21,Size Issue,Refunded,1410.67
183493,117477,2024-03-09,Changed Mind,Approved,1228.64
183494,119072,2024-06-10,Quality Issue,Approved,2728.51
183495,103969,2024-05-08,Damaged,Refunded,634.18
183496,120077,2024-10-18,Wrong Item,Refunded,1023.69
183497,104780,2026-07-14,Damaged,Rejected,934.51
183498,120006,2025-08-14,Changed Mind,Approved,4610.0
183499,114461,2024-07-22,Wrong Item,Refunded,474.92
183500,108836,2026-03-13,Size Issue,Refunded,946.12
